market,market_id,exchange,asset,symbol,maturity,date,samples,midApr,markApr,ammImpliedApr,latestSettlementApr,notionalOI
10-HYPERLIQUID-BTC-31OCT2025,10,Hyperliquid,BTC,BTC,2025-10-31,2025-10-01,20,0.10949933093093667,0.1094866186187333,0.10949999999999999,0.0979558092,47500.0
10-HYPERLIQUID-BTC-31OCT2025,10,Hyperliquid,BTC,BTC,2025-10-31,2025-10-02,24,0.10554927775511823,0.10582932129806773,0.10554927775511823,0.0956576305,52450.0
10-HYPERLIQUID-BTC-31OCT2025,10,Hyperliquid,BTC,BTC,2025-10-31,2025-10-03,24,0.1045221953492294,0.10452075746545353,0.1044945686778181,0.1095,258325.1991184421
10-HYPERLIQUID-BTC-31OCT2025,10,Hyperliquid,BTC,BTC,2025-10-31,2025-10-04,24,0.10296008294306619,0.10296008294306619,0.10296008294306619,0.1095,665577.9927921154
10-HYPERLIQUID-BTC-31OCT2025,10,Hyperliquid,BTC,BTC,2025-10-31,2025-10-05,24,0.10975114298142356,0.10960626353792478,0.10975766129586573,0.18212306450000001,2631093.3857220546
10-HYPERLIQUID-BTC-31OCT2025,10,Hyperliquid,BTC,BTC,2025-10-31,2025-10-06,24,0.11970361240131938,0.11975817482734818,0.11969429731050302,0.2377266535,3254927.3644401873
10-HYPERLIQUID-BTC-31OCT2025,10,Hyperliquid,BTC,BTC,2025-10-31,2025-10-07,24,0.11460753198243682,0.11462792164985273,0.11460753198243682,0.1397935765,3193631.6624003784
10-HYPERLIQUID-BTC-31OCT2025,10,Hyperliquid,BTC,BTC,2025-10-31,2025-10-08,24,0.11423398404125647,0.11432740542987019,0.11423398404125647,0.119951994,3519068.628678763
10-HYPERLIQUID-BTC-31OCT2025,10,Hyperliquid,BTC,BTC,2025-10-31,2025-10-09,24,0.1108117876752112,0.11087451978099522,0.11071934299915535,0.100363466,3911795.4422151
10-HYPERLIQUID-BTC-31OCT2025,10,Hyperliquid,BTC,BTC,2025-10-31,2025-10-10,24,0.09895640230243784,0.09892804131291394,0.09891961949811662,0.034695367,4255879.872105438
10-HYPERLIQUID-BTC-31OCT2025,10,Hyperliquid,BTC,BTC,2025-10-31,2025-10-11,24,0.09635521611068994,0.09635797844646898,0.09635521611068994,0.13463899175000002,4410436.960870803
10-HYPERLIQUID-BTC-31OCT2025,10,Hyperliquid,BTC,BTC,2025-10-31,2025-10-12,24,0.09326673332937524,0.09315931813915136,0.09322233961774297,0.069229477,4605411.207452881
10-HYPERLIQUID-BTC-31OCT2025,10,Hyperliquid,BTC,BTC,2025-10-31,2025-10-13,24,0.0990719872045278,0.0991014065874558,0.09895556214974495,0.09769874699999999,4195311.048746814
10-HYPERLIQUID-BTC-31OCT2025,10,Hyperliquid,BTC,BTC,2025-10-31,2025-10-14,24,0.09368489941196229,0.09361240860842447,0.09361240860842447,0.020124932,4685757.584407412
10-HYPERLIQUID-BTC-31OCT2025,10,Hyperliquid,BTC,BTC,2025-10-31,2025-10-15,24,0.09872245105296827,0.0985866918525475,0.09863585925154865,0.1095,4879472.542265459
10-HYPERLIQUID-BTC-31OCT2025,10,Hyperliquid,BTC,BTC,2025-10-31,2025-10-16,24,0.09869954544814602,0.09872143055349673,0.09869954544814602,0.10732076750000001,4393300.845465518
10-HYPERLIQUID-BTC-31OCT2025,10,Hyperliquid,BTC,BTC,2025-10-31,2025-10-17,24,0.09966551294448835,0.0997130332646982,0.09966551294448835,0.1095,4331167.521441921
10-HYPERLIQUID-BTC-31OCT2025,10,Hyperliquid,BTC,BTC,2025-10-31,2025-10-18,24,0.09915236566080694,0.09915236566080694,0.09915236566080694,0.1095,4250949.981304218
10-HYPERLIQUID-BTC-31OCT2025,10,Hyperliquid,BTC,BTC,2025-10-31,2025-10-19,24,0.09758682695354408,0.0975737704171483,0.09746843950396904,0.061722084,4383809.211721639
10-HYPERLIQUID-BTC-31OCT2025,10,Hyperliquid,BTC,BTC,2025-10-31,2025-10-20,24,0.09470312853184663,0.09465214156135142,0.09467135132134576,0.06303568250000001,5134103.177945573
10-HYPERLIQUID-BTC-31OCT2025,10,Hyperliquid,BTC,BTC,2025-10-31,2025-10-21,24,0.08545773301785002,0.08548307129499864,0.08524768028426756,0.028835073,7246644.594546411
10-HYPERLIQUID-BTC-31OCT2025,10,Hyperliquid,BTC,BTC,2025-10-31,2025-10-22,24,0.07653467109888741,0.07656397032905274,0.07658918061124209,0.081482819,6364973.693308651
10-HYPERLIQUID-BTC-31OCT2025,10,Hyperliquid,BTC,BTC,2025-10-31,2025-10-23,24,0.08783661904701673,0.08775092827563574,0.08783661904701673,0.1095,5080325.157719799
10-HYPERLIQUID-BTC-31OCT2025,10,Hyperliquid,BTC,BTC,2025-10-31,2025-10-24,24,0.09435222896327411,0.09397878412840065,0.09445762015515446,0.1095,4390822.336963587
10-HYPERLIQUID-BTC-31OCT2025,10,Hyperliquid,BTC,BTC,2025-10-31,2025-10-25,24,0.09558552658956622,0.09555890650034603,0.09558552658956622,0.1095,4918365.122511671
10-HYPERLIQUID-BTC-31OCT2025,10,Hyperliquid,BTC,BTC,2025-10-31,2025-10-26,24,0.09413081093996434,0.09410351242069169,0.09413081093996434,0.1095,4725863.148292982
10-HYPERLIQUID-BTC-31OCT2025,10,Hyperliquid,BTC,BTC,2025-10-31,2025-10-27,24,0.10944431888248114,0.10941651884121832,0.10944893539148648,0.1372539065,5385073.621177346
10-HYPERLIQUID-BTC-31OCT2025,10,Hyperliquid,BTC,BTC,2025-10-31,2025-10-28,24,0.10914578037916299,0.10916367553298746,0.10914578037916299,0.1095,6489272.051727162
10-HYPERLIQUID-BTC-31OCT2025,10,Hyperliquid,BTC,BTC,2025-10-31,2025-10-29,24,0.10671838326656417,0.10676899196051864,0.10666789431440084,0.111317408,6697332.543312609
10-HYPERLIQUID-BTC-31OCT2025,10,Hyperliquid,BTC,BTC,2025-10-31,2025-10-30,24,0.11016486277959048,0.11019790882593074,0.11005258608244561,0.1183781505,6454898.475066149
100-HYPERLIQUID-xyzXYZ100-24APR2026,100,Hyperliquid,XYZ100,xyzXYZ100,2026-04-24,2026-03-31,17,-0.010829687664103709,-0.01166292996867973,,-0.051666608823529414,0.0
100-HYPERLIQUID-xyzXYZ100-24APR2026,100,Hyperliquid,XYZ100,xyzXYZ100,2026-04-24,2026-04-01,24,-0.019787234310375493,-0.02140033900677178,,-0.190785792,48417.995915541665
100-HYPERLIQUID-xyzXYZ100-24APR2026,100,Hyperliquid,XYZ100,xyzXYZ100,2026-04-24,2026-04-02,24,-0.03231704561264107,-0.033584993921986515,,-0.18416359699999998,94949.98588160552
100-HYPERLIQUID-xyzXYZ100-24APR2026,100,Hyperliquid,XYZ100,xyzXYZ100,2026-04-24,2026-04-03,24,-0.03741870445690739,-0.037307568377053985,,-0.022840824,108575.25276688005
100-HYPERLIQUID-xyzXYZ100-24APR2026,100,Hyperliquid,XYZ100,xyzXYZ100,2026-04-24,2026-04-04,24,-0.03418002769314977,-0.03225374534031565,,0.0325838785,105910.40349815214
100-HYPERLIQUID-xyzXYZ100-24APR2026,100,Hyperliquid,XYZ100,xyzXYZ100,2026-04-24,2026-04-05,24,-0.03907504983624183,-0.03848446947622424,,0.0776976595,102136.27815399868
100-HYPERLIQUID-xyzXYZ100-24APR2026,100,Hyperliquid,XYZ100,xyzXYZ100,2026-04-24,2026-04-06,24,-0.04015542008238629,-0.03937409821961401,,-0.1307674915,79587.94553885495
100-HYPERLIQUID-xyzXYZ100-24APR2026,100,Hyperliquid,XYZ100,xyzXYZ100,2026-04-24,2026-04-07,24,-0.04180452119386203,-0.044051287437697616,,-0.223603015,88666.36746960714
100-HYPERLIQUID-xyzXYZ100-24APR2026,100,Hyperliquid,XYZ100,xyzXYZ100,2026-04-24,2026-04-08,24,-0.03499150729871366,-0.033509331445533995,,0.0742360725,195161.93305660726
100-HYPERLIQUID-xyzXYZ100-24APR2026,100,Hyperliquid,XYZ100,xyzXYZ100,2026-04-24,2026-04-09,24,-0.03160752996326066,-0.03231020179344945,,-0.07855311,325452.95209007984
100-HYPERLIQUID-xyzXYZ100-24APR2026,100,Hyperliquid,XYZ100,xyzXYZ100,2026-04-24,2026-04-10,24,-0.031538889694197464,-0.03231020179344945,,-0.064866851,325411.7264769548
100-HYPERLIQUID-xyzXYZ100-24APR2026,100,Hyperliquid,XYZ100,xyzXYZ100,2026-04-24,2026-04-11,24,-0.02798542085001772,-0.027973418834736447,,0.085740398,371935.00490693416
100-HYPERLIQUID-xyzXYZ100-24APR2026,100,Hyperliquid,XYZ100,xyzXYZ100,2026-04-24,2026-04-12,24,-0.04461079108129692,-0.04464377503652344,,-0.376252804,408708.2275740003
100-HYPERLIQUID-xyzXYZ100-24APR2026,100,Hyperliquid,XYZ100,xyzXYZ100,2026-04-24,2026-04-13,24,-0.03735068519909942,-0.03694394910667257,,-0.1296617605,423796.1227090904
100-HYPERLIQUID-xyzXYZ100-24APR2026,100,Hyperliquid,XYZ100,xyzXYZ100,2026-04-24,2026-04-14,24,-0.00864203634139818,-0.005684636336627635,,0.030977404,423829.18781095016
100-HYPERLIQUID-xyzXYZ100-24APR2026,100,Hyperliquid,XYZ100,xyzXYZ100,2026-04-24,2026-04-15,24,-0.02652796024654332,-0.02429289916925595,,-0.07464542,417870.1409882319
100-HYPERLIQUID-xyzXYZ100-24APR2026,100,Hyperliquid,XYZ100,xyzXYZ100,2026-04-24,2026-04-16,24,-0.038039486841124445,-0.035157517070195765,,-0.041555432499999996,401835.409379
100-HYPERLIQUID-xyzXYZ100-24APR2026,100,Hyperliquid,XYZ100,xyzXYZ100,2026-04-24,2026-04-17,24,-0.04251030841878966,-0.04097735370078878,,-0.015325255000000001,398588.6978008137
100-HYPERLIQUID-xyzXYZ100-24APR2026,100,Hyperliquid,XYZ100,xyzXYZ100,2026-04-24,2026-04-18,24,-0.04988137340667507,-0.05278213826961387,,-0.13037194100000002,327326.7044256835
100-HYPERLIQUID-xyzXYZ100-24APR2026,100,Hyperliquid,XYZ100,xyzXYZ100,2026-04-24,2026-04-19,24,-0.05014314930771763,-0.0532787029077914,,-0.020591475,320537.17220802646
100-HYPERLIQUID-xyzXYZ100-24APR2026,100,Hyperliquid,XYZ100,xyzXYZ100,2026-04-24,2026-04-20,24,-0.05027423358510932,-0.048112928912610715,,-0.0318689895,301176.6964353371
100-HYPERLIQUID-xyzXYZ100-24APR2026,100,Hyperliquid,XYZ100,xyzXYZ100,2026-04-24,2026-04-21,24,-0.044809758283593355,-0.0456566058200688,,0.0190983695,304672.4142163589
100-HYPERLIQUID-xyzXYZ100-24APR2026,100,Hyperliquid,XYZ100,xyzXYZ100,2026-04-24,2026-04-22,24,-0.03273119927340629,-0.03294452783152167,,-0.0077526365,313162.0145416977
100-HYPERLIQUID-xyzXYZ100-24APR2026,100,Hyperliquid,XYZ100,xyzXYZ100,2026-04-24,2026-04-23,24,-0.026440948635474765,-0.024803098003344196,,0.0057827315,342180.7770243495
101-BINANCE-ETHUSDT-25SEP2026,101,Binance,ETH,ETHUSDT,2026-09-25,2026-03-31,17,0.014700887130532136,0.014438355605404005,,0.0046698529411764705,0.0
101-BINANCE-ETHUSDT-25SEP2026,101,Binance,ETH,ETHUSDT,2026-09-25,2026-04-01,24,0.01445320845456488,0.013819313838255907,,0.030219262499999996,2.0845166127747317
101-BINANCE-ETHUSDT-25SEP2026,101,Binance,ETH,ETHUSDT,2026-09-25,2026-04-02,24,0.010736791039069363,0.010441989372296666,,-0.10273700625,91.321322
101-BINANCE-ETHUSDT-25SEP2026,101,Binance,ETH,ETHUSDT,2026-09-25,2026-04-03,24,0.01092575448249112,0.010656111214838067,,-0.01496363125,97.22518612909266
101-BINANCE-ETHUSDT-25SEP2026,101,Binance,ETH,ETHUSDT,2026-09-25,2026-04-04,24,0.011020490296841346,0.010656111214838067,,0.01974056875,97.22436799999998
101-BINANCE-ETHUSDT-25SEP2026,101,Binance,ETH,ETHUSDT,2026-09-25,2026-04-05,24,0.011035238243084826,0.010862520578869236,,-0.0023382812500000005,97.22436799999998
101-BINANCE-ETHUSDT-25SEP2026,101,Binance,ETH,ETHUSDT,2026-09-25,2026-04-06,24,0.013009239035090313,0.013490587386914771,,0.03574581875,84.44810383431953
101-BINANCE-ETHUSDT-25SEP2026,101,Binance,ETH,ETHUSDT,2026-09-25,2026-04-07,24,0.012932684531162844,0.01228726847469241,,-0.020993887500000002,130.0
101-BINANCE-ETHUSDT-25SEP2026,101,Binance,ETH,ETHUSDT,2026-09-25,2026-04-08,24,0.01627532027945404,0.015932344077262444,,0.07969775,270.81631054200255
101-BINANCE-ETHUSDT-25SEP2026,101,Binance,ETH,ETHUSDT,2026-09-25,2026-04-09,24,0.016846203474579134,0.01669671578532982,,0.0158528625,367.724692996677
101-BINANCE-ETHUSDT-25SEP2026,101,Binance,ETH,ETHUSDT,2026-09-25,2026-04-10,24,0.01731451444162005,0.016759325686271722,,0.00503928125,387.0390732391295
101-BINANCE-ETHUSDT-25SEP2026,101,Binance,ETH,ETHUSDT,2026-09-25,2026-04-11,24,0.016352928156890812,0.01570957015687342,,-0.062672325,447.72453486114006
101-BINANCE-ETHUSDT-25SEP2026,101,Binance,ETH,ETHUSDT,2026-09-25,2026-04-12,24,0.016467134074942935,0.017043183192052468,,-0.0018427937500000038,456.0830435851215
101-BINANCE-ETHUSDT-25SEP2026,101,Binance,ETH,ETHUSDT,2026-09-25,2026-04-13,24,0.016795363171243135,0.01678897959540004,,0.014580381250000002,456.0832361218636
101-BINANCE-ETHUSDT-25SEP2026,101,Binance,ETH,ETHUSDT,2026-09-25,2026-04-14,24,0.01717888218750156,0.016636457437408585,,0.085521325,455.6627334854393
101-BINANCE-ETHUSDT-25SEP2026,101,Binance,ETH,ETHUSDT,2026-09-25,2026-04-15,24,0.017117387036324552,0.017149235907934764,,0.015018381249999999,455.3120114780158
101-BINANCE-ETHUSDT-25SEP2026,101,Binance,ETH,ETHUSDT,2026-09-25,2026-04-16,24,0.01735687556092082,0.01733138229752118,,-0.03702331875,455.30671040949545
101-BINANCE-ETHUSDT-25SEP2026,101,Binance,ETH,ETHUSDT,2026-09-25,2026-04-17,24,0.017681188053595344,0.017600830741679122,,0.01022228125,452.7067452016316
101-BINANCE-ETHUSDT-25SEP2026,101,Binance,ETH,ETHUSDT,2026-09-25,2026-04-18,24,0.016958516241732894,0.016814412661538797,,-0.059698031250000005,477.82035668597536
101-BINANCE-ETHUSDT-25SEP2026,101,Binance,ETH,ETHUSDT,2026-09-25,2026-04-19,24,0.017030516869760322,0.017081380469448317,,-0.1598773,478.30172577046386
101-BINANCE-ETHUSDT-25SEP2026,101,Binance,ETH,ETHUSDT,2026-09-25,2026-04-20,24,0.01702204299262231,0.01734833428867216,,-0.016418612500000002,478.30172577046386
101-BINANCE-ETHUSDT-25SEP2026,101,Binance,ETH,ETHUSDT,2026-09-25,2026-04-21,24,0.016994484885004157,0.01734833428867216,,-0.0409429625,477.70206483409294
101-BINANCE-ETHUSDT-25SEP2026,101,Binance,ETH,ETHUSDT,2026-09-25,2026-04-22,24,0.017429044687400214,0.01756885132556895,,0.05195729375,487.37846582452175
101-BINANCE-ETHUSDT-25SEP2026,101,Binance,ETH,ETHUSDT,2026-09-25,2026-04-23,24,0.016869922333320433,0.016899445061764308,,0.0135734375,491.9659583627724
101-BINANCE-ETHUSDT-25SEP2026,101,Binance,ETH,ETHUSDT,2026-09-25,2026-04-24,24,0.015182726137131673,0.015257791100520954,,-0.08031825,522.563761353471
101-BINANCE-ETHUSDT-25SEP2026,101,Binance,ETH,ETHUSDT,2026-09-25,2026-04-25,24,0.010546892693909847,0.011185932246440869,,-0.0435198625,508.9092087686018
101-BINANCE-ETHUSDT-25SEP2026,101,Binance,ETH,ETHUSDT,2026-09-25,2026-04-26,24,0.008055231950127952,0.008456328079777193,,-0.022274581249999998,346.85676240173007
101-BINANCE-ETHUSDT-25SEP2026,101,Binance,ETH,ETHUSDT,2026-09-25,2026-04-27,24,0.008065816981223975,0.00806597888685391,,-0.07847545625,322.42544641780574
101-BINANCE-ETHUSDT-25SEP2026,101,Binance,ETH,ETHUSDT,2026-09-25,2026-04-28,24,0.0030654715711908743,0.003393848489596769,,-0.10478876250000001,389.41771645029957
101-BINANCE-ETHUSDT-25SEP2026,101,Binance,ETH,ETHUSDT,2026-09-25,2026-04-29,24,0.008009342690635248,0.007651758532767834,,0.04268811875,513.5922403336941
101-BINANCE-ETHUSDT-25SEP2026,101,Binance,ETH,ETHUSDT,2026-09-25,2026-04-30,24,0.009395762869522473,0.009074042043094333,,-0.06162158125,637.0878293027043
101-BINANCE-ETHUSDT-25SEP2026,101,Binance,ETH,ETHUSDT,2026-09-25,2026-05-01,24,0.008828281512419883,0.009218233764088578,,-0.031777812499999995,522.7279530758328
101-BINANCE-ETHUSDT-25SEP2026,101,Binance,ETH,ETHUSDT,2026-09-25,2026-05-02,24,0.008485872608212219,0.008788357795558407,,-0.01774584375,480.0025384634359
101-BINANCE-ETHUSDT-25SEP2026,101,Binance,ETH,ETHUSDT,2026-09-25,2026-05-03,24,0.00989611246937743,0.010282195809626542,,0.03466450625,472.3834815155699
101-BINANCE-ETHUSDT-25SEP2026,101,Binance,ETH,ETHUSDT,2026-09-25,2026-05-04,24,0.014965983145696991,0.015007206075139098,,0.05060177500000001,594.2569456540957
101-BINANCE-ETHUSDT-25SEP2026,101,Binance,ETH,ETHUSDT,2026-09-25,2026-05-05,24,0.015060034646804785,0.01544067134439448,,-0.03685815625,636.942944895911
101-BINANCE-ETHUSDT-25SEP2026,101,Binance,ETH,ETHUSDT,2026-09-25,2026-05-06,24,0.01382196376524946,0.01403809802874346,,-0.0612387875,638.9352447050888
101-BINANCE-ETHUSDT-25SEP2026,101,Binance,ETH,ETHUSDT,2026-09-25,2026-05-07,24,0.01300879545425213,0.012493910158856883,,-0.08393676875,810.5460678143199
101-BINANCE-ETHUSDT-25SEP2026,101,Binance,ETH,ETHUSDT,2026-09-25,2026-05-08,24,0.012502611913605126,0.01188648046493933,,-0.026627206249999997,853.89335568932
101-BINANCE-ETHUSDT-25SEP2026,101,Binance,ETH,ETHUSDT,2026-09-25,2026-05-09,24,0.01343960832442634,0.014234060534541489,,0.0648176125,846.8238115699493
101-BINANCE-ETHUSDT-25SEP2026,101,Binance,ETH,ETHUSDT,2026-09-25,2026-05-10,24,0.014761758730463044,0.015214197767257374,,0.09211778749999999,843.0926243246619
101-BINANCE-ETHUSDT-25SEP2026,101,Binance,ETH,ETHUSDT,2026-09-25,2026-05-11,24,0.014685632257325542,0.01513806241262401,,0.04829999375,845.1112269237287
101-BINANCE-ETHUSDT-25SEP2026,101,Binance,ETH,ETHUSDT,2026-09-25,2026-05-12,24,0.014677175310878482,0.015112683961079556,,0.03115229375,858.8271649221296
101-BINANCE-ETHUSDT-25SEP2026,101,Binance,ETH,ETHUSDT,2026-09-25,2026-05-13,24,0.014685632257325542,0.014943534036480077,,0.026792368750000004,866.9584389609132
101-BINANCE-ETHUSDT-25SEP2026,101,Binance,ETH,ETHUSDT,2026-09-25,2026-05-14,24,0.014691974755647317,0.015112683961079556,,0.05470939375,882.5272532814178
101-BINANCE-ETHUSDT-25SEP2026,101,Binance,ETH,ETHUSDT,2026-09-25,2026-05-15,24,0.014537641613159466,0.015112683961079556,,0.005148781250000001,900.2323658441911
101-BINANCE-ETHUSDT-25SEP2026,101,Binance,ETH,ETHUSDT,2026-09-25,2026-05-16,24,0.014503819323762775,0.015112683961079556,,0.06361995625,900.2323658441911
101-BINANCE-ETHUSDT-25SEP2026,101,Binance,ETH,ETHUSDT,2026-09-25,2026-05-17,17,0.014691856047591559,0.015112683961079555,,0.0661096588235294,914.1213167531662
102-HYPERLIQUID-ETH-25SEP2026,102,Hyperliquid,ETH,ETH,2026-09-25,2026-03-31,17,0.04500123858435276,0.04506726487397473,0.045,-0.00047046352941176466,5.0935561403052745
102-HYPERLIQUID-ETH-25SEP2026,102,Hyperliquid,ETH,ETH,2026-09-25,2026-04-01,24,0.04698980853794977,0.04688655860309416,0.04699137475071643,-0.016802665499999998,22.362115953505086
102-HYPERLIQUID-ETH-25SEP2026,102,Hyperliquid,ETH,ETH,2026-09-25,2026-04-02,24,0.04371051876195551,0.04363431422223015,0.04371051876195551,-0.061874873,66.11407097548886
102-HYPERLIQUID-ETH-25SEP2026,102,Hyperliquid,ETH,ETH,2026-09-25,2026-04-03,24,0.04429874522993757,0.04416313081009684,0.04429874522993757,0.002092143499999999,73.93603987717857
102-HYPERLIQUID-ETH-25SEP2026,102,Hyperliquid,ETH,ETH,2026-09-25,2026-04-04,24,0.046183615064543874,0.046057250567384196,0.046183615064543874,0.0747537885,92.5585062286609
102-HYPERLIQUID-ETH-25SEP2026,102,Hyperliquid,ETH,ETH,2026-09-25,2026-04-05,24,0.047055885680017034,0.0469468249967957,0.047055885680017034,0.035719119,95.35772650156537
102-HYPERLIQUID-ETH-25SEP2026,102,Hyperliquid,ETH,ETH,2026-09-25,2026-04-06,24,0.048602154626699305,0.048487755262081135,0.048602154626699305,0.0666247275,100.071176793963
102-HYPERLIQUID-ETH-25SEP2026,102,Hyperliquid,ETH,ETH,2026-09-25,2026-04-07,24,0.05084792429659154,0.05072267973508828,0.05084792429659154,0.051629104,107.8638485026607
102-HYPERLIQUID-ETH-25SEP2026,102,Hyperliquid,ETH,ETH,2026-09-25,2026-04-08,24,0.05318980024755044,0.05314507462259352,0.05318980024755044,0.108442084,179.24505762248336
102-HYPERLIQUID-ETH-25SEP2026,102,Hyperliquid,ETH,ETH,2026-09-25,2026-04-09,24,0.053893539657945265,0.05378363953848497,0.053893539657945265,0.0555555915,232.24772619639631
102-HYPERLIQUID-ETH-25SEP2026,102,Hyperliquid,ETH,ETH,2026-09-25,2026-04-10,24,0.05431403005185081,0.05420421949305632,0.05431403005185081,0.0944833525,236.57198461082442
102-HYPERLIQUID-ETH-25SEP2026,102,Hyperliquid,ETH,ETH,2026-09-25,2026-04-11,24,0.05474463320354458,0.054762231615376473,0.05474463320354458,0.079969602,241.40142944034577
102-HYPERLIQUID-ETH-25SEP2026,102,Hyperliquid,ETH,ETH,2026-09-25,2026-04-12,24,0.05372733768421311,0.0535457246602232,0.05372733768421311,0.014174483,243.66112224454903
102-HYPERLIQUID-ETH-25SEP2026,102,Hyperliquid,ETH,ETH,2026-09-25,2026-04-13,24,0.05488531410660049,0.05482378057768373,0.05488531410660049,0.051898181999999994,266.635731062832
102-HYPERLIQUID-ETH-25SEP2026,102,Hyperliquid,ETH,ETH,2026-09-25,2026-04-14,24,0.05448867174405633,0.054386983417567,0.05448867174405633,-0.05961355199999999,304.09949442113356
102-HYPERLIQUID-ETH-25SEP2026,102,Hyperliquid,ETH,ETH,2026-09-25,2026-04-15,24,0.050134513513616,0.050136000775419576,0.05013014230230806,-0.1250984575,353.7384093023671
102-HYPERLIQUID-ETH-25SEP2026,102,Hyperliquid,ETH,ETH,2026-09-25,2026-04-16,24,0.0487468661282122,0.048719399316288055,0.0487468661282122,-0.172262553,327.07249547847186
102-HYPERLIQUID-ETH-25SEP2026,102,Hyperliquid,ETH,ETH,2026-09-25,2026-04-17,24,0.0489778203070218,0.04893352574473083,0.0489778203070218,-0.091159334,328.3178957233503
102-HYPERLIQUID-ETH-25SEP2026,102,Hyperliquid,ETH,ETH,2026-09-25,2026-04-18,24,0.046971435325137756,0.04698727736868779,0.0469908488676613,-0.1545036605,335.2921675612577
102-HYPERLIQUID-ETH-25SEP2026,102,Hyperliquid,ETH,ETH,2026-09-25,2026-04-19,24,0.04213740115771658,0.042428898338722716,0.04213740115771658,-0.16198685399999999,344.3404309216234
102-HYPERLIQUID-ETH-25SEP2026,102,Hyperliquid,ETH,ETH,2026-09-25,2026-04-20,24,0.04035841237742767,0.04039350318072608,0.04035841237742767,-0.0121553395,323.71923885847787
102-HYPERLIQUID-ETH-25SEP2026,102,Hyperliquid,ETH,ETH,2026-09-25,2026-04-21,24,0.03958690334472041,0.0396135291800511,0.03958690334472041,-0.052719395499999995,326.285786137021
102-HYPERLIQUID-ETH-25SEP2026,102,Hyperliquid,ETH,ETH,2026-09-25,2026-04-22,24,0.041170414292718664,0.04108331059222324,0.041170414292718664,0.0533031765,291.0671280456594
102-HYPERLIQUID-ETH-25SEP2026,102,Hyperliquid,ETH,ETH,2026-09-25,2026-04-23,24,0.039615932503846055,0.03944046381789074,0.039615932503846055,-0.0223459205,292.69874278922816
102-HYPERLIQUID-ETH-25SEP2026,102,Hyperliquid,ETH,ETH,2026-09-25,2026-04-24,24,0.03782129018507719,0.03778299142434382,0.03782129018507719,-0.017462038,351.6525839772483
102-HYPERLIQUID-ETH-25SEP2026,102,Hyperliquid,ETH,ETH,2026-09-25,2026-04-25,24,0.03779583280488165,0.036136728586961354,0.03779583280488165,0.043895264999999996,356.58630485470917
102-HYPERLIQUID-ETH-25SEP2026,102,Hyperliquid,ETH,ETH,2026-09-25,2026-04-26,24,0.03780034348889324,0.03717366872316154,0.03780034348889324,-0.0318235835,356.58129754476766
102-HYPERLIQUID-ETH-25SEP2026,102,Hyperliquid,ETH,ETH,2026-09-25,2026-04-27,24,0.0370340840530448,0.03692288736153231,0.0370340840530448,0.01013459,365.4171530894503
102-HYPERLIQUID-ETH-25SEP2026,102,Hyperliquid,ETH,ETH,2026-09-25,2026-04-28,24,0.03416581303349109,0.03425745029804226,0.03416581303349109,-0.0035967829999999997,385.1299445022985
102-HYPERLIQUID-ETH-25SEP2026,102,Hyperliquid,ETH,ETH,2026-09-25,2026-04-29,24,0.03656840550126703,0.03643094147387776,0.03656840550126703,0.08353076100000001,400.79257320412626
102-HYPERLIQUID-ETH-25SEP2026,102,Hyperliquid,ETH,ETH,2026-09-25,2026-04-30,24,0.03661175533164859,0.03625763236187029,0.03661175533164859,0.026131517999999996,438.3187203369882
102-HYPERLIQUID-ETH-25SEP2026,102,Hyperliquid,ETH,ETH,2026-09-25,2026-05-01,24,0.03661175533164859,0.03655125581522055,0.03661175533164859,0.0850071495,438.3187203369882
102-HYPERLIQUID-ETH-25SEP2026,102,Hyperliquid,ETH,ETH,2026-09-25,2026-05-02,24,0.03701178554850274,0.037022246742207006,0.03705501731360553,0.08031321300000001,439.9609714349528
102-HYPERLIQUID-ETH-25SEP2026,102,Hyperliquid,ETH,ETH,2026-09-25,2026-05-03,24,0.03840588312838724,0.038475140467893354,0.038475140467893354,0.0947249095,444.60186891550603
102-HYPERLIQUID-ETH-25SEP2026,102,Hyperliquid,ETH,ETH,2026-09-25,2026-05-04,24,0.03953611237006326,0.03959016789980017,0.039540440953782396,0.060697091,449.2293822203351
102-HYPERLIQUID-ETH-25SEP2026,102,Hyperliquid,ETH,ETH,2026-09-25,2026-05-05,24,0.03708358425553939,0.03692736619154463,0.0370676209563963,0.0590980625,447.9341232267224
102-HYPERLIQUID-ETH-25SEP2026,102,Hyperliquid,ETH,ETH,2026-09-25,2026-05-06,24,0.03886626263587307,0.03878653761249828,0.03893249635549383,0.045204154999999996,398.6492064892038
102-HYPERLIQUID-ETH-25SEP2026,102,Hyperliquid,ETH,ETH,2026-09-25,2026-05-07,24,0.038491728387099425,0.038332202915180295,0.03870699361175441,0.0565897095,418.44265508724123
102-HYPERLIQUID-ETH-25SEP2026,102,Hyperliquid,ETH,ETH,2026-09-25,2026-05-08,24,0.03873024611718712,0.03875621632102418,0.03893474439790905,0.09884703700000001,419.54411236525306
102-HYPERLIQUID-ETH-25SEP2026,102,Hyperliquid,ETH,ETH,2026-09-25,2026-05-09,24,0.03870428614881081,0.03871726296285534,0.038847261941716844,0.10413304,419.8800775990901
102-HYPERLIQUID-ETH-25SEP2026,102,Hyperliquid,ETH,ETH,2026-09-25,2026-05-10,24,0.040215850580228175,0.04022017618490968,0.040215850580228175,0.1095,411.0190678367031
102-HYPERLIQUID-ETH-25SEP2026,102,Hyperliquid,ETH,ETH,2026-09-25,2026-05-11,24,0.04005344609336781,0.04009878786763318,0.04005344609336781,0.10661763149999999,411.1768503545743
102-HYPERLIQUID-ETH-25SEP2026,102,Hyperliquid,ETH,ETH,2026-09-25,2026-05-12,24,0.03982562533039186,0.03983453121851003,0.03982562533039186,0.08430795549999999,420.78378536033034
102-HYPERLIQUID-ETH-25SEP2026,102,Hyperliquid,ETH,ETH,2026-09-25,2026-05-13,24,0.040088644098243066,0.04006867098550748,0.04006702713470841,0.107070049,431.6556277646189
102-HYPERLIQUID-ETH-25SEP2026,102,Hyperliquid,ETH,ETH,2026-09-25,2026-05-14,24,0.04005994764008796,0.04007728189959309,0.04005994764008796,0.09317508299999999,489.98684195837365
102-HYPERLIQUID-ETH-25SEP2026,102,Hyperliquid,ETH,ETH,2026-09-25,2026-05-15,24,0.03946549960493297,0.03945759364786886,0.03946549960493297,0.059227017,491.03935381127206
102-HYPERLIQUID-ETH-25SEP2026,102,Hyperliquid,ETH,ETH,2026-09-25,2026-05-16,24,0.03917611815651265,0.039275722995600164,0.03917611815651265,0.0414963025,491.2533361446054
102-HYPERLIQUID-ETH-25SEP2026,102,Hyperliquid,ETH,ETH,2026-09-25,2026-05-17,17,0.03904190414600343,0.03904190414600343,0.03904190414600343,-0.035391482117647054,491.681300811272
103-BINANCE-CLUSDT-21MAY2026,103,Binance,CLOIL,CLUSDT,2026-05-21,2026-04-14,18,-0.30501609707448485,-0.2948918039593713,,-1.9498884,5e-19
103-BINANCE-CLUSDT-21MAY2026,103,Binance,CLOIL,CLUSDT,2026-05-21,2026-04-15,24,-0.12011759954654262,-0.1139066392836151,,-0.076545975,385.6336685416666
103-BINANCE-CLUSDT-21MAY2026,103,Binance,CLOIL,CLUSDT,2026-05-21,2026-04-16,24,-0.06900209565260017,-0.07004243605986377,,0.1436229375,579.315435
103-BINANCE-CLUSDT-21MAY2026,103,Binance,CLOIL,CLUSDT,2026-05-21,2026-04-17,24,-0.058841540993973894,-0.06129377879889301,,0.54204325,579.315435
103-BINANCE-CLUSDT-21MAY2026,103,Binance,CLOIL,CLUSDT,2026-05-21,2026-04-18,24,0.043265827761203385,0.038637697706470846,,2.3719351625000002,2038.978239125
103-BINANCE-CLUSDT-21MAY2026,103,Binance,CLOIL,CLUSDT,2026-05-21,2026-04-19,24,0.28375760020495394,0.29145855166189083,,7.6604356749999996,3997.0650577869633
103-BINANCE-CLUSDT-21MAY2026,103,Binance,CLOIL,CLUSDT,2026-05-21,2026-04-20,24,-0.11341523234865868,-0.10435732526732307,,2.28125,5595.645327618818
103-BINANCE-CLUSDT-21MAY2026,103,Binance,CLOIL,CLUSDT,2026-05-21,2026-04-21,24,-0.263379661677666,-0.2686550206863613,,0.2479372,2467.52319615648
103-BINANCE-CLUSDT-21MAY2026,103,Binance,CLOIL,CLUSDT,2026-05-21,2026-04-22,24,-0.315114367463372,-0.32161469574710105,,0.0189654,4866.653611861258
103-BINANCE-CLUSDT-21MAY2026,103,Binance,CLOIL,CLUSDT,2026-05-21,2026-04-23,24,-0.38263052827695604,-0.39555427733039245,,-0.048253,8163.479282540965
103-BINANCE-CLUSDT-21MAY2026,103,Binance,CLOIL,CLUSDT,2026-05-21,2026-04-24,24,-0.38190883368628875,-0.39555427733039245,,-0.2864164125,8163.479282540965
103-BINANCE-CLUSDT-21MAY2026,103,Binance,CLOIL,CLUSDT,2026-05-21,2026-04-25,24,-0.31943887518568054,-0.32986477050183116,,0.192521075,8831.773341380027
103-BINANCE-CLUSDT-21MAY2026,103,Binance,CLOIL,CLUSDT,2026-05-21,2026-04-26,24,-0.140628832203713,-0.13669184355521605,,1.860647725,9875.195562557354
103-BINANCE-CLUSDT-21MAY2026,103,Binance,CLOIL,CLUSDT,2026-05-21,2026-04-27,24,-0.3579105291151465,-0.38299965310097267,,0.0271532625,10767.678295608552
103-BINANCE-CLUSDT-21MAY2026,103,Binance,CLOIL,CLUSDT,2026-05-21,2026-04-28,24,-0.44531662253319587,-0.4617495098730789,,-0.3233142625,11503.266319578002
103-BINANCE-CLUSDT-21MAY2026,103,Binance,CLOIL,CLUSDT,2026-05-21,2026-04-29,24,-0.6407120536125945,-0.6154018188476047,,-0.47550739999999997,15234.726196121212
103-BINANCE-CLUSDT-21MAY2026,103,Binance,CLOIL,CLUSDT,2026-05-21,2026-04-30,24,-0.8675516179260369,-0.8665086337247555,,-0.48565257500000003,16749.82496155331
103-BINANCE-CLUSDT-21MAY2026,103,Binance,CLOIL,CLUSDT,2026-05-21,2026-05-01,24,-1.0221227255021772,-1.0101449917295353,,-0.594439,16633.696875133555
103-BINANCE-CLUSDT-21MAY2026,103,Binance,CLOIL,CLUSDT,2026-05-21,2026-05-02,24,-1.040434872225223,-1.0308237136760738,,-0.27445444999999996,16598.92372698541
103-BINANCE-CLUSDT-21MAY2026,103,Binance,CLOIL,CLUSDT,2026-05-21,2026-05-03,24,-1.125722005168284,-1.123719407427138,,-2.9200355874999997,16693.090393652077
103-BINANCE-CLUSDT-21MAY2026,103,Binance,CLOIL,CLUSDT,2026-05-21,2026-05-04,24,-1.1108020699976642,-1.0982894999981843,,-1.2289303625,16645.590393652077
103-BINANCE-CLUSDT-21MAY2026,103,Binance,CLOIL,CLUSDT,2026-05-21,2026-05-05,24,-1.0829991813446254,-1.0710964481876921,,-0.21070172499999998,16598.92372698541
103-BINANCE-CLUSDT-21MAY2026,103,Binance,CLOIL,CLUSDT,2026-05-21,2026-05-06,24,-0.8602542137558838,-0.8725799486850677,,-0.1949985125,16711.96987984116
103-BINANCE-CLUSDT-21MAY2026,103,Binance,CLOIL,CLUSDT,2026-05-21,2026-05-07,24,-0.6429463678096009,-0.6397663305563396,,-1.9171871375,16822.10119612121
103-BINANCE-CLUSDT-21MAY2026,103,Binance,CLOIL,CLUSDT,2026-05-21,2026-05-08,24,-0.7889231310624938,-0.7655912855424591,,-1.886555425,16779.43558808023
103-BINANCE-CLUSDT-21MAY2026,103,Binance,CLOIL,CLUSDT,2026-05-21,2026-05-09,24,-0.7524089530430605,-0.7838786028364986,,-0.36453006250000003,17231.516598334652
103-BINANCE-CLUSDT-21MAY2026,103,Binance,CLOIL,CLUSDT,2026-05-21,2026-05-10,24,-0.4280597409149692,-0.4408357614520126,,0.2002672875,17418.324030997137
103-BINANCE-CLUSDT-21MAY2026,103,Binance,CLOIL,CLUSDT,2026-05-21,2026-05-11,24,-0.47570112436287076,-0.47405191031333743,,-1.944630575,17077.966697757827
103-BINANCE-CLUSDT-21MAY2026,103,Binance,CLOIL,CLUSDT,2026-05-21,2026-05-12,24,-0.6161463623740028,-0.6021475010088405,,-2.5051254875,17661.191226824627
103-BINANCE-CLUSDT-21MAY2026,103,Binance,CLOIL,CLUSDT,2026-05-21,2026-05-13,24,-0.4861813164961825,-0.45995615893684305,,-2.480808275,19662.1079015388
103-BINANCE-CLUSDT-21MAY2026,103,Binance,CLOIL,CLUSDT,2026-05-21,2026-05-14,24,-0.031304716195275355,-0.020157905952289997,,-0.25344869999999997,16602.257385614994
103-BINANCE-CLUSDT-21MAY2026,103,Binance,CLOIL,CLUSDT,2026-05-21,2026-05-15,24,-0.001673324865532144,-0.019181164522376323,,-0.161784425,12811.9054986202
103-BINANCE-CLUSDT-21MAY2026,103,Binance,CLOIL,CLUSDT,2026-05-21,2026-05-16,24,-0.0020485625483498103,-0.019181164522376323,,0.044203324999999995,12811.9054986202
103-BINANCE-CLUSDT-21MAY2026,103,Binance,CLOIL,CLUSDT,2026-05-21,2026-05-17,17,-0.0032658084014623692,-0.019181164522376323,,-0.0009429882352941177,12811.905498620199
104-HYPERLIQUID-xyzCL-21MAY2026,104,Hyperliquid,CLOIL,xyzCL,2026-05-21,2026-04-14,18,-0.30742251387411484,-0.29625865386712813,,-2.111961832,5e-19
104-HYPERLIQUID-xyzCL-21MAY2026,104,Hyperliquid,CLOIL,xyzCL,2026-05-21,2026-04-15,24,-0.16503011124769854,-0.1594216979924748,,0.1562917955,6602.059358993425
104-HYPERLIQUID-xyzCL-21MAY2026,104,Hyperliquid,CLOIL,xyzCL,2026-05-21,2026-04-16,24,-0.23942624769916498,-0.23323001289928239,,0.126673834,69865.62353370304
104-HYPERLIQUID-xyzCL-21MAY2026,104,Hyperliquid,CLOIL,xyzCL,2026-05-21,2026-04-17,24,-0.23652106437833387,-0.2310477043506334,,0.079231353,360138.2679604275
104-HYPERLIQUID-xyzCL-21MAY2026,104,Hyperliquid,CLOIL,xyzCL,2026-05-21,2026-04-18,24,-0.119214637736631,-0.12956136682554067,,0.7470781674999999,543283.4622012911
104-HYPERLIQUID-xyzCL-21MAY2026,104,Hyperliquid,CLOIL,xyzCL,2026-05-21,2026-04-19,24,-0.14416060402766118,-0.15699782824447406,,0.7027943235,656518.0722242885
104-HYPERLIQUID-xyzCL-21MAY2026,104,Hyperliquid,CLOIL,xyzCL,2026-05-21,2026-04-20,24,-0.2559337301611258,-0.24667159143301154,,0.176391871,729308.3080771252
104-HYPERLIQUID-xyzCL-21MAY2026,104,Hyperliquid,CLOIL,xyzCL,2026-05-21,2026-04-21,24,-0.30304885337663107,-0.2859295897153401,,0.074775506,747129.3268468935
104-HYPERLIQUID-xyzCL-21MAY2026,104,Hyperliquid,CLOIL,xyzCL,2026-05-21,2026-04-22,24,-0.3880162019298006,-0.3891630405389481,,0.031033285499999997,762851.0056525049
104-HYPERLIQUID-xyzCL-21MAY2026,104,Hyperliquid,CLOIL,xyzCL,2026-05-21,2026-04-23,24,-0.41506524565512254,-0.41233058613580376,,-0.0011571595000000043,778583.7029031147
104-HYPERLIQUID-xyzCL-21MAY2026,104,Hyperliquid,CLOIL,xyzCL,2026-05-21,2026-04-24,24,-0.4463383933843789,-0.44038227250554735,,0.034015007,831363.5917192359
104-HYPERLIQUID-xyzCL-21MAY2026,104,Hyperliquid,CLOIL,xyzCL,2026-05-21,2026-04-25,24,-0.42406608772905496,-0.41241822688974733,,0.284724236,883737.1365197398
104-HYPERLIQUID-xyzCL-21MAY2026,104,Hyperliquid,CLOIL,xyzCL,2026-05-21,2026-04-26,24,-0.4685761914628927,-0.4779598938000733,,-0.12168526950000001,924104.6504876442
104-HYPERLIQUID-xyzCL-21MAY2026,104,Hyperliquid,CLOIL,xyzCL,2026-05-21,2026-04-27,24,-0.4899886155728997,-0.5063486511742382,,0.0526243495,925177.9838209776
104-HYPERLIQUID-xyzCL-21MAY2026,104,Hyperliquid,CLOIL,xyzCL,2026-05-21,2026-04-28,24,-0.550845152215638,-0.5608205633161197,,0.028253116999999998,934494.3399543416
104-HYPERLIQUID-xyzCL-21MAY2026,104,Hyperliquid,CLOIL,xyzCL,2026-05-21,2026-04-29,24,-0.6586725196286168,-0.6732056540612966,,-0.128368602,983740.8381427353
104-HYPERLIQUID-xyzCL-21MAY2026,104,Hyperliquid,CLOIL,xyzCL,2026-05-21,2026-04-30,24,-0.9803462819362722,-0.9654448486957056,,-0.145699094,1103387.6881010064
104-HYPERLIQUID-xyzCL-21MAY2026,104,Hyperliquid,CLOIL,xyzCL,2026-05-21,2026-05-01,24,-1.0570520235664878,-1.0333721698771388,,-0.12244746249999999,1147147.143822313
104-HYPERLIQUID-xyzCL-21MAY2026,104,Hyperliquid,CLOIL,xyzCL,2026-05-21,2026-05-02,24,-1.0335476044504148,-1.036001001402643,,-0.009399261000000006,1205404.7745867237
104-HYPERLIQUID-xyzCL-21MAY2026,104,Hyperliquid,CLOIL,xyzCL,2026-05-21,2026-05-03,24,-1.0685981715808606,-1.0704235028498192,,-0.2110490225,1328412.055332645
104-HYPERLIQUID-xyzCL-21MAY2026,104,Hyperliquid,CLOIL,xyzCL,2026-05-21,2026-05-04,24,-1.1218036010762518,-1.109636807854611,,-0.0809432395,1338726.7467578582
104-HYPERLIQUID-xyzCL-21MAY2026,104,Hyperliquid,CLOIL,xyzCL,2026-05-21,2026-05-05,24,-1.0578103331033128,-1.0286767725472166,,0.009508176999999998,1425546.3779672056
104-HYPERLIQUID-xyzCL-21MAY2026,104,Hyperliquid,CLOIL,xyzCL,2026-05-21,2026-05-06,24,-0.8798017802326527,-0.853503112554578,,-0.36041779,1564673.6531553448
104-HYPERLIQUID-xyzCL-21MAY2026,104,Hyperliquid,CLOIL,xyzCL,2026-05-21,2026-05-07,24,-0.893470027390931,-0.8862401168432905,,-2.317948268,1637096.3197627508
104-HYPERLIQUID-xyzCL-21MAY2026,104,Hyperliquid,CLOIL,xyzCL,2026-05-21,2026-05-08,24,-0.8230551520499073,-0.8172429358025343,,-2.4283618265,1645013.410523952
104-HYPERLIQUID-xyzCL-21MAY2026,104,Hyperliquid,CLOIL,xyzCL,2026-05-21,2026-05-09,24,-0.4840497362799642,-0.4468870431528987,,0.022025304500000006,1678816.428245689
104-HYPERLIQUID-xyzCL-21MAY2026,104,Hyperliquid,CLOIL,xyzCL,2026-05-21,2026-05-10,24,-0.5241852623387235,-0.5131239537703964,,0.315360876,1679013.5354817614
104-HYPERLIQUID-xyzCL-21MAY2026,104,Hyperliquid,CLOIL,xyzCL,2026-05-21,2026-05-11,24,-0.6674370033262297,-0.6916083568248296,,-2.4714116785,1690287.4961705292
104-HYPERLIQUID-xyzCL-21MAY2026,104,Hyperliquid,CLOIL,xyzCL,2026-05-21,2026-05-12,24,-0.46689596659325416,-0.46728889851487915,,-2.2637877065,1650892.6030187316
104-HYPERLIQUID-xyzCL-21MAY2026,104,Hyperliquid,CLOIL,xyzCL,2026-05-21,2026-05-13,24,-0.2279595711249981,-0.2237058167730359,,-2.057826419,1456637.054353147
104-HYPERLIQUID-xyzCL-21MAY2026,104,Hyperliquid,CLOIL,xyzCL,2026-05-21,2026-05-14,24,-0.015788024619934452,-0.0035900753436235375,,0.049565978000000004,1384193.9423521373
104-HYPERLIQUID-xyzCL-21MAY2026,104,Hyperliquid,CLOIL,xyzCL,2026-05-21,2026-05-15,24,-0.004898095754686186,-0.015431033884606713,,0.027267689999999997,1388208.3179287
104-HYPERLIQUID-xyzCL-21MAY2026,104,Hyperliquid,CLOIL,xyzCL,2026-05-21,2026-05-16,24,0.01951685099580415,0.03485988530100143,,0.0700225855,1383470.7057722192
104-HYPERLIQUID-xyzCL-21MAY2026,104,Hyperliquid,CLOIL,xyzCL,2026-05-21,2026-05-17,17,0.026721067713245072,0.07004243605986377,,0.06004402870588235,1376792.7402807411
105-BINANCE-BZUSDT-21MAY2026,105,Binance,BRENTOIL,BZUSDT,2026-05-21,2026-04-14,18,-0.2549619759012397,-0.24970782632738095,,-2.65679485,2.9444444444444443e-18
105-BINANCE-BZUSDT-21MAY2026,105,Binance,BRENTOIL,BZUSDT,2026-05-21,2026-04-15,24,-0.08205596375279557,-0.08118757257135882,,-0.02813511249999998,333.3333333333333
105-BINANCE-BZUSDT-21MAY2026,105,Binance,BRENTOIL,BZUSDT,2026-05-21,2026-04-16,24,-0.05100114669264222,-0.06141031541250671,,0.17170695,400.0
105-BINANCE-BZUSDT-21MAY2026,105,Binance,BRENTOIL,BZUSDT,2026-05-21,2026-04-17,24,-0.05685460856036125,-0.05942518765386299,,0.21293096250000002,347.841209125
105-BINANCE-BZUSDT-21MAY2026,105,Binance,BRENTOIL,BZUSDT,2026-05-21,2026-04-18,24,0.04344463062557644,0.04779038258546645,,2.1767067,1444.4292968921957
105-BINANCE-BZUSDT-21MAY2026,105,Binance,BRENTOIL,BZUSDT,2026-05-21,2026-04-19,24,0.24262072533721168,0.23985416713429827,,8.1247713375,2913.5179824102293
105-BINANCE-BZUSDT-21MAY2026,105,Binance,BRENTOIL,BZUSDT,2026-05-21,2026-04-20,24,0.2499865803403477,0.20803846200230403,,2.44977415,3834.309246774162
105-BINANCE-BZUSDT-21MAY2026,105,Binance,BRENTOIL,BZUSDT,2026-05-21,2026-04-21,24,0.02356036229563868,0.029866586662196357,,0.0,12741.588158197532
105-BINANCE-BZUSDT-21MAY2026,105,Binance,BRENTOIL,BZUSDT,2026-05-21,2026-04-22,24,-0.09139881819645883,-0.06233272685579577,,0.01545775,23727.349612647842
105-BINANCE-BZUSDT-21MAY2026,105,Binance,BRENTOIL,BZUSDT,2026-05-21,2026-04-23,24,-0.1535043694500217,-0.12915145252643662,,-0.0144622125,23750.998652074075
105-BINANCE-BZUSDT-21MAY2026,105,Binance,BRENTOIL,BZUSDT,2026-05-21,2026-04-24,24,-0.2843395122603543,-0.28692321683154703,,-0.307182175,24251.97079888136
105-BINANCE-BZUSDT-21MAY2026,105,Binance,BRENTOIL,BZUSDT,2026-05-21,2026-04-25,24,-0.37123674069442486,-0.3655059127497346,,0.17570735,28066.06507241465
105-BINANCE-BZUSDT-21MAY2026,105,Binance,BRENTOIL,BZUSDT,2026-05-21,2026-04-26,24,-0.28851505049198867,-0.28005594764625635,,1.5624445500000002,28399.80317213062
105-BINANCE-BZUSDT-21MAY2026,105,Binance,BRENTOIL,BZUSDT,2026-05-21,2026-04-27,24,-0.49955558030369795,-0.46292890929229413,,-0.0809013375,32626.580880684724
105-BINANCE-BZUSDT-21MAY2026,105,Binance,BRENTOIL,BZUSDT,2026-05-21,2026-04-28,24,-0.7168369338488788,-0.6782255771763653,,-0.4603626375,32074.734933457792
105-BINANCE-BZUSDT-21MAY2026,105,Binance,BRENTOIL,BZUSDT,2026-05-21,2026-04-29,24,-0.7986813917008043,-0.7909302192449253,,-0.5934270375,31305.38378211959
105-BINANCE-BZUSDT-21MAY2026,105,Binance,BRENTOIL,BZUSDT,2026-05-21,2026-04-30,24,-0.8278779286362052,-0.8522534782286019,,-0.2535718875,34922.22379293973
105-BINANCE-BZUSDT-21MAY2026,105,Binance,BRENTOIL,BZUSDT,2026-05-21,2026-05-01,24,-1.0345104008484383,-1.0598028917333238,,-0.6133998374999999,40114.38366874516
105-BINANCE-BZUSDT-21MAY2026,105,Binance,BRENTOIL,BZUSDT,2026-05-21,2026-05-02,24,-1.0305762444047104,-1.0343849177835571,,-0.21217814999999998,39333.19615641148
105-BINANCE-BZUSDT-21MAY2026,105,Binance,BRENTOIL,BZUSDT,2026-05-21,2026-05-03,24,-1.1222757632063354,-1.1314007513345952,,-2.6034647,39263.14601850454
105-BINANCE-BZUSDT-21MAY2026,105,Binance,BRENTOIL,BZUSDT,2026-05-21,2026-05-04,24,-1.1158202891201492,-1.1096943081460522,,-1.3502618375,38501.100437191824
105-BINANCE-BZUSDT-21MAY2026,105,Binance,BRENTOIL,BZUSDT,2026-05-21,2026-05-05,24,-1.0963890970209997,-1.0869032858203127,,-0.41348112500000006,38477.5389747201
105-BINANCE-BZUSDT-21MAY2026,105,Binance,BRENTOIL,BZUSDT,2026-05-21,2026-05-06,24,-1.0001127751059147,-1.0055063265624786,,-0.32950192500000003,38137.66291325103
105-BINANCE-BZUSDT-21MAY2026,105,Binance,BRENTOIL,BZUSDT,2026-05-21,2026-05-07,24,-0.8969524908080313,-0.9122991366460914,,-2.0668115874999997,37862.59047662335
105-BINANCE-BZUSDT-21MAY2026,105,Binance,BRENTOIL,BZUSDT,2026-05-21,2026-05-08,24,-0.8741557023783394,-0.8589661524285575,,-2.02543245,37037.563119106184
105-BINANCE-BZUSDT-21MAY2026,105,Binance,BRENTOIL,BZUSDT,2026-05-21,2026-05-09,24,-0.5980959397145322,-0.576322232179664,,-0.4004561,31510.847705427364
105-BINANCE-BZUSDT-21MAY2026,105,Binance,BRENTOIL,BZUSDT,2026-05-21,2026-05-10,24,-0.3771261784028291,-0.38761970044501065,,0.160171125,31773.680877876934
105-BINANCE-BZUSDT-21MAY2026,105,Binance,BRENTOIL,BZUSDT,2026-05-21,2026-05-11,24,-0.7309100737020223,-0.7417800015489885,,-1.9962023375,31337.060449743352
105-BINANCE-BZUSDT-21MAY2026,105,Binance,BRENTOIL,BZUSDT,2026-05-21,2026-05-12,24,-0.6665374674276152,-0.6635529656283147,,-2.3850870250000002,32409.498297097813
105-BINANCE-BZUSDT-21MAY2026,105,Binance,BRENTOIL,BZUSDT,2026-05-21,2026-05-13,24,-0.5305051264564188,-0.5365116819953749,,-2.0672368125,34392.143478943624
105-BINANCE-BZUSDT-21MAY2026,105,Binance,BRENTOIL,BZUSDT,2026-05-21,2026-05-14,24,-0.019405633775241276,-0.04008748103003651,,-0.1859748,26355.201656965277
105-BINANCE-BZUSDT-21MAY2026,105,Binance,BRENTOIL,BZUSDT,2026-05-21,2026-05-15,24,-0.01473780173678709,-0.051374911938183776,,0.00047815000000000005,25920.401132984447
105-BINANCE-BZUSDT-21MAY2026,105,Binance,BRENTOIL,BZUSDT,2026-05-21,2026-05-16,24,-0.029048484237971166,-0.051374911938183776,,0.0623128,25920.401132984447
105-BINANCE-BZUSDT-21MAY2026,105,Binance,BRENTOIL,BZUSDT,2026-05-21,2026-05-17,17,-0.05477990333892441,-0.051374911938183776,,0.0,25920.401132984447
106-HYPERLIQUID-xyzBRENTOIL-21MAY2026,106,Hyperliquid,BRENTOIL,xyzBRENTOIL,2026-05-21,2026-04-14,18,-0.2568592209027273,-0.2463823111905002,,-2.5409159883333334,9.444444444444446e-19
106-HYPERLIQUID-xyzBRENTOIL-21MAY2026,106,Hyperliquid,BRENTOIL,xyzBRENTOIL,2026-05-21,2026-04-15,24,-0.18469596857417248,-0.1813320956856812,,0.23317280399999998,5664.644989238095
106-HYPERLIQUID-xyzBRENTOIL-21MAY2026,106,Hyperliquid,BRENTOIL,xyzBRENTOIL,2026-05-21,2026-04-16,24,-0.28475734444864986,-0.27670007767045607,,0.1070278185,26324.298347014348
106-HYPERLIQUID-xyzBRENTOIL-21MAY2026,106,Hyperliquid,BRENTOIL,xyzBRENTOIL,2026-05-21,2026-04-17,24,-0.24186359943414748,-0.2355905360689182,,0.049965434,56460.87269717431
106-HYPERLIQUID-xyzBRENTOIL-21MAY2026,106,Hyperliquid,BRENTOIL,xyzBRENTOIL,2026-05-21,2026-04-18,24,-0.13403766818430174,-0.15244856088325842,,0.554836062,58626.98678177766
106-HYPERLIQUID-xyzBRENTOIL-21MAY2026,106,Hyperliquid,BRENTOIL,xyzBRENTOIL,2026-05-21,2026-04-19,24,-0.138109566754168,-0.15123404097534848,,0.5980730129999999,60306.33776235727
106-HYPERLIQUID-xyzBRENTOIL-21MAY2026,106,Hyperliquid,BRENTOIL,xyzBRENTOIL,2026-05-21,2026-04-20,24,-0.2708524136514621,-0.2740339121550464,,0.3412903665,96277.53500529354
106-HYPERLIQUID-xyzBRENTOIL-21MAY2026,106,Hyperliquid,BRENTOIL,xyzBRENTOIL,2026-05-21,2026-04-21,24,-0.2667469195785293,-0.24791663921586551,,0.0288604405,105157.0985509793
106-HYPERLIQUID-xyzBRENTOIL-21MAY2026,106,Hyperliquid,BRENTOIL,xyzBRENTOIL,2026-05-21,2026-04-22,24,-0.3633325432550871,-0.36975590619801046,,0.025285666999999998,137765.19235499774
106-HYPERLIQUID-xyzBRENTOIL-21MAY2026,106,Hyperliquid,BRENTOIL,xyzBRENTOIL,2026-05-21,2026-04-23,24,-0.36135099667957404,-0.34217443817153165,,0.010656576499999995,160875.1984960169
106-HYPERLIQUID-xyzBRENTOIL-21MAY2026,106,Hyperliquid,BRENTOIL,xyzBRENTOIL,2026-05-21,2026-04-24,24,-0.38270058333406237,-0.37358906685115284,,0.0010297744999999984,174513.36516268356
106-HYPERLIQUID-xyzBRENTOIL-21MAY2026,106,Hyperliquid,BRENTOIL,xyzBRENTOIL,2026-05-21,2026-04-25,24,-0.3066429815281884,-0.28647497075567374,,0.36545760050000003,176766.0813785711
106-HYPERLIQUID-xyzBRENTOIL-21MAY2026,106,Hyperliquid,BRENTOIL,xyzBRENTOIL,2026-05-21,2026-04-26,24,-0.23807611981825808,-0.21426351426622517,,-0.11058167749999999,179866.22313354642
106-HYPERLIQUID-xyzBRENTOIL-21MAY2026,106,Hyperliquid,BRENTOIL,xyzBRENTOIL,2026-05-21,2026-04-27,24,-0.45150641692588117,-0.4563438372459108,,0.018839000499999998,209740.484244902
106-HYPERLIQUID-xyzBRENTOIL-21MAY2026,106,Hyperliquid,BRENTOIL,xyzBRENTOIL,2026-05-21,2026-04-28,24,-0.5443952491848738,-0.5324785077973092,,0.019115634,236860.13724200774
106-HYPERLIQUID-xyzBRENTOIL-21MAY2026,106,Hyperliquid,BRENTOIL,xyzBRENTOIL,2026-05-21,2026-04-29,24,-0.6755973316778273,-0.6970995386272388,,0.0730174835,270150.87255307107
106-HYPERLIQUID-xyzBRENTOIL-21MAY2026,106,Hyperliquid,BRENTOIL,xyzBRENTOIL,2026-05-21,2026-04-30,24,-0.8456991617314286,-0.8519460290694121,,-0.036181464499999996,287239.43017386756
106-HYPERLIQUID-xyzBRENTOIL-21MAY2026,106,Hyperliquid,BRENTOIL,xyzBRENTOIL,2026-05-21,2026-05-01,24,-1.0056625836457118,-1.0010635017470682,,-0.1258228365,296023.0932255628
106-HYPERLIQUID-xyzBRENTOIL-21MAY2026,106,Hyperliquid,BRENTOIL,xyzBRENTOIL,2026-05-21,2026-05-02,24,-1.0039334038927716,-1.0026084095161354,,-0.005965341000000002,296380.9262464795
106-HYPERLIQUID-xyzBRENTOIL-21MAY2026,106,Hyperliquid,BRENTOIL,xyzBRENTOIL,2026-05-21,2026-05-03,24,-1.0385178096252887,-1.0220302704533715,,-0.185410583,298210.88074275263
106-HYPERLIQUID-xyzBRENTOIL-21MAY2026,106,Hyperliquid,BRENTOIL,xyzBRENTOIL,2026-05-21,2026-05-04,24,-1.1199514224425207,-1.1067013065590718,,-0.1738152265,298527.7639269152
106-HYPERLIQUID-xyzBRENTOIL-21MAY2026,106,Hyperliquid,BRENTOIL,xyzBRENTOIL,2026-05-21,2026-05-05,24,-1.1619244686363142,-1.1538153988432247,,-0.1997159915,317131.0399424333
106-HYPERLIQUID-xyzBRENTOIL-21MAY2026,106,Hyperliquid,BRENTOIL,xyzBRENTOIL,2026-05-21,2026-05-06,24,-1.0419528532531224,-1.0466502276128475,,-0.3076468565,359530.7668229376
106-HYPERLIQUID-xyzBRENTOIL-21MAY2026,106,Hyperliquid,BRENTOIL,xyzBRENTOIL,2026-05-21,2026-05-07,24,-0.9955536921597615,-1.0192708581688,,-2.2812380645,358132.91758896963
106-HYPERLIQUID-xyzBRENTOIL-21MAY2026,106,Hyperliquid,BRENTOIL,xyzBRENTOIL,2026-05-21,2026-05-08,24,-0.8511274442249661,-0.8433026423692801,,-2.3654025385,345126.24984903977
106-HYPERLIQUID-xyzBRENTOIL-21MAY2026,106,Hyperliquid,BRENTOIL,xyzBRENTOIL,2026-05-21,2026-05-09,24,-0.7002787696436071,-0.6790466900338176,,-0.004752591999999998,335146.5350540777
106-HYPERLIQUID-xyzBRENTOIL-21MAY2026,106,Hyperliquid,BRENTOIL,xyzBRENTOIL,2026-05-21,2026-05-10,24,-0.6615831210555452,-0.6535631571459136,,0.3602842365,340400.37270802894
106-HYPERLIQUID-xyzBRENTOIL-21MAY2026,106,Hyperliquid,BRENTOIL,xyzBRENTOIL,2026-05-21,2026-05-11,24,-0.7284851141077558,-0.7735183635889235,,-2.169109371,311891.07609168364
106-HYPERLIQUID-xyzBRENTOIL-21MAY2026,106,Hyperliquid,BRENTOIL,xyzBRENTOIL,2026-05-21,2026-05-12,24,-0.4627296899977307,-0.4616406492305806,,-2.0106109315,303032.99119299994
106-HYPERLIQUID-xyzBRENTOIL-21MAY2026,106,Hyperliquid,BRENTOIL,xyzBRENTOIL,2026-05-21,2026-05-13,24,-0.2960758208393573,-0.29475702900474515,,-1.6089558065,297188.7189268493
106-HYPERLIQUID-xyzBRENTOIL-21MAY2026,106,Hyperliquid,BRENTOIL,xyzBRENTOIL,2026-05-21,2026-05-14,24,0.0846209048293063,0.08691229150400287,,0.3074199725,179405.12630791857
106-HYPERLIQUID-xyzBRENTOIL-21MAY2026,106,Hyperliquid,BRENTOIL,xyzBRENTOIL,2026-05-21,2026-05-15,24,0.13698143282094727,0.09085485216549562,,0.1954503825,150728.69411570954
106-HYPERLIQUID-xyzBRENTOIL-21MAY2026,106,Hyperliquid,BRENTOIL,xyzBRENTOIL,2026-05-21,2026-05-16,24,0.00749816316733155,-0.03481098596809834,,0.066097485,148697.75722317144
106-HYPERLIQUID-xyzBRENTOIL-21MAY2026,106,Hyperliquid,BRENTOIL,xyzBRENTOIL,2026-05-21,2026-05-17,17,0.01040552382304268,-0.02480196343672606,,0.05454965364705883,147747.68176060796
107-BINANCE-BTCUSDT-29MAY2026,107,Binance,BTC,BTCUSDT,2026-05-29,2026-04-15,15,0.008928760586692818,0.009303430972327482,,-0.03654161,2.6666666666666667e-18
107-BINANCE-BTCUSDT-29MAY2026,107,Binance,BTC,BTCUSDT,2026-05-29,2026-04-16,24,0.0039559357997144785,0.004367974122542226,,-0.033214087499999996,2.625025
107-BINANCE-BTCUSDT-29MAY2026,107,Binance,BTC,BTCUSDT,2026-05-29,2026-04-17,24,0.0047219457901848585,0.004216947257597798,,-0.013287824999999998,6.004950152151097
107-BINANCE-BTCUSDT-29MAY2026,107,Binance,BTC,BTCUSDT,2026-05-29,2026-04-18,24,0.0035542872216230005,0.004250608058027693,,-0.07497601875,7.407809536350695
107-BINANCE-BTCUSDT-29MAY2026,107,Binance,BTC,BTCUSDT,2026-05-29,2026-04-19,24,0.0035291907916658294,0.00401963364019799,,-0.0982899375,7.693304909176
107-BINANCE-BTCUSDT-29MAY2026,107,Binance,BTC,BTCUSDT,2026-05-29,2026-04-20,24,0.002950241420591554,0.003156346477345669,,-0.048652218750000004,9.135353179769142
107-BINANCE-BTCUSDT-29MAY2026,107,Binance,BTC,BTCUSDT,2026-05-29,2026-04-21,24,-0.0003150257305558544,-0.00015331699923964523,,-0.06502794375,15.013014580090221
107-BINANCE-BTCUSDT-29MAY2026,107,Binance,BTC,BTCUSDT,2026-05-29,2026-04-22,24,-0.0010465969629549102,-0.0008674676700883475,,0.0005014187500000007,13.195984768961432
107-BINANCE-BTCUSDT-29MAY2026,107,Binance,BTC,BTCUSDT,2026-05-29,2026-04-23,24,-0.003947819413078813,-0.0038671060910446587,,-0.06342103125,16.955610859294254
107-BINANCE-BTCUSDT-29MAY2026,107,Binance,BTC,BTCUSDT,2026-05-29,2026-04-24,24,-0.005331137361159931,-0.005030678148973188,,-0.055804849999999996,14.625033617349567
107-BINANCE-BTCUSDT-29MAY2026,107,Binance,BTC,BTCUSDT,2026-05-29,2026-04-25,24,-0.005362715350318416,-0.005038458085556799,,-0.04632808124999999,14.684971444759562
107-BINANCE-BTCUSDT-29MAY2026,107,Binance,BTC,BTCUSDT,2026-05-29,2026-04-26,24,-0.005094221820622216,-0.004945749274544192,,-0.0005392875000000001,18.82528194834272
107-BINANCE-BTCUSDT-29MAY2026,107,Binance,BTC,BTCUSDT,2026-05-29,2026-04-27,24,-0.00613562149316686,-0.005667406270836666,,-0.04874164375,21.57551233674189
107-BINANCE-BTCUSDT-29MAY2026,107,Binance,BTC,BTCUSDT,2026-05-29,2026-04-28,24,-0.0026408402772753682,-0.0022436488544123755,,-0.011964700000000002,43.449936377338894
107-BINANCE-BTCUSDT-29MAY2026,107,Binance,BTC,BTCUSDT,2026-05-29,2026-04-29,24,0.0014205553868374585,0.0019660116596900454,,0.00819379375,67.865552570047
107-BINANCE-BTCUSDT-29MAY2026,107,Binance,BTC,BTCUSDT,2026-05-29,2026-04-30,24,0.0032053068564185604,0.003418645434674557,,-0.02975343125,77.38840938486182
107-BINANCE-BTCUSDT-29MAY2026,107,Binance,BTC,BTCUSDT,2026-05-29,2026-05-01,24,0.003930584245367595,0.003977323427069804,,-0.031642306249999995,77.42277738486182
107-BINANCE-BTCUSDT-29MAY2026,107,Binance,BTC,BTCUSDT,2026-05-29,2026-05-02,24,0.004240349017464821,0.004208092983177695,,-0.03117236875,80.04879012287138
107-BINANCE-BTCUSDT-29MAY2026,107,Binance,BTC,BTCUSDT,2026-05-29,2026-05-03,24,0.005425031430505073,0.005439609056922722,,0.00434213125,81.36179649187618
107-BINANCE-BTCUSDT-29MAY2026,107,Binance,BTC,BTCUSDT,2026-05-29,2026-05-04,24,0.008196258238898092,0.008277976691365395,,0.0053613937499999995,101.36179649187618
107-BINANCE-BTCUSDT-29MAY2026,107,Binance,BTC,BTCUSDT,2026-05-29,2026-05-05,24,0.018249665643801764,0.01806202506091959,,-0.0460411,163.8201298252095
107-BINANCE-BTCUSDT-29MAY2026,107,Binance,BTC,BTCUSDT,2026-05-29,2026-05-06,24,0.016574892127627285,0.016350170190488334,,-0.071611175,212.02565128354286
107-BINANCE-BTCUSDT-29MAY2026,107,Binance,BTC,BTCUSDT,2026-05-29,2026-05-07,24,0.012500685353271134,0.01218639321299838,,-0.04938723750000001,222.66742613544204
107-BINANCE-BTCUSDT-29MAY2026,107,Binance,BTC,BTCUSDT,2026-05-29,2026-05-08,24,0.009545991740894178,0.009634735808511445,,-0.024517050000000002,226.10658215057148
107-BINANCE-BTCUSDT-29MAY2026,107,Binance,BTC,BTCUSDT,2026-05-29,2026-05-09,24,0.009352323368841639,0.008907996124090435,,0.003816531249999998,225.93523741117485
107-BINANCE-BTCUSDT-29MAY2026,107,Binance,BTC,BTCUSDT,2026-05-29,2026-05-10,24,0.01416996883179983,0.014237964504544773,,0.03728520625,235.2872112529527
107-BINANCE-BTCUSDT-29MAY2026,107,Binance,BTC,BTCUSDT,2026-05-29,2026-05-11,24,0.013745849780105289,0.013760844680633088,,0.04780085625,180.01452639710183
107-BINANCE-BTCUSDT-29MAY2026,107,Binance,BTC,BTCUSDT,2026-05-29,2026-05-12,24,0.01379430674814079,0.014115135383597347,,0.03440353125,160.03850369476373
107-BINANCE-BTCUSDT-29MAY2026,107,Binance,BTC,BTCUSDT,2026-05-29,2026-05-13,24,0.01479563957948799,0.015109217356533235,,0.04767675625,159.55517036143038
107-BINANCE-BTCUSDT-29MAY2026,107,Binance,BTC,BTCUSDT,2026-05-29,2026-05-14,24,0.019848280823733817,0.02042346460574612,,0.03889759375,253.665210312605
107-BINANCE-BTCUSDT-29MAY2026,107,Binance,BTC,BTCUSDT,2026-05-29,2026-05-15,24,0.02180995874103012,0.021885217552208455,,-0.0155699875,408.7385036947637
107-BINANCE-BTCUSDT-29MAY2026,107,Binance,BTC,BTCUSDT,2026-05-29,2026-05-16,24,0.024680914969190195,0.02462371121742787,,0.030138506250000002,416.0510036947637
107-BINANCE-BTCUSDT-29MAY2026,107,Binance,BTC,BTCUSDT,2026-05-29,2026-05-17,17,0.02601443096182517,0.026032433165547875,,0.030053885294117646,428.2385036947637
108-HYPERLIQUID-BTC-29MAY2026,108,Hyperliquid,BTC,BTC,2026-05-29,2026-04-15,15,0.03500674237538386,0.03510113563075791,0.035,-0.036897528799999996,0.29275351
108-HYPERLIQUID-BTC-29MAY2026,108,Hyperliquid,BTC,BTC,2026-05-29,2026-04-16,24,0.033961697877986856,0.03380977971616988,0.033961697877986856,-0.015157318500000001,3.113823449737849
108-HYPERLIQUID-BTC-29MAY2026,108,Hyperliquid,BTC,BTC,2026-05-29,2026-04-17,24,0.03126408350800183,0.031215656737149478,0.03126408350800183,-0.041548022999999996,5.6610721195798135
108-HYPERLIQUID-BTC-29MAY2026,108,Hyperliquid,BTC,BTC,2026-05-29,2026-04-18,24,0.027901749689321017,0.02774416469818287,0.027901749689321017,-0.0862912925,5.636658425479883
108-HYPERLIQUID-BTC-29MAY2026,108,Hyperliquid,BTC,BTC,2026-05-29,2026-04-19,24,0.020448611520669274,0.020487488622646485,0.020448611520669274,-0.06009579,8.557625750673601
108-HYPERLIQUID-BTC-29MAY2026,108,Hyperliquid,BTC,BTC,2026-05-29,2026-04-20,24,0.018805098813117847,0.018759210974416057,0.018805098813117847,-3.0185499999999893e-05,8.727507042420333
108-HYPERLIQUID-BTC-29MAY2026,108,Hyperliquid,BTC,BTC,2026-05-29,2026-04-21,24,0.017387666329848717,0.01748907901459747,0.017387666329848717,-0.009403568,9.177000904043231
108-HYPERLIQUID-BTC-29MAY2026,108,Hyperliquid,BTC,BTC,2026-05-29,2026-04-22,24,0.017836202618165896,0.01786708293915901,0.017836202618165892,-0.0444580585,12.812555913729568
108-HYPERLIQUID-BTC-29MAY2026,108,Hyperliquid,BTC,BTC,2026-05-29,2026-04-23,24,0.01845137855864326,0.018399162848619827,0.01845137855864326,0.0408442665,24.882570124900848
108-HYPERLIQUID-BTC-29MAY2026,108,Hyperliquid,BTC,BTC,2026-05-29,2026-04-24,24,0.030519124555172156,0.030525193225170746,0.030519124555172156,0.09513798,57.25657266735491
108-HYPERLIQUID-BTC-29MAY2026,108,Hyperliquid,BTC,BTC,2026-05-29,2026-04-25,24,0.03374280587054333,0.03384615719167954,0.03374280587054333,0.0697515365,63.12461774733413
108-HYPERLIQUID-BTC-29MAY2026,108,Hyperliquid,BTC,BTC,2026-05-29,2026-04-26,24,0.03326923418086191,0.033221356675903445,0.03326923418086191,0.031254147,63.40207854083536
108-HYPERLIQUID-BTC-29MAY2026,108,Hyperliquid,BTC,BTC,2026-05-29,2026-04-27,24,0.03387780641144376,0.033820667118806366,0.03387780641144376,0.0402011365,64.7203870445094
108-HYPERLIQUID-BTC-29MAY2026,108,Hyperliquid,BTC,BTC,2026-05-29,2026-04-28,24,0.021858289575595324,0.021673559827204536,0.02185828957559532,-0.023633165999999997,63.1606841664264
108-HYPERLIQUID-BTC-29MAY2026,108,Hyperliquid,BTC,BTC,2026-05-29,2026-04-29,24,0.017744715312561922,0.01786645906829194,0.017744715312561922,-0.021086159500000003,91.75628693125333
108-HYPERLIQUID-BTC-29MAY2026,108,Hyperliquid,BTC,BTC,2026-05-29,2026-04-30,24,0.015239987736837763,0.015205939092897754,0.015239987736837763,-0.0367908685,108.86360116089132
108-HYPERLIQUID-BTC-29MAY2026,108,Hyperliquid,BTC,BTC,2026-05-29,2026-05-01,24,0.014879643526958891,0.014778826694061721,0.014858511728906497,-0.057802349,114.22806316537168
108-HYPERLIQUID-BTC-29MAY2026,108,Hyperliquid,BTC,BTC,2026-05-29,2026-05-02,24,0.015116584897585142,0.01517736324193876,0.015116584897585142,-0.015141404499999999,118.03239509383694
108-HYPERLIQUID-BTC-29MAY2026,108,Hyperliquid,BTC,BTC,2026-05-29,2026-05-03,24,0.019798935805765375,0.019816750916239263,0.019798935805765375,0.058647214499999996,129.73397943022127
108-HYPERLIQUID-BTC-29MAY2026,108,Hyperliquid,BTC,BTC,2026-05-29,2026-05-04,24,0.018559876881356324,0.018583142748193348,0.018559876881356324,-0.0229104295,135.78804431132784
108-HYPERLIQUID-BTC-29MAY2026,108,Hyperliquid,BTC,BTC,2026-05-29,2026-05-05,24,0.01868885903472263,0.018715172556632936,0.01868885903472263,0.026226053,148.87770243582494
108-HYPERLIQUID-BTC-29MAY2026,108,Hyperliquid,BTC,BTC,2026-05-29,2026-05-06,24,0.0237234029976489,0.023697737777600408,0.0237234029976489,0.0761061135,148.57451071802248
108-HYPERLIQUID-BTC-29MAY2026,108,Hyperliquid,BTC,BTC,2026-05-29,2026-05-07,24,0.025470481873224437,0.02545097859748274,0.025470481873224437,0.0565468585,139.31706175195464
108-HYPERLIQUID-BTC-29MAY2026,108,Hyperliquid,BTC,BTC,2026-05-29,2026-05-08,24,0.03396121538996559,0.03391977485123614,0.03396121538996559,0.0935088025,157.51845024742315
108-HYPERLIQUID-BTC-29MAY2026,108,Hyperliquid,BTC,BTC,2026-05-29,2026-05-09,24,0.03166197366949377,0.03169420490389766,0.03166197366949377,0.0289659255,147.87788776267686
108-HYPERLIQUID-BTC-29MAY2026,108,Hyperliquid,BTC,BTC,2026-05-29,2026-05-10,24,0.03231543059540546,0.032318023991612876,0.0323240243675219,0.0404218155,144.9906000224362
108-HYPERLIQUID-BTC-29MAY2026,108,Hyperliquid,BTC,BTC,2026-05-29,2026-05-11,24,0.030284927972224974,0.030273071031709186,0.030273395755176725,0.029057066000000003,166.9437836763547
108-HYPERLIQUID-BTC-29MAY2026,108,Hyperliquid,BTC,BTC,2026-05-29,2026-05-12,24,0.033230310449406365,0.033183541551352114,0.033230310449406365,0.07512532200000001,185.294837796485
108-HYPERLIQUID-BTC-29MAY2026,108,Hyperliquid,BTC,BTC,2026-05-29,2026-05-13,24,0.03164979242407164,0.03162993146387074,0.03164979242407164,0.056829186000000004,173.06884204049388
108-HYPERLIQUID-BTC-29MAY2026,108,Hyperliquid,BTC,BTC,2026-05-29,2026-05-14,24,0.029551459163294134,0.02954142346266364,0.029551459163294134,-0.0023928304999999996,175.0215276213551
108-HYPERLIQUID-BTC-29MAY2026,108,Hyperliquid,BTC,BTC,2026-05-29,2026-05-15,24,0.029482065890113113,0.02946995542547901,0.029482065890113113,0.011788624,199.31284453819862
108-HYPERLIQUID-BTC-29MAY2026,108,Hyperliquid,BTC,BTC,2026-05-29,2026-05-16,24,0.014504391038589998,0.01449292182857779,0.017673168998165113,-0.0695909,250.5477246907681
108-HYPERLIQUID-BTC-29MAY2026,108,Hyperliquid,BTC,BTC,2026-05-29,2026-05-17,17,0.017167794560461507,0.01696628998005037,0.017089392490077415,-0.0007923162352941175,256.1105526676068
109-HYPERLIQUID-BTC-29MAY2026,109,Hyperliquid,BTC,BTC,2026-05-29,2026-04-15,15,0.03500674237538386,0.03510113563075791,0.035,-0.036897528799999996,43913.02632442133
109-HYPERLIQUID-BTC-29MAY2026,109,Hyperliquid,BTC,BTC,2026-05-29,2026-04-16,24,0.03494071313558338,0.0351853930571217,0.03494071313558338,-0.015157318500000001,241916.5037004197
109-HYPERLIQUID-BTC-29MAY2026,109,Hyperliquid,BTC,BTC,2026-05-29,2026-04-17,24,0.03122558939406825,0.03128806805733184,0.03122558939406825,-0.041548022999999996,448335.3271285615
109-HYPERLIQUID-BTC-29MAY2026,109,Hyperliquid,BTC,BTC,2026-05-29,2026-04-18,24,0.027772736648000392,0.027744356592180084,0.027759900657478447,-0.0862912925,593918.9169725989
109-HYPERLIQUID-BTC-29MAY2026,109,Hyperliquid,BTC,BTC,2026-05-29,2026-04-19,24,0.019551844599965697,0.01954844798411168,0.019537137623597125,-0.06009579,1333913.530461592
109-HYPERLIQUID-BTC-29MAY2026,109,Hyperliquid,BTC,BTC,2026-05-29,2026-04-20,24,0.018513277010031876,0.01871856518894108,0.018513277010031876,-3.0185499999999893e-05,1350487.0346135816
109-HYPERLIQUID-BTC-29MAY2026,109,Hyperliquid,BTC,BTC,2026-05-29,2026-04-21,24,0.01698200042953475,0.016955180718545123,0.01698200042953475,-0.009403568,1431949.8605582782
109-HYPERLIQUID-BTC-29MAY2026,109,Hyperliquid,BTC,BTC,2026-05-29,2026-04-22,24,0.017623917298838443,0.017641926401679824,0.017639403729444857,-0.0444580585,1434769.9202068476
109-HYPERLIQUID-BTC-29MAY2026,109,Hyperliquid,BTC,BTC,2026-05-29,2026-04-23,24,0.017863074313271773,0.017852867983377943,0.017863074313271773,0.0408442665,1340274.3979431486
109-HYPERLIQUID-BTC-29MAY2026,109,Hyperliquid,BTC,BTC,2026-05-29,2026-04-24,24,0.029883231131656085,0.029823529529447997,0.029883231131656085,0.09513798,1614601.3246239994
109-HYPERLIQUID-BTC-29MAY2026,109,Hyperliquid,BTC,BTC,2026-05-29,2026-04-25,24,0.03202083509616313,0.03187715286419577,0.03202083509616313,0.0697515365,1734109.1795837593
109-HYPERLIQUID-BTC-29MAY2026,109,Hyperliquid,BTC,BTC,2026-05-29,2026-04-26,24,0.03289559160323153,0.03287016103683894,0.03289559160323153,0.031254147,1761526.9476906415
109-HYPERLIQUID-BTC-29MAY2026,109,Hyperliquid,BTC,BTC,2026-05-29,2026-04-27,24,0.03328294567224756,0.03336609824930808,0.03328294567224756,0.0402011365,1756031.1725490827
109-HYPERLIQUID-BTC-29MAY2026,109,Hyperliquid,BTC,BTC,2026-05-29,2026-04-28,24,0.020573576472501583,0.020549618276303826,0.020573576472501583,-0.023633165999999997,1709848.6383877022
109-HYPERLIQUID-BTC-29MAY2026,109,Hyperliquid,BTC,BTC,2026-05-29,2026-04-29,24,0.016801124740226183,0.01685963993959664,0.016801124740226183,-0.021086159500000003,2077832.2788671523
109-HYPERLIQUID-BTC-29MAY2026,109,Hyperliquid,BTC,BTC,2026-05-29,2026-04-30,24,0.014636093929008866,0.014703705652419618,0.014636093929008866,-0.0367908685,2128618.80308441
109-HYPERLIQUID-BTC-29MAY2026,109,Hyperliquid,BTC,BTC,2026-05-29,2026-05-01,24,0.013804210557081274,0.013794338856666049,0.013804210557081274,-0.057802349,2062771.8662845485
109-HYPERLIQUID-BTC-29MAY2026,109,Hyperliquid,BTC,BTC,2026-05-29,2026-05-02,24,0.015240313370807416,0.015268999127465419,0.015240313370807416,-0.015141404499999999,2012199.0448643845
109-HYPERLIQUID-BTC-29MAY2026,109,Hyperliquid,BTC,BTC,2026-05-29,2026-05-03,24,0.018716834965963148,0.018553864865839147,0.018716834965963148,0.058647214499999996,2176073.56541216
109-HYPERLIQUID-BTC-29MAY2026,109,Hyperliquid,BTC,BTC,2026-05-29,2026-05-04,24,0.01843634055447552,0.01842467482646407,0.01843634055447552,-0.0229104295,2240924.394614651
109-HYPERLIQUID-BTC-29MAY2026,109,Hyperliquid,BTC,BTC,2026-05-29,2026-05-05,24,0.017161404088090682,0.017216546707985038,0.017161404088090682,0.026226053,2225297.301145114
109-HYPERLIQUID-BTC-29MAY2026,109,Hyperliquid,BTC,BTC,2026-05-29,2026-05-06,24,0.023585457018113556,0.02358329837865872,0.023585457018113556,0.0761061135,2931900.008281482
109-HYPERLIQUID-BTC-29MAY2026,109,Hyperliquid,BTC,BTC,2026-05-29,2026-05-07,24,0.02611225676039101,0.026031667768115125,0.02611225676039101,0.0565468585,3127452.5565029164
109-HYPERLIQUID-BTC-29MAY2026,109,Hyperliquid,BTC,BTC,2026-05-29,2026-05-08,24,0.03344138584821526,0.03347839920588556,0.03340530167272159,0.0935088025,3761433.5900768875
109-HYPERLIQUID-BTC-29MAY2026,109,Hyperliquid,BTC,BTC,2026-05-29,2026-05-09,24,0.03302765402462829,0.033008371671963584,0.03302337065213364,0.0289659255,4423922.86900348
109-HYPERLIQUID-BTC-29MAY2026,109,Hyperliquid,BTC,BTC,2026-05-29,2026-05-10,24,0.032698612804153114,0.03258473378464369,0.032698612804153114,0.0404218155,4314175.863999422
109-HYPERLIQUID-BTC-29MAY2026,109,Hyperliquid,BTC,BTC,2026-05-29,2026-05-11,24,0.030386441072797008,0.030450729504521254,0.030386441072797008,0.029057066000000003,4247925.201421482
109-HYPERLIQUID-BTC-29MAY2026,109,Hyperliquid,BTC,BTC,2026-05-29,2026-05-12,24,0.03320453125998791,0.03327786157111089,0.033193167744084255,0.07512532200000001,4096566.520004516
109-HYPERLIQUID-BTC-29MAY2026,109,Hyperliquid,BTC,BTC,2026-05-29,2026-05-13,24,0.03242150129317981,0.03241854362869906,0.03242150129317981,0.056829186000000004,3812503.083802951
109-HYPERLIQUID-BTC-29MAY2026,109,Hyperliquid,BTC,BTC,2026-05-29,2026-05-14,24,0.029705933105724714,0.029750654383886552,0.029705933105724714,-0.0023928304999999996,3829618.5663768076
109-HYPERLIQUID-BTC-29MAY2026,109,Hyperliquid,BTC,BTC,2026-05-29,2026-05-15,24,0.02935375582517888,0.029321704404997356,0.02935375582517888,0.011788624,3661300.732766072
109-HYPERLIQUID-BTC-29MAY2026,109,Hyperliquid,BTC,BTC,2026-05-29,2026-05-16,24,0.014185129298866138,0.013987758761825916,0.017904866689727152,-0.0695909,3092461.984528906
109-HYPERLIQUID-BTC-29MAY2026,109,Hyperliquid,BTC,BTC,2026-05-29,2026-05-17,17,0.016363449431694845,0.01637394720103987,0.016363449431694845,-0.0007923162352941175,3166439.269019165
11-HYPERLIQUID-ETH-31OCT2025,11,Hyperliquid,ETH,ETH,2025-10-31,2025-10-01,20,0.10949933093093667,0.1094866186187333,0.10949999999999999,0.09855,47500.0
11-HYPERLIQUID-ETH-31OCT2025,11,Hyperliquid,ETH,ETH,2025-10-31,2025-10-02,24,0.10115032130644948,0.10136218946938429,0.10115032130644948,0.1095,55429.166666666664
11-HYPERLIQUID-ETH-31OCT2025,11,Hyperliquid,ETH,ETH,2025-10-31,2025-10-03,24,0.10201505223880027,0.10188510867449095,0.10201505223880027,0.1095,553847.8086832344
11-HYPERLIQUID-ETH-31OCT2025,11,Hyperliquid,ETH,ETH,2025-10-31,2025-10-04,24,0.10195475302164399,0.10194774611679257,0.10195475302164399,0.1095,1622787.4291840808
11-HYPERLIQUID-ETH-31OCT2025,11,Hyperliquid,ETH,ETH,2025-10-31,2025-10-05,24,0.10466076933039374,0.10464053777212919,0.10466076933039375,0.1095,2177594.3105712356
11-HYPERLIQUID-ETH-31OCT2025,11,Hyperliquid,ETH,ETH,2025-10-31,2025-10-06,24,0.1120798589921374,0.11214988669535442,0.1120798589921374,0.125870031,2234824.891736344
11-HYPERLIQUID-ETH-31OCT2025,11,Hyperliquid,ETH,ETH,2025-10-31,2025-10-07,24,0.10901069937089679,0.10901554875541399,0.10901069937089679,0.120324951,2280531.0316867228
11-HYPERLIQUID-ETH-31OCT2025,11,Hyperliquid,ETH,ETH,2025-10-31,2025-10-08,24,0.11361312326960189,0.1136084053584666,0.11361312326960189,0.1456193415,2661183.9472619076
11-HYPERLIQUID-ETH-31OCT2025,11,Hyperliquid,ETH,ETH,2025-10-31,2025-10-09,24,0.11099459221234531,0.11101818803279513,0.11099459221234532,0.11003600250000001,2548044.4726178576
11-HYPERLIQUID-ETH-31OCT2025,11,Hyperliquid,ETH,ETH,2025-10-31,2025-10-10,24,0.1026525462799005,0.10270190215491498,0.1026525462799005,0.034370298,2864527.5447339253
11-HYPERLIQUID-ETH-31OCT2025,11,Hyperliquid,ETH,ETH,2025-10-31,2025-10-11,24,0.07441518502992202,0.07438923959125669,0.07429581377688092,-0.23401838125,4975554.216865372
11-HYPERLIQUID-ETH-31OCT2025,11,Hyperliquid,ETH,ETH,2025-10-31,2025-10-12,24,0.07975370060175913,0.07959385710054846,0.07969061872733713,0.004620608000000001,6021118.459421097
11-HYPERLIQUID-ETH-31OCT2025,11,Hyperliquid,ETH,ETH,2025-10-31,2025-10-13,24,0.08771863915747154,0.08766896449010021,0.08764626590235775,0.08747429400000001,5503390.067758367
11-HYPERLIQUID-ETH-31OCT2025,11,Hyperliquid,ETH,ETH,2025-10-31,2025-10-14,24,0.083944630838665,0.08377336739846941,0.0837825771744788,0.084690512,5928335.281593431
11-HYPERLIQUID-ETH-31OCT2025,11,Hyperliquid,ETH,ETH,2025-10-31,2025-10-15,24,0.08794844398525431,0.0880302246651878,0.08803465194015603,0.08850614899999999,5552614.863418297
11-HYPERLIQUID-ETH-31OCT2025,11,Hyperliquid,ETH,ETH,2025-10-31,2025-10-16,24,0.08360617887494914,0.0833870758668168,0.08350252605844412,0.0245206635,5895015.017618492
11-HYPERLIQUID-ETH-31OCT2025,11,Hyperliquid,ETH,ETH,2025-10-31,2025-10-17,24,0.0809872572384792,0.08095478204731031,0.08097823911237553,0.065320619,5476230.58211686
11-HYPERLIQUID-ETH-31OCT2025,11,Hyperliquid,ETH,ETH,2025-10-31,2025-10-18,24,0.08345243856682028,0.08344794254097164,0.08345243856682028,0.10665730699999999,5501489.867238355
11-HYPERLIQUID-ETH-31OCT2025,11,Hyperliquid,ETH,ETH,2025-10-31,2025-10-19,24,0.08004738134931448,0.08012699265904726,0.07996676234218118,0.001415981,6639159.060388811
11-HYPERLIQUID-ETH-31OCT2025,11,Hyperliquid,ETH,ETH,2025-10-31,2025-10-20,24,0.07842278962389419,0.07837676782899533,0.07836911621330624,0.067578874,9823552.113639148
11-HYPERLIQUID-ETH-31OCT2025,11,Hyperliquid,ETH,ETH,2025-10-31,2025-10-21,24,0.08203244850918123,0.08142694511140844,0.08147044972798811,0.10352436599999999,9515603.324480753
11-HYPERLIQUID-ETH-31OCT2025,11,Hyperliquid,ETH,ETH,2025-10-31,2025-10-22,24,0.0725184823841961,0.07238400433296148,0.07236629993610723,0.0011290910000000005,11643419.736385405
11-HYPERLIQUID-ETH-31OCT2025,11,Hyperliquid,ETH,ETH,2025-10-31,2025-10-23,24,0.07419325383983462,0.07411157292735411,0.07409454505354264,0.0813128385,11324473.631296903
11-HYPERLIQUID-ETH-31OCT2025,11,Hyperliquid,ETH,ETH,2025-10-31,2025-10-24,24,0.08697214906270367,0.08704524563170428,0.08705324324260875,0.1095,10155345.96425618
11-HYPERLIQUID-ETH-31OCT2025,11,Hyperliquid,ETH,ETH,2025-10-31,2025-10-25,24,0.09275622153533943,0.09273260507835558,0.09275622153533943,0.1095,9827966.273336878
11-HYPERLIQUID-ETH-31OCT2025,11,Hyperliquid,ETH,ETH,2025-10-31,2025-10-26,24,0.09467258330465046,0.09515292829236588,0.095184625899959,0.1095,9494601.88568343
11-HYPERLIQUID-ETH-31OCT2025,11,Hyperliquid,ETH,ETH,2025-10-31,2025-10-27,24,0.1051155182566404,0.10509916738577402,0.10522507503412888,0.1095,8580947.479656026
11-HYPERLIQUID-ETH-31OCT2025,11,Hyperliquid,ETH,ETH,2025-10-31,2025-10-28,24,0.10532185716126714,0.1051308243658252,0.10527614226781579,0.1087543415,8502161.421916405
11-HYPERLIQUID-ETH-31OCT2025,11,Hyperliquid,ETH,ETH,2025-10-31,2025-10-29,24,0.0895133338373426,0.08942944038311657,0.08928245294801784,0.038512172,8931287.63693107
11-HYPERLIQUID-ETH-31OCT2025,11,Hyperliquid,ETH,ETH,2025-10-31,2025-10-30,24,0.09900696122966511,0.09893234683097274,0.10058281579918114,0.1095,7651641.096790233
110-OKX-BTCUSDT-29MAY2026,110,OKX,BTC,BTCUSDT,2026-05-29,2026-04-15,15,0.03500674237538386,0.03510113563075791,0.035,-0.0291792559416848,0.29275351
110-OKX-BTCUSDT-29MAY2026,110,OKX,BTC,BTCUSDT,2026-05-29,2026-04-16,24,0.033796571610108565,0.03383449747164278,0.033796571610108565,-0.03693727007374825,2.105331141666667
110-OKX-BTCUSDT-29MAY2026,110,OKX,BTC,BTCUSDT,2026-05-29,2026-04-17,24,0.03358415805603083,0.033584158056030836,0.03358415805603083,-0.02659492325028469,3.313664475
110-OKX-BTCUSDT-29MAY2026,110,OKX,BTC,BTCUSDT,2026-05-29,2026-04-18,24,0.03258112749623961,0.032598620605498056,0.03258112749623961,-0.00752867767841925,3.6472603083333333
110-OKX-BTCUSDT-29MAY2026,110,OKX,BTC,BTCUSDT,2026-05-29,2026-04-19,24,0.03022244723964035,0.03022244723964035,0.03022244723964035,-0.04854196663448119,5.688964475
110-OKX-BTCUSDT-29MAY2026,110,OKX,BTC,BTCUSDT,2026-05-29,2026-04-20,24,0.02660768861859156,0.026711950351070133,0.02660768861859156,0.003230473648329749,7.52481042232015
110-OKX-BTCUSDT-29MAY2026,110,OKX,BTC,BTCUSDT,2026-05-29,2026-04-21,24,0.027153034459675193,0.02715864546527744,0.027153034459675193,-0.0005957369087742488,8.261064389115585
110-OKX-BTCUSDT-29MAY2026,110,OKX,BTC,BTCUSDT,2026-05-29,2026-04-22,24,0.02587938460511138,0.02588933238081495,0.02587938460511138,-0.007496149382653063,9.405930479491277
110-OKX-BTCUSDT-29MAY2026,110,OKX,BTC,BTCUSDT,2026-05-29,2026-04-23,24,0.019154550072507055,0.019294020938799315,0.019154550072507055,-0.054481747712786556,13.845482073871965
110-OKX-BTCUSDT-29MAY2026,110,OKX,BTC,BTCUSDT,2026-05-29,2026-04-24,24,0.014487018313215458,0.014487018313215458,0.014487018313215458,-0.02641938916792906,15.899940662193844
110-OKX-BTCUSDT-29MAY2026,110,OKX,BTC,BTCUSDT,2026-05-29,2026-04-25,24,0.011180119650130037,0.011280792577193227,0.011201648194919396,-0.04116482203555088,18.299117417211782
110-OKX-BTCUSDT-29MAY2026,110,OKX,BTC,BTCUSDT,2026-05-29,2026-04-26,24,0.010231397638230772,0.010176195016616202,0.010282396222096977,0.017048918104723376,18.004748164449037
110-OKX-BTCUSDT-29MAY2026,110,OKX,BTC,BTCUSDT,2026-05-29,2026-04-27,24,0.009625066446168264,0.009536680578380448,0.010090553258394445,-0.05450209596352588,22.618882371782504
110-OKX-BTCUSDT-29MAY2026,110,OKX,BTC,BTCUSDT,2026-05-29,2026-04-28,24,0.008746257762829815,0.008430968670487211,,-0.055928023908640996,24.25408763255082
110-OKX-BTCUSDT-29MAY2026,110,OKX,BTC,BTCUSDT,2026-05-29,2026-04-29,24,0.00801146035786206,0.008057483813315789,,0.0061570161025645,21.75692434157872
110-OKX-BTCUSDT-29MAY2026,110,OKX,BTC,BTCUSDT,2026-05-29,2026-04-30,24,0.005865230678167071,0.005402117505640458,,-0.024853879449472063,17.15048496284278
110-OKX-BTCUSDT-29MAY2026,110,OKX,BTC,BTCUSDT,2026-05-29,2026-05-01,24,0.005603120993513438,0.005121275558127305,,-0.02291859968445044,16.79519620355111
110-OKX-BTCUSDT-29MAY2026,110,OKX,BTC,BTCUSDT,2026-05-29,2026-05-02,24,0.005487877077637897,0.005230166767485834,,-0.014082697784111498,16.76695520355111
110-OKX-BTCUSDT-29MAY2026,110,OKX,BTC,BTCUSDT,2026-05-29,2026-05-03,24,0.005433396282027142,0.0053474512992751555,,0.002968167701242874,16.76695520355111
110-OKX-BTCUSDT-29MAY2026,110,OKX,BTC,BTCUSDT,2026-05-29,2026-05-04,24,0.006408984182557341,0.00652669082744317,,0.02067179142799756,16.73678582495891
110-OKX-BTCUSDT-29MAY2026,110,OKX,BTC,BTCUSDT,2026-05-29,2026-05-05,24,0.006303331946101925,0.006160779753092856,,-0.014156120920722937,17.55640054348007
110-OKX-BTCUSDT-29MAY2026,110,OKX,BTC,BTCUSDT,2026-05-29,2026-05-06,24,0.006760368018961057,0.006797761742381447,,-0.011174758652276627,17.308306830868457
110-OKX-BTCUSDT-29MAY2026,110,OKX,BTC,BTCUSDT,2026-05-29,2026-05-07,24,0.007595604309505122,0.008031959508248776,,0.014458096840081001,18.389745537960692
110-OKX-BTCUSDT-29MAY2026,110,OKX,BTC,BTCUSDT,2026-05-29,2026-05-08,24,0.008006929633881023,0.00853601326525749,,0.013823756456577936,19.014745537960692
110-OKX-BTCUSDT-29MAY2026,110,OKX,BTC,BTCUSDT,2026-05-29,2026-05-09,24,0.008876861600040616,0.00945957959579386,0.010000000001,0.0049837038196420625,19.05936282191131
110-OKX-BTCUSDT-29MAY2026,110,OKX,BTC,BTCUSDT,2026-05-29,2026-05-10,24,0.015502002389235492,0.015525256652024437,0.015774156179446962,0.036465798281055124,17.323931717848357
110-OKX-BTCUSDT-29MAY2026,110,OKX,BTC,BTCUSDT,2026-05-29,2026-05-11,24,0.025405357115445226,0.02545925667893284,0.025499764057090705,0.049445584588358994,9.431793131247067
110-OKX-BTCUSDT-29MAY2026,110,OKX,BTC,BTCUSDT,2026-05-29,2026-05-12,24,0.01710791700669709,0.01720975549564081,0.017129085603877884,-0.030784954038611565,8.865597867228153
110-OKX-BTCUSDT-29MAY2026,110,OKX,BTC,BTCUSDT,2026-05-29,2026-05-13,24,0.023008898998213134,0.022923775879058316,0.022871090601775015,0.0370133234963775,6.880213083706823
110-OKX-BTCUSDT-29MAY2026,110,OKX,BTC,BTCUSDT,2026-05-29,2026-05-14,24,0.028210559621919578,0.02827138547061465,0.028211766954404957,0.045471341502767,7.447402964127002
110-OKX-BTCUSDT-29MAY2026,110,OKX,BTC,BTCUSDT,2026-05-29,2026-05-15,24,0.03225568823168005,0.03228195007481841,0.03221898266162478,0.02501541567790762,8.225166663076298
110-OKX-BTCUSDT-29MAY2026,110,OKX,BTC,BTCUSDT,2026-05-29,2026-05-16,24,0.038100040784384,0.03782219089301132,0.03788834393879713,0.08488440183094037,10.447647056839871
110-OKX-BTCUSDT-29MAY2026,110,OKX,BTC,BTCUSDT,2026-05-29,2026-05-17,17,0.040488423849556456,0.04060159748778497,0.04066476451182239,0.044225782988124705,13.008125001021124
111-HYPERLIQUID-BTC-26JUN2026,111,Hyperliquid,BTC,BTC,2026-06-26,2026-04-15,15,0.04200396156793581,0.04205942351903705,0.042,-0.036897528799999996,0.14454719533333335
111-HYPERLIQUID-BTC-26JUN2026,111,Hyperliquid,BTC,BTC,2026-06-26,2026-04-16,24,0.03525018365485045,0.035307818986049115,0.03525018365485045,-0.015157318500000001,2.9161004225102505
111-HYPERLIQUID-BTC-26JUN2026,111,Hyperliquid,BTC,BTC,2026-06-26,2026-04-17,24,0.02925606594293255,0.029166626857804707,0.02925606594293255,-0.041548022999999996,5.23493268251255
111-HYPERLIQUID-BTC-26JUN2026,111,Hyperliquid,BTC,BTC,2026-06-26,2026-04-18,24,0.029353222122685586,0.029540350089957045,0.029353222122685586,-0.0862912925,5.205555462698736
111-HYPERLIQUID-BTC-26JUN2026,111,Hyperliquid,BTC,BTC,2026-06-26,2026-04-19,24,0.028430887027587993,0.028292225335604954,0.028430887027587993,-0.06009579,5.393747046379766
111-HYPERLIQUID-BTC-26JUN2026,111,Hyperliquid,BTC,BTC,2026-06-26,2026-04-20,24,0.028863422038413165,0.028635071672290912,0.028863422038413165,-3.0185499999999893e-05,5.331609290422742
111-HYPERLIQUID-BTC-26JUN2026,111,Hyperliquid,BTC,BTC,2026-06-26,2026-04-21,24,0.029500725322625473,0.02946251556204693,0.029500725322625473,-0.009403568,5.32631726496838
111-HYPERLIQUID-BTC-26JUN2026,111,Hyperliquid,BTC,BTC,2026-06-26,2026-04-22,24,0.028947377151073515,0.029205169886031904,0.028947377151073515,-0.0444580585,5.261552089136754
111-HYPERLIQUID-BTC-26JUN2026,111,Hyperliquid,BTC,BTC,2026-06-26,2026-04-23,24,0.029074829826871425,0.029269479609464008,0.029074829826871425,0.0408442665,5.22469644481003
111-HYPERLIQUID-BTC-26JUN2026,111,Hyperliquid,BTC,BTC,2026-06-26,2026-04-24,24,0.028965112574472304,0.029012474782023897,0.028965112574472304,0.09513798,5.269081632234844
111-HYPERLIQUID-BTC-26JUN2026,111,Hyperliquid,BTC,BTC,2026-06-26,2026-04-25,24,0.029540106875616156,0.02973271392786538,0.029540106875616156,0.0697515365,5.270190672078063
111-HYPERLIQUID-BTC-26JUN2026,111,Hyperliquid,BTC,BTC,2026-06-26,2026-04-26,24,0.029553009008185693,0.02973271392786538,0.029553009008185693,0.031254147,5.270190672078063
111-HYPERLIQUID-BTC-26JUN2026,111,Hyperliquid,BTC,BTC,2026-06-26,2026-04-27,24,0.03159890427557221,0.031692242636596916,0.03159890427557221,0.0402011365,8.411277868934642
111-HYPERLIQUID-BTC-26JUN2026,111,Hyperliquid,BTC,BTC,2026-06-26,2026-04-28,24,0.029692298043883625,0.029742563163756845,0.029692298043883625,-0.023633165999999997,11.272088352555157
111-HYPERLIQUID-BTC-26JUN2026,111,Hyperliquid,BTC,BTC,2026-06-26,2026-04-29,24,0.029107043531690076,0.029041412830522237,0.029107043531690076,-0.021086159500000003,15.300148126475236
111-HYPERLIQUID-BTC-26JUN2026,111,Hyperliquid,BTC,BTC,2026-06-26,2026-04-30,24,0.029349070636407962,0.02956317494733692,0.029349070636407962,-0.0367908685,16.187276147485466
111-HYPERLIQUID-BTC-26JUN2026,111,Hyperliquid,BTC,BTC,2026-06-26,2026-05-01,24,0.027998391385946234,0.028030849615983854,0.027998391385946234,-0.057802349,16.797439406435334
111-HYPERLIQUID-BTC-26JUN2026,111,Hyperliquid,BTC,BTC,2026-06-26,2026-05-02,24,0.02766275446632564,0.027583110572531506,0.02766275446632564,-0.015141404499999999,17.255267393453373
111-HYPERLIQUID-BTC-26JUN2026,111,Hyperliquid,BTC,BTC,2026-06-26,2026-05-03,24,0.030449750099340842,0.03035072349044073,0.030449750099340842,0.058647214499999996,16.545068934643943
111-HYPERLIQUID-BTC-26JUN2026,111,Hyperliquid,BTC,BTC,2026-06-26,2026-05-04,24,0.027449328658708888,0.027432990921239436,0.027449328658708888,-0.0229104295,17.245041931257457
111-HYPERLIQUID-BTC-26JUN2026,111,Hyperliquid,BTC,BTC,2026-06-26,2026-05-05,24,0.026237655043180503,0.026237655043180503,0.026237655043180503,0.026226053,17.521111409015273
111-HYPERLIQUID-BTC-26JUN2026,111,Hyperliquid,BTC,BTC,2026-06-26,2026-05-06,24,0.026939646143801167,0.026939646143801167,0.026939646143801167,0.0761061135,17.52114879592369
111-HYPERLIQUID-BTC-26JUN2026,111,Hyperliquid,BTC,BTC,2026-06-26,2026-05-07,24,0.02776247716580292,0.027838370007402944,0.02776247716580292,0.0565468585,17.367604667371385
111-HYPERLIQUID-BTC-26JUN2026,111,Hyperliquid,BTC,BTC,2026-06-26,2026-05-08,24,0.029689989185618826,0.029681439770057643,0.029689989185618826,0.0935088025,16.275581855291886
111-HYPERLIQUID-BTC-26JUN2026,111,Hyperliquid,BTC,BTC,2026-06-26,2026-05-09,24,0.03240073756488571,0.032643962886210236,0.032650383567811046,0.0289659255,19.888326618688268
111-HYPERLIQUID-BTC-26JUN2026,111,Hyperliquid,BTC,BTC,2026-06-26,2026-05-10,24,0.033136386835334736,0.0334463393733307,0.0334463393733307,0.0404218155,20.934228322751533
111-HYPERLIQUID-BTC-26JUN2026,111,Hyperliquid,BTC,BTC,2026-06-26,2026-05-11,24,0.03273626922126367,0.032792837541564014,0.03279654046013393,0.029057066000000003,21.07550317241272
111-HYPERLIQUID-BTC-26JUN2026,111,Hyperliquid,BTC,BTC,2026-06-26,2026-05-12,24,0.030940785877847182,0.030926169458926133,0.030940785877847182,0.07512532200000001,20.446784555544657
111-HYPERLIQUID-BTC-26JUN2026,111,Hyperliquid,BTC,BTC,2026-06-26,2026-05-13,24,0.030987103689690054,0.030969103960742202,0.030987103689690054,0.056829186000000004,20.46361845918992
111-HYPERLIQUID-BTC-26JUN2026,111,Hyperliquid,BTC,BTC,2026-06-26,2026-05-14,24,0.030814485654479085,0.030827370513334344,0.030814485654479085,-0.0023928304999999996,20.483446736596843
111-HYPERLIQUID-BTC-26JUN2026,111,Hyperliquid,BTC,BTC,2026-06-26,2026-05-15,24,0.030659867348215967,0.030659867348215967,0.030659867348215967,0.011788624,20.492258835124037
111-HYPERLIQUID-BTC-26JUN2026,111,Hyperliquid,BTC,BTC,2026-06-26,2026-05-16,24,0.022331967412924467,0.022340626397491983,0.022331967412924467,-0.0695909,23.098108736853934
111-HYPERLIQUID-BTC-26JUN2026,111,Hyperliquid,BTC,BTC,2026-06-26,2026-05-17,17,0.020747104764045617,0.02075911282910352,0.020747104764045617,-0.0007923162352941175,23.63726022684432
112-BINANCE-ETHUSDT-29MAY2026,112,Binance,ETH,ETHUSDT,2026-05-29,2026-04-15,15,0.0021089704078865027,0.002001951235571393,,0.0013337099999999999,0.0
112-BINANCE-ETHUSDT-29MAY2026,112,Binance,ETH,ETHUSDT,2026-05-29,2026-04-16,24,0.0038004526504227566,0.0039345129858468246,,-0.03702331875,148.5686544900436
112-BINANCE-ETHUSDT-29MAY2026,112,Binance,ETH,ETHUSDT,2026-05-29,2026-04-17,24,0.006489785906998737,0.006333327011879362,,0.01022228125,371.99484746681634
112-BINANCE-ETHUSDT-29MAY2026,112,Binance,ETH,ETHUSDT,2026-05-29,2026-04-18,24,0.00643551956772339,0.006328679279939767,,-0.059698031250000005,227.7851573667597
112-BINANCE-ETHUSDT-29MAY2026,112,Binance,ETH,ETHUSDT,2026-05-29,2026-04-19,24,-3.750197527188281e-05,0.00011494498623309183,,-0.1598773,224.6728512953216
112-BINANCE-ETHUSDT-29MAY2026,112,Binance,ETH,ETHUSDT,2026-05-29,2026-04-20,24,-0.0049790612694459516,-0.004726941723931161,,-0.016418612500000002,517.8609711903052
112-BINANCE-ETHUSDT-29MAY2026,112,Binance,ETH,ETHUSDT,2026-05-29,2026-04-21,24,-0.010666868817279185,-0.010146501755056445,,-0.0409429625,567.095124
112-BINANCE-ETHUSDT-29MAY2026,112,Binance,ETH,ETHUSDT,2026-05-29,2026-04-22,24,0.003958685719140592,0.0039492448997044,,0.05195729375,1206.444596892182
112-BINANCE-ETHUSDT-29MAY2026,112,Binance,ETH,ETHUSDT,2026-05-29,2026-04-23,24,0.003726680943709197,0.0022367188561734984,,0.0135734375,1065.7808662624777
112-BINANCE-ETHUSDT-29MAY2026,112,Binance,ETH,ETHUSDT,2026-05-29,2026-04-24,24,-0.0045068592208858055,-0.00444064205884418,,-0.08031825,1133.1026984037212
112-BINANCE-ETHUSDT-29MAY2026,112,Binance,ETH,ETHUSDT,2026-05-29,2026-04-25,24,-0.008502522914228155,-0.008212711301060346,,-0.0435198625,1345.0848218100004
112-BINANCE-ETHUSDT-29MAY2026,112,Binance,ETH,ETHUSDT,2026-05-29,2026-04-26,24,-0.008738523776615449,-0.009382297328149993,,-0.022274581249999998,1643.8753191885191
112-BINANCE-ETHUSDT-29MAY2026,112,Binance,ETH,ETHUSDT,2026-05-29,2026-04-27,24,-0.011886690767170085,-0.011565674534740604,,-0.07847545625,2852.4042700832483
112-BINANCE-ETHUSDT-29MAY2026,112,Binance,ETH,ETHUSDT,2026-05-29,2026-04-28,24,-0.01344226098540704,-0.012686572682114821,,-0.10478876250000001,7269.9625499401145
112-BINANCE-ETHUSDT-29MAY2026,112,Binance,ETH,ETHUSDT,2026-05-29,2026-04-29,24,0.007771947184882969,0.007548587131593312,,0.04268811875,9128.433337293302
112-BINANCE-ETHUSDT-29MAY2026,112,Binance,ETH,ETHUSDT,2026-05-29,2026-04-30,24,-0.008456405145474428,-0.00860774036244795,,-0.06162158125,8610.054215424048
112-BINANCE-ETHUSDT-29MAY2026,112,Binance,ETH,ETHUSDT,2026-05-29,2026-05-01,24,-0.002351531800187225,-0.00229588930943015,,-0.031777812499999995,8958.055275319155
112-BINANCE-ETHUSDT-29MAY2026,112,Binance,ETH,ETHUSDT,2026-05-29,2026-05-02,24,0.0017057469970801328,0.0016290149946199036,,-0.01774584375,8699.536630796065
112-BINANCE-ETHUSDT-29MAY2026,112,Binance,ETH,ETHUSDT,2026-05-29,2026-05-03,24,0.008759620060740297,0.00876193593956535,,0.03466450625,8943.846496818876
112-BINANCE-ETHUSDT-29MAY2026,112,Binance,ETH,ETHUSDT,2026-05-29,2026-05-04,24,0.020754751100865013,0.020559343059909054,,0.05060177500000001,8886.012381786177
112-BINANCE-ETHUSDT-29MAY2026,112,Binance,ETH,ETHUSDT,2026-05-29,2026-05-05,24,0.016247006359848225,0.015951924051190287,,-0.03685815625,9098.102610631431
112-BINANCE-ETHUSDT-29MAY2026,112,Binance,ETH,ETHUSDT,2026-05-29,2026-05-06,24,0.016621519201799207,0.01641319228822891,,-0.0612387875,10438.102478528655
112-BINANCE-ETHUSDT-29MAY2026,112,Binance,ETH,ETHUSDT,2026-05-29,2026-05-07,24,0.007870037763642134,0.008315658459680736,,-0.08393676875,10914.004727760941
112-BINANCE-ETHUSDT-29MAY2026,112,Binance,ETH,ETHUSDT,2026-05-29,2026-05-08,24,0.009643061373502742,0.00987527514056334,,-0.026627206249999997,11005.40936122322
112-BINANCE-ETHUSDT-29MAY2026,112,Binance,ETH,ETHUSDT,2026-05-29,2026-05-09,24,0.019629932818640547,0.019454925716594487,,0.0648176125,11633.988940050054
112-BINANCE-ETHUSDT-29MAY2026,112,Binance,ETH,ETHUSDT,2026-05-29,2026-05-10,24,0.037480814254574134,0.037490747748267626,,0.09211778749999999,13956.96775932341
112-BINANCE-ETHUSDT-29MAY2026,112,Binance,ETH,ETHUSDT,2026-05-29,2026-05-11,24,0.03338508285345324,0.03348098468988036,,0.04829999375,13073.791347977834
112-BINANCE-ETHUSDT-29MAY2026,112,Binance,ETH,ETHUSDT,2026-05-29,2026-05-12,24,0.03079965491171271,0.03019079814884024,,0.03115229375,12679.710469715326
112-BINANCE-ETHUSDT-29MAY2026,112,Binance,ETH,ETHUSDT,2026-05-29,2026-05-13,24,0.031024676021624387,0.03004894023363877,,0.026792368750000004,11988.066849160443
112-BINANCE-ETHUSDT-29MAY2026,112,Binance,ETH,ETHUSDT,2026-05-29,2026-05-14,24,0.028030188736731246,0.028824404589940317,,0.05470939375,9241.821017073655
112-BINANCE-ETHUSDT-29MAY2026,112,Binance,ETH,ETHUSDT,2026-05-29,2026-05-15,24,0.023104387113215327,0.02291830439192169,,0.005148781250000001,8571.283440409059
112-BINANCE-ETHUSDT-29MAY2026,112,Binance,ETH,ETHUSDT,2026-05-29,2026-05-16,24,0.025438142457683572,0.024864566532506363,,0.06361995625,10781.759456369153
112-BINANCE-ETHUSDT-29MAY2026,112,Binance,ETH,ETHUSDT,2026-05-29,2026-05-17,17,0.02846784358753915,0.02849780663613717,,0.0661096588235294,10723.037114088873
113-HYPERLIQUID-ETH-29MAY2026,113,Hyperliquid,ETH,ETH,2026-05-29,2026-04-15,15,0.04300679853795382,0.04310197806930728,0.043,-0.1106540424,15.001489813333333
113-HYPERLIQUID-ETH-29MAY2026,113,Hyperliquid,ETH,ETH,2026-05-29,2026-04-16,24,0.03275727069611273,0.032806209865671156,0.03276109283108302,-0.172262553,234.911142572024
113-HYPERLIQUID-ETH-29MAY2026,113,Hyperliquid,ETH,ETH,2026-05-29,2026-04-17,24,0.026208691564998953,0.026170294315590936,0.026208691564998953,-0.091159334,391.4138422792423
113-HYPERLIQUID-ETH-29MAY2026,113,Hyperliquid,ETH,ETH,2026-05-29,2026-04-18,24,0.019687810404552634,0.019834378282312663,0.019687810404552634,-0.1545036605,517.2241684019913
113-HYPERLIQUID-ETH-29MAY2026,113,Hyperliquid,ETH,ETH,2026-05-29,2026-04-19,24,0.010685033499965297,0.010402298665704279,0.013059595632792836,-0.16198685399999999,790.7931139526423
113-HYPERLIQUID-ETH-29MAY2026,113,Hyperliquid,ETH,ETH,2026-05-29,2026-04-20,24,0.01306085249588772,0.012978171833973049,0.01306085249588772,-0.0121553395,734.8715751903184
113-HYPERLIQUID-ETH-29MAY2026,113,Hyperliquid,ETH,ETH,2026-05-29,2026-04-21,24,0.011031328538836914,0.011045357726990028,0.011031328538836914,-0.052719395499999995,873.0842138620889
113-HYPERLIQUID-ETH-29MAY2026,113,Hyperliquid,ETH,ETH,2026-05-29,2026-04-22,24,0.024151692374314967,0.02404314548234955,0.024162430578186806,0.0533031765,1519.3058386117243
113-HYPERLIQUID-ETH-29MAY2026,113,Hyperliquid,ETH,ETH,2026-05-29,2026-04-23,24,0.023678284616660068,0.02368472942048924,0.023678284616660068,-0.0223459205,1744.5469337785726
113-HYPERLIQUID-ETH-29MAY2026,113,Hyperliquid,ETH,ETH,2026-05-29,2026-04-24,24,0.015558104513131568,0.015734481780355747,0.015558104513131568,-0.017462038,2187.2018376332726
113-HYPERLIQUID-ETH-29MAY2026,113,Hyperliquid,ETH,ETH,2026-05-29,2026-04-25,24,0.020470346064359674,0.020525633470912005,0.020470346064359674,0.043895264999999996,2687.2168758922558
113-HYPERLIQUID-ETH-29MAY2026,113,Hyperliquid,ETH,ETH,2026-05-29,2026-04-26,24,0.014685094096052181,0.014668193371303125,0.014685094096052181,-0.0318235835,3067.0465980269623
113-HYPERLIQUID-ETH-29MAY2026,113,Hyperliquid,ETH,ETH,2026-05-29,2026-04-27,24,0.016044456383940125,0.016045405038540756,0.016044456383940125,0.01013459,3188.0930865705795
113-HYPERLIQUID-ETH-29MAY2026,113,Hyperliquid,ETH,ETH,2026-05-29,2026-04-28,24,0.009730367998100902,0.009464288432572446,0.015005863406995883,-0.0035967829999999997,3791.3975617615965
113-HYPERLIQUID-ETH-29MAY2026,113,Hyperliquid,ETH,ETH,2026-05-29,2026-04-29,24,0.0237520604145938,0.023496011006157804,0.0237520604145938,0.08353076100000001,4055.810907631608
113-HYPERLIQUID-ETH-29MAY2026,113,Hyperliquid,ETH,ETH,2026-05-29,2026-04-30,24,0.01918542127249601,0.019044412781348743,0.020128322405198847,0.026131517999999996,3862.4102438026603
113-HYPERLIQUID-ETH-29MAY2026,113,Hyperliquid,ETH,ETH,2026-05-29,2026-05-01,24,0.029341888013532862,0.029283089908912315,0.029341888013532862,0.0850071495,4362.17613880557
113-HYPERLIQUID-ETH-29MAY2026,113,Hyperliquid,ETH,ETH,2026-05-29,2026-05-02,24,0.02687540436633441,0.026875296681142125,0.02687540436633441,0.08031321300000001,4454.667661091067
113-HYPERLIQUID-ETH-29MAY2026,113,Hyperliquid,ETH,ETH,2026-05-29,2026-05-03,24,0.029759417852332663,0.029714459594636894,0.029759417852332663,0.0947249095,4422.217064042009
113-HYPERLIQUID-ETH-29MAY2026,113,Hyperliquid,ETH,ETH,2026-05-29,2026-05-04,24,0.028806668568470497,0.028838538925202283,0.028806668568470497,0.060697091,3986.676973307196
113-HYPERLIQUID-ETH-29MAY2026,113,Hyperliquid,ETH,ETH,2026-05-29,2026-05-05,24,0.029370735350479283,0.029375239246497722,0.029370735350479283,0.0590980625,3932.6901253864567
113-HYPERLIQUID-ETH-29MAY2026,113,Hyperliquid,ETH,ETH,2026-05-29,2026-05-06,24,0.02429523120941393,0.02419743724101908,0.02429523120941393,0.045204154999999996,4964.424037537471
113-HYPERLIQUID-ETH-29MAY2026,113,Hyperliquid,ETH,ETH,2026-05-29,2026-05-07,24,0.02790076517008284,0.02786273487945892,0.027883774145456754,0.0565897095,5319.554812292714
113-HYPERLIQUID-ETH-29MAY2026,113,Hyperliquid,ETH,ETH,2026-05-29,2026-05-08,24,0.03532230944042384,0.03532536794347129,0.03532230944042384,0.09884703700000001,5427.3747331547065
113-HYPERLIQUID-ETH-29MAY2026,113,Hyperliquid,ETH,ETH,2026-05-29,2026-05-09,24,0.039034614242332184,0.03899153594715788,0.039034614242332184,0.10413304,5726.667506954687
113-HYPERLIQUID-ETH-29MAY2026,113,Hyperliquid,ETH,ETH,2026-05-29,2026-05-10,24,0.04173548486678449,0.04171036469166581,0.04173548486678449,0.1095,5591.883232792284
113-HYPERLIQUID-ETH-29MAY2026,113,Hyperliquid,ETH,ETH,2026-05-29,2026-05-11,24,0.04371902790763613,0.04368008740538798,0.04371034342779795,0.10661763149999999,5798.7238509232075
113-HYPERLIQUID-ETH-29MAY2026,113,Hyperliquid,ETH,ETH,2026-05-29,2026-05-12,24,0.042479102996181434,0.04247146646015176,0.042479102996181434,0.08430795549999999,5648.921290691731
113-HYPERLIQUID-ETH-29MAY2026,113,Hyperliquid,ETH,ETH,2026-05-29,2026-05-13,24,0.040774093604112584,0.040708351386276355,0.040774093604112584,0.107070049,5700.283816314334
113-HYPERLIQUID-ETH-29MAY2026,113,Hyperliquid,ETH,ETH,2026-05-29,2026-05-14,24,0.04169935692972313,0.041727059034213344,0.04169068026220544,0.09317508299999999,5547.65686602639
113-HYPERLIQUID-ETH-29MAY2026,113,Hyperliquid,ETH,ETH,2026-05-29,2026-05-15,24,0.042812976501528884,0.04280220219713247,0.042812976501528884,0.059227017,5564.55565156373
113-HYPERLIQUID-ETH-29MAY2026,113,Hyperliquid,ETH,ETH,2026-05-29,2026-05-16,24,0.03885251898737969,0.03884928157341081,0.03885251898737969,0.0414963025,6896.9118773225555
113-HYPERLIQUID-ETH-29MAY2026,113,Hyperliquid,ETH,ETH,2026-05-29,2026-05-17,17,0.03398529952017713,0.034011792305729184,0.033979242723182285,-0.035391482117647054,9006.732198395928
114-OKX-ETHUSDT-29MAY2026,114,OKX,ETH,ETHUSDT,2026-05-29,2026-04-15,15,0.017043183192052468,0.017043183192052468,,-0.0113966646307633,0.0
114-OKX-ETHUSDT-29MAY2026,114,OKX,ETH,ETHUSDT,2026-05-29,2026-04-16,24,0.016330916845250846,0.016056601199282906,,-0.037363943299797246,0.6098089583333334
114-OKX-ETHUSDT-29MAY2026,114,OKX,ETH,ETHUSDT,2026-05-29,2026-04-17,24,0.016469432338502305,0.01658568787509215,,-0.005559436278750753,31.633488032676926
114-OKX-ETHUSDT-29MAY2026,114,OKX,ETH,ETHUSDT,2026-05-29,2026-04-18,24,0.01954213650458694,0.019226122726662208,,0.06026671055243107,240.0832439062187
114-OKX-ETHUSDT-29MAY2026,114,OKX,ETH,ETHUSDT,2026-05-29,2026-04-19,24,0.014603711262481596,0.014625369792702826,,-0.0888212882247495,263.9978108820897
114-OKX-ETHUSDT-29MAY2026,114,OKX,ETH,ETHUSDT,2026-05-29,2026-04-20,24,0.012814729114716908,0.012703250709585506,,0.004636568944716813,226.532401572715
114-OKX-ETHUSDT-29MAY2026,114,OKX,ETH,ETHUSDT,2026-05-29,2026-04-21,24,0.013574397469763605,0.01366722194836803,,-0.03832953718826744,210.28889531234552
114-OKX-ETHUSDT-29MAY2026,114,OKX,ETH,ETHUSDT,2026-05-29,2026-04-22,24,0.014791577055201144,0.014579122569528855,,0.006716049804729064,204.07978989435819
114-OKX-ETHUSDT-29MAY2026,114,OKX,ETH,ETHUSDT,2026-05-29,2026-04-23,24,0.01525704502455695,0.015379796469661531,,-0.02993167716823381,219.25225570263623
114-OKX-ETHUSDT-29MAY2026,114,OKX,ETH,ETHUSDT,2026-05-29,2026-04-24,24,0.01037818848389847,0.010566843855021185,,-0.04206134489319712,567.8707956690463
114-OKX-ETHUSDT-29MAY2026,114,OKX,ETH,ETHUSDT,2026-05-29,2026-04-25,24,0.012045263267912,0.011685583902858456,,0.0397671085297545,849.4290769575568
114-OKX-ETHUSDT-29MAY2026,114,OKX,ETH,ETHUSDT,2026-05-29,2026-04-26,24,0.012782187956644946,0.013065390920776188,,0.019660075178934065,1195.9203972639498
114-OKX-ETHUSDT-29MAY2026,114,OKX,ETH,ETHUSDT,2026-05-29,2026-04-27,24,0.006077741716655367,0.006309020881143862,,-0.04570791586412413,1044.1954720472343
114-OKX-ETHUSDT-29MAY2026,114,OKX,ETH,ETHUSDT,2026-05-29,2026-04-28,24,0.002251418269349972,0.002143593097592128,,-0.06535090618255775,1026.935059394
114-OKX-ETHUSDT-29MAY2026,114,OKX,ETH,ETHUSDT,2026-05-29,2026-04-29,24,0.007328191955843037,0.008005510370723674,,0.04879947879398907,1445.9342206261474
114-OKX-ETHUSDT-29MAY2026,114,OKX,ETH,ETHUSDT,2026-05-29,2026-04-30,24,0.005004197027928413,0.005146668206244154,,-0.013895344535222,1469.759426040768
114-OKX-ETHUSDT-29MAY2026,114,OKX,ETH,ETHUSDT,2026-05-29,2026-05-01,24,0.001376045760072736,0.0014763434682135564,,-0.04611982871181481,1265.8043143759126
114-OKX-ETHUSDT-29MAY2026,114,OKX,ETH,ETHUSDT,2026-05-29,2026-05-02,24,0.0009736461831161497,0.001025541240787108,,-0.023213972739267813,913.8347057145569
114-OKX-ETHUSDT-29MAY2026,114,OKX,ETH,ETHUSDT,2026-05-29,2026-05-03,24,0.003339396607138176,0.0036907714686701225,,0.05271599418266232,939.3263870066145
114-OKX-ETHUSDT-29MAY2026,114,OKX,ETH,ETHUSDT,2026-05-29,2026-05-04,24,0.006002759528737884,0.006094924713452869,,0.039064169999476685,844.5075367920211
114-OKX-ETHUSDT-29MAY2026,114,OKX,ETH,ETHUSDT,2026-05-29,2026-05-05,24,0.009751108484274029,0.010315699684302881,,0.007358088662108376,862.6416889495848
114-OKX-ETHUSDT-29MAY2026,114,OKX,ETH,ETHUSDT,2026-05-29,2026-05-06,24,0.015775175950841856,0.01628534101461464,,0.06160416574567663,891.3308310144785
114-OKX-ETHUSDT-29MAY2026,114,OKX,ETH,ETHUSDT,2026-05-29,2026-05-07,24,0.01640307945911254,0.017366389373497115,,0.0397010359347615,878.5344828603015
114-OKX-ETHUSDT-29MAY2026,114,OKX,ETH,ETHUSDT,2026-05-29,2026-05-08,24,0.0193263503785481,0.019084851554143356,,0.06536664986701513,867.5128654201731
114-OKX-ETHUSDT-29MAY2026,114,OKX,ETH,ETHUSDT,2026-05-29,2026-05-09,24,0.02341319984443276,0.023769337403433927,,0.09403864473449125,1050.6586955184357
114-OKX-ETHUSDT-29MAY2026,114,OKX,ETH,ETHUSDT,2026-05-29,2026-05-10,24,0.026791174037098492,0.02659283861469247,,0.08977533179332144,1251.6413210574892
114-OKX-ETHUSDT-29MAY2026,114,OKX,ETH,ETHUSDT,2026-05-29,2026-05-11,24,0.029387592406542706,0.03024344025211553,,0.08403301276685175,1445.570932884053
114-OKX-ETHUSDT-29MAY2026,114,OKX,ETH,ETHUSDT,2026-05-29,2026-05-12,24,0.029653563639764204,0.02927411629657967,,0.06233758990238288,1637.332307704456
114-OKX-ETHUSDT-29MAY2026,114,OKX,ETH,ETHUSDT,2026-05-29,2026-05-13,24,0.030101891782806853,0.02984032958755009,,0.06671439033787813,1705.0187606231686
114-OKX-ETHUSDT-29MAY2026,114,OKX,ETH,ETHUSDT,2026-05-29,2026-05-14,24,0.030203401581774553,0.03014403584860163,,0.043812801874060316,1776.6591189645799
114-OKX-ETHUSDT-29MAY2026,114,OKX,ETH,ETHUSDT,2026-05-29,2026-05-15,24,0.032336201605782135,0.03244818911712064,,0.061384241231906944,2176.088775417398
114-OKX-ETHUSDT-29MAY2026,114,OKX,ETH,ETHUSDT,2026-05-29,2026-05-16,24,0.03409129706278598,0.03448138906658114,,0.07019222247339256,2523.2914280795685
114-OKX-ETHUSDT-29MAY2026,114,OKX,ETH,ETHUSDT,2026-05-29,2026-05-17,17,0.03550314610734664,0.03655125581522055,,0.046675517842482354,2993.4447400795684
115-HYPERLIQUID-HYPE-29MAY2026,115,Hyperliquid,HYPE,HYPE,2026-05-29,2026-04-21,18,0.05,0.05000904670376736,0.05,0.090357064,28566.92214082
115-HYPERLIQUID-HYPE-29MAY2026,115,Hyperliquid,HYPE,HYPE,2026-05-29,2026-04-22,24,0.0541273725322009,0.054250944181841204,0.0541273725322009,0.0463764985,119970.40291653723
115-HYPERLIQUID-HYPE-29MAY2026,115,Hyperliquid,HYPE,HYPE,2026-05-29,2026-04-23,24,0.053730743180051,0.05380132915936258,0.053730743180051,0.0207563455,259932.44814890053
115-HYPERLIQUID-HYPE-29MAY2026,115,Hyperliquid,HYPE,HYPE,2026-05-29,2026-04-24,24,0.05332923146013586,0.05333066628831768,0.05332923146013586,0.10876817500000001,363353.1886134644
115-HYPERLIQUID-HYPE-29MAY2026,115,Hyperliquid,HYPE,HYPE,2026-05-29,2026-04-25,24,0.05434446500348362,0.05416127721793094,0.05434446500348362,0.1095,360408.9541181508
115-HYPERLIQUID-HYPE-29MAY2026,115,Hyperliquid,HYPE,HYPE,2026-05-29,2026-04-26,24,0.053372448166582924,0.05344170741217478,0.053372448166582924,0.0439597605,494444.21441424434
115-HYPERLIQUID-HYPE-29MAY2026,115,Hyperliquid,HYPE,HYPE,2026-05-29,2026-04-27,24,0.054645150898012224,0.05453450441232533,0.054645150898012224,0.0996256185,655052.1655953395
115-HYPERLIQUID-HYPE-29MAY2026,115,Hyperliquid,HYPE,HYPE,2026-05-29,2026-04-28,24,0.052950718254031005,0.05291466486564392,0.052950718254031005,0.06369596749999999,665916.438712808
115-HYPERLIQUID-HYPE-29MAY2026,115,Hyperliquid,HYPE,HYPE,2026-05-29,2026-04-29,24,0.050744089091069804,0.05076618493770288,0.05074846749966608,0.014381511,896665.9030360548
115-HYPERLIQUID-HYPE-29MAY2026,115,Hyperliquid,HYPE,HYPE,2026-05-29,2026-04-30,24,0.049128859948875996,0.049119006529184654,0.049128859948875996,0.070278122,1004408.8102290797
115-HYPERLIQUID-HYPE-29MAY2026,115,Hyperliquid,HYPE,HYPE,2026-05-29,2026-05-01,24,0.04786421628109135,0.04786349978636011,0.04786421628109135,0.0848441405,997751.5363841112
115-HYPERLIQUID-HYPE-29MAY2026,115,Hyperliquid,HYPE,HYPE,2026-05-29,2026-05-02,24,0.049501704104985174,0.04948864256383303,0.049501704104985174,0.1174319975,997871.1933522959
115-HYPERLIQUID-HYPE-29MAY2026,115,Hyperliquid,HYPE,HYPE,2026-05-29,2026-05-03,24,0.04990417929153137,0.04990405367363985,0.04990417929153137,0.1095,996441.9178195054
115-HYPERLIQUID-HYPE-29MAY2026,115,Hyperliquid,HYPE,HYPE,2026-05-29,2026-05-04,24,0.054243404061689364,0.05408052223262489,0.054243404061689364,0.1042579065,1074600.4371471426
115-HYPERLIQUID-HYPE-29MAY2026,115,Hyperliquid,HYPE,HYPE,2026-05-29,2026-05-05,24,0.05539622876750403,0.055366668418372955,0.05539622876750403,0.0961776095,1165618.394521924
115-HYPERLIQUID-HYPE-29MAY2026,115,Hyperliquid,HYPE,HYPE,2026-05-29,2026-05-06,24,0.04012206011165136,0.0401598017578825,0.04012206011165136,-0.009778568999999999,1489378.6356485058
115-HYPERLIQUID-HYPE-29MAY2026,115,Hyperliquid,HYPE,HYPE,2026-05-29,2026-05-07,24,0.05680758427148455,0.05666588997904951,0.05680758427148455,0.1277719,1565665.0183997045
115-HYPERLIQUID-HYPE-29MAY2026,115,Hyperliquid,HYPE,HYPE,2026-05-29,2026-05-08,24,0.05951619387919727,0.05957702790552465,0.05951619387919727,0.1095,1302681.1923689467
115-HYPERLIQUID-HYPE-29MAY2026,115,Hyperliquid,HYPE,HYPE,2026-05-29,2026-05-09,24,0.05947866292780978,0.059498414536511716,0.05947866292780978,0.09292545949999999,1309221.0144556316
115-HYPERLIQUID-HYPE-29MAY2026,115,Hyperliquid,HYPE,HYPE,2026-05-29,2026-05-10,24,0.059236536981644085,0.05921113642646437,0.059236536981644085,0.0859027865,1362342.2399567694
115-HYPERLIQUID-HYPE-29MAY2026,115,Hyperliquid,HYPE,HYPE,2026-05-29,2026-05-11,24,0.05590235636996644,0.05591007729766345,0.05590235636996644,0.0326981235,1451990.5658140192
115-HYPERLIQUID-HYPE-29MAY2026,115,Hyperliquid,HYPE,HYPE,2026-05-29,2026-05-12,24,0.061489514625204716,0.06141389814009152,0.061489514625204716,0.099245325,1545938.5404740318
115-HYPERLIQUID-HYPE-29MAY2026,115,Hyperliquid,HYPE,HYPE,2026-05-29,2026-05-13,24,0.065558930058566,0.0654973957597625,0.065558930058566,0.0860460855,1625537.4154442484
115-HYPERLIQUID-HYPE-29MAY2026,115,Hyperliquid,HYPE,HYPE,2026-05-29,2026-05-14,24,0.06711460383094221,0.06702427963121628,0.06710576957329255,0.1001063235,1834378.3816283448
115-HYPERLIQUID-HYPE-29MAY2026,115,Hyperliquid,HYPE,HYPE,2026-05-29,2026-05-15,24,0.06234792042299264,0.06240239949971734,0.06234792042299264,0.10878500149999999,1881305.8182257814
115-HYPERLIQUID-HYPE-29MAY2026,115,Hyperliquid,HYPE,HYPE,2026-05-29,2026-05-16,24,0.061163916007355386,0.061163916007355386,0.061163916007355386,0.1059418705,2224215.916953156
115-HYPERLIQUID-HYPE-29MAY2026,115,Hyperliquid,HYPE,HYPE,2026-05-29,2026-05-17,17,0.05949240560798102,0.05948408448090346,0.05939288953223465,-0.004302345176470588,2186309.2576179393
116-BYBIT-HYPEUSDT-29MAY2026,116,Bybit,HYPE,HYPEUSDT,2026-05-29,2026-04-21,18,0.010570616659509978,0.009332978147146218,,0.09125,5391.555555555556
116-BYBIT-HYPEUSDT-29MAY2026,116,Bybit,HYPE,HYPEUSDT,2026-05-29,2026-04-22,24,0.01797080888232785,0.018257060361689597,,0.04773515625,36414.90219292217
116-BYBIT-HYPEUSDT-29MAY2026,116,Bybit,HYPE,HYPEUSDT,2026-05-29,2026-04-23,24,0.016855257699566178,0.017699138941402116,,0.02954720625,37507.58932267724
116-BYBIT-HYPEUSDT-29MAY2026,116,Bybit,HYPE,HYPEUSDT,2026-05-29,2026-04-24,24,0.019836084662525896,0.021195755993082793,,0.08924021875,79947.28169101888
116-BYBIT-HYPEUSDT-29MAY2026,116,Bybit,HYPE,HYPEUSDT,2026-05-29,2026-04-25,24,0.019757405435450178,0.02097060442298357,,0.04706720625,92624.93940879061
116-BYBIT-HYPEUSDT-29MAY2026,116,Bybit,HYPE,HYPEUSDT,2026-05-29,2026-04-26,24,0.020515687524777254,0.021323640218568172,,0.0017191499999999985,101037.027759392
116-BYBIT-HYPEUSDT-29MAY2026,116,Bybit,HYPE,HYPEUSDT,2026-05-29,2026-04-27,24,0.02313102399720029,0.022733916279508423,,0.08604190625000001,122111.84922129543
116-BYBIT-HYPEUSDT-29MAY2026,116,Bybit,HYPE,HYPEUSDT,2026-05-29,2026-04-28,24,0.028967576277314406,0.029093152679545195,,0.051715937499999996,265868.3535855708
116-BYBIT-HYPEUSDT-29MAY2026,116,Bybit,HYPE,HYPEUSDT,2026-05-29,2026-04-29,24,0.029224783311974093,0.02978438718975185,,0.0257252,287772.8343197687
116-BYBIT-HYPEUSDT-29MAY2026,116,Bybit,HYPE,HYPEUSDT,2026-05-29,2026-04-30,24,0.02641824823929513,0.026590792034864096,,-0.01628401875,328690.03096552065
116-BYBIT-HYPEUSDT-29MAY2026,116,Bybit,HYPE,HYPEUSDT,2026-05-29,2026-05-01,24,0.01972514169571971,0.019088970196368894,,-0.0535865625,302812.35447168694
116-BYBIT-HYPEUSDT-29MAY2026,116,Bybit,HYPE,HYPEUSDT,2026-05-29,2026-05-02,24,0.024148726945806942,0.024311049844640057,,0.0775333,296913.9925958948
116-BYBIT-HYPEUSDT-29MAY2026,116,Bybit,HYPE,HYPEUSDT,2026-05-29,2026-05-03,24,0.027278748276398323,0.027702334871813266,,0.1095,314760.2224662051
116-BYBIT-HYPEUSDT-29MAY2026,116,Bybit,HYPE,HYPEUSDT,2026-05-29,2026-05-04,24,0.030979484760998103,0.03151273685458416,,0.1095,335478.1051764649
116-BYBIT-HYPEUSDT-29MAY2026,116,Bybit,HYPE,HYPEUSDT,2026-05-29,2026-05-05,24,0.0417465408267301,0.04207247894533233,,0.1029081,390481.2196638602
116-BYBIT-HYPEUSDT-29MAY2026,116,Bybit,HYPE,HYPEUSDT,2026-05-29,2026-05-06,24,0.025972690512608757,0.02566702948416692,,-0.05810024375,356236.29459236417
116-BYBIT-HYPEUSDT-29MAY2026,116,Bybit,HYPE,HYPEUSDT,2026-05-29,2026-05-07,24,0.03062882454356336,0.030827373472576986,,0.10498084375,353509.81057420425
116-BYBIT-HYPEUSDT-29MAY2026,116,Bybit,HYPE,HYPEUSDT,2026-05-29,2026-05-08,24,0.03277378554468962,0.03292975827410054,,0.09637688125,353521.8589435098
116-BYBIT-HYPEUSDT-29MAY2026,116,Bybit,HYPE,HYPEUSDT,2026-05-29,2026-05-09,24,0.032246505874445455,0.0327060071734088,,0.0330881625,353521.8589435098
116-BYBIT-HYPEUSDT-29MAY2026,116,Bybit,HYPE,HYPEUSDT,2026-05-29,2026-05-10,24,0.031616207699241054,0.031712671794554295,,0.011956943750000002,353522.7215737181
116-BYBIT-HYPEUSDT-29MAY2026,116,Bybit,HYPE,HYPEUSDT,2026-05-29,2026-05-11,24,0.031035710311877324,0.031381563777381015,,-0.0732472875,353522.29025861394
116-BYBIT-HYPEUSDT-29MAY2026,116,Bybit,HYPE,HYPEUSDT,2026-05-29,2026-05-12,24,0.03393339952309778,0.03379851574833065,,0.05503105,385523.05245276913
116-BYBIT-HYPEUSDT-29MAY2026,116,Bybit,HYPE,HYPEUSDT,2026-05-29,2026-05-13,24,0.043529896858886585,0.0444035536984748,,0.07957775625,417408.07157597475
116-BYBIT-HYPEUSDT-29MAY2026,116,Bybit,HYPE,HYPEUSDT,2026-05-29,2026-05-14,24,0.04165020191338348,0.041927009236889086,,0.03892131875,321417.1809599646
116-BYBIT-HYPEUSDT-29MAY2026,116,Bybit,HYPE,HYPEUSDT,2026-05-29,2026-05-15,24,0.036666670217801706,0.036824512895850404,,-0.007997150000000001,301531.15864407195
116-BYBIT-HYPEUSDT-29MAY2026,116,Bybit,HYPE,HYPEUSDT,2026-05-29,2026-05-16,24,0.018772169332017134,0.01782724538203841,,-0.06089979375000001,278390.68374153785
116-BYBIT-HYPEUSDT-29MAY2026,116,Bybit,HYPE,HYPEUSDT,2026-05-29,2026-05-17,17,0.018064682956246473,0.01726471152969509,,-0.0817340205882353,275293.84650956903
117-HYPERLIQUID-SOL-29MAY2026,117,Hyperliquid,SOL,SOL,2026-05-29,2026-04-21,18,-0.023118531248901553,-0.023687026692723795,,-0.008318106666666665,0.0
117-HYPERLIQUID-SOL-29MAY2026,117,Hyperliquid,SOL,SOL,2026-05-29,2026-04-22,24,-0.012696452794481042,-0.012472342569050792,,0.07610885099999999,130547.14759298349
117-HYPERLIQUID-SOL-29MAY2026,117,Hyperliquid,SOL,SOL,2026-05-29,2026-04-23,24,-0.0052904996440728365,-0.006724224468351314,,0.0515187645,224128.15832981572
117-HYPERLIQUID-SOL-29MAY2026,117,Hyperliquid,SOL,SOL,2026-05-29,2026-04-24,24,-0.006342208400272577,-0.007383606405026502,,-0.059876498,329571.03364726604
117-HYPERLIQUID-SOL-29MAY2026,117,Hyperliquid,SOL,SOL,2026-05-29,2026-04-25,24,-0.02291925730158306,-0.022691274197347375,,-0.0871207915,379282.0543020275
117-HYPERLIQUID-SOL-29MAY2026,117,Hyperliquid,SOL,SOL,2026-05-29,2026-04-26,24,-0.018156248354476188,-0.016904747083552222,,-0.030018111,381761.6909822721
117-HYPERLIQUID-SOL-29MAY2026,117,Hyperliquid,SOL,SOL,2026-05-29,2026-04-27,24,-0.01637989691937312,-0.017011463156552616,,-0.022610509,436573.6129291311
117-HYPERLIQUID-SOL-29MAY2026,117,Hyperliquid,SOL,SOL,2026-05-29,2026-04-28,24,-0.0215002596594437,-0.022308693733521706,,-0.033764106,476482.80848035635
117-HYPERLIQUID-SOL-29MAY2026,117,Hyperliquid,SOL,SOL,2026-05-29,2026-04-29,24,-0.020960636462375188,-0.019945598131073113,,0.047841644999999995,497443.3504072378
117-HYPERLIQUID-SOL-29MAY2026,117,Hyperliquid,SOL,SOL,2026-05-29,2026-04-30,24,0.007406850058001918,0.006464588626926961,,0.058027335000000006,881775.8127582575
117-HYPERLIQUID-SOL-29MAY2026,117,Hyperliquid,SOL,SOL,2026-05-29,2026-05-01,24,0.009809343407134035,0.009960036216542137,,0.0135408795,947585.9223626475
117-HYPERLIQUID-SOL-29MAY2026,117,Hyperliquid,SOL,SOL,2026-05-29,2026-05-02,24,0.007992318372270307,0.008419157726008049,,0.0367553175,984915.8880180042
117-HYPERLIQUID-SOL-29MAY2026,117,Hyperliquid,SOL,SOL,2026-05-29,2026-05-03,24,0.009511990991897321,0.009360036514535095,,-0.0219707005,979778.5193838949
117-HYPERLIQUID-SOL-29MAY2026,117,Hyperliquid,SOL,SOL,2026-05-29,2026-05-04,24,0.006140450450269203,0.00598630330484243,,0.022829910499999998,828331.7344544019
117-HYPERLIQUID-SOL-29MAY2026,117,Hyperliquid,SOL,SOL,2026-05-29,2026-05-05,24,0.005347713877807858,0.004742520520564686,,0.033062576,788603.7976289227
117-HYPERLIQUID-SOL-29MAY2026,117,Hyperliquid,SOL,SOL,2026-05-29,2026-05-06,24,0.01200227180939657,0.011764872131189541,,0.05561505,652680.4494210506
117-HYPERLIQUID-SOL-29MAY2026,117,Hyperliquid,SOL,SOL,2026-05-29,2026-05-07,24,0.018516815279783622,0.017794130443359164,,0.027379489499999996,671663.3195135515
117-HYPERLIQUID-SOL-29MAY2026,117,Hyperliquid,SOL,SOL,2026-05-29,2026-05-08,24,0.015378796553236249,0.015636320057267682,,-0.015724711,611603.9889187346
117-HYPERLIQUID-SOL-29MAY2026,117,Hyperliquid,SOL,SOL,2026-05-29,2026-05-09,24,0.027848914876323034,0.026522320074611343,,0.128629212,701429.317005876
117-HYPERLIQUID-SOL-29MAY2026,117,Hyperliquid,SOL,SOL,2026-05-29,2026-05-10,24,0.03349628930242755,0.03138340406805092,,0.120615345,917834.728922843
117-HYPERLIQUID-SOL-29MAY2026,117,Hyperliquid,SOL,SOL,2026-05-29,2026-05-11,24,0.0399602119534948,0.03714193103814672,,0.1109170395,1200104.2071223499
117-HYPERLIQUID-SOL-29MAY2026,117,Hyperliquid,SOL,SOL,2026-05-29,2026-05-12,24,0.04057793318451227,0.03970602773648849,,0.1086530905,1265710.7500926172
117-HYPERLIQUID-SOL-29MAY2026,117,Hyperliquid,SOL,SOL,2026-05-29,2026-05-13,24,0.03483000840273492,0.033496777279349514,,0.043042369500000004,1177125.8118861988
117-HYPERLIQUID-SOL-29MAY2026,117,Hyperliquid,SOL,SOL,2026-05-29,2026-05-14,24,0.030149799604385158,0.03185085960140119,,0.010483018999999998,1125094.1914860436
117-HYPERLIQUID-SOL-29MAY2026,117,Hyperliquid,SOL,SOL,2026-05-29,2026-05-15,24,0.02584203224289702,0.026552344088652147,,0.01645785,952896.9861027928
117-HYPERLIQUID-SOL-29MAY2026,117,Hyperliquid,SOL,SOL,2026-05-29,2026-05-16,24,0.003803620298048408,0.003274876183539289,,-0.099080929,2167164.704083907
117-HYPERLIQUID-SOL-29MAY2026,117,Hyperliquid,SOL,SOL,2026-05-29,2026-05-17,17,-0.0053417115019848225,-0.005716175551542444,,-0.05750795717647059,2798838.833406698
118-LIGHTER-SOL-29MAY2026,118,Lighter,SOL,SOL,2026-05-29,2026-04-21,18,0.012815117409488049,0.011577478897124287,,0.09003333333333334,2666.6666666666665
118-LIGHTER-SOL-29MAY2026,118,Lighter,SOL,SOL,2026-05-29,2026-04-22,24,0.019959625504997747,0.020994665919293515,,0.09782,90872.4377889963
118-LIGHTER-SOL-29MAY2026,118,Lighter,SOL,SOL,2026-05-29,2026-04-23,24,0.02453262874444696,0.024540322213268472,,0.04964,109857.2978385272
118-LIGHTER-SOL-29MAY2026,118,Lighter,SOL,SOL,2026-05-29,2026-04-24,24,0.020106151147460345,0.02017830250329077,,-0.03577,178130.47191947736
118-LIGHTER-SOL-29MAY2026,118,Lighter,SOL,SOL,2026-05-29,2026-04-25,24,0.01864509693309746,0.01858876768473691,,0.036865,296046.19527457416
118-LIGHTER-SOL-29MAY2026,118,Lighter,SOL,SOL,2026-05-29,2026-04-26,24,0.021265217698035927,0.021035393023865905,,0.04964,312030.5206084176
118-LIGHTER-SOL-29MAY2026,118,Lighter,SOL,SOL,2026-05-29,2026-04-27,24,0.017914028963152407,0.018076001941907793,,-0.005109999999999999,327888.5779470766
118-LIGHTER-SOL-29MAY2026,118,Lighter,SOL,SOL,2026-05-29,2026-04-28,24,0.0011042038935032375,0.0008866837066501543,,-0.141985,390161.89979257184
118-LIGHTER-SOL-29MAY2026,118,Lighter,SOL,SOL,2026-05-29,2026-04-29,24,-0.004426208014542689,-0.004000312210776438,,-0.012045,668950.1934207102
118-LIGHTER-SOL-29MAY2026,118,Lighter,SOL,SOL,2026-05-29,2026-04-30,24,-0.005866784092754853,-0.00630933772742794,,0.048545000000000005,1131276.817895626
118-LIGHTER-SOL-29MAY2026,118,Lighter,SOL,SOL,2026-05-29,2026-05-01,24,0.008992666785673478,0.008752841958231254,,0.059129999999999995,834921.9461075892
118-LIGHTER-SOL-29MAY2026,118,Lighter,SOL,SOL,2026-05-29,2026-05-02,24,0.009190992158622414,0.008986931001098276,,0.04453000000000001,828290.8784073438
118-LIGHTER-SOL-29MAY2026,118,Lighter,SOL,SOL,2026-05-29,2026-05-03,24,0.006174294196707542,0.006082057015230593,,0.00036500000000000047,763650.6735634861
118-LIGHTER-SOL-29MAY2026,118,Lighter,SOL,SOL,2026-05-29,2026-05-04,24,0.013692874189412098,0.013699651407416228,,0.0949,1171150.043438628
118-LIGHTER-SOL-29MAY2026,118,Lighter,SOL,SOL,2026-05-29,2026-05-05,24,0.01145049497550966,0.01149416371713688,,0.014600000000000002,1123158.5874190042
118-LIGHTER-SOL-29MAY2026,118,Lighter,SOL,SOL,2026-05-29,2026-05-06,24,0.01830716044125616,0.018299234774863334,,0.10512,1352123.849594544
118-LIGHTER-SOL-29MAY2026,118,Lighter,SOL,SOL,2026-05-29,2026-05-07,24,0.0235677822158074,0.02336632335236417,,0.085775,1459177.6421047614
118-LIGHTER-SOL-29MAY2026,118,Lighter,SOL,SOL,2026-05-29,2026-05-08,24,0.02508200437922065,0.02585308569835253,,0.095265,1575433.866377232
118-LIGHTER-SOL-29MAY2026,118,Lighter,SOL,SOL,2026-05-29,2026-05-09,24,0.02735211139487788,0.0271548317807668,,0.08723500000000001,1947930.4688296902
118-LIGHTER-SOL-29MAY2026,118,Lighter,SOL,SOL,2026-05-29,2026-05-10,24,0.022476201508358242,0.022251308313211694,,0.0014600000000000006,1851860.9932306062
118-LIGHTER-SOL-29MAY2026,118,Lighter,SOL,SOL,2026-05-29,2026-05-11,24,0.030357478924975607,0.029115419831132208,,0.085045,1677220.2908888627
118-LIGHTER-SOL-29MAY2026,118,Lighter,SOL,SOL,2026-05-29,2026-05-12,24,0.031186460500091665,0.03149349507990914,,0.03796,1687221.9094911406
118-LIGHTER-SOL-29MAY2026,118,Lighter,SOL,SOL,2026-05-29,2026-05-13,24,0.025286486454912365,0.025653107660711726,,-0.048545,1340486.3999112416
118-LIGHTER-SOL-29MAY2026,118,Lighter,SOL,SOL,2026-05-29,2026-05-14,24,0.01966218329974027,0.01967801911627651,,0.017155,923067.5912879881
118-LIGHTER-SOL-29MAY2026,118,Lighter,SOL,SOL,2026-05-29,2026-05-15,24,0.026524205697371708,0.027348186876956015,,0.07008,1345854.7477977662
118-LIGHTER-SOL-29MAY2026,118,Lighter,SOL,SOL,2026-05-29,2026-05-16,24,0.026137763677216017,0.025808924902893157,,-0.027009999999999996,1392940.3798370466
118-LIGHTER-SOL-29MAY2026,118,Lighter,SOL,SOL,2026-05-29,2026-05-17,17,0.021644297035696494,0.02051588500888321,,-0.15201176470588235,1115466.8396006064
119-HYPERLIQUID-XRP-29MAY2026,119,Hyperliquid,XRP,XRP,2026-05-29,2026-04-21,18,0.008099439436470658,0.0075393515725605065,,0.08381592333333333,2222.222222222222
119-HYPERLIQUID-XRP-29MAY2026,119,Hyperliquid,XRP,XRP,2026-05-29,2026-04-22,24,0.008309998246111477,0.007158958363243574,,0.074694987,5318.925438596491
119-HYPERLIQUID-XRP-29MAY2026,119,Hyperliquid,XRP,XRP,2026-05-29,2026-04-23,24,0.009777202835359676,0.010662648020267179,,0.017827184,9836.76169590643
119-HYPERLIQUID-XRP-29MAY2026,119,Hyperliquid,XRP,XRP,2026-05-29,2026-04-24,24,0.013925134733386623,0.014166819557010019,,0.06265330849999999,94972.2748319101
119-HYPERLIQUID-XRP-29MAY2026,119,Hyperliquid,XRP,XRP,2026-05-29,2026-04-25,24,0.015614708816317144,0.015569762597716613,,0.0057684965,131130.744581
119-HYPERLIQUID-XRP-29MAY2026,119,Hyperliquid,XRP,XRP,2026-05-29,2026-04-26,24,0.017298264139216493,0.016132639625674506,,-0.010494115,129339.07791433333
119-HYPERLIQUID-XRP-29MAY2026,119,Hyperliquid,XRP,XRP,2026-05-29,2026-04-27,24,0.018634436585675197,0.019589799542416513,,0.020094199,85380.744581
119-HYPERLIQUID-XRP-29MAY2026,119,Hyperliquid,XRP,XRP,2026-05-29,2026-04-28,24,0.018825318363740726,0.020098817511217865,,-0.017331878999999998,79130.744581
119-HYPERLIQUID-XRP-29MAY2026,119,Hyperliquid,XRP,XRP,2026-05-29,2026-04-29,24,0.01709726443030454,0.017103503563069295,,-0.019658827,112198.64501699181
119-HYPERLIQUID-XRP-29MAY2026,119,Hyperliquid,XRP,XRP,2026-05-29,2026-04-30,24,0.012490809778624165,0.01276029480576129,,-0.051009151499999995,232488.2281762345
119-HYPERLIQUID-XRP-29MAY2026,119,Hyperliquid,XRP,XRP,2026-05-29,2026-05-01,24,0.013668251364178131,0.014808507828871753,,-0.041035051999999995,200603.14181193398
119-HYPERLIQUID-XRP-29MAY2026,119,Hyperliquid,XRP,XRP,2026-05-29,2026-05-02,24,0.012142282547588262,0.012397759921202038,,-0.028400029500000003,193915.1747052876
119-HYPERLIQUID-XRP-29MAY2026,119,Hyperliquid,XRP,XRP,2026-05-29,2026-05-03,24,0.01158373210078612,0.011465586849310525,,-0.040272494,191490.60721340976
119-HYPERLIQUID-XRP-29MAY2026,119,Hyperliquid,XRP,XRP,2026-05-29,2026-05-04,24,0.010276585577737956,0.009772737069179494,,-0.0054785039999999995,196652.17410743292
119-HYPERLIQUID-XRP-29MAY2026,119,Hyperliquid,XRP,XRP,2026-05-29,2026-05-05,24,0.010722934678797346,0.011346336083646586,,0.055496315500000004,230679.33332549498
119-HYPERLIQUID-XRP-29MAY2026,119,Hyperliquid,XRP,XRP,2026-05-29,2026-05-06,24,0.013526823246839887,0.01438632190229301,,0.017864414,240383.39006920406
119-HYPERLIQUID-XRP-29MAY2026,119,Hyperliquid,XRP,XRP,2026-05-29,2026-05-07,24,0.009949958650500308,0.010118140456256777,,-0.049256604,314508.3358693299
119-HYPERLIQUID-XRP-29MAY2026,119,Hyperliquid,XRP,XRP,2026-05-29,2026-05-08,24,0.011592076647569859,0.01281016183788452,,0.0337828305,215532.0409214428
119-HYPERLIQUID-XRP-29MAY2026,119,Hyperliquid,XRP,XRP,2026-05-29,2026-05-09,24,0.020363872138522057,0.02176850757072456,,0.1049192865,176511.90338326912
119-HYPERLIQUID-XRP-29MAY2026,119,Hyperliquid,XRP,XRP,2026-05-29,2026-05-10,24,0.026181786221136604,0.02691909095878481,,0.105723126,156131.56161314333
119-HYPERLIQUID-XRP-29MAY2026,119,Hyperliquid,XRP,XRP,2026-05-29,2026-05-11,24,0.02957907378339152,0.030458650340452833,,0.1095,168264.0965277599
119-HYPERLIQUID-XRP-29MAY2026,119,Hyperliquid,XRP,XRP,2026-05-29,2026-05-12,24,0.031123593852282777,0.03127633658187238,,0.0669271665,215287.9710611439
119-HYPERLIQUID-XRP-29MAY2026,119,Hyperliquid,XRP,XRP,2026-05-29,2026-05-13,24,0.03641549043752764,0.03733811845446038,,0.035261336,268375.60601325944
119-HYPERLIQUID-XRP-29MAY2026,119,Hyperliquid,XRP,XRP,2026-05-29,2026-05-14,24,0.03913440482861337,0.04044709760828465,,0.051152377500000006,273560.88256743556
119-HYPERLIQUID-XRP-29MAY2026,119,Hyperliquid,XRP,XRP,2026-05-29,2026-05-15,24,0.039558675875545714,0.038332553233107,,0.0200781025,145039.3702472002
119-HYPERLIQUID-XRP-29MAY2026,119,Hyperliquid,XRP,XRP,2026-05-29,2026-05-16,24,0.01609582143738278,0.01570328349515963,,-0.095589193,205788.730586578
119-HYPERLIQUID-XRP-29MAY2026,119,Hyperliquid,XRP,XRP,2026-05-29,2026-05-17,17,0.01248750427215006,0.010846937322506855,,-0.01924510164705882,181679.41772031237
12-BINANCE-BTCUSDT-28NOV2025,12,Binance,BTC,BTCUSDT,2025-11-28,2025-10-17,22,0.06003141295553222,0.06003141295553222,,-0.0016113920454545454,0.0
12-BINANCE-BTCUSDT-28NOV2025,12,Binance,BTC,BTCUSDT,2025-11-28,2025-10-18,24,0.060031412955532215,0.060031412955532215,,-0.05282895937499999,0.0
12-BINANCE-BTCUSDT-28NOV2025,12,Binance,BTC,BTCUSDT,2025-11-28,2025-10-19,24,0.060031412955532215,0.060031412955532215,,0.007590175,0.0
12-BINANCE-BTCUSDT-28NOV2025,12,Binance,BTC,BTCUSDT,2025-11-28,2025-10-20,24,0.060017015350913284,0.060031412955532215,0.05999999999999999,-0.00923221875,0.7104166666666667
12-BINANCE-BTCUSDT-28NOV2025,12,Binance,BTC,BTCUSDT,2025-11-28,2025-10-21,24,0.06,0.060031412955532215,0.06,-0.020221,1.55
12-BINANCE-BTCUSDT-28NOV2025,12,Binance,BTC,BTCUSDT,2025-11-28,2025-10-22,24,0.05200737582496489,0.05201392019070076,0.05200737582496489,0.01061785,1.8667644295422114
12-BINANCE-BTCUSDT-28NOV2025,12,Binance,BTC,BTCUSDT,2025-11-28,2025-10-23,24,0.05208583097377598,0.05181415321099203,0.05177869852786778,0.057444156249999996,13.09540987199611
12-BINANCE-BTCUSDT-28NOV2025,12,Binance,BTC,BTCUSDT,2025-11-28,2025-10-24,24,0.052316250363420684,0.05218585351380548,0.05218479892556601,0.030976181250000002,19.180044829068063
12-BINANCE-BTCUSDT-28NOV2025,12,Binance,BTC,BTCUSDT,2025-11-28,2025-10-25,24,0.05265468908828105,0.05268559032757531,0.05265468908828105,0.042999737499999996,21.12971687494041
12-BINANCE-BTCUSDT-28NOV2025,12,Binance,BTC,BTCUSDT,2025-11-28,2025-10-26,24,0.05245319904969984,0.05255857599654517,0.05255857599654517,0.033489662499999996,21.001990586196147
12-BINANCE-BTCUSDT-28NOV2025,12,Binance,BTC,BTCUSDT,2025-11-28,2025-10-27,24,0.05766382128326623,0.05779314684782111,0.057808831499124504,0.0994771,25.97241734245149
12-BINANCE-BTCUSDT-28NOV2025,12,Binance,BTC,BTCUSDT,2025-11-28,2025-10-28,24,0.058180552676103586,0.05850083945036553,0.05848112032973576,0.0634954,27.68698209025735
12-BINANCE-BTCUSDT-28NOV2025,12,Binance,BTC,BTCUSDT,2025-11-28,2025-10-29,24,0.050970365711393455,0.05079367499103669,0.05078681233815432,0.03032283125,33.170451092203685
12-BINANCE-BTCUSDT-28NOV2025,12,Binance,BTC,BTCUSDT,2025-11-28,2025-10-30,24,0.04831332949360049,0.048235514331558954,0.0482562918765752,0.030251656249999998,36.65646807552215
12-BINANCE-BTCUSDT-28NOV2025,12,Binance,BTC,BTCUSDT,2025-11-28,2025-10-31,24,0.06318130167716884,0.063138286374857,0.06316002326533808,0.0708401125,71.55488991530119
12-BINANCE-BTCUSDT-28NOV2025,12,Binance,BTC,BTCUSDT,2025-11-28,2025-11-01,24,0.06549236688669373,0.06537468277718016,0.06536568290516369,0.1088037625,80.87095153171735
12-BINANCE-BTCUSDT-28NOV2025,12,Binance,BTC,BTCUSDT,2025-11-28,2025-11-02,24,0.06601356826714218,0.06570628073538543,0.06575236999415103,0.08213731875000001,91.41706249406326
12-BINANCE-BTCUSDT-28NOV2025,12,Binance,BTC,BTCUSDT,2025-11-28,2025-11-03,24,0.06478207915401112,0.06472704297978815,0.0647689025523581,0.0668616125,88.57752185068989
12-BINANCE-BTCUSDT-28NOV2025,12,Binance,BTC,BTCUSDT,2025-11-28,2025-11-04,24,0.06426824543973596,0.0644913807292793,0.06444126008142483,0.0803757375,81.35013763863024
12-BINANCE-BTCUSDT-28NOV2025,12,Binance,BTC,BTCUSDT,2025-11-28,2025-11-05,24,0.06108782172945088,0.061017916321268774,0.06092013366710069,0.04825071875,71.88707140056049
12-BINANCE-BTCUSDT-28NOV2025,12,Binance,BTC,BTCUSDT,2025-11-28,2025-11-06,24,0.06044458801931527,0.060492377736670704,0.06048891549387094,0.0590761625,90.01729039922442
12-BINANCE-BTCUSDT-28NOV2025,12,Binance,BTC,BTCUSDT,2025-11-28,2025-11-07,24,0.0648906462873789,0.06484645220629821,0.06488178726770107,0.06221744375,113.94898422269591
12-BINANCE-BTCUSDT-28NOV2025,12,Binance,BTC,BTCUSDT,2025-11-28,2025-11-08,24,0.06258218299063298,0.06265411234782867,0.06256048585232811,0.05538646875,107.07092942044812
12-BINANCE-BTCUSDT-28NOV2025,12,Binance,BTC,BTCUSDT,2025-11-28,2025-11-09,24,0.0583949174645168,0.058373160319965756,0.058373160319965756,0.0395806,100.46523246471234
12-BINANCE-BTCUSDT-28NOV2025,12,Binance,BTC,BTCUSDT,2025-11-28,2025-11-10,24,0.06483762890772202,0.0647384893584249,0.0647283383103762,0.07920545625,126.66962849238148
12-BINANCE-BTCUSDT-28NOV2025,12,Binance,BTC,BTCUSDT,2025-11-28,2025-11-11,24,0.05846161920954488,0.05844841610127926,0.058369185025639043,0.021025824999999998,114.79898723196307
12-BINANCE-BTCUSDT-28NOV2025,12,Binance,BTC,BTCUSDT,2025-11-28,2025-11-12,24,0.05531252339687966,0.05530731708286957,0.055237868805064406,0.03262963125,120.44534025018719
12-BINANCE-BTCUSDT-28NOV2025,12,Binance,BTC,BTCUSDT,2025-11-28,2025-11-13,24,0.05853798900499316,0.05836343712261357,0.05840560096433906,0.06449276250000001,125.76858079586316
12-BINANCE-BTCUSDT-28NOV2025,12,Binance,BTC,BTCUSDT,2025-11-28,2025-11-14,24,0.06290232256053989,0.06269365256041771,0.06280614881536191,0.0969777625,97.36911527057522
12-BINANCE-BTCUSDT-28NOV2025,12,Binance,BTC,BTCUSDT,2025-11-28,2025-11-15,24,0.06486417406513548,0.06491267471862962,0.06498413935480993,0.09060896875,91.03801353248917
12-BINANCE-BTCUSDT-28NOV2025,12,Binance,BTC,BTCUSDT,2025-11-28,2025-11-16,24,0.06764060414191841,0.06782469266049078,0.06783640847247067,0.09001949375,95.0754219921348
12-BINANCE-BTCUSDT-28NOV2025,12,Binance,BTC,BTCUSDT,2025-11-28,2025-11-17,24,0.0672790447118286,0.067314999240121,0.06724614396944675,0.097664875,83.65272800693468
12-BINANCE-BTCUSDT-28NOV2025,12,Binance,BTC,BTCUSDT,2025-11-28,2025-11-18,24,0.06465713638580331,0.06451652968403848,0.06454237626256326,0.08818536874999999,76.69221054938693
12-BINANCE-BTCUSDT-28NOV2025,12,Binance,BTC,BTCUSDT,2025-11-28,2025-11-19,24,0.061814680901304875,0.06146039272425433,0.06151876502282937,0.06006485625,110.99495606759437
12-BINANCE-BTCUSDT-28NOV2025,12,Binance,BTC,BTCUSDT,2025-11-28,2025-11-20,24,0.06499600882605534,0.0649434260270118,0.06489041820912252,0.08260178124999999,104.88229162495328
12-BINANCE-BTCUSDT-28NOV2025,12,Binance,BTC,BTCUSDT,2025-11-28,2025-11-21,24,0.06705139771787705,0.06694849061173942,0.0670025917089321,0.04464908125,106.45830529381296
12-BINANCE-BTCUSDT-28NOV2025,12,Binance,BTC,BTCUSDT,2025-11-28,2025-11-22,24,0.06647471986307782,0.06655740146364016,0.06647523624845801,0.04695040625,103.46928542716584
12-BINANCE-BTCUSDT-28NOV2025,12,Binance,BTC,BTCUSDT,2025-11-28,2025-11-23,24,0.0597467214439579,0.05977925070799064,0.05972896207010456,0.0139274875,113.58995087013058
12-BINANCE-BTCUSDT-28NOV2025,12,Binance,BTC,BTCUSDT,2025-11-28,2025-11-24,24,0.051917537616083746,0.05208429176258381,0.05189571268380983,0.01519084375,119.96898360314783
12-BINANCE-BTCUSDT-28NOV2025,12,Binance,BTC,BTCUSDT,2025-11-28,2025-11-25,24,0.041413627570716184,0.04149681720776282,0.041374654731485425,-0.019363706249999998,137.78545753305562
12-BINANCE-BTCUSDT-28NOV2025,12,Binance,BTC,BTCUSDT,2025-11-28,2025-11-26,24,0.04102670395484886,0.04098364922885377,0.041013824030614106,0.0316893,136.4571655879093
12-BINANCE-BTCUSDT-28NOV2025,12,Binance,BTC,BTCUSDT,2025-11-28,2025-11-27,24,0.04017191351294674,0.04015606759681766,0.041632312617970894,0.01387958125,141.102408389259
120-BINANCE-XRPUSDT-29MAY2026,120,Binance,XRP,XRPUSDT,2026-05-29,2026-04-21,18,0.006421945732267742,0.00519109537747476,,0.04537254166666667,6280.444444444444
120-BINANCE-XRPUSDT-29MAY2026,120,Binance,XRP,XRPUSDT,2026-05-29,2026-04-22,24,0.010044246349158115,0.010035200050782721,,0.03897971875,19021.833333333332
120-BINANCE-XRPUSDT-29MAY2026,120,Binance,XRP,XRPUSDT,2026-05-29,2026-04-23,24,0.0084570847762502,0.007629349194444416,,-0.044764968749999995,14327.485380116957
120-BINANCE-XRPUSDT-29MAY2026,120,Binance,XRP,XRPUSDT,2026-05-29,2026-04-24,24,0.008192275511379679,0.008188090869324304,,0.035159081249999995,17312.86549707602
120-BINANCE-XRPUSDT-29MAY2026,120,Binance,XRP,XRPUSDT,2026-05-29,2026-04-25,24,0.007535832574569822,0.008450471235843636,,0.004239018749999999,26238.01535087719
120-BINANCE-XRPUSDT-29MAY2026,120,Binance,XRP,XRPUSDT,2026-05-29,2026-04-26,24,0.002388324402370167,0.0018414960807062004,,-0.04376486875,25268.839912280702
120-BINANCE-XRPUSDT-29MAY2026,120,Binance,XRP,XRPUSDT,2026-05-29,2026-04-27,24,-0.000430460398930646,-0.00042575287240559216,,-0.0220085875,51846.04999979166
120-BINANCE-XRPUSDT-29MAY2026,120,Binance,XRP,XRPUSDT,2026-05-29,2026-04-28,24,0.014967058653471572,0.014799777783011161,,0.00925046875,90910.30438835452
120-BINANCE-XRPUSDT-29MAY2026,120,Binance,XRP,XRPUSDT,2026-05-29,2026-04-29,24,0.007302466158300242,0.0074662190976594114,,-0.041959487499999996,113159.77307772332
120-BINANCE-XRPUSDT-29MAY2026,120,Binance,XRP,XRPUSDT,2026-05-29,2026-04-30,24,0.005109430159482334,0.0039326178437673635,,-0.005850950000000001,100670.50447725925
120-BINANCE-XRPUSDT-29MAY2026,120,Binance,XRP,XRPUSDT,2026-05-29,2026-05-01,24,0.004249209045619964,0.003907517018421757,,-0.003324693750000001,100299.74521799998
120-BINANCE-XRPUSDT-29MAY2026,120,Binance,XRP,XRPUSDT,2026-05-29,2026-05-02,24,0.00354008411871555,0.003907517018421757,,0.0020659000000000016,100299.74521799998
120-BINANCE-XRPUSDT-29MAY2026,120,Binance,XRP,XRPUSDT,2026-05-29,2026-05-03,24,0.0016025177081305912,0.0011234411871034213,,0.024073575000000003,100299.74521799998
120-BINANCE-XRPUSDT-29MAY2026,120,Binance,XRP,XRPUSDT,2026-05-29,2026-05-04,24,0.008614638608502034,0.008756026619323265,,0.044591137499999996,91822.16237199609
120-BINANCE-XRPUSDT-29MAY2026,120,Binance,XRP,XRPUSDT,2026-05-29,2026-05-05,24,0.01175463959778693,0.011905654437723604,,0.034798643750000004,249619.4333271618
120-BINANCE-XRPUSDT-29MAY2026,120,Binance,XRP,XRPUSDT,2026-05-29,2026-05-06,24,0.015149882553738976,0.015286860426375296,,0.043980675,432079.42615813925
120-BINANCE-XRPUSDT-29MAY2026,120,Binance,XRP,XRPUSDT,2026-05-29,2026-05-07,24,0.003895870977158315,0.0031758452972954856,,-0.03737280625,234839.21332253367
120-BINANCE-XRPUSDT-29MAY2026,120,Binance,XRP,XRPUSDT,2026-05-29,2026-05-08,24,0.0027207211937421913,0.0025787583645914846,,-0.026814724999999998,121882.10410879094
120-BINANCE-XRPUSDT-29MAY2026,120,Binance,XRP,XRPUSDT,2026-05-29,2026-05-09,24,0.005762746937457229,0.00658602196763227,,0.08336143750000001,106926.75041822872
120-BINANCE-XRPUSDT-29MAY2026,120,Binance,XRP,XRPUSDT,2026-05-29,2026-05-10,24,0.008343610497274856,0.008959776515280392,,0.043067718750000004,113739.64203483237
120-BINANCE-XRPUSDT-29MAY2026,120,Binance,XRP,XRPUSDT,2026-05-29,2026-05-11,24,0.009568849953492857,0.00934339707252122,,0.05071675,117497.07602339181
120-BINANCE-XRPUSDT-29MAY2026,120,Binance,XRP,XRPUSDT,2026-05-29,2026-05-12,24,0.011325805928319069,0.011260780398707091,,0.0105238625,107331.11937464983
120-BINANCE-XRPUSDT-29MAY2026,120,Binance,XRP,XRPUSDT,2026-05-29,2026-05-13,24,0.012211411634742582,0.012047378919717388,,0.02157013125,93729.32086070233
120-BINANCE-XRPUSDT-29MAY2026,120,Binance,XRP,XRPUSDT,2026-05-29,2026-05-14,24,0.008937112076725874,0.007764448614352627,,0.0386361625,74990.90717166803
120-BINANCE-XRPUSDT-29MAY2026,120,Binance,XRP,XRPUSDT,2026-05-29,2026-05-15,24,0.0108313628709208,0.010959345950333424,,0.004850393749999997,80299.745218
120-BINANCE-XRPUSDT-29MAY2026,120,Binance,XRP,XRPUSDT,2026-05-29,2026-05-16,24,0.011099029332188736,0.011451639603650976,,-0.01600570625,80299.745218
120-BINANCE-XRPUSDT-29MAY2026,120,Binance,XRP,XRPUSDT,2026-05-29,2026-05-17,17,0.011299056547731843,0.01186959615677574,,-0.0006222176470588233,80299.745218
121-HYPERLIQUID-xyzGOLD-29MAY2026,121,Hyperliquid,XAU,xyzGOLD,2026-05-29,2026-04-21,18,0.03440402791462134,0.03172637291115564,,0.110166636,0.0
121-HYPERLIQUID-xyzGOLD-29MAY2026,121,Hyperliquid,XAU,xyzGOLD,2026-05-29,2026-04-22,24,0.03022790956832551,0.02522152627420883,,0.1529042305,673.2037251666667
121-HYPERLIQUID-xyzGOLD-29MAY2026,121,Hyperliquid,XAU,xyzGOLD,2026-05-29,2026-04-23,24,0.03597331374605073,0.03504249028132845,,0.1516128605,8767.902299958334
121-HYPERLIQUID-xyzGOLD-29MAY2026,121,Hyperliquid,XAU,xyzGOLD,2026-05-29,2026-04-24,24,0.03792162416406099,0.033859790257558364,,0.09241153949999999,8093.444702
121-HYPERLIQUID-xyzGOLD-29MAY2026,121,Hyperliquid,XAU,xyzGOLD,2026-05-29,2026-04-25,24,0.03847169414132809,0.033859790257558364,,0.032246728,8093.444702
121-HYPERLIQUID-xyzGOLD-29MAY2026,121,Hyperliquid,XAU,xyzGOLD,2026-05-29,2026-04-26,24,0.03845441267163439,0.034860613526781804,,0.056339356,8093.444702
121-HYPERLIQUID-xyzGOLD-29MAY2026,121,Hyperliquid,XAU,xyzGOLD,2026-05-29,2026-04-27,24,0.038419849732247,0.036862260065228684,,0.09431439400000001,8093.444702
121-HYPERLIQUID-xyzGOLD-29MAY2026,121,Hyperliquid,XAU,xyzGOLD,2026-05-29,2026-04-28,24,0.038419849732247,0.036862260065228684,,0.0884868405,8093.444702
121-HYPERLIQUID-xyzGOLD-29MAY2026,121,Hyperliquid,XAU,xyzGOLD,2026-05-29,2026-04-29,24,0.043596984396287945,0.03899961921941492,,0.177111359,20106.192663240738
121-HYPERLIQUID-xyzGOLD-29MAY2026,121,Hyperliquid,XAU,xyzGOLD,2026-05-29,2026-04-30,24,0.0457287457285401,0.03997743939926531,,0.09480404149999999,40847.511093222216
121-HYPERLIQUID-xyzGOLD-29MAY2026,121,Hyperliquid,XAU,xyzGOLD,2026-05-29,2026-05-01,24,0.04935059918786517,0.048665607925504006,,0.082809886,40840.636093222216
121-HYPERLIQUID-xyzGOLD-29MAY2026,121,Hyperliquid,XAU,xyzGOLD,2026-05-29,2026-05-02,24,0.05311670215552724,0.05823093540459393,,0.05475,40832.511093222216
121-HYPERLIQUID-xyzGOLD-29MAY2026,121,Hyperliquid,XAU,xyzGOLD,2026-05-29,2026-05-03,24,0.05312154684685516,0.05823093540459393,,0.181130958,40832.511093222216
121-HYPERLIQUID-xyzGOLD-29MAY2026,121,Hyperliquid,XAU,xyzGOLD,2026-05-29,2026-05-04,24,0.053132770051534994,0.05085052667674333,,0.0798437135,40894.261093222216
121-HYPERLIQUID-xyzGOLD-29MAY2026,121,Hyperliquid,XAU,xyzGOLD,2026-05-29,2026-05-05,24,0.05390547194863727,0.055435547576094174,,0.0662427185,40942.77790001423
121-HYPERLIQUID-xyzGOLD-29MAY2026,121,Hyperliquid,XAU,xyzGOLD,2026-05-29,2026-05-06,24,0.05400914936202614,0.053728362084563296,,0.06037903,40857.092238901816
121-HYPERLIQUID-xyzGOLD-29MAY2026,121,Hyperliquid,XAU,xyzGOLD,2026-05-29,2026-05-07,24,0.057361176192111306,0.05715141456690039,,0.080843558,40844.088593222215
121-HYPERLIQUID-xyzGOLD-29MAY2026,121,Hyperliquid,XAU,xyzGOLD,2026-05-29,2026-05-08,24,0.054837577409384226,0.057807738255345,,0.05475,40843.511093222216
121-HYPERLIQUID-xyzGOLD-29MAY2026,121,Hyperliquid,XAU,xyzGOLD,2026-05-29,2026-05-09,24,0.055114557933502846,0.05528996727683381,,0.0529591275,40843.511093222216
121-HYPERLIQUID-xyzGOLD-29MAY2026,121,Hyperliquid,XAU,xyzGOLD,2026-05-29,2026-05-10,24,0.05501814115599135,0.05489566640229602,,0.053173126999999994,41432.619843222215
121-HYPERLIQUID-xyzGOLD-29MAY2026,121,Hyperliquid,XAU,xyzGOLD,2026-05-29,2026-05-11,24,0.06203784817566647,0.055426858847509954,,0.205015901,157841.87791656284
121-HYPERLIQUID-xyzGOLD-29MAY2026,121,Hyperliquid,XAU,xyzGOLD,2026-05-29,2026-05-12,24,0.06511682743873999,0.06076173144630246,,0.100080591,257082.22287135795
121-HYPERLIQUID-xyzGOLD-29MAY2026,121,Hyperliquid,XAU,xyzGOLD,2026-05-29,2026-05-13,24,0.06579107357067447,0.06490256523605899,,0.11676207649999999,257106.26503448302
121-HYPERLIQUID-xyzGOLD-29MAY2026,121,Hyperliquid,XAU,xyzGOLD,2026-05-29,2026-05-14,24,0.06728476888777805,0.06671903269397278,,0.1317512395,310279.5766121247
121-HYPERLIQUID-xyzGOLD-29MAY2026,121,Hyperliquid,XAU,xyzGOLD,2026-05-29,2026-05-15,24,0.07643393030095756,0.07785801118872936,,0.1532211965,608063.8572578871
121-HYPERLIQUID-xyzGOLD-29MAY2026,121,Hyperliquid,XAU,xyzGOLD,2026-05-29,2026-05-16,24,0.07990413532202356,0.08230085455570728,,0.016895886500000002,821745.7281438303
121-HYPERLIQUID-xyzGOLD-29MAY2026,121,Hyperliquid,XAU,xyzGOLD,2026-05-29,2026-05-17,17,0.06280846712596422,0.06611900712437058,,0.044059656705882355,776011.0237525598
122-BINANCE-XAUUSDT-29MAY2026,122,Binance,XAU,XAUUSDT,2026-05-29,2026-04-21,18,-0.014523279865761938,-0.018558693314289817,,0.0353393,0.0
122-BINANCE-XAUUSDT-29MAY2026,122,Binance,XAU,XAUUSDT,2026-05-29,2026-04-22,24,-0.017044608206944027,-0.02932091350279462,,0.061654887500000005,0.0
122-BINANCE-XAUUSDT-29MAY2026,122,Binance,XAU,XAUUSDT,2026-05-29,2026-04-23,24,-0.01523271749928373,-0.020629272780017142,,0.0935212125,12.502232999999999
122-BINANCE-XAUUSDT-29MAY2026,122,Binance,XAU,XAUUSDT,2026-05-29,2026-04-24,24,0.005672077188666572,0.0020979405701433283,,0.096427525,4852.6715595
122-BINANCE-XAUUSDT-29MAY2026,122,Binance,XAU,XAUUSDT,2026-05-29,2026-04-25,24,0.005024957290037309,0.010049914580074619,,0.1058135,9116.017177
122-BINANCE-XAUUSDT-29MAY2026,122,Binance,XAU,XAUUSDT,2026-05-29,2026-04-26,24,0.024075853947594986,0.015844933337379956,,0.3739561875,24289.822398666667
122-BINANCE-XAUUSDT-29MAY2026,122,Binance,XAU,XAUUSDT,2026-05-29,2026-04-27,24,0.010163082936502454,0.013829315540536345,,0.17225444999999998,23722.572398666667
122-BINANCE-XAUUSDT-29MAY2026,122,Binance,XAU,XAUUSDT,2026-05-29,2026-04-28,24,0.026788856921339838,0.03561880266297893,,0.15583675,28518.185145333333
122-BINANCE-XAUUSDT-29MAY2026,122,Binance,XAU,XAUUSDT,2026-05-29,2026-04-29,24,0.03376877769010486,0.0366651390389427,,0.2544342,31674.765431259264
122-BINANCE-XAUUSDT-29MAY2026,122,Binance,XAU,XAUUSDT,2026-05-29,2026-04-30,24,0.04041894202434845,0.045679946656737365,,0.122024975,37059.169828592596
122-BINANCE-XAUUSDT-29MAY2026,122,Binance,XAU,XAUUSDT,2026-05-29,2026-05-01,24,0.050093255004486144,0.0501387597836711,,0.15974498750000002,39772.37816192593
122-BINANCE-XAUUSDT-29MAY2026,122,Binance,XAU,XAUUSDT,2026-05-29,2026-05-02,24,0.050508504447852466,0.05214866617273017,,0.084627075,42068.169828592596
122-BINANCE-XAUUSDT-29MAY2026,122,Binance,XAU,XAUUSDT,2026-05-29,2026-05-03,24,0.0489694205986096,0.050361599481455306,,0.6141718125,43281.96604827545
122-BINANCE-XAUUSDT-29MAY2026,122,Binance,XAU,XAUUSDT,2026-05-29,2026-05-04,24,0.005035512090182778,0.006633743932664323,,0.30787385,73348.50910098097
122-BINANCE-XAUUSDT-29MAY2026,122,Binance,XAU,XAUUSDT,2026-05-29,2026-05-05,24,0.010562395283961643,0.010841736431043657,,0.067015825,121090.7649343143
122-BINANCE-XAUUSDT-29MAY2026,122,Binance,XAU,XAUUSDT,2026-05-29,2026-05-06,24,0.01709008784540073,0.01660397699375694,,0.0327614875,235231.37910098096
122-BINANCE-XAUUSDT-29MAY2026,122,Binance,XAU,XAUUSDT,2026-05-29,2026-05-07,24,0.017552373788981227,0.017246607084847158,,0.0,235231.37910098096
122-BINANCE-XAUUSDT-29MAY2026,122,Binance,XAU,XAUUSDT,2026-05-29,2026-05-08,24,0.014745528646907492,0.016647262768358675,,0.0,232812.18743431428
122-BINANCE-XAUUSDT-29MAY2026,122,Binance,XAU,XAUUSDT,2026-05-29,2026-05-09,24,0.014018382718980052,0.0017292070160810748,,0.0,228212.02076764763
122-BINANCE-XAUUSDT-29MAY2026,122,Binance,XAU,XAUUSDT,2026-05-29,2026-05-10,24,0.013957257548752116,0.000300037502500094,,0.0,228211.17910098095
122-BINANCE-XAUUSDT-29MAY2026,122,Binance,XAU,XAUUSDT,2026-05-29,2026-05-11,24,0.0176503890780606,0.007408531807955855,,0.08458510000000001,230336.83801614403
122-BINANCE-XAUUSDT-29MAY2026,122,Binance,XAU,XAUUSDT,2026-05-29,2026-05-12,24,0.018945052633546237,0.01734076449721574,,0.09567379999999999,244107.1212299671
122-BINANCE-XAUUSDT-29MAY2026,122,Binance,XAU,XAUUSDT,2026-05-29,2026-05-13,24,0.023113686894991412,0.014579949599027552,,0.02515945,259908.2934711967
122-BINANCE-XAUUSDT-29MAY2026,122,Binance,XAU,XAUUSDT,2026-05-29,2026-05-14,24,0.02331797395575286,0.016881097443989853,,0.045906050000000004,258832.9517855926
122-BINANCE-XAUUSDT-29MAY2026,122,Binance,XAU,XAUUSDT,2026-05-29,2026-05-15,24,0.031623969562769305,0.03447911200010914,,0.3359067625,469711.4496285071
122-BINANCE-XAUUSDT-29MAY2026,122,Binance,XAU,XAUUSDT,2026-05-29,2026-05-16,24,0.026530705121634118,0.019079254049273263,,0.012920087500000002,650139.7115535395
122-BINANCE-XAUUSDT-29MAY2026,122,Binance,XAU,XAUUSDT,2026-05-29,2026-05-17,17,0.02653013608886125,0.019079254049273263,,0.0,650139.7115535395
123-HYPERLIQUID-xyzSILVER-29MAY2026,123,Hyperliquid,XAG,xyzSILVER,2026-05-29,2026-04-21,18,0.039461786650288676,0.03679411126554317,,0.036052218,0.0
123-HYPERLIQUID-xyzSILVER-29MAY2026,123,Hyperliquid,XAG,xyzSILVER,2026-05-29,2026-04-22,24,0.03498425564502342,0.028909277760838025,,0.0333681905,0.0
123-HYPERLIQUID-xyzSILVER-29MAY2026,123,Hyperliquid,XAG,xyzSILVER,2026-05-29,2026-04-23,24,0.0347577335047926,0.028361283479394813,,0.0706892945,250.00209271999998
123-HYPERLIQUID-xyzSILVER-29MAY2026,123,Hyperliquid,XAG,xyzSILVER,2026-05-29,2026-04-24,24,0.05011348605748936,0.046762794426876565,,0.0655450575,8541.669805746664
123-HYPERLIQUID-xyzSILVER-29MAY2026,123,Hyperliquid,XAG,xyzSILVER,2026-05-29,2026-04-25,24,0.05548370501457065,0.05442824804757055,,0.054054456,17222.22536130222
123-HYPERLIQUID-xyzSILVER-29MAY2026,123,Hyperliquid,XAG,xyzSILVER,2026-05-29,2026-04-26,24,0.05601276783504883,0.05556907239092318,,0.2528376535,17509.881279635552
123-HYPERLIQUID-xyzSILVER-29MAY2026,123,Hyperliquid,XAG,xyzSILVER,2026-05-29,2026-04-27,24,0.06144809519565592,0.06811814016780215,,0.06073541599999999,20674.096381302217
123-HYPERLIQUID-xyzSILVER-29MAY2026,123,Hyperliquid,XAG,xyzSILVER,2026-05-29,2026-04-28,24,0.06394822585445098,0.06961661269213835,,0.119147534,19523.472707968886
123-HYPERLIQUID-xyzSILVER-29MAY2026,123,Hyperliquid,XAG,xyzSILVER,2026-05-29,2026-04-29,24,0.07024113607321265,0.07261355774081076,,0.09313493299999999,17222.22536130222
123-HYPERLIQUID-xyzSILVER-29MAY2026,123,Hyperliquid,XAG,xyzSILVER,2026-05-29,2026-04-30,24,0.0656790917047352,0.06657384365331238,,0.07528592199999999,12915.212176289997
123-HYPERLIQUID-xyzSILVER-29MAY2026,123,Hyperliquid,XAG,xyzSILVER,2026-05-29,2026-05-01,24,0.05923388405194094,0.06225976216224213,,0.104707404,9838.77418699555
123-HYPERLIQUID-xyzSILVER-29MAY2026,123,Hyperliquid,XAG,xyzSILVER,2026-05-29,2026-05-02,24,0.05729615449048586,0.06225976216224213,,0.05475,9838.77418699555
123-HYPERLIQUID-xyzSILVER-29MAY2026,123,Hyperliquid,XAG,xyzSILVER,2026-05-29,2026-05-03,24,0.057324644182475244,0.06225976216224213,,0.411603346,9838.77418699555
123-HYPERLIQUID-xyzSILVER-29MAY2026,123,Hyperliquid,XAG,xyzSILVER,2026-05-29,2026-05-04,24,0.05716555056307058,0.057442621088885454,,0.11636787650000001,9838.77418699555
123-HYPERLIQUID-xyzSILVER-29MAY2026,123,Hyperliquid,XAG,xyzSILVER,2026-05-29,2026-05-05,24,0.057242992351347076,0.05326904363389811,,0.1328011255,9838.77418699555
123-HYPERLIQUID-xyzSILVER-29MAY2026,123,Hyperliquid,XAG,xyzSILVER,2026-05-29,2026-05-06,24,0.057242992351347076,0.06280173742354216,,0.23792791449999998,9359.607520328884
123-HYPERLIQUID-xyzSILVER-29MAY2026,123,Hyperliquid,XAG,xyzSILVER,2026-05-29,2026-05-07,24,0.06390968698262796,0.06683973639603491,,0.196249185,55502.77656082312
123-HYPERLIQUID-xyzSILVER-29MAY2026,123,Hyperliquid,XAG,xyzSILVER,2026-05-29,2026-05-08,24,0.07549202466543932,0.06948082759607577,,0.0928174195,74511.48384758935
123-HYPERLIQUID-xyzSILVER-29MAY2026,123,Hyperliquid,XAG,xyzSILVER,2026-05-29,2026-05-09,24,0.07671345429549116,0.0695075619432474,,0.056340852500000003,74511.48342063448
123-HYPERLIQUID-xyzSILVER-29MAY2026,123,Hyperliquid,XAG,xyzSILVER,2026-05-29,2026-05-10,24,0.08337866314127605,0.07877866663344713,,-0.026667046,75098.40850120458
123-HYPERLIQUID-xyzSILVER-29MAY2026,123,Hyperliquid,XAG,xyzSILVER,2026-05-29,2026-05-11,24,0.10226772855830202,0.10341770036705002,,0.140708157,74546.72942010542
123-HYPERLIQUID-xyzSILVER-29MAY2026,123,Hyperliquid,XAG,xyzSILVER,2026-05-29,2026-05-12,24,0.1031469179455111,0.100129642854531,,0.078211908,74559.45124642154
123-HYPERLIQUID-xyzSILVER-29MAY2026,123,Hyperliquid,XAG,xyzSILVER,2026-05-29,2026-05-13,24,0.10291302448131427,0.09924957772267108,,0.094372794,74559.11944683375
123-HYPERLIQUID-xyzSILVER-29MAY2026,123,Hyperliquid,XAG,xyzSILVER,2026-05-29,2026-05-14,24,0.10248576870529391,0.10013307769958842,,0.11155710349999999,74553.52717801886
123-HYPERLIQUID-xyzSILVER-29MAY2026,123,Hyperliquid,XAG,xyzSILVER,2026-05-29,2026-05-15,24,0.10295175784719938,0.1035116870840929,,0.18640433199999998,74539.77013024133
123-HYPERLIQUID-xyzSILVER-29MAY2026,123,Hyperliquid,XAG,xyzSILVER,2026-05-29,2026-05-16,24,0.09240480762356938,0.09612203335645532,,-0.033252741,74523.48342063448
123-HYPERLIQUID-xyzSILVER-29MAY2026,123,Hyperliquid,XAG,xyzSILVER,2026-05-29,2026-05-17,17,0.08604886383626459,0.09362488640549319,,0.04712503835294118,74523.48342063448
124-BINANCE-XAGUSDT-29MAY2026,124,Binance,XAG,XAGUSDT,2026-05-29,2026-04-21,18,-0.01338593049173961,-0.01677805607928718,,0.0120304,0.0
124-BINANCE-XAGUSDT-29MAY2026,124,Binance,XAG,XAGUSDT,2026-05-29,2026-04-22,24,-0.016020427013200143,-0.025314479724038687,,0.005443975,0.0
124-BINANCE-XAGUSDT-29MAY2026,124,Binance,XAG,XAGUSDT,2026-05-29,2026-04-23,24,-0.014997866921870781,-0.01822519737464651,,0.0745111,402.90544858333334
124-BINANCE-XAGUSDT-29MAY2026,124,Binance,XAG,XAGUSDT,2026-05-29,2026-04-24,24,-0.010002867683657995,-0.0066709503265552075,,0.144038125,10943.198716333332
124-BINANCE-XAGUSDT-29MAY2026,124,Binance,XAG,XAGUSDT,2026-05-29,2026-04-25,24,0.0025187596715217082,0.005615568528859585,,0.13342575,25000.0
124-BINANCE-XAGUSDT-29MAY2026,124,Binance,XAG,XAGUSDT,2026-05-29,2026-04-26,24,0.02375100984317831,0.0312533577178491,,1.13811745,37557.63388818641
124-BINANCE-XAGUSDT-29MAY2026,124,Binance,XAG,XAGUSDT,2026-05-29,2026-04-27,24,0.03626469257566146,0.030196055384580794,,0.40716844999999996,35731.497549
124-BINANCE-XAGUSDT-29MAY2026,124,Binance,XAG,XAGUSDT,2026-05-29,2026-04-28,24,0.04735427333838841,0.05387963450443007,,0.2723328875,224940.67335358335
124-BINANCE-XAGUSDT-29MAY2026,124,Binance,XAG,XAGUSDT,2026-05-29,2026-04-29,24,0.05302904806139661,0.04777727439079491,,0.4139547125,279515.3747443333
124-BINANCE-XAGUSDT-29MAY2026,124,Binance,XAG,XAGUSDT,2026-05-29,2026-04-30,24,0.05965315425055989,0.06363917692693259,,0.25285101249999997,279081.51582483336
124-BINANCE-XAGUSDT-29MAY2026,124,Binance,XAG,XAGUSDT,2026-05-29,2026-05-01,24,0.06948675798350333,0.07637687641840608,,0.291874075,279081.497549
124-BINANCE-XAGUSDT-29MAY2026,124,Binance,XAG,XAGUSDT,2026-05-29,2026-05-02,24,0.06687498432646728,0.07494007000578003,,0.283073925,279081.497549
124-BINANCE-XAGUSDT-29MAY2026,124,Binance,XAG,XAGUSDT,2026-05-29,2026-05-03,24,0.10426075055112967,0.10598057554000045,,3.0237667624999998,280169.06228625
124-BINANCE-XAGUSDT-29MAY2026,124,Binance,XAG,XAGUSDT,2026-05-29,2026-05-04,24,0.07699857623723352,0.07279759545111777,,0.86494415,283712.0287945823
124-BINANCE-XAGUSDT-29MAY2026,124,Binance,XAG,XAGUSDT,2026-05-29,2026-05-05,24,0.071160049359622,0.07100588365271424,,0.1841306375,445523.2403073175
124-BINANCE-XAGUSDT-29MAY2026,124,Binance,XAG,XAGUSDT,2026-05-29,2026-05-06,24,0.06788213820102594,0.07100588365271424,,0.1536932875,582172.7773443545
124-BINANCE-XAGUSDT-29MAY2026,124,Binance,XAG,XAGUSDT,2026-05-29,2026-05-07,24,0.06811014941118447,0.07100588365271424,,0.046333099999999995,582172.7773443545
124-BINANCE-XAGUSDT-29MAY2026,124,Binance,XAG,XAGUSDT,2026-05-29,2026-05-08,24,0.07887342600953973,0.07684304537548332,,0.0696940125,585251.685785744
124-BINANCE-XAGUSDT-29MAY2026,124,Binance,XAG,XAGUSDT,2026-05-29,2026-05-09,24,0.0868814024116698,0.08101244660603268,,0.0067625375,587544.3878225691
124-BINANCE-XAGUSDT-29MAY2026,124,Binance,XAG,XAGUSDT,2026-05-29,2026-05-10,24,0.091673872105831,0.0891235109402866,,-0.034519875,587806.8680514443
124-BINANCE-XAGUSDT-29MAY2026,124,Binance,XAG,XAGUSDT,2026-05-29,2026-05-11,24,0.10516887499892158,0.10990220261144805,,0.059058825,590908.8817297515
124-BINANCE-XAGUSDT-29MAY2026,124,Binance,XAG,XAGUSDT,2026-05-29,2026-05-12,24,0.11601688057611714,0.11419903652969098,,0.12960055,596052.5847447164
124-BINANCE-XAGUSDT-29MAY2026,124,Binance,XAG,XAGUSDT,2026-05-29,2026-05-13,24,0.11838967684537084,0.11154601181681724,,0.0612105,588140.8067145485
124-BINANCE-XAGUSDT-29MAY2026,124,Binance,XAG,XAGUSDT,2026-05-29,2026-05-14,24,0.13004434629222741,0.14257640640182076,,0.0199262625,599847.5163822349
124-BINANCE-XAGUSDT-29MAY2026,124,Binance,XAG,XAGUSDT,2026-05-29,2026-05-15,24,0.13854745771491922,0.13842854246396494,,0.401166025,1575713.263243611
124-BINANCE-XAGUSDT-29MAY2026,124,Binance,XAG,XAGUSDT,2026-05-29,2026-05-16,24,0.14367810473327333,0.15003974783943066,,-0.004039637500000001,2143371.2020611684
124-BINANCE-XAGUSDT-29MAY2026,124,Binance,XAG,XAGUSDT,2026-05-29,2026-05-17,17,0.1436924784333639,0.15003974783943066,,0.0,2137869.36621486
125-HYPERLIQUID-xyzXYZ100-29MAY2026,125,Hyperliquid,XYZ100,xyzXYZ100,2026-05-29,2026-04-21,18,-0.04837985071046289,-0.0449606490075533,,0.015645700666666665,1333.3333333333333
125-HYPERLIQUID-xyzXYZ100-29MAY2026,125,Hyperliquid,XYZ100,xyzXYZ100,2026-05-29,2026-04-22,24,-0.03443366895557084,-0.03862638088253291,,-0.0077526365,3000.0
125-HYPERLIQUID-xyzXYZ100-29MAY2026,125,Hyperliquid,XYZ100,xyzXYZ100,2026-05-29,2026-04-23,24,-0.03164488303230996,-0.030822025292222003,,0.0057827315,3170.8333333333335
125-HYPERLIQUID-xyzXYZ100-29MAY2026,125,Hyperliquid,XYZ100,xyzXYZ100,2026-05-29,2026-04-24,24,-0.029992896058863,-0.03004167235959494,,-0.015926811500000002,3000.0
125-HYPERLIQUID-xyzXYZ100-29MAY2026,125,Hyperliquid,XYZ100,xyzXYZ100,2026-05-29,2026-04-25,24,-0.026347065901213416,-0.021444201262157788,,-0.0551438715,168964.31721063665
125-HYPERLIQUID-xyzXYZ100-29MAY2026,125,Hyperliquid,XYZ100,xyzXYZ100,2026-05-29,2026-04-26,24,-0.02425991373435271,-0.022887638461442174,,0.0946014665,191213.90434548949
125-HYPERLIQUID-xyzXYZ100-29MAY2026,125,Hyperliquid,XYZ100,xyzXYZ100,2026-05-29,2026-04-27,24,-0.025196841293425396,-0.023880079626476425,,-0.0314609195,190963.90434548949
125-HYPERLIQUID-xyzXYZ100-29MAY2026,125,Hyperliquid,XYZ100,xyzXYZ100,2026-05-29,2026-04-28,24,-0.022895252213145575,-0.023880079626476425,,-0.0158062155,190963.90434548949
125-HYPERLIQUID-xyzXYZ100-29MAY2026,125,Hyperliquid,XYZ100,xyzXYZ100,2026-05-29,2026-04-29,24,-0.02049004859169867,-0.023880079626476425,,-0.046058036,190963.90434548949
125-HYPERLIQUID-xyzXYZ100-29MAY2026,125,Hyperliquid,XYZ100,xyzXYZ100,2026-05-29,2026-04-30,24,-0.015080465780803194,-0.012847055561014488,,-0.0815112525,212422.23767882283
125-HYPERLIQUID-xyzXYZ100-29MAY2026,125,Hyperliquid,XYZ100,xyzXYZ100,2026-05-29,2026-05-01,24,-0.01756720895683391,-0.015011180305521054,,-0.052713263499999996,215963.90434548949
125-HYPERLIQUID-xyzXYZ100-29MAY2026,125,Hyperliquid,XYZ100,xyzXYZ100,2026-05-29,2026-05-02,24,-0.01756720895683391,-0.015011180305521054,,0.005482263500000001,215963.90434548949
125-HYPERLIQUID-xyzXYZ100-29MAY2026,125,Hyperliquid,XYZ100,xyzXYZ100,2026-05-29,2026-05-03,24,-0.0178394228004056,-0.01765769360684618,,0.055053095999999996,238386.19798956616
125-HYPERLIQUID-xyzXYZ100-29MAY2026,125,Hyperliquid,XYZ100,xyzXYZ100,2026-05-29,2026-05-04,24,-0.018637867809743375,-0.015493255755483826,,-0.01847849,267116.60917601216
125-HYPERLIQUID-xyzXYZ100-29MAY2026,125,Hyperliquid,XYZ100,xyzXYZ100,2026-05-29,2026-05-05,24,-0.01756720895683391,-0.011970785646065407,,0.043379008999999996,273410.65084267885
125-HYPERLIQUID-xyzXYZ100-29MAY2026,125,Hyperliquid,XYZ100,xyzXYZ100,2026-05-29,2026-05-06,24,-0.01756720895683391,-0.011970785646065407,,0.0516226435,280428.90084267885
125-HYPERLIQUID-xyzXYZ100-29MAY2026,125,Hyperliquid,XYZ100,xyzXYZ100,2026-05-29,2026-05-07,24,-0.01756720895683391,-0.011970785646065407,,0.043677432999999995,283512.90084267885
125-HYPERLIQUID-xyzXYZ100-29MAY2026,125,Hyperliquid,XYZ100,xyzXYZ100,2026-05-29,2026-05-08,24,-0.016642136528973974,-0.011384413163491855,,0.048594311499999994,290408.73417601216
125-HYPERLIQUID-xyzXYZ100-29MAY2026,125,Hyperliquid,XYZ100,xyzXYZ100,2026-05-29,2026-05-09,24,0.004137918335043236,-0.0028540224800129876,,0.072661061,443512.9008426789
125-HYPERLIQUID-xyzXYZ100-29MAY2026,125,Hyperliquid,XYZ100,xyzXYZ100,2026-05-29,2026-05-10,24,0.0038511966127590595,-0.0014076889345629832,,0.004402265,420079.03184039186
125-HYPERLIQUID-xyzXYZ100-29MAY2026,125,Hyperliquid,XYZ100,xyzXYZ100,2026-05-29,2026-05-11,24,-0.007993833271310284,-0.002983534922029362,,0.058396167500000006,241541.472815235
125-HYPERLIQUID-xyzXYZ100-29MAY2026,125,Hyperliquid,XYZ100,xyzXYZ100,2026-05-29,2026-05-12,24,-0.006710504597936804,-0.005059362492910941,,0.061277258499999994,241539.51341177462
125-HYPERLIQUID-xyzXYZ100-29MAY2026,125,Hyperliquid,XYZ100,xyzXYZ100,2026-05-29,2026-05-13,24,-0.004072404263737543,-0.0052089702767309475,,0.057100344500000004,213249.99534641203
125-HYPERLIQUID-xyzXYZ100-29MAY2026,125,Hyperliquid,XYZ100,xyzXYZ100,2026-05-29,2026-05-14,24,0.004625198055748038,-0.0026702949676561546,,0.055232676,211539.64224825532
125-HYPERLIQUID-xyzXYZ100-29MAY2026,125,Hyperliquid,XYZ100,xyzXYZ100,2026-05-29,2026-05-15,24,0.004575482612617397,-0.0015010880076713258,,0.055540699500000006,209598.7189932844
125-HYPERLIQUID-xyzXYZ100-29MAY2026,125,Hyperliquid,XYZ100,xyzXYZ100,2026-05-29,2026-05-16,24,0.004333817226406805,-0.004510027200983681,,0.019054971,208157.8947368421
125-HYPERLIQUID-xyzXYZ100-29MAY2026,125,Hyperliquid,XYZ100,xyzXYZ100,2026-05-29,2026-05-17,17,0.004241212389010238,-0.004510027200983681,,0.04486294870588235,208157.8947368421
126-HYPERLIQUID-xyzSP500-29MAY2026,126,Hyperliquid,S&P500,xyzSP500,2026-05-29,2026-04-21,18,-0.097183241075889,-0.08550701010938615,,-0.017903834,1555.5555555555557
126-HYPERLIQUID-xyzSP500-29MAY2026,126,Hyperliquid,S&P500,xyzSP500,2026-05-29,2026-04-22,24,-0.050528817598812455,-0.05409952839062165,,-0.0020188149999999998,22480.083333333332
126-HYPERLIQUID-xyzSP500-29MAY2026,126,Hyperliquid,S&P500,xyzSP500,2026-05-29,2026-04-23,24,-0.03648770295384072,-0.0391859135820032,,-0.056029179000000005,32081.035087719294
126-HYPERLIQUID-xyzSP500-29MAY2026,126,Hyperliquid,S&P500,xyzSP500,2026-05-29,2026-04-24,24,-0.027572954484520334,-0.0321128568569052,,-0.0507908085,33602.886456140346
126-HYPERLIQUID-xyzSP500-29MAY2026,126,Hyperliquid,S&P500,xyzSP500,2026-05-29,2026-04-25,24,-0.028158339745430836,-0.036033122684610085,,-0.044596466499999994,33920.476631578946
126-HYPERLIQUID-xyzSP500-29MAY2026,126,Hyperliquid,S&P500,xyzSP500,2026-05-29,2026-04-26,24,-0.02756514086487574,-0.036033122684610085,,0.11042118699999999,33920.476631578946
126-HYPERLIQUID-xyzSP500-29MAY2026,126,Hyperliquid,S&P500,xyzSP500,2026-05-29,2026-04-27,24,-0.026696530165371078,-0.036033122684610085,,-0.1094995985,33920.476631578946
126-HYPERLIQUID-xyzSP500-29MAY2026,126,Hyperliquid,S&P500,xyzSP500,2026-05-29,2026-04-28,24,-0.022283100479126235,-0.036033122684610085,,0.010206641,33920.476631578946
126-HYPERLIQUID-xyzSP500-29MAY2026,126,Hyperliquid,S&P500,xyzSP500,2026-05-29,2026-04-29,24,-0.019886383859682468,-0.025342251081335265,,-0.0330677225,43920.47663157895
126-HYPERLIQUID-xyzSP500-29MAY2026,126,Hyperliquid,S&P500,xyzSP500,2026-05-29,2026-04-30,24,-0.015315788367430331,-0.022001076654647848,,-0.091749101,68710.10782063157
126-HYPERLIQUID-xyzSP500-29MAY2026,126,Hyperliquid,S&P500,xyzSP500,2026-05-29,2026-05-01,24,-0.01617429040684369,-0.018239921446996418,,-0.066757405,239408.291005193
126-HYPERLIQUID-xyzSP500-29MAY2026,126,Hyperliquid,S&P500,xyzSP500,2026-05-29,2026-05-02,24,-0.0168655748287224,-0.019452986938591977,,0.0338690435,269864.12433852634
126-HYPERLIQUID-xyzSP500-29MAY2026,126,Hyperliquid,S&P500,xyzSP500,2026-05-29,2026-05-03,24,-0.016771713215212262,-0.019385016043507865,,0.0571158205,269864.12433852634
126-HYPERLIQUID-xyzSP500-29MAY2026,126,Hyperliquid,S&P500,xyzSP500,2026-05-29,2026-05-04,24,-0.02019775848638709,-0.020813833240658046,,-0.015681750499999998,269864.12433852634
126-HYPERLIQUID-xyzSP500-29MAY2026,126,Hyperliquid,S&P500,xyzSP500,2026-05-29,2026-05-05,24,-0.022605213889010465,-0.021834416952908175,,0.015935535,269864.12433852634
126-HYPERLIQUID-xyzSP500-29MAY2026,126,Hyperliquid,S&P500,xyzSP500,2026-05-29,2026-05-06,24,-0.02140097445134051,-0.021217477298587972,,0.010565472499999999,269864.12433852634
126-HYPERLIQUID-xyzSP500-29MAY2026,126,Hyperliquid,S&P500,xyzSP500,2026-05-29,2026-05-07,24,-0.014318741432013948,-0.013350257113680092,,0.004052704499999999,263705.99056659645
126-HYPERLIQUID-xyzSP500-29MAY2026,126,Hyperliquid,S&P500,xyzSP500,2026-05-29,2026-05-08,24,-0.015013465829203682,-0.010049914580074619,,-0.026906632,259742.07170694732
126-HYPERLIQUID-xyzSP500-29MAY2026,126,Hyperliquid,S&P500,xyzSP500,2026-05-29,2026-05-09,24,-0.015865000992370402,-0.011516575921072879,,0.0595327775,259742.07170694732
126-HYPERLIQUID-xyzSP500-29MAY2026,126,Hyperliquid,S&P500,xyzSP500,2026-05-29,2026-05-10,24,-0.017038507023386943,-0.01514494684975927,,0.0184082275,260283.738373614
126-HYPERLIQUID-xyzSP500-29MAY2026,126,Hyperliquid,S&P500,xyzSP500,2026-05-29,2026-05-11,24,-0.018271482565891038,-0.014656999653065746,,-0.0472702375,260533.738373614
126-HYPERLIQUID-xyzSP500-29MAY2026,126,Hyperliquid,S&P500,xyzSP500,2026-05-29,2026-05-12,24,-0.01807499032195102,-0.01605932260097662,,0.0191517325,474241.6163981754
126-HYPERLIQUID-xyzSP500-29MAY2026,126,Hyperliquid,S&P500,xyzSP500,2026-05-29,2026-05-13,24,-0.012006244070774011,-0.010537529662510939,,-0.01843834,506726.26356105
126-HYPERLIQUID-xyzSP500-29MAY2026,126,Hyperliquid,S&P500,xyzSP500,2026-05-29,2026-05-14,24,-0.009237344420263699,-0.004510027200983681,,-0.0146948635,492278.80040874163
126-HYPERLIQUID-xyzSP500-29MAY2026,126,Hyperliquid,S&P500,xyzSP500,2026-05-29,2026-05-15,24,-0.007128489913617618,-0.008437721269934589,,-0.007944955,492049.51058518747
126-HYPERLIQUID-xyzSP500-29MAY2026,126,Hyperliquid,S&P500,xyzSP500,2026-05-29,2026-05-16,24,-0.007945859317748155,-0.004510027200983681,,0.033189048500000005,492065.67953049997
126-HYPERLIQUID-xyzSP500-29MAY2026,126,Hyperliquid,S&P500,xyzSP500,2026-05-29,2026-05-17,17,-0.008637479582781687,-0.004510027200983681,,0.058049685882352944,492065.67953049997
127-LIGHTER-ETH-29MAY2026,127,Lighter,ETH,ETH,2026-05-29,2026-05-12,18,0.03000926052435443,0.030041672359594943,0.03,0.06521333333333333,21.84067151
127-LIGHTER-ETH-29MAY2026,127,Lighter,ETH,ETH,2026-05-29,2026-05-13,24,0.03783686377683014,0.037826466393447625,0.03783686377683014,0.070445,74.54516178187073
127-LIGHTER-ETH-29MAY2026,127,Lighter,ETH,ETH,2026-05-29,2026-05-14,24,0.04252994492025434,0.042522346246474635,0.04252994492025434,0.05694,86.3484877138179
127-LIGHTER-ETH-29MAY2026,127,Lighter,ETH,ETH,2026-05-29,2026-05-15,24,0.045769691510833405,0.045769691510833405,0.045769691510833405,0.027375,130.89882643513474
127-LIGHTER-ETH-29MAY2026,127,Lighter,ETH,ETH,2026-05-29,2026-05-16,24,0.04539927108497858,0.04539927108497858,0.04539927108497858,0.068255,129.0172320465992
127-LIGHTER-ETH-29MAY2026,127,Lighter,ETH,ETH,2026-05-29,2026-05-17,17,0.044835959260251246,0.04484666754677411,0.044835959260251246,0.06286588235294119,130.1055862953343
128-HYPERLIQUID-ETH-25DEC2026,128,Hyperliquid,ETH,ETH,2026-12-25,2026-05-12,18,0.04485365960292929,0.0449231738640741,0.04479138798522395,0.069827274,1.0240404533333334
128-HYPERLIQUID-ETH-25DEC2026,128,Hyperliquid,ETH,ETH,2026-12-25,2026-05-13,24,0.04486440496781901,0.04485498944241956,0.04486440496781901,0.107070049,8.00471276238178
128-HYPERLIQUID-ETH-25DEC2026,128,Hyperliquid,ETH,ETH,2026-12-25,2026-05-14,24,0.044181572357555036,0.044180393576877725,0.044181572357555036,0.09317508299999999,9.9024275834699
128-HYPERLIQUID-ETH-25DEC2026,128,Hyperliquid,ETH,ETH,2026-12-25,2026-05-15,24,0.044145575669489796,0.044145575669489796,0.044145575669489796,0.059227017,9.908910018752538
128-HYPERLIQUID-ETH-25DEC2026,128,Hyperliquid,ETH,ETH,2026-12-25,2026-05-16,24,0.044145575669489796,0.044145575669489796,0.044145575669489796,0.0414963025,9.908910018752538
128-HYPERLIQUID-ETH-25DEC2026,128,Hyperliquid,ETH,ETH,2026-12-25,2026-05-17,17,0.044145575669489796,0.044145575669489796,0.044145575669489796,-0.035391482117647054,9.908910018752538
129-BINANCE-ETHUSDT-25DEC2026,129,Binance,ETH,ETHUSDT,2026-12-25,2026-05-12,18,0.019967668570324306,0.02001948640871382,0.01993065240439788,0.020291566666666667,1.6579653533333334
129-BINANCE-ETHUSDT-25DEC2026,129,Binance,ETH,ETHUSDT,2026-12-25,2026-05-13,24,0.019877885713578063,0.019882075518433098,0.019877885713578063,0.026792368750000004,51.07994350393269
129-BINANCE-ETHUSDT-25DEC2026,129,Binance,ETH,ETHUSDT,2026-12-25,2026-05-14,24,0.0197827142506907,0.019792866904160277,0.0197827142506907,0.05470939375,62.18079372714343
129-BINANCE-ETHUSDT-25DEC2026,129,Binance,ETH,ETHUSDT,2026-12-25,2026-05-15,24,0.017742767320876228,0.017751210148615717,0.017742767320876228,0.005148781250000001,90.42162706047678
129-BINANCE-ETHUSDT-25DEC2026,129,Binance,ETH,ETHUSDT,2026-12-25,2026-05-16,24,0.017487789843065933,0.017551819216263587,0.017487789843065933,0.06361995625,92.92079372714345
129-BINANCE-ETHUSDT-25DEC2026,129,Binance,ETH,ETHUSDT,2026-12-25,2026-05-17,17,0.017487789843065933,0.017551819216263587,0.017487789843065933,0.0661096588235294,92.92079372714343
13-BINANCE-ETHUSDT-28NOV2025,13,Binance,ETH,ETHUSDT,2025-11-28,2025-10-17,22,0.06003141295553222,0.06003141295553222,,0.014969396590909094,0.0
13-BINANCE-ETHUSDT-28NOV2025,13,Binance,ETH,ETHUSDT,2025-11-28,2025-10-18,24,0.060031412955532215,0.060031412955532215,,0.032102890625,0.0
13-BINANCE-ETHUSDT-28NOV2025,13,Binance,ETH,ETHUSDT,2025-11-28,2025-10-19,24,0.060031412955532215,0.060031412955532215,,0.044440575,0.0
13-BINANCE-ETHUSDT-28NOV2025,13,Binance,ETH,ETHUSDT,2025-11-28,2025-10-20,24,0.060017015350913284,0.060031412955532215,0.05999999999999999,0.049575668749999996,17.700833333333332
13-BINANCE-ETHUSDT-28NOV2025,13,Binance,ETH,ETHUSDT,2025-11-28,2025-10-21,24,0.06,0.060031412955532215,0.06,0.04046161875,38.62
13-BINANCE-ETHUSDT-28NOV2025,13,Binance,ETH,ETHUSDT,2025-11-28,2025-10-22,24,0.05358806817093528,0.053594612536671166,0.05358806817093528,0.010072175000000001,51.14750080576285
13-BINANCE-ETHUSDT-28NOV2025,13,Binance,ETH,ETHUSDT,2025-11-28,2025-10-23,24,0.052488758262982736,0.052505595419962546,0.052488758262982736,0.03481324375,410.63411950092285
13-BINANCE-ETHUSDT-28NOV2025,13,Binance,ETH,ETHUSDT,2025-11-28,2025-10-24,24,0.052131424865899424,0.05195248261024001,0.051986792874968095,0.04980014375,568.5481760993098
13-BINANCE-ETHUSDT-28NOV2025,13,Binance,ETH,ETHUSDT,2025-11-28,2025-10-25,24,0.05411006497876244,0.05416272238291936,0.05418914638089383,0.03220623125,696.7131511515687
13-BINANCE-ETHUSDT-28NOV2025,13,Binance,ETH,ETHUSDT,2025-11-28,2025-10-26,24,0.05732804117788526,0.057314831466535925,0.057314831466535925,0.07895178125,1045.7420525023965
13-BINANCE-ETHUSDT-28NOV2025,13,Binance,ETH,ETHUSDT,2025-11-28,2025-10-27,24,0.061354444519000156,0.06134467055928319,0.06133672912123759,0.10255998125,1363.000814802894
13-BINANCE-ETHUSDT-28NOV2025,13,Binance,ETH,ETHUSDT,2025-11-28,2025-10-28,24,0.05890063814067328,0.05886811659112803,0.05885216947459642,0.04051819375,1489.5932315868351
13-BINANCE-ETHUSDT-28NOV2025,13,Binance,ETH,ETHUSDT,2025-11-28,2025-10-29,24,0.05101298943926973,0.05082945786594054,0.050842589860155,-0.009186593750000001,1689.7299744291347
13-BINANCE-ETHUSDT-28NOV2025,13,Binance,ETH,ETHUSDT,2025-11-28,2025-10-30,24,0.04440643696755844,0.04386143637320422,0.04416233778172173,-0.03919141875,2261.755618837065
13-BINANCE-ETHUSDT-28NOV2025,13,Binance,ETH,ETHUSDT,2025-11-28,2025-10-31,24,0.05193020464901016,0.05185671121150612,0.05177570559313605,0.03312055625,2776.493091809923
13-BINANCE-ETHUSDT-28NOV2025,13,Binance,ETH,ETHUSDT,2025-11-28,2025-11-01,24,0.05756606018435293,0.057580671275195276,0.05756606018435293,0.08164913124999999,3573.281297410523
13-BINANCE-ETHUSDT-28NOV2025,13,Binance,ETH,ETHUSDT,2025-11-28,2025-11-02,24,0.05768729303434122,0.05765443864877579,0.057641734688482604,0.07320576875,3487.8764434044824
13-BINANCE-ETHUSDT-28NOV2025,13,Binance,ETH,ETHUSDT,2025-11-28,2025-11-03,24,0.05447984040860043,0.05451481040634054,0.05449742256288381,0.04444650625,3820.139778419609
13-BINANCE-ETHUSDT-28NOV2025,13,Binance,ETH,ETHUSDT,2025-11-28,2025-11-04,24,0.05671837319499331,0.05650337246591741,0.05658157992510254,0.07739870624999999,4101.268061603562
13-BINANCE-ETHUSDT-28NOV2025,13,Binance,ETH,ETHUSDT,2025-11-28,2025-11-05,24,0.050580106338415254,0.05055019378891725,0.05054961663008372,0.0227550125,4290.698531449843
13-BINANCE-ETHUSDT-28NOV2025,13,Binance,ETH,ETHUSDT,2025-11-28,2025-11-06,24,0.052153425212050984,0.05196149992823118,0.05214088023651544,0.0383587625,4644.800236501257
13-BINANCE-ETHUSDT-28NOV2025,13,Binance,ETH,ETHUSDT,2025-11-28,2025-11-07,24,0.0556519648133826,0.05559405792236074,0.05557618867669114,0.0715920125,5379.745062547577
13-BINANCE-ETHUSDT-28NOV2025,13,Binance,ETH,ETHUSDT,2025-11-28,2025-11-08,24,0.05569930993681469,0.05572129620016102,0.05569930993681469,0.08339063749999999,5416.671431718652
13-BINANCE-ETHUSDT-28NOV2025,13,Binance,ETH,ETHUSDT,2025-11-28,2025-11-09,24,0.05185300487712283,0.05177785797490087,0.051861776635241545,0.04639925625,5530.78190914576
13-BINANCE-ETHUSDT-28NOV2025,13,Binance,ETH,ETHUSDT,2025-11-28,2025-11-10,24,0.05665200117028224,0.056584985523795615,0.056656430301100236,0.07374460000000001,6001.601123316363
13-BINANCE-ETHUSDT-28NOV2025,13,Binance,ETH,ETHUSDT,2025-11-28,2025-11-11,24,0.053225916145611625,0.053178044440255035,0.05321713384953241,0.01406846875,6403.555781072573
13-BINANCE-ETHUSDT-28NOV2025,13,Binance,ETH,ETHUSDT,2025-11-28,2025-11-12,24,0.05177519986958748,0.05182694748607775,0.05184149898950304,0.02259851875,6801.551040389553
13-BINANCE-ETHUSDT-28NOV2025,13,Binance,ETH,ETHUSDT,2025-11-28,2025-11-13,24,0.054551150841244955,0.05454564118339298,0.054551150841244955,0.07255424375,6891.533272776585
13-BINANCE-ETHUSDT-28NOV2025,13,Binance,ETH,ETHUSDT,2025-11-28,2025-11-14,24,0.053082878048825465,0.05309025254337787,0.053082878048825465,0.03813474375,6925.436112205014
13-BINANCE-ETHUSDT-28NOV2025,13,Binance,ETH,ETHUSDT,2025-11-28,2025-11-15,24,0.055089757113623045,0.05510943718110533,0.055089757113623045,0.05279861875,7196.28680920753
13-BINANCE-ETHUSDT-28NOV2025,13,Binance,ETH,ETHUSDT,2025-11-28,2025-11-16,24,0.056434174916428596,0.056443681021399766,0.0564165681312107,0.09997897500000001,7622.230420621618
13-BINANCE-ETHUSDT-28NOV2025,13,Binance,ETH,ETHUSDT,2025-11-28,2025-11-17,24,0.060495500188353805,0.06052478858338262,0.060505720787224514,0.09568611875,8411.879365426883
13-BINANCE-ETHUSDT-28NOV2025,13,Binance,ETH,ETHUSDT,2025-11-28,2025-11-18,24,0.06302468743953547,0.06306202416792557,0.06302468743953547,0.0912208,7375.06635843019
13-BINANCE-ETHUSDT-28NOV2025,13,Binance,ETH,ETHUSDT,2025-11-28,2025-11-19,24,0.06853471665236287,0.06842710980483015,0.06847794348589267,0.073990975,6871.8108439344605
13-BINANCE-ETHUSDT-28NOV2025,13,Binance,ETH,ETHUSDT,2025-11-28,2025-11-20,24,0.06859004992019603,0.06860418202465025,0.06855497703623305,0.07765375,7752.981031077142
13-BINANCE-ETHUSDT-28NOV2025,13,Binance,ETH,ETHUSDT,2025-11-28,2025-11-21,24,0.06410025161320511,0.06406645121668755,0.0640825224803498,0.039750325,9337.081724053598
13-BINANCE-ETHUSDT-28NOV2025,13,Binance,ETH,ETHUSDT,2025-11-28,2025-11-22,24,0.06154218099088852,0.06154278462449398,0.061552912200391406,0.05040239375,7799.831785227764
13-BINANCE-ETHUSDT-28NOV2025,13,Binance,ETH,ETHUSDT,2025-11-28,2025-11-23,24,0.059087488120270835,0.05928774854248937,0.059220223018897906,0.015174875000000003,8302.357102444483
13-BINANCE-ETHUSDT-28NOV2025,13,Binance,ETH,ETHUSDT,2025-11-28,2025-11-24,24,0.05870769593093528,0.05870261510077898,0.05870769593093528,0.0432388125,8150.668232029209
13-BINANCE-ETHUSDT-28NOV2025,13,Binance,ETH,ETHUSDT,2025-11-28,2025-11-25,24,0.05799312502724427,0.058068476706557716,0.05799312502724427,0.03192609375,8109.061003389873
13-BINANCE-ETHUSDT-28NOV2025,13,Binance,ETH,ETHUSDT,2025-11-28,2025-11-26,24,0.0532365988758784,0.05317628889913143,0.05309636987945307,0.0200996375,9557.750946989338
13-BINANCE-ETHUSDT-28NOV2025,13,Binance,ETH,ETHUSDT,2025-11-28,2025-11-27,24,0.039627941706267794,0.03966449210177042,0.04260919628860798,0.0190283625,13316.194978518164
130-BINANCE-BTCUSDT-25SEP2026,130,Binance,BTC,BTCUSDT,2026-09-25,2026-05-12,18,0.017990663903326192,0.018021121335043397,0.017982250627631816,0.043660083333333335,0.17829935666666666
130-BINANCE-BTCUSDT-25SEP2026,130,Binance,BTC,BTCUSDT,2026-09-25,2026-05-13,24,0.021403281600792957,0.021389210848828513,0.021403980360238318,0.04767675625,1.1934712213544019
130-BINANCE-BTCUSDT-25SEP2026,130,Binance,BTC,BTCUSDT,2026-09-25,2026-05-14,24,0.022593702199866905,0.02258401940851516,0.022593702199866905,0.03889759375,1.4965177417575177
130-BINANCE-BTCUSDT-25SEP2026,130,Binance,BTC,BTCUSDT,2026-09-25,2026-05-15,24,0.023240242512255618,0.023248932136407607,0.023240242512255618,-0.0155699875,1.634430186893818
130-BINANCE-BTCUSDT-25SEP2026,130,Binance,BTC,BTCUSDT,2026-09-25,2026-05-16,24,0.02319695397227371,0.023202095194809997,0.02319695397227371,0.030138506250000002,1.6150709433422994
130-BINANCE-BTCUSDT-25SEP2026,130,Binance,BTC,BTCUSDT,2026-09-25,2026-05-17,17,0.02199766938403563,0.022038799164325936,0.02199766938403563,0.030053885294117646,1.2864788152908477
131-BINANCE-CLUSDT-18JUN2026,131,Binance,CLOIL,CLUSDT,2026-06-18,2026-05-12,18,-0.4098095835225358,-0.41372413564654686,,-2.6790635,0.0
131-BINANCE-CLUSDT-18JUN2026,131,Binance,CLOIL,CLUSDT,2026-06-18,2026-05-13,24,-0.4176015132632291,-0.43546804931562705,,-2.480808275,0.0
131-BINANCE-CLUSDT-18JUN2026,131,Binance,CLOIL,CLUSDT,2026-06-18,2026-05-14,24,-0.4155389445299567,-0.43516919523755804,,-0.25344869999999997,2.587890625
131-BINANCE-CLUSDT-18JUN2026,131,Binance,CLOIL,CLUSDT,2026-06-18,2026-05-15,24,-0.41836276099945424,-0.4139654708514035,,-0.161784425,9.488932291666666
131-BINANCE-CLUSDT-18JUN2026,131,Binance,CLOIL,CLUSDT,2026-06-18,2026-05-16,24,-0.4172838571223843,-0.4018482650816016,,0.044203324999999995,0.0
131-BINANCE-CLUSDT-18JUN2026,131,Binance,CLOIL,CLUSDT,2026-06-18,2026-05-17,17,-0.4174003523766264,-0.40184826508160165,,-0.0009429882352941177,0.0
132-BINANCE-BZUSDT-18JUN2026,132,Binance,BRENTOIL,BZUSDT,2026-06-18,2026-05-12,18,-0.4299711841648117,-0.4339417180593684,,-2.534879983333333,0.0
132-BINANCE-BZUSDT-18JUN2026,132,Binance,BRENTOIL,BZUSDT,2026-06-18,2026-05-13,24,-0.4377427860274527,-0.45599659010816157,,-2.0672368125,0.0
132-BINANCE-BZUSDT-18JUN2026,132,Binance,BRENTOIL,BZUSDT,2026-06-18,2026-05-14,24,-0.42503331601165,-0.44177484574505943,,-0.1859748,102.25925925925925
132-BINANCE-BZUSDT-18JUN2026,132,Binance,BRENTOIL,BZUSDT,2026-06-18,2026-05-15,24,-0.41432865924171197,-0.41996633021004676,,0.00047815000000000005,229.58083767361111
132-BINANCE-BZUSDT-18JUN2026,132,Binance,BRENTOIL,BZUSDT,2026-06-18,2026-05-16,24,-0.4026985786078788,-0.3989075460779337,,0.0623128,279.1080710130362
132-BINANCE-BZUSDT-18JUN2026,132,Binance,BRENTOIL,BZUSDT,2026-06-18,2026-05-17,17,-0.3912158585630166,-0.3989075460779337,,0.0,333.05263157894757
133-HYPERLIQUID-xyzCL-18JUN2026,133,Hyperliquid,CLOIL,xyzCL,2026-06-18,2026-05-12,18,-0.4602357700797623,-0.4642257082438953,,-2.5794914513333334,5.833333333333333
133-HYPERLIQUID-xyzCL-18JUN2026,133,Hyperliquid,CLOIL,xyzCL,2026-06-18,2026-05-13,24,-0.4571169106474937,-0.47145178584516995,,-2.057826419,50.416666666666664
133-HYPERLIQUID-xyzCL-18JUN2026,133,Hyperliquid,CLOIL,xyzCL,2026-06-18,2026-05-14,24,-0.3931033586084092,-0.4002756611660388,,0.049565978000000004,370.0705187375732
133-HYPERLIQUID-xyzCL-18JUN2026,133,Hyperliquid,CLOIL,xyzCL,2026-06-18,2026-05-15,24,-0.32484331918159126,-0.31556948389344175,,0.027267689999999997,976.4703262061406
133-HYPERLIQUID-xyzCL-18JUN2026,133,Hyperliquid,CLOIL,xyzCL,2026-06-18,2026-05-16,24,-0.30066179125161857,-0.29006632620191736,,0.0700225855,1258.8596491228072
133-HYPERLIQUID-xyzCL-18JUN2026,133,Hyperliquid,CLOIL,xyzCL,2026-06-18,2026-05-17,17,-0.2975873702139302,-0.29006632620191736,,0.06004402870588235,1258.8596491228072
134-HYPERLIQUID-xyzBRENTOIL-18JUN2026,134,Hyperliquid,BRENTOIL,xyzBRENTOIL,2026-06-18,2026-05-12,18,-0.38965429574328,-0.39351288362537606,,-2.282757304,0.0
134-HYPERLIQUID-xyzBRENTOIL-18JUN2026,134,Hyperliquid,BRENTOIL,xyzBRENTOIL,2026-06-18,2026-05-13,24,-0.3949566331422696,-0.4149459362799122,,-1.6089558065,0.0
134-HYPERLIQUID-xyzBRENTOIL-18JUN2026,134,Hyperliquid,BRENTOIL,xyzBRENTOIL,2026-06-18,2026-05-14,24,-0.396430338235026,-0.4127901948119453,,0.3074199725,6.038411458333333
134-HYPERLIQUID-xyzBRENTOIL-18JUN2026,134,Hyperliquid,BRENTOIL,xyzBRENTOIL,2026-06-18,2026-05-15,24,-0.3594071295907699,-0.35185805792065256,,0.1954503825,358.1302043125
134-HYPERLIQUID-xyzBRENTOIL-18JUN2026,134,Hyperliquid,BRENTOIL,xyzBRENTOIL,2026-06-18,2026-05-16,24,-0.3329094198925967,-0.3192891551654716,,0.066097485,661.9147055
134-HYPERLIQUID-xyzBRENTOIL-18JUN2026,134,Hyperliquid,BRENTOIL,xyzBRENTOIL,2026-06-18,2026-05-17,17,-0.33238233629238806,-0.3192891551654716,,0.05454965364705883,661.9147055
14-HYPERLIQUID-BTC-28NOV2025,14,Hyperliquid,BTC,BTC,2025-11-28,2025-10-17,22,0.10948661861873331,0.10948661861873331,,0.039818181818181815,0.0
14-HYPERLIQUID-BTC-28NOV2025,14,Hyperliquid,BTC,BTC,2025-11-28,2025-10-18,24,0.10948661861873331,0.10948661861873331,,0.1095,0.0
14-HYPERLIQUID-BTC-28NOV2025,14,Hyperliquid,BTC,BTC,2025-11-28,2025-10-19,24,0.10948661861873331,0.10948661861873331,,0.061722084,0.0
14-HYPERLIQUID-BTC-28NOV2025,14,Hyperliquid,BTC,BTC,2025-11-28,2025-10-20,24,0.10948661861873331,0.10948661861873331,,0.06303568250000001,0.0
14-HYPERLIQUID-BTC-28NOV2025,14,Hyperliquid,BTC,BTC,2025-11-28,2025-10-21,24,0.10948661861873331,0.10948661861873331,,0.028835073,0.0
14-HYPERLIQUID-BTC-28NOV2025,14,Hyperliquid,BTC,BTC,2025-11-28,2025-10-22,24,0.10948661861873331,0.10948661861873331,,0.081482819,0.0
14-HYPERLIQUID-BTC-28NOV2025,14,Hyperliquid,BTC,BTC,2025-11-28,2025-10-23,24,0.10948661861873331,0.10948661861873331,,0.1095,0.0
14-HYPERLIQUID-BTC-28NOV2025,14,Hyperliquid,BTC,BTC,2025-11-28,2025-10-24,24,0.10948661861873331,0.10948661861873331,,0.1095,0.0
14-HYPERLIQUID-BTC-28NOV2025,14,Hyperliquid,BTC,BTC,2025-11-28,2025-10-25,24,0.10948661861873331,0.10948661861873331,,0.1095,0.0
14-HYPERLIQUID-BTC-28NOV2025,14,Hyperliquid,BTC,BTC,2025-11-28,2025-10-26,24,0.10948661861873331,0.10948661861873331,,0.1095,0.0
14-HYPERLIQUID-BTC-28NOV2025,14,Hyperliquid,BTC,BTC,2025-11-28,2025-10-27,24,0.10948661861873331,0.10948661861873331,,0.1372539065,0.0
14-HYPERLIQUID-BTC-28NOV2025,14,Hyperliquid,BTC,BTC,2025-11-28,2025-10-28,24,0.10948661861873331,0.10948661861873331,,0.1095,0.0
14-HYPERLIQUID-BTC-28NOV2025,14,Hyperliquid,BTC,BTC,2025-11-28,2025-10-29,24,0.10948661861873331,0.10948661861873331,,0.111317408,0.0
14-HYPERLIQUID-BTC-28NOV2025,14,Hyperliquid,BTC,BTC,2025-11-28,2025-10-30,24,0.10948661861873331,0.10948661861873331,,0.1183781505,0.0
14-HYPERLIQUID-BTC-28NOV2025,14,Hyperliquid,BTC,BTC,2025-11-28,2025-10-31,24,0.10948661861873331,0.10948661861873331,,0.1095,0.0
14-HYPERLIQUID-BTC-28NOV2025,14,Hyperliquid,BTC,BTC,2025-11-28,2025-11-01,24,0.10948661861873331,0.10948661861873331,,0.1095,0.0
14-HYPERLIQUID-BTC-28NOV2025,14,Hyperliquid,BTC,BTC,2025-11-28,2025-11-02,24,0.10948661861873331,0.10948661861873331,,0.1095,0.0
14-HYPERLIQUID-BTC-28NOV2025,14,Hyperliquid,BTC,BTC,2025-11-28,2025-11-03,24,0.10074665782422317,0.10213408175598825,0.099,0.105778095,1.2666666666666666
14-HYPERLIQUID-BTC-28NOV2025,14,Hyperliquid,BTC,BTC,2025-11-28,2025-11-04,24,0.0906689953588616,0.0907657702337928,0.09065579761910171,0.083726182,11.556625843376894
14-HYPERLIQUID-BTC-28NOV2025,14,Hyperliquid,BTC,BTC,2025-11-28,2025-11-05,24,0.09412024977808874,0.09411699215692576,0.09412024977808874,0.1095,11.781470931068304
14-HYPERLIQUID-BTC-28NOV2025,14,Hyperliquid,BTC,BTC,2025-11-28,2025-11-06,24,0.09558691274758065,0.09566661975824754,0.09561431152615096,0.0994761875,17.242103115590535
14-HYPERLIQUID-BTC-28NOV2025,14,Hyperliquid,BTC,BTC,2025-11-28,2025-11-07,24,0.09522546746293843,0.09522664906381854,0.09522546746293843,0.095994197,22.14795038996722
14-HYPERLIQUID-BTC-28NOV2025,14,Hyperliquid,BTC,BTC,2025-11-28,2025-11-08,24,0.08991752346666164,0.09007505511980025,0.0898132233084646,0.073352298,46.1302957925391
14-HYPERLIQUID-BTC-28NOV2025,14,Hyperliquid,BTC,BTC,2025-11-28,2025-11-09,24,0.08672436900311271,0.0866225237250164,0.08661571776106869,0.064385781,52.374809271804516
14-HYPERLIQUID-BTC-28NOV2025,14,Hyperliquid,BTC,BTC,2025-11-28,2025-11-10,24,0.0923578337615687,0.09227347521516856,0.0923578337615687,0.1095,46.612487513985826
14-HYPERLIQUID-BTC-28NOV2025,14,Hyperliquid,BTC,BTC,2025-11-28,2025-11-11,24,0.09408521329484999,0.09408521329484999,0.09408521329484999,0.1095,46.55204073414932
14-HYPERLIQUID-BTC-28NOV2025,14,Hyperliquid,BTC,BTC,2025-11-28,2025-11-12,24,0.09374851477467537,0.09385274383493435,0.09374851477467537,0.1095,45.89775926695498
14-HYPERLIQUID-BTC-28NOV2025,14,Hyperliquid,BTC,BTC,2025-11-28,2025-11-13,24,0.09179434793735154,0.09184574372183207,0.09179434793735154,0.105890661,52.76819290382607
14-HYPERLIQUID-BTC-28NOV2025,14,Hyperliquid,BTC,BTC,2025-11-28,2025-11-14,24,0.09058527264452317,0.09058527264452317,0.09058527264452317,0.1095,56.007263650815986
14-HYPERLIQUID-BTC-28NOV2025,14,Hyperliquid,BTC,BTC,2025-11-28,2025-11-15,24,0.09158097410409777,0.09176297627581437,0.09158097410409777,0.11038716900000001,55.84738015081598
14-HYPERLIQUID-BTC-28NOV2025,14,Hyperliquid,BTC,BTC,2025-11-28,2025-11-16,24,0.09183558705526802,0.0918765293544208,0.09183558705526802,0.1095,56.577710374357856
14-HYPERLIQUID-BTC-28NOV2025,14,Hyperliquid,BTC,BTC,2025-11-28,2025-11-17,24,0.09360182617679669,0.09358805332520383,0.09361942783608752,0.110131669,56.24351526632191
14-HYPERLIQUID-BTC-28NOV2025,14,Hyperliquid,BTC,BTC,2025-11-28,2025-11-18,24,0.09615666990884082,0.09614317146144592,0.09617917782776074,0.1179163525,68.29772480483018
14-HYPERLIQUID-BTC-28NOV2025,14,Hyperliquid,BTC,BTC,2025-11-28,2025-11-19,24,0.09641712869275519,0.09641895619167401,0.09641712869275519,0.1095,71.00261606801189
14-HYPERLIQUID-BTC-28NOV2025,14,Hyperliquid,BTC,BTC,2025-11-28,2025-11-20,24,0.09717875807062028,0.09713542672375503,0.09718188771631815,0.1095,70.99850588660362
14-HYPERLIQUID-BTC-28NOV2025,14,Hyperliquid,BTC,BTC,2025-11-28,2025-11-21,24,0.10066395921886478,0.10068111034713005,0.10062597541094971,0.1095,74.42351479152764
14-HYPERLIQUID-BTC-28NOV2025,14,Hyperliquid,BTC,BTC,2025-11-28,2025-11-22,24,0.09713149250412438,0.09705297694861244,0.09704932994182401,0.09342623950000001,80.84978949040335
14-HYPERLIQUID-BTC-28NOV2025,14,Hyperliquid,BTC,BTC,2025-11-28,2025-11-23,24,0.09944024460545837,0.09957085256178423,0.09944941138613583,0.0941927395,81.0769719438716
14-HYPERLIQUID-BTC-28NOV2025,14,Hyperliquid,BTC,BTC,2025-11-28,2025-11-24,24,0.08669738004394785,0.08650310626299679,0.08647222974683628,0.021088459,111.69509844717408
14-HYPERLIQUID-BTC-28NOV2025,14,Hyperliquid,BTC,BTC,2025-11-28,2025-11-25,24,0.054307864507975014,0.05438295166853253,0.054285789099473875,-2.160800000000041e-05,112.44539394074884
14-HYPERLIQUID-BTC-28NOV2025,14,Hyperliquid,BTC,BTC,2025-11-28,2025-11-26,24,0.058032877268833216,0.0580415322289082,0.058032877268833216,0.0678208325,121.77719736751158
14-HYPERLIQUID-BTC-28NOV2025,14,Hyperliquid,BTC,BTC,2025-11-28,2025-11-27,24,0.05154628803981142,0.051440171377341665,0.05154628803981142,0.032539896,111.71476641686888
15-HYPERLIQUID-ETH-28NOV2025,15,Hyperliquid,ETH,ETH,2025-11-28,2025-10-17,22,0.10948661861873331,0.10948661861873331,,0.03747516054545455,0.0
15-HYPERLIQUID-ETH-28NOV2025,15,Hyperliquid,ETH,ETH,2025-11-28,2025-10-18,24,0.10948661861873331,0.10948661861873331,,0.10665730699999999,0.0
15-HYPERLIQUID-ETH-28NOV2025,15,Hyperliquid,ETH,ETH,2025-11-28,2025-10-19,24,0.10948661861873331,0.10948661861873331,,0.001415981,0.0
15-HYPERLIQUID-ETH-28NOV2025,15,Hyperliquid,ETH,ETH,2025-11-28,2025-10-20,24,0.08680525175181387,0.10948661861873331,0.05999999999999999,0.067578874,4.748333333333333
15-HYPERLIQUID-ETH-28NOV2025,15,Hyperliquid,ETH,ETH,2025-11-28,2025-10-21,24,0.09325,0.10361759636172622,0.09325,0.10352436599999999,5.502941008933309
15-HYPERLIQUID-ETH-28NOV2025,15,Hyperliquid,ETH,ETH,2025-11-28,2025-10-22,24,0.09819785293775264,0.09830191724250853,0.09819785293775264,0.0011290910000000005,4.607154785170123
15-HYPERLIQUID-ETH-28NOV2025,15,Hyperliquid,ETH,ETH,2025-11-28,2025-10-23,24,0.08685393432887605,0.08672542896937001,0.08673224442534953,0.0813128385,428.55764767158297
15-HYPERLIQUID-ETH-28NOV2025,15,Hyperliquid,ETH,ETH,2025-11-28,2025-10-24,24,0.08754671531308121,0.0875592537761995,0.08758753089215478,0.1095,422.32032715643635
15-HYPERLIQUID-ETH-28NOV2025,15,Hyperliquid,ETH,ETH,2025-11-28,2025-10-25,24,0.08906419137411181,0.0890414901891739,0.08906419137411181,0.1095,438.55653463629193
15-HYPERLIQUID-ETH-28NOV2025,15,Hyperliquid,ETH,ETH,2025-11-28,2025-10-26,24,0.08939660528242849,0.08939660528242849,0.08939660528242849,0.1095,407.79082934815125
15-HYPERLIQUID-ETH-28NOV2025,15,Hyperliquid,ETH,ETH,2025-11-28,2025-10-27,24,0.09542339597890476,0.0953827829360378,0.09542339597890476,0.1095,327.4169072360524
15-HYPERLIQUID-ETH-28NOV2025,15,Hyperliquid,ETH,ETH,2025-11-28,2025-10-28,24,0.09414693605319248,0.0941850210233262,0.09414238008017616,0.1087543415,606.7066907842881
15-HYPERLIQUID-ETH-28NOV2025,15,Hyperliquid,ETH,ETH,2025-11-28,2025-10-29,24,0.08492355968108924,0.08506903907371538,0.08490045390278973,0.038512172,1114.989324744061
15-HYPERLIQUID-ETH-28NOV2025,15,Hyperliquid,ETH,ETH,2025-11-28,2025-10-30,24,0.08513596190946761,0.0850990015863397,0.08513596190946761,0.1095,1238.7804056017708
15-HYPERLIQUID-ETH-28NOV2025,15,Hyperliquid,ETH,ETH,2025-11-28,2025-10-31,24,0.08691220646661087,0.08684199266794902,0.08688944464718011,0.089522163,1362.9085418984
15-HYPERLIQUID-ETH-28NOV2025,15,Hyperliquid,ETH,ETH,2025-11-28,2025-11-01,24,0.08012914440880256,0.07997175472381439,0.07990417577922841,0.035973779500000004,1296.6625966459223
15-HYPERLIQUID-ETH-28NOV2025,15,Hyperliquid,ETH,ETH,2025-11-28,2025-11-02,24,0.0779947492602138,0.07798688994546972,0.07809043401296892,0.0565384635,1139.665356690413
15-HYPERLIQUID-ETH-28NOV2025,15,Hyperliquid,ETH,ETH,2025-11-28,2025-11-03,24,0.0741372086579138,0.07421545470369165,0.07394708026583385,-0.000532827,1723.290411727961
15-HYPERLIQUID-ETH-28NOV2025,15,Hyperliquid,ETH,ETH,2025-11-28,2025-11-04,24,0.07081182604148763,0.0707683522581875,0.07081182604148763,0.005493469000000002,1994.657962258103
15-HYPERLIQUID-ETH-28NOV2025,15,Hyperliquid,ETH,ETH,2025-11-28,2025-11-05,24,0.06668457412695165,0.06662667689345349,0.06667783527913958,0.055942746999999994,2578.1301858947536
15-HYPERLIQUID-ETH-28NOV2025,15,Hyperliquid,ETH,ETH,2025-11-28,2025-11-06,24,0.07913888784021297,0.07908630650977602,0.07910297010979553,0.080612805,1709.4064383198254
15-HYPERLIQUID-ETH-28NOV2025,15,Hyperliquid,ETH,ETH,2025-11-28,2025-11-07,24,0.07273154448127131,0.07315341417819606,0.07314777057280672,0.058384524,1925.6627378283847
15-HYPERLIQUID-ETH-28NOV2025,15,Hyperliquid,ETH,ETH,2025-11-28,2025-11-08,24,0.07904077499405995,0.0789880527421745,0.07904077499405995,0.1095,1797.5592107960554
15-HYPERLIQUID-ETH-28NOV2025,15,Hyperliquid,ETH,ETH,2025-11-28,2025-11-09,24,0.08082651026818048,0.0807919082093103,0.08082651026818048,0.1095,1755.6783785068362
15-HYPERLIQUID-ETH-28NOV2025,15,Hyperliquid,ETH,ETH,2025-11-28,2025-11-10,24,0.08338548034364231,0.0834475410386566,0.08347579245987292,0.1095,1790.3256587226704
15-HYPERLIQUID-ETH-28NOV2025,15,Hyperliquid,ETH,ETH,2025-11-28,2025-11-11,24,0.0823365289831366,0.08230712576008052,0.08230512453080245,0.053673542,1857.1645643771583
15-HYPERLIQUID-ETH-28NOV2025,15,Hyperliquid,ETH,ETH,2025-11-28,2025-11-12,24,0.0707961675581382,0.07075200894744572,0.07065981550066293,-0.029119116,1822.6526734701947
15-HYPERLIQUID-ETH-28NOV2025,15,Hyperliquid,ETH,ETH,2025-11-28,2025-11-13,24,0.07199937492971821,0.07203278208856669,0.07199937492971821,0.091156049,1512.9804666922028
15-HYPERLIQUID-ETH-28NOV2025,15,Hyperliquid,ETH,ETH,2025-11-28,2025-11-14,24,0.07708825149563296,0.07716184372287435,0.07716023076611793,0.1095,1703.7385426783194
15-HYPERLIQUID-ETH-28NOV2025,15,Hyperliquid,ETH,ETH,2025-11-28,2025-11-15,24,0.08372025504791208,0.08375630420142678,0.08375624468315457,0.1095,2203.8071742547468
15-HYPERLIQUID-ETH-28NOV2025,15,Hyperliquid,ETH,ETH,2025-11-28,2025-11-16,24,0.08592804711888169,0.08596030752250299,0.08594163191947146,0.1095,2428.6963213260956
15-HYPERLIQUID-ETH-28NOV2025,15,Hyperliquid,ETH,ETH,2025-11-28,2025-11-17,24,0.09382911926321708,0.09375931125051633,0.09381084884206801,0.1095,2734.691427427863
15-HYPERLIQUID-ETH-28NOV2025,15,Hyperliquid,ETH,ETH,2025-11-28,2025-11-18,24,0.0992491006746196,0.09917216204891739,0.0992491006746196,0.11573350649999999,2799.044890221608
15-HYPERLIQUID-ETH-28NOV2025,15,Hyperliquid,ETH,ETH,2025-11-28,2025-11-19,24,0.10037866736084274,0.10041719826063984,0.1003649144395861,0.1095,2828.31482197961
15-HYPERLIQUID-ETH-28NOV2025,15,Hyperliquid,ETH,ETH,2025-11-28,2025-11-20,24,0.09974431762670945,0.09975152702502431,0.09974431762670945,0.1095,2844.807052399266
15-HYPERLIQUID-ETH-28NOV2025,15,Hyperliquid,ETH,ETH,2025-11-28,2025-11-21,24,0.10020455818792018,0.1001539498684043,0.10015854978827031,0.099056036,2799.237192074534
15-HYPERLIQUID-ETH-28NOV2025,15,Hyperliquid,ETH,ETH,2025-11-28,2025-11-22,24,0.09168770863481557,0.09153115783468184,0.09155175870526294,0.099699604,2470.7774101329064
15-HYPERLIQUID-ETH-28NOV2025,15,Hyperliquid,ETH,ETH,2025-11-28,2025-11-23,24,0.09691216191349505,0.09688680028022296,0.09691216191349505,0.0941103955,2402.5395971230673
15-HYPERLIQUID-ETH-28NOV2025,15,Hyperliquid,ETH,ETH,2025-11-28,2025-11-24,24,0.09026494781831806,0.09025052037854918,0.09023770476184095,0.097982425,1934.5216791734754
15-HYPERLIQUID-ETH-28NOV2025,15,Hyperliquid,ETH,ETH,2025-11-28,2025-11-25,24,0.09524421390353177,0.09517578754276289,0.09517610626233902,0.109109523,1650.1449684227853
15-HYPERLIQUID-ETH-28NOV2025,15,Hyperliquid,ETH,ETH,2025-11-28,2025-11-26,24,0.09624886277319085,0.09629454278694795,0.09623056858555216,0.10505119750000001,1431.284813510174
15-HYPERLIQUID-ETH-28NOV2025,15,Hyperliquid,ETH,ETH,2025-11-28,2025-11-27,24,0.0938832454162093,0.09390287913211282,0.09388925646170217,0.105776562,1415.566642322993
16-HYPERLIQUID-BTC-28NOV2025,16,Hyperliquid,BTC,BTC,2025-11-28,2025-10-17,22,0.10948661861873331,0.10470902071537042,,0.039818181818181815,0.0
16-HYPERLIQUID-BTC-28NOV2025,16,Hyperliquid,BTC,BTC,2025-11-28,2025-10-18,24,0.10948661861873331,0.10948661861873331,,0.1095,0.0
16-HYPERLIQUID-BTC-28NOV2025,16,Hyperliquid,BTC,BTC,2025-11-28,2025-10-19,24,0.10948661861873331,0.10948661861873331,,0.061722084,0.0
16-HYPERLIQUID-BTC-28NOV2025,16,Hyperliquid,BTC,BTC,2025-11-28,2025-10-20,24,0.10948661861873331,0.10948661861873331,,0.06303568250000001,0.0
16-HYPERLIQUID-BTC-28NOV2025,16,Hyperliquid,BTC,BTC,2025-11-28,2025-10-21,24,0.10948661861873331,0.10948661861873331,,0.028835073,0.0
16-HYPERLIQUID-BTC-28NOV2025,16,Hyperliquid,BTC,BTC,2025-11-28,2025-10-22,24,0.10948661861873331,0.10948661861873331,,0.081482819,0.0
16-HYPERLIQUID-BTC-28NOV2025,16,Hyperliquid,BTC,BTC,2025-11-28,2025-10-23,24,0.10948661861873331,0.10948661861873331,,0.1095,0.0
16-HYPERLIQUID-BTC-28NOV2025,16,Hyperliquid,BTC,BTC,2025-11-28,2025-10-24,24,0.10948661861873331,0.10948661861873331,,0.1095,0.0
16-HYPERLIQUID-BTC-28NOV2025,16,Hyperliquid,BTC,BTC,2025-11-28,2025-10-25,24,0.10948661861873331,0.10948661861873331,,0.1095,0.0
16-HYPERLIQUID-BTC-28NOV2025,16,Hyperliquid,BTC,BTC,2025-11-28,2025-10-26,24,0.10948661861873331,0.10948661861873331,,0.1095,0.0
16-HYPERLIQUID-BTC-28NOV2025,16,Hyperliquid,BTC,BTC,2025-11-28,2025-10-27,24,0.10948661861873331,0.10948661861873331,,0.1372539065,0.0
16-HYPERLIQUID-BTC-28NOV2025,16,Hyperliquid,BTC,BTC,2025-11-28,2025-10-28,24,0.10948661861873331,0.10948661861873331,,0.1095,0.0
16-HYPERLIQUID-BTC-28NOV2025,16,Hyperliquid,BTC,BTC,2025-11-28,2025-10-29,24,0.10948661861873331,0.10948661861873331,,0.111317408,0.0
16-HYPERLIQUID-BTC-28NOV2025,16,Hyperliquid,BTC,BTC,2025-11-28,2025-10-30,24,0.10948661861873331,0.10948661861873331,,0.1183781505,0.0
16-HYPERLIQUID-BTC-28NOV2025,16,Hyperliquid,BTC,BTC,2025-11-28,2025-10-31,24,0.10948661861873331,0.10948661861873331,,0.1095,0.0
16-HYPERLIQUID-BTC-28NOV2025,16,Hyperliquid,BTC,BTC,2025-11-28,2025-11-01,24,0.10948661861873331,0.10948661861873331,,0.1095,0.0
16-HYPERLIQUID-BTC-28NOV2025,16,Hyperliquid,BTC,BTC,2025-11-28,2025-11-02,24,0.10948661861873331,0.10948661861873331,,0.1095,0.0
16-HYPERLIQUID-BTC-28NOV2025,16,Hyperliquid,BTC,BTC,2025-11-28,2025-11-03,24,0.10074665782422317,0.10202163119220509,0.099,0.105778095,127381.66666666667
16-HYPERLIQUID-BTC-28NOV2025,16,Hyperliquid,BTC,BTC,2025-11-28,2025-11-04,24,0.09103289589668512,0.09109176416411872,0.09099876792773369,0.083726182,1334579.022595592
16-HYPERLIQUID-BTC-28NOV2025,16,Hyperliquid,BTC,BTC,2025-11-28,2025-11-05,24,0.09265436188351396,0.092424030448386,0.09243583912498433,0.1095,1994667.2111698387
16-HYPERLIQUID-BTC-28NOV2025,16,Hyperliquid,BTC,BTC,2025-11-28,2025-11-06,24,0.09445209703126926,0.09444763658962678,0.09446328033264505,0.0994761875,2358679.8232570663
16-HYPERLIQUID-BTC-28NOV2025,16,Hyperliquid,BTC,BTC,2025-11-28,2025-11-07,24,0.09576442617759467,0.09577798492348237,0.09577342576024823,0.095994197,2276964.4830244626
16-HYPERLIQUID-BTC-28NOV2025,16,Hyperliquid,BTC,BTC,2025-11-28,2025-11-08,24,0.09078726433459337,0.09091271176293138,0.09092494133981523,0.073352298,2723635.4990408127
16-HYPERLIQUID-BTC-28NOV2025,16,Hyperliquid,BTC,BTC,2025-11-28,2025-11-09,24,0.0909441604985663,0.09091578606670675,0.09096688575911606,0.064385781,2716978.0091594947
16-HYPERLIQUID-BTC-28NOV2025,16,Hyperliquid,BTC,BTC,2025-11-28,2025-11-10,24,0.09423684709599778,0.09421287624903228,0.0942049429811704,0.1095,2092759.6036328862
16-HYPERLIQUID-BTC-28NOV2025,16,Hyperliquid,BTC,BTC,2025-11-28,2025-11-11,24,0.09462782257592316,0.094655198079144,0.09464609823319152,0.1095,2144351.509876633
16-HYPERLIQUID-BTC-28NOV2025,16,Hyperliquid,BTC,BTC,2025-11-28,2025-11-12,24,0.0945046937063969,0.0945046937063969,0.0945046937063969,0.1095,1952830.3012505125
16-HYPERLIQUID-BTC-28NOV2025,16,Hyperliquid,BTC,BTC,2025-11-28,2025-11-13,24,0.09401340657901269,0.09388660146367563,0.09397243014199257,0.105890661,1987054.9564976182
16-HYPERLIQUID-BTC-28NOV2025,16,Hyperliquid,BTC,BTC,2025-11-28,2025-11-14,24,0.09212522649963673,0.09209502251911077,0.09210703447058387,0.1095,1781408.6895985054
16-HYPERLIQUID-BTC-28NOV2025,16,Hyperliquid,BTC,BTC,2025-11-28,2025-11-15,24,0.09234234496178063,0.0922141709327657,0.09218321579421189,0.11038716900000001,1854558.0063093335
16-HYPERLIQUID-BTC-28NOV2025,16,Hyperliquid,BTC,BTC,2025-11-28,2025-11-16,24,0.09360080476275072,0.09359563478068485,0.09360080476275072,0.1095,1853678.0107879918
16-HYPERLIQUID-BTC-28NOV2025,16,Hyperliquid,BTC,BTC,2025-11-28,2025-11-17,24,0.09366347910864176,0.09347092701316086,0.09348127662939497,0.110131669,1617051.994214882
16-HYPERLIQUID-BTC-28NOV2025,16,Hyperliquid,BTC,BTC,2025-11-28,2025-11-18,24,0.0961889571418373,0.09606663266148167,0.09594813272701863,0.1179163525,1647402.3193904336
16-HYPERLIQUID-BTC-28NOV2025,16,Hyperliquid,BTC,BTC,2025-11-28,2025-11-19,24,0.09700515983800795,0.09669641875419756,0.09699061014776407,0.1095,1863855.9809429282
16-HYPERLIQUID-BTC-28NOV2025,16,Hyperliquid,BTC,BTC,2025-11-28,2025-11-20,24,0.09745875451915574,0.097470370205177,0.09745875451915574,0.1095,1942996.6507710114
16-HYPERLIQUID-BTC-28NOV2025,16,Hyperliquid,BTC,BTC,2025-11-28,2025-11-21,24,0.10124988489992942,0.10126144502906266,0.1009236298731483,0.1095,2847591.2809542357
16-HYPERLIQUID-BTC-28NOV2025,16,Hyperliquid,BTC,BTC,2025-11-28,2025-11-22,24,0.09768723020198533,0.09752974504322075,0.09754100835648154,0.09342623950000001,4051538.90535928
16-HYPERLIQUID-BTC-28NOV2025,16,Hyperliquid,BTC,BTC,2025-11-28,2025-11-23,24,0.0993138591498116,0.09941992156692499,0.09929597142810204,0.0941927395,4004053.6928982628
16-HYPERLIQUID-BTC-28NOV2025,16,Hyperliquid,BTC,BTC,2025-11-28,2025-11-24,24,0.08427639024833816,0.08431438775201626,0.08415080669052627,0.021088459,6325404.161685216
16-HYPERLIQUID-BTC-28NOV2025,16,Hyperliquid,BTC,BTC,2025-11-28,2025-11-25,24,0.05864287892176253,0.05867743536606503,0.06013295741405706,-2.160800000000041e-05,10276319.122037368
16-HYPERLIQUID-BTC-28NOV2025,16,Hyperliquid,BTC,BTC,2025-11-28,2025-11-26,24,0.05820989236692687,0.05812973737986744,0.05820989236692687,0.0678208325,12319590.325656429
16-HYPERLIQUID-BTC-28NOV2025,16,Hyperliquid,BTC,BTC,2025-11-28,2025-11-27,24,0.051025446340125596,0.05114258841794663,0.06040865177860158,0.032539896,13919557.688530967
17-HYPERLIQUID-ETH-28NOV2025,17,Hyperliquid,ETH,ETH,2025-11-28,2025-10-17,21,0.10948661861873331,0.10948661861873331,,0.03933658105494505,0.0
17-HYPERLIQUID-ETH-28NOV2025,17,Hyperliquid,ETH,ETH,2025-11-28,2025-10-18,24,0.10948661861873331,0.10948661861873331,,0.10665730699999999,0.0
17-HYPERLIQUID-ETH-28NOV2025,17,Hyperliquid,ETH,ETH,2025-11-28,2025-10-19,24,0.10948661861873331,0.10948661861873331,,0.001415981,0.0
17-HYPERLIQUID-ETH-28NOV2025,17,Hyperliquid,ETH,ETH,2025-11-28,2025-10-20,24,0.1094921941942611,0.10948661861873331,0.1095,0.067578874,34550.416666666664
17-HYPERLIQUID-ETH-28NOV2025,17,Hyperliquid,ETH,ETH,2025-11-28,2025-10-21,24,0.1035625,0.10361759636172622,0.1035625,0.10352436599999999,89063.44210412212
17-HYPERLIQUID-ETH-28NOV2025,17,Hyperliquid,ETH,ETH,2025-11-28,2025-10-22,24,0.09819785293775264,0.09830191724250853,0.09819785293775264,0.0011290910000000005,94821.80121655237
17-HYPERLIQUID-ETH-28NOV2025,17,Hyperliquid,ETH,ETH,2025-11-28,2025-10-23,24,0.08586465488545743,0.08587555729774742,0.08586465488545743,0.0813128385,3745336.972637746
17-HYPERLIQUID-ETH-28NOV2025,17,Hyperliquid,ETH,ETH,2025-11-28,2025-10-24,24,0.08625892825912468,0.08625892825912468,0.08625892825912468,0.1095,4894446.7723963
17-HYPERLIQUID-ETH-28NOV2025,17,Hyperliquid,ETH,ETH,2025-11-28,2025-10-25,24,0.08695625923134749,0.08695625923134749,0.08695625923134749,0.1095,5207204.405536645
17-HYPERLIQUID-ETH-28NOV2025,17,Hyperliquid,ETH,ETH,2025-11-28,2025-10-26,24,0.08916875198286933,0.08916875198286933,0.08916875198286933,0.1095,5279532.96726429
17-HYPERLIQUID-ETH-28NOV2025,17,Hyperliquid,ETH,ETH,2025-11-28,2025-10-27,24,0.09236978834662646,0.09235820903386216,0.09236978834662646,0.1095,5843714.140453871
17-HYPERLIQUID-ETH-28NOV2025,17,Hyperliquid,ETH,ETH,2025-11-28,2025-10-28,24,0.0933926748000673,0.09340177581814058,0.09334715605373561,0.1087543415,6520084.300893114
17-HYPERLIQUID-ETH-28NOV2025,17,Hyperliquid,ETH,ETH,2025-11-28,2025-10-29,24,0.08459054250604463,0.08454371738924082,0.08441876234174304,0.038512172,7181979.369837702
17-HYPERLIQUID-ETH-28NOV2025,17,Hyperliquid,ETH,ETH,2025-11-28,2025-10-30,24,0.08736107244273598,0.08739554529105602,0.087361072442736,0.1095,5969334.952718966
17-HYPERLIQUID-ETH-28NOV2025,17,Hyperliquid,ETH,ETH,2025-11-28,2025-10-31,24,0.08731467346262566,0.08734033178898482,0.08731634690571695,0.089522163,5791956.599308374
17-HYPERLIQUID-ETH-28NOV2025,17,Hyperliquid,ETH,ETH,2025-11-28,2025-11-01,24,0.08062798257792285,0.0806434657963335,0.08061452621862052,0.035973779500000004,6698353.687160035
17-HYPERLIQUID-ETH-28NOV2025,17,Hyperliquid,ETH,ETH,2025-11-28,2025-11-02,24,0.076725625649178,0.07670935724313967,0.07664953289624912,0.0565384635,7868802.576508983
17-HYPERLIQUID-ETH-28NOV2025,17,Hyperliquid,ETH,ETH,2025-11-28,2025-11-03,24,0.07331648151731666,0.073344527161351,0.07330584384226049,-0.000532827,8652541.999817356
17-HYPERLIQUID-ETH-28NOV2025,17,Hyperliquid,ETH,ETH,2025-11-28,2025-11-04,24,0.07094477051997979,0.070765175664127,0.07085874880492078,0.005493469000000002,9651471.419733461
17-HYPERLIQUID-ETH-28NOV2025,17,Hyperliquid,ETH,ETH,2025-11-28,2025-11-05,24,0.06855840068911835,0.06841917119801737,0.068623525088516,0.055942746999999994,9516032.665147128
17-HYPERLIQUID-ETH-28NOV2025,17,Hyperliquid,ETH,ETH,2025-11-28,2025-11-06,24,0.07693457191152238,0.0769050201481782,0.0768721324791399,0.080612805,9056260.992278157
17-HYPERLIQUID-ETH-28NOV2025,17,Hyperliquid,ETH,ETH,2025-11-28,2025-11-07,24,0.07509789704247591,0.07522096936335378,0.07516491696356041,0.058384524,8494531.055410912
17-HYPERLIQUID-ETH-28NOV2025,17,Hyperliquid,ETH,ETH,2025-11-28,2025-11-08,24,0.08208098618376482,0.08207793094662238,0.08208098618376482,0.1095,8341174.386257372
17-HYPERLIQUID-ETH-28NOV2025,17,Hyperliquid,ETH,ETH,2025-11-28,2025-11-09,24,0.08172555516245118,0.08174251362403621,0.08172555516245118,0.1095,8697205.8408154
17-HYPERLIQUID-ETH-28NOV2025,17,Hyperliquid,ETH,ETH,2025-11-28,2025-11-10,24,0.08147539896582624,0.08146287500471354,0.08147089463469324,0.1095,9475542.879628848
17-HYPERLIQUID-ETH-28NOV2025,17,Hyperliquid,ETH,ETH,2025-11-28,2025-11-11,24,0.08176824059587923,0.08183460590330267,0.08176824059587923,0.053673542,10943105.520936146
17-HYPERLIQUID-ETH-28NOV2025,17,Hyperliquid,ETH,ETH,2025-11-28,2025-11-12,24,0.07279800163642337,0.07275581573229607,0.0727489522832274,-0.029119116,11039706.239875158
17-HYPERLIQUID-ETH-28NOV2025,17,Hyperliquid,ETH,ETH,2025-11-28,2025-11-13,24,0.07066260068736453,0.07066102404695151,0.07066260068736453,0.091156049,17313364.82674488
17-HYPERLIQUID-ETH-28NOV2025,17,Hyperliquid,ETH,ETH,2025-11-28,2025-11-14,24,0.07540628679263923,0.07534704424654035,0.07536218853336189,0.1095,19037482.20451115
17-HYPERLIQUID-ETH-28NOV2025,17,Hyperliquid,ETH,ETH,2025-11-28,2025-11-15,24,0.08819447667945383,0.08808112412546033,0.0881689024635469,0.1095,11757685.179000424
17-HYPERLIQUID-ETH-28NOV2025,17,Hyperliquid,ETH,ETH,2025-11-28,2025-11-16,24,0.0882886772053404,0.08837878111586854,0.08822395085649871,0.1095,10794066.839979168
17-HYPERLIQUID-ETH-28NOV2025,17,Hyperliquid,ETH,ETH,2025-11-28,2025-11-17,24,0.09196813965659223,0.09201149374931362,0.09194994034954516,0.1095,9802825.566618469
17-HYPERLIQUID-ETH-28NOV2025,17,Hyperliquid,ETH,ETH,2025-11-28,2025-11-18,24,0.09806846783004587,0.097928141256219,0.09789221185536251,0.11573350649999999,11305672.849521501
17-HYPERLIQUID-ETH-28NOV2025,17,Hyperliquid,ETH,ETH,2025-11-28,2025-11-19,24,0.09941515032076383,0.09940617764120736,0.09941515032076383,0.1095,11841362.843927806
17-HYPERLIQUID-ETH-28NOV2025,17,Hyperliquid,ETH,ETH,2025-11-28,2025-11-20,24,0.10061195558160237,0.10058887228965087,0.10060276723418703,0.1095,11302608.638267903
17-HYPERLIQUID-ETH-28NOV2025,17,Hyperliquid,ETH,ETH,2025-11-28,2025-11-21,24,0.09637263071019207,0.09636834676766903,0.09637263071019207,0.099056036,11361256.753196925
17-HYPERLIQUID-ETH-28NOV2025,17,Hyperliquid,ETH,ETH,2025-11-28,2025-11-22,24,0.09080153207691465,0.09079909699932161,0.09080608213116208,0.099699604,8985789.347881041
17-HYPERLIQUID-ETH-28NOV2025,17,Hyperliquid,ETH,ETH,2025-11-28,2025-11-23,24,0.09201897043484396,0.09204213419232178,0.09201897043484396,0.0941103955,8400240.70759905
17-HYPERLIQUID-ETH-28NOV2025,17,Hyperliquid,ETH,ETH,2025-11-28,2025-11-24,24,0.08953181764455519,0.08965374601222181,0.08953635906212287,0.097982425,7831881.337638685
17-HYPERLIQUID-ETH-28NOV2025,17,Hyperliquid,ETH,ETH,2025-11-28,2025-11-25,24,0.09284985266714191,0.09277941403961885,0.09285445557798389,0.109109523,6295916.969135539
17-HYPERLIQUID-ETH-28NOV2025,17,Hyperliquid,ETH,ETH,2025-11-28,2025-11-26,24,0.09553208994461647,0.09548656159093856,0.09553208994461647,0.10505119750000001,4954719.27771129
17-HYPERLIQUID-ETH-28NOV2025,17,Hyperliquid,ETH,ETH,2025-11-28,2025-11-27,24,0.09449060692565368,0.09433210891894951,0.09453991704133885,0.105776562,4443962.686065822
18-HYPERLIQUID-HYPE-26DEC2025,18,Hyperliquid,HYPE,HYPE,2025-12-26,2025-11-13,17,0.1541486913424157,0.15412090771207243,0.1547420677699485,0.119676492,30055.143300345833
18-HYPERLIQUID-HYPE-26DEC2025,18,Hyperliquid,HYPE,HYPE,2025-12-26,2025-11-14,24,0.13123307223072703,0.13114467302096164,0.13122957852536696,0.223551331,2678580.8384582954
18-HYPERLIQUID-HYPE-26DEC2025,18,Hyperliquid,HYPE,HYPE,2025-12-26,2025-11-15,24,0.1356910857988561,0.1357101863123879,0.1356910857988561,0.145146776,3987678.658897489
18-HYPERLIQUID-HYPE-26DEC2025,18,Hyperliquid,HYPE,HYPE,2025-12-26,2025-11-16,24,0.12728468053176392,0.12732378404500128,0.12728468053176392,0.1100369515,3944195.510652192
18-HYPERLIQUID-HYPE-26DEC2025,18,Hyperliquid,HYPE,HYPE,2025-12-26,2025-11-17,24,0.13708875455032213,0.13685602223685434,0.13709697358163456,0.2843287585,4029095.6249679937
18-HYPERLIQUID-HYPE-26DEC2025,18,Hyperliquid,HYPE,HYPE,2025-12-26,2025-11-18,24,0.13952729129857774,0.1393887996057627,0.13951161093279094,0.2626565185,5142033.882716845
18-HYPERLIQUID-HYPE-26DEC2025,18,Hyperliquid,HYPE,HYPE,2025-12-26,2025-11-19,24,0.13593690100428804,0.13595799174129491,0.1358806551047316,0.147158364,9220021.799336666
18-HYPERLIQUID-HYPE-26DEC2025,18,Hyperliquid,HYPE,HYPE,2025-12-26,2025-11-20,24,0.13605687014190135,0.13604047338923816,0.13605215000295037,0.184495674,13858456.370934688
18-HYPERLIQUID-HYPE-26DEC2025,18,Hyperliquid,HYPE,HYPE,2025-12-26,2025-11-21,24,0.1397486587873438,0.13969489132592977,0.1396728300845974,0.19542976,13842953.302036086
18-HYPERLIQUID-HYPE-26DEC2025,18,Hyperliquid,HYPE,HYPE,2025-12-26,2025-11-22,24,0.14330219940082295,0.1432868773231411,0.14324521902107315,0.17033560849999999,13772658.03158311
18-HYPERLIQUID-HYPE-26DEC2025,18,Hyperliquid,HYPE,HYPE,2025-12-26,2025-11-23,24,0.1268755880804268,0.12691537025542912,0.1268755880804268,0.090867991,14085877.194682213
18-HYPERLIQUID-HYPE-26DEC2025,18,Hyperliquid,HYPE,HYPE,2025-12-26,2025-11-24,24,0.12550897345540066,0.12567453992532188,0.12550023255493062,0.0994410015,14228207.838993223
18-HYPERLIQUID-HYPE-26DEC2025,18,Hyperliquid,HYPE,HYPE,2025-12-26,2025-11-25,24,0.1211854026776316,0.12121098983011602,0.12120847518756576,0.073231337,14841211.68780437
18-HYPERLIQUID-HYPE-26DEC2025,18,Hyperliquid,HYPE,HYPE,2025-12-26,2025-11-26,24,0.1138426946465898,0.11387832497993268,0.1138426946465898,0.0604231585,15217121.861596962
18-HYPERLIQUID-HYPE-26DEC2025,18,Hyperliquid,HYPE,HYPE,2025-12-26,2025-11-27,24,0.11302573770908368,0.11312573146294262,0.11303968452050119,-0.0965171325,14848520.34903037
18-HYPERLIQUID-HYPE-26DEC2025,18,Hyperliquid,HYPE,HYPE,2025-12-26,2025-11-28,24,0.11902509968729107,0.11899385819872305,0.11902509968729107,0.1057158625,14214849.456827847
18-HYPERLIQUID-HYPE-26DEC2025,18,Hyperliquid,HYPE,HYPE,2025-12-26,2025-11-29,24,0.1253609682628186,0.1253504021609022,0.1253609682628186,0.126376213,13914939.9766578
18-HYPERLIQUID-HYPE-26DEC2025,18,Hyperliquid,HYPE,HYPE,2025-12-26,2025-11-30,24,0.12785866101980273,0.12781516428118797,0.12785866101980273,0.148417176,13683453.949549994
18-HYPERLIQUID-HYPE-26DEC2025,18,Hyperliquid,HYPE,HYPE,2025-12-26,2025-12-01,24,0.12863931371186868,0.1286544582569373,0.12863931371186868,0.111915351,13254819.551638165
18-HYPERLIQUID-HYPE-26DEC2025,18,Hyperliquid,HYPE,HYPE,2025-12-26,2025-12-02,24,0.12541858997841038,0.1254173769467393,0.12541858997841038,0.10729320999999999,13260037.013671117
18-HYPERLIQUID-HYPE-26DEC2025,18,Hyperliquid,HYPE,HYPE,2025-12-26,2025-12-03,24,0.12195908487314673,0.12195908487314673,0.12195908487314673,0.1095,13688393.179466302
18-HYPERLIQUID-HYPE-26DEC2025,18,Hyperliquid,HYPE,HYPE,2025-12-26,2025-12-04,24,0.11862006187125457,0.11869719041897554,0.11862006187125457,0.1207809455,14084889.58618617
18-HYPERLIQUID-HYPE-26DEC2025,18,Hyperliquid,HYPE,HYPE,2025-12-26,2025-12-05,24,0.11541086551473512,0.11544306798393134,0.11541086551473512,0.115158303,14406537.67738653
18-HYPERLIQUID-HYPE-26DEC2025,18,Hyperliquid,HYPE,HYPE,2025-12-26,2025-12-06,24,0.11393334144289839,0.11393334144289839,0.11393334144289839,0.1095,14467439.282169765
18-HYPERLIQUID-HYPE-26DEC2025,18,Hyperliquid,HYPE,HYPE,2025-12-26,2025-12-07,24,0.11313136402763656,0.11310163821404444,0.11313136402763656,0.1585634095,16340272.094680807
18-HYPERLIQUID-HYPE-26DEC2025,18,Hyperliquid,HYPE,HYPE,2025-12-26,2025-12-08,24,0.11211931688987435,0.11207750215584046,0.11212395839483175,0.1036699645,17670709.916347194
18-HYPERLIQUID-HYPE-26DEC2025,18,Hyperliquid,HYPE,HYPE,2025-12-26,2025-12-09,24,0.11398282498171869,0.11398211733679302,0.11398282498171869,0.1751743405,18190774.764164094
18-HYPERLIQUID-HYPE-26DEC2025,18,Hyperliquid,HYPE,HYPE,2025-12-26,2025-12-10,24,0.11505441890915068,0.11505727468887576,0.11505441890915068,0.1111753135,18519607.573120885
18-HYPERLIQUID-HYPE-26DEC2025,18,Hyperliquid,HYPE,HYPE,2025-12-26,2025-12-11,24,0.11499631756905439,0.11503893312428469,0.11499631756905442,0.1234160995,18665736.5475285
18-HYPERLIQUID-HYPE-26DEC2025,18,Hyperliquid,HYPE,HYPE,2025-12-26,2025-12-12,24,0.11610760466248232,0.11610592849381252,0.11610760466248232,0.11576810850000001,18773612.463008698
18-HYPERLIQUID-HYPE-26DEC2025,18,Hyperliquid,HYPE,HYPE,2025-12-26,2025-12-13,24,0.11644245414444704,0.11644245414444704,0.11644245414444704,0.1095,19138242.907488808
18-HYPERLIQUID-HYPE-26DEC2025,18,Hyperliquid,HYPE,HYPE,2025-12-26,2025-12-14,24,0.11595904645551752,0.11594541689462035,0.11595904645551754,0.170712325,19391475.51047819
18-HYPERLIQUID-HYPE-26DEC2025,18,Hyperliquid,HYPE,HYPE,2025-12-26,2025-12-15,24,0.11686180663310652,0.1168388270391233,0.11686180663310652,0.13964462,20684984.865188647
18-HYPERLIQUID-HYPE-26DEC2025,18,Hyperliquid,HYPE,HYPE,2025-12-26,2025-12-16,24,0.1147684312810708,0.11477874235008105,0.1147684312810708,0.11441695149999999,21201068.336954486
18-HYPERLIQUID-HYPE-26DEC2025,18,Hyperliquid,HYPE,HYPE,2025-12-26,2025-12-17,24,0.11341239312318009,0.11319989086035555,0.11341239312318009,0.189875555,24212403.62009318
18-HYPERLIQUID-HYPE-26DEC2025,18,Hyperliquid,HYPE,HYPE,2025-12-26,2025-12-18,24,0.11483469209616703,0.11476623977844158,0.11483469209616703,0.1315537015,25167562.51146392
18-HYPERLIQUID-HYPE-26DEC2025,18,Hyperliquid,HYPE,HYPE,2025-12-26,2025-12-19,24,0.11273927130687651,0.11275072810112757,0.11273927130687651,0.1095,25284912.276032846
18-HYPERLIQUID-HYPE-26DEC2025,18,Hyperliquid,HYPE,HYPE,2025-12-26,2025-12-20,24,0.11167998001140363,0.11168343857131767,0.11167998001140363,0.1095,25403418.49382573
18-HYPERLIQUID-HYPE-26DEC2025,18,Hyperliquid,HYPE,HYPE,2025-12-26,2025-12-21,24,0.11319261881997934,0.11318798936695923,0.11319261881997934,0.10598198399999999,25162910.507940937
18-HYPERLIQUID-HYPE-26DEC2025,18,Hyperliquid,HYPE,HYPE,2025-12-26,2025-12-22,24,0.11278315367964122,0.11278315367964122,0.11278315367964122,0.1029577035,24729134.495803583
18-HYPERLIQUID-HYPE-26DEC2025,18,Hyperliquid,HYPE,HYPE,2025-12-26,2025-12-23,24,0.11299736818779459,0.11300094453008341,0.11299736818779459,0.1095,24586173.10103966
18-HYPERLIQUID-HYPE-26DEC2025,18,Hyperliquid,HYPE,HYPE,2025-12-26,2025-12-24,24,0.10971176904288459,0.10974464214956892,0.10971176904288459,0.10432002950000001,24304303.33463936
18-HYPERLIQUID-HYPE-26DEC2025,18,Hyperliquid,HYPE,HYPE,2025-12-26,2025-12-25,24,0.10743374541909462,0.10744584365843989,0.10743374541909462,0.0990771695,23410955.597802103
19-HYPERLIQUID-BTC-26DEC2025,19,Hyperliquid,BTC,BTC,2025-12-26,2025-11-19,19,0.09209492103898556,0.09209492103898556,,0.08644736842105263,0.0
19-HYPERLIQUID-BTC-26DEC2025,19,Hyperliquid,BTC,BTC,2025-12-26,2025-11-20,24,0.0928530829266641,0.09209492103898557,0.09297193689042035,0.1095,0.43333333333333335
19-HYPERLIQUID-BTC-26DEC2025,19,Hyperliquid,BTC,BTC,2025-12-26,2025-11-21,24,0.09838428475248544,0.09810189460728673,0.09838428475248544,0.1095,2.271433564234515
19-HYPERLIQUID-BTC-26DEC2025,19,Hyperliquid,BTC,BTC,2025-12-26,2025-11-22,24,0.09673334037847614,0.09673334037847614,0.09669014325175339,0.09342623950000001,3.349304366495105
19-HYPERLIQUID-BTC-26DEC2025,19,Hyperliquid,BTC,BTC,2025-12-26,2025-11-23,24,0.09559516247806062,0.09559516247806062,0.09559516247806062,0.0941927395,3.031758074823357
19-HYPERLIQUID-BTC-26DEC2025,19,Hyperliquid,BTC,BTC,2025-12-26,2025-11-24,24,0.09462329123641001,0.09461107566842453,0.0946179467434038,0.021088459,4.41295279512574
19-HYPERLIQUID-BTC-26DEC2025,19,Hyperliquid,BTC,BTC,2025-12-26,2025-11-25,24,0.08882720309976855,0.08884177503078862,0.08880772023021592,-2.160800000000041e-05,15.597086666840397
19-HYPERLIQUID-BTC-26DEC2025,19,Hyperliquid,BTC,BTC,2025-12-26,2025-11-26,24,0.08868819516350995,0.08868706188887511,0.08868819516350995,0.0678208325,21.740524266770326
19-HYPERLIQUID-BTC-26DEC2025,19,Hyperliquid,BTC,BTC,2025-12-26,2025-11-27,24,0.0894317661274065,0.0894297084395666,0.0894317661274065,0.032539896,26.04431295298168
19-HYPERLIQUID-BTC-26DEC2025,19,Hyperliquid,BTC,BTC,2025-12-26,2025-11-28,24,0.08856524715897372,0.08853740391562957,0.08856524715897372,0.0795130235,28.99269258331988
19-HYPERLIQUID-BTC-26DEC2025,19,Hyperliquid,BTC,BTC,2025-12-26,2025-11-29,24,0.08701539433401317,0.08701991920604003,0.08701539433401317,0.033973908,31.47413768355913
19-HYPERLIQUID-BTC-26DEC2025,19,Hyperliquid,BTC,BTC,2025-12-26,2025-11-30,24,0.08573410417273629,0.08573410417273629,0.08573410417273629,0.0964206265,31.928474732533278
19-HYPERLIQUID-BTC-26DEC2025,19,Hyperliquid,BTC,BTC,2025-12-26,2025-12-01,24,0.08700173702323899,0.08699508131174456,0.08700625895512254,0.045058885,33.538071903905056
19-HYPERLIQUID-BTC-26DEC2025,19,Hyperliquid,BTC,BTC,2025-12-26,2025-12-02,24,0.07954705437127095,0.07966847227176839,0.07946158373792904,-0.0749914035,41.14715441099642
19-HYPERLIQUID-BTC-26DEC2025,19,Hyperliquid,BTC,BTC,2025-12-26,2025-12-03,24,0.08377009010048397,0.08372166092361795,0.08373612536835688,0.0678045535,47.31496811550901
19-HYPERLIQUID-BTC-26DEC2025,19,Hyperliquid,BTC,BTC,2025-12-26,2025-12-04,24,0.08042774750768188,0.080463838504976,0.08045482353797476,0.0540035385,59.79510496035642
19-HYPERLIQUID-BTC-26DEC2025,19,Hyperliquid,BTC,BTC,2025-12-26,2025-12-05,24,0.0805715736557286,0.08063755935191536,0.08056307430965845,0.06197864249999999,65.53804561264134
19-HYPERLIQUID-BTC-26DEC2025,19,Hyperliquid,BTC,BTC,2025-12-26,2025-12-06,24,0.07763541090620182,0.07758141698665781,0.07763541090620182,0.034660692,72.61357701041436
19-HYPERLIQUID-BTC-26DEC2025,19,Hyperliquid,BTC,BTC,2025-12-26,2025-12-07,24,0.07478854513317558,0.07468591783164198,0.07478854513317558,-0.041525539,68.67324374878832
19-HYPERLIQUID-BTC-26DEC2025,19,Hyperliquid,BTC,BTC,2025-12-26,2025-12-08,24,0.07124736160471984,0.07137205927155037,0.07147105435611184,0.0221434915,87.4611668400817
19-HYPERLIQUID-BTC-26DEC2025,19,Hyperliquid,BTC,BTC,2025-12-26,2025-12-09,24,0.07026909432876383,0.07023971445942344,0.0720355722965459,0.037662014,99.99599430053138
19-HYPERLIQUID-BTC-26DEC2025,19,Hyperliquid,BTC,BTC,2025-12-26,2025-12-10,24,0.0724419733753594,0.07234165598236696,0.0724247051212852,0.09587243299999999,99.54043088406206
19-HYPERLIQUID-BTC-26DEC2025,19,Hyperliquid,BTC,BTC,2025-12-26,2025-12-11,24,0.07592740428040008,0.07592291164502457,0.07592740428040008,0.087916601,101.05532551928026
19-HYPERLIQUID-BTC-26DEC2025,19,Hyperliquid,BTC,BTC,2025-12-26,2025-12-12,24,0.08448916040332365,0.08459787423145874,0.08455220465452512,0.10741665299999999,91.00277310279758
19-HYPERLIQUID-BTC-26DEC2025,19,Hyperliquid,BTC,BTC,2025-12-26,2025-12-13,24,0.08396765478411831,0.08398077322140772,0.08396765478411831,0.1074046445,97.83726416669913
19-HYPERLIQUID-BTC-26DEC2025,19,Hyperliquid,BTC,BTC,2025-12-26,2025-12-14,24,0.08163993157009859,0.08166622504431206,0.08162194934412731,0.074270711,101.9603743924556
19-HYPERLIQUID-BTC-26DEC2025,19,Hyperliquid,BTC,BTC,2025-12-26,2025-12-15,24,0.0763477607609367,0.07642127852076172,0.07709553694344153,0.0460542765,100.921985251693
19-HYPERLIQUID-BTC-26DEC2025,19,Hyperliquid,BTC,BTC,2025-12-26,2025-12-16,24,0.07630765991957435,0.07639459660092505,0.07631215974874012,0.0518222985,105.35603903938629
19-HYPERLIQUID-BTC-26DEC2025,19,Hyperliquid,BTC,BTC,2025-12-26,2025-12-17,24,0.07202740931578665,0.0720783420200916,0.07203187463018308,0.015411650499999999,115.71444344879423
19-HYPERLIQUID-BTC-26DEC2025,19,Hyperliquid,BTC,BTC,2025-12-26,2025-12-18,24,0.07327207883490712,0.07323353741484397,0.07323911800684599,0.088986854,92.68011846733496
19-HYPERLIQUID-BTC-26DEC2025,19,Hyperliquid,BTC,BTC,2025-12-26,2025-12-19,24,0.07242560768368317,0.0722257589077866,0.07335714695452475,0.048942339,93.56750614064248
19-HYPERLIQUID-BTC-26DEC2025,19,Hyperliquid,BTC,BTC,2025-12-26,2025-12-20,24,0.061018346252729845,0.060481514322414054,,-0.0378719985,117.25900498019264
19-HYPERLIQUID-BTC-26DEC2025,19,Hyperliquid,BTC,BTC,2025-12-26,2025-12-21,24,0.06805782231954598,0.06823035480788076,0.07254363336927913,0.073943452,109.45331860051353
19-HYPERLIQUID-BTC-26DEC2025,19,Hyperliquid,BTC,BTC,2025-12-26,2025-12-22,24,0.06888244509205291,0.06889266992604276,0.07198094548480309,0.0660496335,98.24612701370478
19-HYPERLIQUID-BTC-26DEC2025,19,Hyperliquid,BTC,BTC,2025-12-26,2025-12-23,24,0.05509259624931385,0.056240744896921095,,0.053345042,101.38551598209273
19-HYPERLIQUID-BTC-26DEC2025,19,Hyperliquid,BTC,BTC,2025-12-26,2025-12-24,24,0.07189787049089502,0.07168360725212261,0.07464468527558688,0.1060379385,93.52700137581473
19-HYPERLIQUID-BTC-26DEC2025,19,Hyperliquid,BTC,BTC,2025-12-26,2025-12-25,24,0.09265156432200955,0.09255642124580228,0.09265156432200955,0.1095,91.91298791987151
2-BINANCE-BTCUSDT-26SEP2025,2,Binance,BTC,BTCUSDT,2025-09-26,2025-08-01,24,0.07107908396237907,0.07115160028978035,0.07107908396237907,0.023220843749999998,1.74964125
2-BINANCE-BTCUSDT-26SEP2025,2,Binance,BTC,BTCUSDT,2025-09-26,2025-08-02,24,0.06905771704574276,0.06905771704574276,0.06905771704574276,0.037582225000000004,1.963519
2-BINANCE-BTCUSDT-26SEP2025,2,Binance,BTC,BTCUSDT,2025-09-26,2025-08-03,24,0.06940061920782507,0.06940061920782507,0.06940061920782507,0.06309618125000001,1.963519
2-BINANCE-BTCUSDT-26SEP2025,2,Binance,BTC,BTCUSDT,2025-09-26,2025-08-04,24,0.06355396598762277,0.06353712537532791,0.06355396598762277,0.0520782,2.5593105549243433
2-BINANCE-BTCUSDT-26SEP2025,2,Binance,BTC,BTCUSDT,2025-09-26,2025-08-05,24,0.06029701897520206,0.0601864861306334,0.06028166184670187,0.07433225,3.6792788429161347
2-BINANCE-BTCUSDT-26SEP2025,2,Binance,BTC,BTCUSDT,2025-09-26,2025-08-06,24,0.07093051473165528,0.07093002536093292,0.07092858610236315,0.08138405,42.94118681855482
2-BINANCE-BTCUSDT-26SEP2025,2,Binance,BTC,BTCUSDT,2025-09-26,2025-08-07,24,0.07183793974783965,0.07201323302472189,0.0718917965113349,0.06914423125000001,90.28466926292005
2-BINANCE-BTCUSDT-26SEP2025,2,Binance,BTC,BTCUSDT,2025-09-26,2025-08-08,24,0.06910125545031394,0.06907011918425136,0.0691036373223597,0.043408537500000004,106.53364856201536
2-BINANCE-BTCUSDT-26SEP2025,2,Binance,BTC,BTCUSDT,2025-09-26,2025-08-09,24,0.07721153725074913,0.07697501303976943,0.07702519588319143,0.0855039875,93.75107941693449
2-BINANCE-BTCUSDT-26SEP2025,2,Binance,BTC,BTCUSDT,2025-09-26,2025-08-10,24,0.08141528965601359,0.08139590650071217,0.08141528965601359,0.10673649375,88.14057272903248
2-BINANCE-BTCUSDT-26SEP2025,2,Binance,BTC,BTCUSDT,2025-09-26,2025-08-11,24,0.08223740266827896,0.08235581258998063,0.08224644336733801,0.1095,89.1080184065769
2-BINANCE-BTCUSDT-26SEP2025,2,Binance,BTC,BTCUSDT,2025-09-26,2025-08-12,24,0.08149842332860724,0.08147230150952503,0.08152562001059947,0.09750290625000001,85.48845556848975
2-BINANCE-BTCUSDT-26SEP2025,2,Binance,BTC,BTCUSDT,2025-09-26,2025-08-13,24,0.0819430357152742,0.0818391764112134,0.08196035301778636,0.09833419375,91.19400898689099
2-BINANCE-BTCUSDT-26SEP2025,2,Binance,BTC,BTCUSDT,2025-09-26,2025-08-14,24,0.08678026410873281,0.08675438451281038,0.0865915201951958,0.1095,92.13824042974323
2-BINANCE-BTCUSDT-26SEP2025,2,Binance,BTC,BTCUSDT,2025-09-26,2025-08-15,24,0.07922617314745534,0.07896702721056108,0.07882662328120756,0.052690487499999994,92.17881411937348
2-BINANCE-BTCUSDT-26SEP2025,2,Binance,BTC,BTCUSDT,2025-09-26,2025-08-16,24,0.07648346825916617,0.07646021107049546,0.07693186450989703,0.09299606875,88.99685694321994
2-BINANCE-BTCUSDT-26SEP2025,2,Binance,BTC,BTCUSDT,2025-09-26,2025-08-17,24,0.07640298373892819,0.07644509794779848,0.07639401686864407,0.05709740625,87.0479288047049
2-BINANCE-BTCUSDT-26SEP2025,2,Binance,BTC,BTCUSDT,2025-09-26,2025-08-18,24,0.07067183288991327,0.07066169035935069,0.07064953532266927,0.0256622375,97.52010739375736
2-BINANCE-BTCUSDT-26SEP2025,2,Binance,BTC,BTCUSDT,2025-09-26,2025-08-19,24,0.07044067695511519,0.07044747210890362,0.07044067695511519,0.061437256249999996,102.00747566130228
2-BINANCE-BTCUSDT-26SEP2025,2,Binance,BTC,BTCUSDT,2025-09-26,2025-08-20,24,0.06876762713119207,0.06877662541609804,0.06876762713119207,0.03876984375,111.46641544340555
2-BINANCE-BTCUSDT-26SEP2025,2,Binance,BTC,BTCUSDT,2025-09-26,2025-08-21,24,0.0685047532854671,0.06848865737877939,0.0685047532854671,0.058415512499999996,107.01606474161916
2-BINANCE-BTCUSDT-26SEP2025,2,Binance,BTC,BTCUSDT,2025-09-26,2025-08-22,24,0.07071863177236705,0.07071653356314418,0.07069629135390189,0.08525076875,117.48134451570759
2-BINANCE-BTCUSDT-26SEP2025,2,Binance,BTC,BTCUSDT,2025-09-26,2025-08-23,24,0.07554064239455487,0.07541081694945627,0.07572438218946448,0.106691325,108.82419980557829
2-BINANCE-BTCUSDT-26SEP2025,2,Binance,BTC,BTCUSDT,2025-09-26,2025-08-24,24,0.07825991725570261,0.07821011296679285,0.07828267269119432,0.10936814375,105.81742130364763
2-BINANCE-BTCUSDT-26SEP2025,2,Binance,BTC,BTCUSDT,2025-09-26,2025-08-25,24,0.0790835590442013,0.07909791326564912,0.07902625501502637,0.10421114999999999,108.52542030540342
2-BINANCE-BTCUSDT-26SEP2025,2,Binance,BTC,BTCUSDT,2025-09-26,2025-08-26,24,0.0756464253783821,0.0756496463394596,0.07569389666754003,0.06648475,103.06972443211536
2-BINANCE-BTCUSDT-26SEP2025,2,Binance,BTC,BTCUSDT,2025-09-26,2025-08-27,24,0.07492938245568985,0.07503443681346451,0.07488586075178762,0.042391099999999994,97.10553097534152
2-BINANCE-BTCUSDT-26SEP2025,2,Binance,BTC,BTCUSDT,2025-09-26,2025-08-28,24,0.0753451190537915,0.07530887996985179,0.07513051637279074,0.0803,100.09016284660957
2-BINANCE-BTCUSDT-26SEP2025,2,Binance,BTC,BTCUSDT,2025-09-26,2025-08-29,24,0.07190920201041658,0.07171920605406511,0.07163361443337876,0.042411175,101.26936440569114
2-BINANCE-BTCUSDT-26SEP2025,2,Binance,BTC,BTCUSDT,2025-09-26,2025-08-30,24,0.07010485849374744,0.07004605379604463,0.07010485849374744,0.0825602625,99.96425838802487
2-BINANCE-BTCUSDT-26SEP2025,2,Binance,BTC,BTCUSDT,2025-09-26,2025-08-31,24,0.07119779976632706,0.07128711052012837,0.07128711052012837,0.04844371250000001,94.42231643063674
2-BINANCE-BTCUSDT-26SEP2025,2,Binance,BTC,BTCUSDT,2025-09-26,2025-09-01,24,0.07114425349154098,0.07125591092036095,0.07122028032158033,0.07392208125000001,91.690760638761
2-BINANCE-BTCUSDT-26SEP2025,2,Binance,BTC,BTCUSDT,2025-09-26,2025-09-02,24,0.07115761774212519,0.07115761774212519,0.07115761774212519,0.08005499375,93.92150046340127
2-BINANCE-BTCUSDT-26SEP2025,2,Binance,BTC,BTCUSDT,2025-09-26,2025-09-03,24,0.0689307216723281,0.06894112732472786,0.0687299492213974,0.031899175,100.6064807729169
2-BINANCE-BTCUSDT-26SEP2025,2,Binance,BTC,BTCUSDT,2025-09-26,2025-09-04,24,0.0652852696801861,0.06528558510165924,0.0652852696801861,0.049035468750000005,103.92589108576853
2-BINANCE-BTCUSDT-26SEP2025,2,Binance,BTC,BTCUSDT,2025-09-26,2025-09-05,24,0.07073555201235111,0.07085968957295655,0.07079200072792645,0.09275608125,85.85888556234187
2-BINANCE-BTCUSDT-26SEP2025,2,Binance,BTC,BTCUSDT,2025-09-26,2025-09-06,24,0.07094746997124361,0.07114035438666345,0.07100105420130702,0.045304712500000004,105.11380276416601
2-BINANCE-BTCUSDT-26SEP2025,2,Binance,BTC,BTCUSDT,2025-09-26,2025-09-07,24,0.07225629279796407,0.07233563610256517,0.07234220456322563,0.044959331250000005,107.31017139669343
2-BINANCE-BTCUSDT-26SEP2025,2,Binance,BTC,BTCUSDT,2025-09-26,2025-09-08,24,0.07251990275136715,0.07257910041557479,0.07252018335605281,0.08524301249999999,100.10775711810469
2-BINANCE-BTCUSDT-26SEP2025,2,Binance,BTC,BTCUSDT,2025-09-26,2025-09-09,24,0.07155048149338301,0.07172909764318876,0.07172214032724232,0.08563949375,89.11421604522683
2-BINANCE-BTCUSDT-26SEP2025,2,Binance,BTC,BTCUSDT,2025-09-26,2025-09-10,24,0.07222193100726414,0.07223375677376395,0.07228509294551227,0.07603315000000001,84.07090471046219
2-BINANCE-BTCUSDT-26SEP2025,2,Binance,BTC,BTCUSDT,2025-09-26,2025-09-11,24,0.07226936399004781,0.0722694922404126,0.07226936399004781,0.0521448125,87.77327135122992
2-BINANCE-BTCUSDT-26SEP2025,2,Binance,BTC,BTCUSDT,2025-09-26,2025-09-12,24,0.07238487582234696,0.07236032357250828,0.07234471967810978,0.05967886875,83.01950188012029
2-BINANCE-BTCUSDT-26SEP2025,2,Binance,BTC,BTCUSDT,2025-09-26,2025-09-13,24,0.07066540232354902,0.07065848815635765,0.07067879157114383,0.015706862499999998,101.52358535267997
2-BINANCE-BTCUSDT-26SEP2025,2,Binance,BTC,BTCUSDT,2025-09-26,2025-09-14,24,0.07165767179765604,0.07152368602037423,0.07147903019626121,0.058691087499999996,103.39728266406023
2-BINANCE-BTCUSDT-26SEP2025,2,Binance,BTC,BTCUSDT,2025-09-26,2025-09-15,24,0.07159067681953747,0.07161603825086395,0.07158724738813722,0.0803757375,108.33956675627856
2-BINANCE-BTCUSDT-26SEP2025,2,Binance,BTC,BTCUSDT,2025-09-26,2025-09-16,24,0.0726548831218644,0.07257215264993733,0.0726548831218644,0.05356238124999999,102.86451313870658
2-BINANCE-BTCUSDT-26SEP2025,2,Binance,BTC,BTCUSDT,2025-09-26,2025-09-17,24,0.07372709411989736,0.07381023594347745,0.07371367270081375,0.07934050625,83.78665437512537
2-BINANCE-BTCUSDT-26SEP2025,2,Binance,BTC,BTCUSDT,2025-09-26,2025-09-18,24,0.0737361218969102,0.07377744408659957,0.07358008413876094,0.06693689375,77.37865641753707
2-BINANCE-BTCUSDT-26SEP2025,2,Binance,BTC,BTCUSDT,2025-09-26,2025-09-19,24,0.06954712418548355,0.06941869477076985,0.06925299618091872,0.025586499999999998,96.95466558986129
2-BINANCE-BTCUSDT-26SEP2025,2,Binance,BTC,BTCUSDT,2025-09-26,2025-09-20,24,0.054217066293941685,0.05443346641828963,0.05407167468302903,0.012803287500000001,112.76827820289587
2-BINANCE-BTCUSDT-26SEP2025,2,Binance,BTC,BTCUSDT,2025-09-26,2025-09-21,24,0.04581324366784306,0.04614475469932994,0.04596942090925579,0.0014216750000000007,109.43123284942334
2-BINANCE-BTCUSDT-26SEP2025,2,Binance,BTC,BTCUSDT,2025-09-26,2025-09-22,24,0.04173012426926576,0.041723792715589986,0.04167867907415154,0.04784785,111.23098860206274
2-BINANCE-BTCUSDT-26SEP2025,2,Binance,BTC,BTCUSDT,2025-09-26,2025-09-23,24,0.05571334557027452,0.0554665967185651,0.05583709037566046,0.07771945000000001,104.55436940152872
2-BINANCE-BTCUSDT-26SEP2025,2,Binance,BTC,BTCUSDT,2025-09-26,2025-09-24,24,0.07011369118110984,0.06993470962264324,0.06994567616791682,0.06303915,97.92862731633745
2-BINANCE-BTCUSDT-26SEP2025,2,Binance,BTC,BTCUSDT,2025-09-26,2025-09-25,24,0.05665075912997102,0.05670086292482718,0.05659442773118096,0.0382729875,96.753524371354
20-HYPERLIQUID-ETH-26DEC2025,20,Hyperliquid,ETH,ETH,2025-12-26,2025-11-19,19,0.09209492103898556,0.09209492103898556,,0.08644736842105263,0.0
20-HYPERLIQUID-ETH-26DEC2025,20,Hyperliquid,ETH,ETH,2025-12-26,2025-11-20,24,0.09449515055553463,0.09387183985656404,0.095,0.1095,18.55
20-HYPERLIQUID-ETH-26DEC2025,20,Hyperliquid,ETH,ETH,2025-12-26,2025-11-21,24,0.0967162726915875,0.09682311466479544,0.09661483887195205,0.099056036,97.22824535847455
20-HYPERLIQUID-ETH-26DEC2025,20,Hyperliquid,ETH,ETH,2025-12-26,2025-11-22,24,0.09184931728445307,0.09210749371880035,0.09174013235820654,0.099699604,280.5431057648174
20-HYPERLIQUID-ETH-26DEC2025,20,Hyperliquid,ETH,ETH,2025-12-26,2025-11-23,24,0.09134438544154244,0.09134117199847042,0.09134438544154244,0.0941103955,384.36572162301724
20-HYPERLIQUID-ETH-26DEC2025,20,Hyperliquid,ETH,ETH,2025-12-26,2025-11-24,24,0.09010409950543906,0.0900586717033519,0.0900586717033519,0.097982425,536.5227039445339
20-HYPERLIQUID-ETH-26DEC2025,20,Hyperliquid,ETH,ETH,2025-12-26,2025-11-25,24,0.09123097455832092,0.09120125472985785,0.09123097455832092,0.109109523,486.69258999112645
20-HYPERLIQUID-ETH-26DEC2025,20,Hyperliquid,ETH,ETH,2025-12-26,2025-11-26,24,0.09322856001899886,0.09316934330280062,0.09322856001899886,0.10505119750000001,463.808506517016
20-HYPERLIQUID-ETH-26DEC2025,20,Hyperliquid,ETH,ETH,2025-12-26,2025-11-27,24,0.09157447169338734,0.09206169136068972,0.09139541911684625,0.105776562,649.9929694849242
20-HYPERLIQUID-ETH-26DEC2025,20,Hyperliquid,ETH,ETH,2025-12-26,2025-11-28,24,0.08627722598671984,0.08638213099700026,0.08610694031219883,0.06298509349999999,1030.711607578134
20-HYPERLIQUID-ETH-26DEC2025,20,Hyperliquid,ETH,ETH,2025-12-26,2025-11-29,24,0.0831381990650316,0.08310555813225573,0.08303944992224867,0.02860797,1292.8085734525043
20-HYPERLIQUID-ETH-26DEC2025,20,Hyperliquid,ETH,ETH,2025-12-26,2025-11-30,24,0.08443299461020376,0.08441432251660956,0.08443299461020376,0.100148189,1380.288229070217
20-HYPERLIQUID-ETH-26DEC2025,20,Hyperliquid,ETH,ETH,2025-12-26,2025-12-01,24,0.08584750560228725,0.08577518000800678,0.0857668959540752,0.0915245165,1522.3496385425822
20-HYPERLIQUID-ETH-26DEC2025,20,Hyperliquid,ETH,ETH,2025-12-26,2025-12-02,24,0.08556160223156589,0.08568405717237575,0.08558867966398374,0.087929376,1703.4760583467414
20-HYPERLIQUID-ETH-26DEC2025,20,Hyperliquid,ETH,ETH,2025-12-26,2025-12-03,24,0.08532883316139243,0.08537301624455074,0.08531625068965167,0.08869248149999999,1896.0355183741458
20-HYPERLIQUID-ETH-26DEC2025,20,Hyperliquid,ETH,ETH,2025-12-26,2025-12-04,24,0.08432821542336251,0.08431199854607581,0.08433651165246349,0.074922309,1930.8892630403268
20-HYPERLIQUID-ETH-26DEC2025,20,Hyperliquid,ETH,ETH,2025-12-26,2025-12-05,24,0.08264500871343151,0.08265978081422712,0.08264500871343151,0.0323548775,2013.4595026096158
20-HYPERLIQUID-ETH-26DEC2025,20,Hyperliquid,ETH,ETH,2025-12-26,2025-12-06,24,0.08202831439551425,0.08207978606929069,0.08197878841168281,0.04035586,2162.2762957895748
20-HYPERLIQUID-ETH-26DEC2025,20,Hyperliquid,ETH,ETH,2025-12-26,2025-12-07,24,0.08614713357027644,0.08607183154442305,0.08613239842356289,0.105079193,2042.9129189209727
20-HYPERLIQUID-ETH-26DEC2025,20,Hyperliquid,ETH,ETH,2025-12-26,2025-12-08,24,0.09039456265957106,0.0902310079813403,0.09018121725722882,0.1095,1952.7932215743406
20-HYPERLIQUID-ETH-26DEC2025,20,Hyperliquid,ETH,ETH,2025-12-26,2025-12-09,24,0.08981886545030437,0.08978938598484731,0.08981978628966673,0.1095,2112.9699995414526
20-HYPERLIQUID-ETH-26DEC2025,20,Hyperliquid,ETH,ETH,2025-12-26,2025-12-10,24,0.09161821819679426,0.09164485861783894,0.09164552671340025,0.1095,2027.7656578275219
20-HYPERLIQUID-ETH-26DEC2025,20,Hyperliquid,ETH,ETH,2025-12-26,2025-12-11,24,0.09155173636406753,0.09142861030045035,0.09155173636406753,0.112103034,2603.2511062228873
20-HYPERLIQUID-ETH-26DEC2025,20,Hyperliquid,ETH,ETH,2025-12-26,2025-12-12,24,0.09611876592615536,0.0961345592626039,0.09611876592615536,0.135859351,3617.8457830135
20-HYPERLIQUID-ETH-26DEC2025,20,Hyperliquid,ETH,ETH,2025-12-26,2025-12-13,24,0.09677840935403763,0.09676013984556468,0.09677840935403763,0.1095,4239.27540859754
20-HYPERLIQUID-ETH-26DEC2025,20,Hyperliquid,ETH,ETH,2025-12-26,2025-12-14,24,0.09562861957475989,0.09563173390095282,0.09562861957475989,0.1095,4218.030553106884
20-HYPERLIQUID-ETH-26DEC2025,20,Hyperliquid,ETH,ETH,2025-12-26,2025-12-15,24,0.09342663402460243,0.09373897206416905,0.09342673694494019,0.1095,4196.719395870302
20-HYPERLIQUID-ETH-26DEC2025,20,Hyperliquid,ETH,ETH,2025-12-26,2025-12-16,24,0.09040233987220116,0.09034833278899179,0.09040233987220116,0.1082713735,4214.687772471381
20-HYPERLIQUID-ETH-26DEC2025,20,Hyperliquid,ETH,ETH,2025-12-26,2025-12-17,24,0.08915631011789894,0.0892319269841889,0.08913819614467931,0.102360454,4403.749773889665
20-HYPERLIQUID-ETH-26DEC2025,20,Hyperliquid,ETH,ETH,2025-12-26,2025-12-18,24,0.07746939322392217,0.07752934219835196,0.078620865401708,0.078567053,4690.700302547314
20-HYPERLIQUID-ETH-26DEC2025,20,Hyperliquid,ETH,ETH,2025-12-26,2025-12-19,24,0.07696553746960762,0.07703720804470718,0.07699243406757468,0.08902466799999999,4386.9408832859945
20-HYPERLIQUID-ETH-26DEC2025,20,Hyperliquid,ETH,ETH,2025-12-26,2025-12-20,24,0.086059429503814,0.08593202989507161,0.08600063512738108,0.09923598099999999,5729.246470788824
20-HYPERLIQUID-ETH-26DEC2025,20,Hyperliquid,ETH,ETH,2025-12-26,2025-12-21,24,0.0858890154832694,0.08571557743489244,0.085942698415242,0.105833794,6297.948577882402
20-HYPERLIQUID-ETH-26DEC2025,20,Hyperliquid,ETH,ETH,2025-12-26,2025-12-22,24,0.09065685779164667,0.09045360569365223,0.09060115849736157,0.095872579,8009.1925488264715
20-HYPERLIQUID-ETH-26DEC2025,20,Hyperliquid,ETH,ETH,2025-12-26,2025-12-23,24,0.08539598511021602,0.08535000286027505,0.08521711689666961,0.07484974700000001,8373.020395109788
20-HYPERLIQUID-ETH-26DEC2025,20,Hyperliquid,ETH,ETH,2025-12-26,2025-12-24,24,0.08768715351007651,0.08754634784053927,0.08761663381522901,0.09629784050000001,8351.5030906847
20-HYPERLIQUID-ETH-26DEC2025,20,Hyperliquid,ETH,ETH,2025-12-26,2025-12-25,24,0.09502058054436802,0.0949165571583373,0.09493819482271659,0.10945335299999999,9007.310991098515
21-HYPERLIQUID-BTC-26DEC2025,21,Hyperliquid,BTC,BTC,2025-12-26,2025-11-19,18,0.09209492103898556,0.09209492103898556,,0.09125,0.0
21-HYPERLIQUID-BTC-26DEC2025,21,Hyperliquid,BTC,BTC,2025-12-26,2025-11-20,24,0.09296261040294997,0.09264136456872235,0.09291445132543219,0.1095,41532.416666666664
21-HYPERLIQUID-BTC-26DEC2025,21,Hyperliquid,BTC,BTC,2025-12-26,2025-11-21,24,0.09892219734701352,0.09885623715735659,0.09886290404743324,0.1095,622549.3452537897
21-HYPERLIQUID-BTC-26DEC2025,21,Hyperliquid,BTC,BTC,2025-12-26,2025-11-22,24,0.09630423456306329,0.09633124467091958,0.09630423456306329,0.09342623950000001,702264.3123716348
21-HYPERLIQUID-BTC-26DEC2025,21,Hyperliquid,BTC,BTC,2025-12-26,2025-11-23,24,0.0957367105132861,0.09571775584355276,0.0957367105132861,0.0941927395,747927.5680120339
21-HYPERLIQUID-BTC-26DEC2025,21,Hyperliquid,BTC,BTC,2025-12-26,2025-11-24,24,0.09514709057781301,0.09516035886833145,0.09514709057781302,0.021088459,820578.2607578667
21-HYPERLIQUID-BTC-26DEC2025,21,Hyperliquid,BTC,BTC,2025-12-26,2025-11-25,24,0.09036174538822624,0.09034504542489596,0.09036174538822624,-2.160800000000041e-05,1512680.2398824804
21-HYPERLIQUID-BTC-26DEC2025,21,Hyperliquid,BTC,BTC,2025-12-26,2025-11-26,24,0.08906086065504926,0.08903262415741693,0.08906086065504926,0.0678208325,1815386.2873706846
21-HYPERLIQUID-BTC-26DEC2025,21,Hyperliquid,BTC,BTC,2025-12-26,2025-11-27,24,0.08837869704105956,0.0883272183114915,0.08837869704105956,0.032539896,2072395.080245561
21-HYPERLIQUID-BTC-26DEC2025,21,Hyperliquid,BTC,BTC,2025-12-26,2025-11-28,24,0.08946911895380699,0.08946911895380699,0.08946911895380699,0.0795130235,2203537.1670421436
21-HYPERLIQUID-BTC-26DEC2025,21,Hyperliquid,BTC,BTC,2025-12-26,2025-11-29,24,0.08644472161243133,0.08645377452435932,0.08644472161243133,0.033973908,2805484.1773975366
21-HYPERLIQUID-BTC-26DEC2025,21,Hyperliquid,BTC,BTC,2025-12-26,2025-11-30,24,0.08674930139583753,0.08681265595203118,0.08674930139583753,0.0964206265,2657339.2692995737
21-HYPERLIQUID-BTC-26DEC2025,21,Hyperliquid,BTC,BTC,2025-12-26,2025-12-01,24,0.08461340135832907,0.08472620123051781,0.08460005410432447,0.045058885,2916615.1619282193
21-HYPERLIQUID-BTC-26DEC2025,21,Hyperliquid,BTC,BTC,2025-12-26,2025-12-02,24,0.08066719278958144,0.08046704783005122,0.08064020596069525,-0.0749914035,3547717.7846139683
21-HYPERLIQUID-BTC-26DEC2025,21,Hyperliquid,BTC,BTC,2025-12-26,2025-12-03,24,0.08352984782530938,0.08355832719402541,0.08352984782530938,0.0678045535,3757313.206357728
21-HYPERLIQUID-BTC-26DEC2025,21,Hyperliquid,BTC,BTC,2025-12-26,2025-12-04,24,0.0821892721174461,0.08219587150483182,0.0821892721174461,0.0540035385,4008956.5062063113
21-HYPERLIQUID-BTC-26DEC2025,21,Hyperliquid,BTC,BTC,2025-12-26,2025-12-05,24,0.08050320698399606,0.0805000887850628,0.08050320698399606,0.06197864249999999,4239333.657590492
21-HYPERLIQUID-BTC-26DEC2025,21,Hyperliquid,BTC,BTC,2025-12-26,2025-12-06,24,0.07764434527827227,0.07764951259362358,0.07764434527827227,0.034660692,4453518.306013608
21-HYPERLIQUID-BTC-26DEC2025,21,Hyperliquid,BTC,BTC,2025-12-26,2025-12-07,24,0.07321819508732755,0.0732217942453227,0.07321997760805925,-0.041525539,4976100.662473768
21-HYPERLIQUID-BTC-26DEC2025,21,Hyperliquid,BTC,BTC,2025-12-26,2025-12-08,24,0.07232737586636508,0.07220843205947668,0.07284474287653267,0.0221434915,4606838.275337045
21-HYPERLIQUID-BTC-26DEC2025,21,Hyperliquid,BTC,BTC,2025-12-26,2025-12-09,24,0.07059922771395695,0.07047524233406081,0.07270617383338597,0.037662014,6133787.12100751
21-HYPERLIQUID-BTC-26DEC2025,21,Hyperliquid,BTC,BTC,2025-12-26,2025-12-10,24,0.07238634024928885,0.07240120464101268,0.07238634024928885,0.09587243299999999,6902586.263401937
21-HYPERLIQUID-BTC-26DEC2025,21,Hyperliquid,BTC,BTC,2025-12-26,2025-12-11,24,0.0755313045190266,0.07551707783722404,0.0755313045190266,0.087916601,6864328.889324593
21-HYPERLIQUID-BTC-26DEC2025,21,Hyperliquid,BTC,BTC,2025-12-26,2025-12-12,24,0.08560111372979519,0.08552138320615676,0.08560111372979519,0.10741665299999999,6613518.749891703
21-HYPERLIQUID-BTC-26DEC2025,21,Hyperliquid,BTC,BTC,2025-12-26,2025-12-13,24,0.08324608134961477,0.08320751245913047,0.08324608134961477,0.1074046445,6189655.774440568
21-HYPERLIQUID-BTC-26DEC2025,21,Hyperliquid,BTC,BTC,2025-12-26,2025-12-14,24,0.08197596382378143,0.08211790504295861,0.08189534895571395,0.074270711,6266468.19385361
21-HYPERLIQUID-BTC-26DEC2025,21,Hyperliquid,BTC,BTC,2025-12-26,2025-12-15,24,0.07638093922193691,0.07653128370295602,0.07717814531179677,0.0460542765,6814647.521287814
21-HYPERLIQUID-BTC-26DEC2025,21,Hyperliquid,BTC,BTC,2025-12-26,2025-12-16,24,0.07656598672475737,0.07673559262290332,0.07655704403176455,0.0518222985,7936489.419651068
21-HYPERLIQUID-BTC-26DEC2025,21,Hyperliquid,BTC,BTC,2025-12-26,2025-12-17,24,0.07302755000164514,0.07302616211753223,0.07300118557483622,0.015411650499999999,7100920.481935699
21-HYPERLIQUID-BTC-26DEC2025,21,Hyperliquid,BTC,BTC,2025-12-26,2025-12-18,24,0.07654374677517525,0.07655239606944579,0.07725627754214198,0.088986854,7152548.923330146
21-HYPERLIQUID-BTC-26DEC2025,21,Hyperliquid,BTC,BTC,2025-12-26,2025-12-19,24,0.07334510935576197,0.07340293666871849,0.07455524809012619,0.048942339,8460177.69739271
21-HYPERLIQUID-BTC-26DEC2025,21,Hyperliquid,BTC,BTC,2025-12-26,2025-12-20,24,0.061707159427519115,0.06129369199143688,0.071541507098769,-0.0378719985,12441528.151102215
21-HYPERLIQUID-BTC-26DEC2025,21,Hyperliquid,BTC,BTC,2025-12-26,2025-12-21,24,0.07098342014589361,0.07097842635600461,0.07267011172874027,0.073943452,11734940.36976617
21-HYPERLIQUID-BTC-26DEC2025,21,Hyperliquid,BTC,BTC,2025-12-26,2025-12-22,24,0.06966235567940324,0.06913434061492052,0.07339951861485254,0.0660496335,10795954.785458602
21-HYPERLIQUID-BTC-26DEC2025,21,Hyperliquid,BTC,BTC,2025-12-26,2025-12-23,24,0.05472900447567051,0.05509942204690899,,0.053345042,9032719.825646285
21-HYPERLIQUID-BTC-26DEC2025,21,Hyperliquid,BTC,BTC,2025-12-26,2025-12-24,24,0.07182467161852789,0.07164321813833806,0.07393441140752806,0.1060379385,9109698.821550677
21-HYPERLIQUID-BTC-26DEC2025,21,Hyperliquid,BTC,BTC,2025-12-26,2025-12-25,24,0.09065531592181182,0.09041700328280138,0.09070863234628222,0.1095,9189073.09759729
22-HYPERLIQUID-ETH-26DEC2025,22,Hyperliquid,ETH,ETH,2025-12-26,2025-11-19,18,0.09504748768357082,0.09504748768357082,,0.09125,0.0
22-HYPERLIQUID-ETH-26DEC2025,22,Hyperliquid,ETH,ETH,2025-12-26,2025-11-20,24,0.09498922364978096,0.09504748768357081,0.095,0.1095,52879.375
22-HYPERLIQUID-ETH-26DEC2025,22,Hyperliquid,ETH,ETH,2025-12-26,2025-11-21,24,0.09669365694856459,0.09670402399460896,0.0967014080551757,0.099056036,739950.9538680362
22-HYPERLIQUID-ETH-26DEC2025,22,Hyperliquid,ETH,ETH,2025-12-26,2025-11-22,24,0.0934891971084061,0.093516384033917,0.0934891971084061,0.099699604,818598.5998735195
22-HYPERLIQUID-ETH-26DEC2025,22,Hyperliquid,ETH,ETH,2025-12-26,2025-11-23,24,0.093720646134555,0.093720646134555,0.093720646134555,0.0941103955,782457.4146320227
22-HYPERLIQUID-ETH-26DEC2025,22,Hyperliquid,ETH,ETH,2025-12-26,2025-11-24,24,0.09354086854461202,0.09353977622536964,0.09354086854461202,0.097982425,818852.830750077
22-HYPERLIQUID-ETH-26DEC2025,22,Hyperliquid,ETH,ETH,2025-12-26,2025-11-25,24,0.09340180552448372,0.0935063839942949,0.09340180552448372,0.109109523,904253.0790771227
22-HYPERLIQUID-ETH-26DEC2025,22,Hyperliquid,ETH,ETH,2025-12-26,2025-11-26,24,0.09321450020489604,0.09319324633339837,0.09321450020489604,0.10505119750000001,1014231.9763917428
22-HYPERLIQUID-ETH-26DEC2025,22,Hyperliquid,ETH,ETH,2025-12-26,2025-11-27,24,0.09185408804142903,0.09184042134363224,0.09185408804142903,0.105776562,1334146.8942267383
22-HYPERLIQUID-ETH-26DEC2025,22,Hyperliquid,ETH,ETH,2025-12-26,2025-11-28,24,0.0853295199215557,0.08532219173606655,0.0853295199215557,0.06298509349999999,2054348.9864923407
22-HYPERLIQUID-ETH-26DEC2025,22,Hyperliquid,ETH,ETH,2025-12-26,2025-11-29,24,0.08356562306622105,0.08357804444397182,0.08356562306622105,0.02860797,2675334.729485947
22-HYPERLIQUID-ETH-26DEC2025,22,Hyperliquid,ETH,ETH,2025-12-26,2025-11-30,24,0.08573362091294863,0.08573273980632384,0.08573362091294863,0.100148189,2996384.869811062
22-HYPERLIQUID-ETH-26DEC2025,22,Hyperliquid,ETH,ETH,2025-12-26,2025-12-01,24,0.08604500393952547,0.08604703126122155,0.08604500393952547,0.0915245165,3244865.40594559
22-HYPERLIQUID-ETH-26DEC2025,22,Hyperliquid,ETH,ETH,2025-12-26,2025-12-02,24,0.08671459203351806,0.08681462502525424,0.08669748030169426,0.087929376,3319148.5048789405
22-HYPERLIQUID-ETH-26DEC2025,22,Hyperliquid,ETH,ETH,2025-12-26,2025-12-03,24,0.08604797771884636,0.08598326777199151,0.08604797771884636,0.08869248149999999,3605780.0914695864
22-HYPERLIQUID-ETH-26DEC2025,22,Hyperliquid,ETH,ETH,2025-12-26,2025-12-04,24,0.08525972124399094,0.08524243732276626,0.08525972124399094,0.074922309,3872494.9567350526
22-HYPERLIQUID-ETH-26DEC2025,22,Hyperliquid,ETH,ETH,2025-12-26,2025-12-05,24,0.0836199482968244,0.08367249252202162,0.0836199482968244,0.0323548775,4243794.32520366
22-HYPERLIQUID-ETH-26DEC2025,22,Hyperliquid,ETH,ETH,2025-12-26,2025-12-06,24,0.08321367155185513,0.08331621053056171,0.08321367155185513,0.04035586,4493306.595750292
22-HYPERLIQUID-ETH-26DEC2025,22,Hyperliquid,ETH,ETH,2025-12-26,2025-12-07,24,0.08656385103621118,0.08653700458566756,0.08655036266910916,0.105079193,3617016.263494534
22-HYPERLIQUID-ETH-26DEC2025,22,Hyperliquid,ETH,ETH,2025-12-26,2025-12-08,24,0.09098658488444522,0.09099852103673778,0.09098658488444522,0.1095,3500218.259029927
22-HYPERLIQUID-ETH-26DEC2025,22,Hyperliquid,ETH,ETH,2025-12-26,2025-12-09,24,0.09225975716636219,0.09226338728675977,0.09225975716636219,0.1095,3496633.8305271226
22-HYPERLIQUID-ETH-26DEC2025,22,Hyperliquid,ETH,ETH,2025-12-26,2025-12-10,24,0.0919708449954101,0.09199918963929837,0.0919708449954101,0.1095,3498697.0172060584
22-HYPERLIQUID-ETH-26DEC2025,22,Hyperliquid,ETH,ETH,2025-12-26,2025-12-11,24,0.09144067308502503,0.09144270071998511,0.09144067308502503,0.112103034,3642860.510331091
22-HYPERLIQUID-ETH-26DEC2025,22,Hyperliquid,ETH,ETH,2025-12-26,2025-12-12,24,0.09794701321789147,0.09787250944750477,0.09793325479445768,0.135859351,4191713.3361110264
22-HYPERLIQUID-ETH-26DEC2025,22,Hyperliquid,ETH,ETH,2025-12-26,2025-12-13,24,0.09661679629905,0.09667126143012716,0.09661679629905,0.1095,4843285.573476224
22-HYPERLIQUID-ETH-26DEC2025,22,Hyperliquid,ETH,ETH,2025-12-26,2025-12-14,24,0.09475492771015366,0.09474642238498183,0.09475492771015366,0.1095,5377692.443573491
22-HYPERLIQUID-ETH-26DEC2025,22,Hyperliquid,ETH,ETH,2025-12-26,2025-12-15,24,0.09509119111275403,0.09512684306253967,0.09509119111275403,0.1095,6756356.242779486
22-HYPERLIQUID-ETH-26DEC2025,22,Hyperliquid,ETH,ETH,2025-12-26,2025-12-16,24,0.09251804879334886,0.09254100538804577,0.09251804879334886,0.1082713735,7786127.302274425
22-HYPERLIQUID-ETH-26DEC2025,22,Hyperliquid,ETH,ETH,2025-12-26,2025-12-17,24,0.08956598448618554,0.08961192830847414,0.08955518990973817,0.102360454,6963258.759618953
22-HYPERLIQUID-ETH-26DEC2025,22,Hyperliquid,ETH,ETH,2025-12-26,2025-12-18,24,0.08121323662176691,0.08129377341924038,0.08118932575515013,0.078567053,8371743.03917734
22-HYPERLIQUID-ETH-26DEC2025,22,Hyperliquid,ETH,ETH,2025-12-26,2025-12-19,24,0.07736181778545788,0.07741845481448267,0.0774582119383322,0.08902466799999999,9662443.56099453
22-HYPERLIQUID-ETH-26DEC2025,22,Hyperliquid,ETH,ETH,2025-12-26,2025-12-20,24,0.08593417398313324,0.08603355341810269,0.08591764288184671,0.09923598099999999,9599441.880983585
22-HYPERLIQUID-ETH-26DEC2025,22,Hyperliquid,ETH,ETH,2025-12-26,2025-12-21,24,0.08492111735292214,0.08473431453483359,0.08522324539455227,0.105833794,9625597.503577178
22-HYPERLIQUID-ETH-26DEC2025,22,Hyperliquid,ETH,ETH,2025-12-26,2025-12-22,24,0.08845241091594745,0.08819749285855721,0.08834769039283495,0.095872579,9625100.054956818
22-HYPERLIQUID-ETH-26DEC2025,22,Hyperliquid,ETH,ETH,2025-12-26,2025-12-23,24,0.08517469471289542,0.08514831621221246,0.0850816791171547,0.07484974700000001,10814119.982337555
22-HYPERLIQUID-ETH-26DEC2025,22,Hyperliquid,ETH,ETH,2025-12-26,2025-12-24,24,0.08478860502717463,0.08472550149690743,0.0849079594226484,0.09629784050000001,11004966.154300222
22-HYPERLIQUID-ETH-26DEC2025,22,Hyperliquid,ETH,ETH,2025-12-26,2025-12-25,24,0.09406276927592984,0.09405898278052675,0.09381917362891264,0.10945335299999999,11346707.735633807
23-BINANCE-BTCUSDT-27MAR2026,23,Binance,BTC,BTCUSDT,2026-03-27,2025-11-27,21,0.059975515459673404,0.060031412955532215,0.06,0.026922400000000003,0.3771424
23-BINANCE-BTCUSDT-27MAR2026,23,Binance,BTC,BTCUSDT,2026-03-27,2025-11-28,24,0.05892838477476663,0.058946054420021245,0.05893770755427385,0.025060443750000005,1.2386980453493548
23-BINANCE-BTCUSDT-27MAR2026,23,Binance,BTC,BTCUSDT,2026-03-27,2025-11-29,24,0.051777675907598714,0.051866352630824175,0.05176015713427129,0.0068939375,6.1858362214514955
23-BINANCE-BTCUSDT-27MAR2026,23,Binance,BTC,BTCUSDT,2026-03-27,2025-11-30,24,0.050942297031084514,0.051042054511899936,0.050942297031084514,0.04877266875,6.533106191009267
23-BINANCE-BTCUSDT-27MAR2026,23,Binance,BTC,BTCUSDT,2026-03-27,2025-12-01,24,0.05097410084169732,0.050980733726897966,0.05097410084169732,0.031155031250000003,6.739693471342483
23-BINANCE-BTCUSDT-27MAR2026,23,Binance,BTC,BTCUSDT,2026-03-27,2025-12-02,24,0.05111304094888323,0.051107745626113206,0.05111304094888323,0.019416175,7.004383574991285
23-BINANCE-BTCUSDT-27MAR2026,23,Binance,BTC,BTCUSDT,2026-03-27,2025-12-03,24,0.05137490556172062,0.051374911938183776,0.05137490556172062,0.008028175,6.760720867030525
23-BINANCE-BTCUSDT-27MAR2026,23,Binance,BTC,BTCUSDT,2026-03-27,2025-12-04,24,0.051374908576701656,0.051374911938183776,0.051374908576701656,0.03783726875,7.197998172721085
23-BINANCE-BTCUSDT-27MAR2026,23,Binance,BTC,BTCUSDT,2026-03-27,2025-12-05,24,0.05188026103911388,0.05188757824288947,0.05188026103911388,0.038741556249999996,7.874835013421812
23-BINANCE-BTCUSDT-27MAR2026,23,Binance,BTC,BTCUSDT,2026-03-27,2025-12-06,24,0.05190071465368435,0.051900717689602464,0.05190071465368435,0.014843181249999999,7.509110153707894
23-BINANCE-BTCUSDT-27MAR2026,23,Binance,BTC,BTCUSDT,2026-03-27,2025-12-07,24,0.051887567511843806,0.05188852137721994,0.051887567511843806,0.0371962375,7.456475621105825
23-BINANCE-BTCUSDT-27MAR2026,23,Binance,BTC,BTCUSDT,2026-03-27,2025-12-08,24,0.05178677033250112,0.05178677120109546,0.05178677033250112,0.03514265625,8.526350198301827
23-BINANCE-BTCUSDT-27MAR2026,23,Binance,BTC,BTCUSDT,2026-03-27,2025-12-09,24,0.05179553301921164,0.05179553550656297,0.05179553301921164,0.0453257,10.655971961879159
23-BINANCE-BTCUSDT-27MAR2026,23,Binance,BTC,BTCUSDT,2026-03-27,2025-12-10,24,0.05179553290303062,0.05179553550656297,0.05179553290303062,0.0301407875,11.08413745620499
23-BINANCE-BTCUSDT-27MAR2026,23,Binance,BTC,BTCUSDT,2026-03-27,2025-12-11,24,0.0516597012748257,0.051659701478712246,0.0516597012748257,0.02464160625,13.61528835758846
23-BINANCE-BTCUSDT-27MAR2026,23,Binance,BTC,BTCUSDT,2026-03-27,2025-12-12,24,0.05154577028962796,0.05154577120400606,0.05154577028962796,0.05597138125,16.693951693756393
23-BINANCE-BTCUSDT-27MAR2026,23,Binance,BTC,BTCUSDT,2026-03-27,2025-12-13,24,0.051256645934787924,0.05126102634927732,0.051256645934787924,0.0432515875,17.467677098987174
23-BINANCE-BTCUSDT-27MAR2026,23,Binance,BTC,BTCUSDT,2026-03-27,2025-12-14,24,0.051462527610119935,0.051462529142594,0.051462527610119935,0.061883925,13.450389432232349
23-BINANCE-BTCUSDT-27MAR2026,23,Binance,BTC,BTCUSDT,2026-03-27,2025-12-15,24,0.050197378496465134,0.05019737934763097,0.050197378496465134,0.008995425,15.614877214909455
23-BINANCE-BTCUSDT-27MAR2026,23,Binance,BTC,BTCUSDT,2026-03-27,2025-12-16,24,0.05035917768752657,0.05035917750789423,0.05035917768752657,0.046647,15.891087175607383
23-BINANCE-BTCUSDT-27MAR2026,23,Binance,BTC,BTCUSDT,2026-03-27,2025-12-17,24,0.05016218171938758,0.050162181664018396,0.05016218171938758,0.076272225,15.836162708503997
23-BINANCE-BTCUSDT-27MAR2026,23,Binance,BTC,BTCUSDT,2026-03-27,2025-12-18,24,0.05021906240974278,0.05021906426376882,0.05021906240974278,0.0489583625,16.029912180173834
23-BINANCE-BTCUSDT-27MAR2026,23,Binance,BTC,BTCUSDT,2026-03-27,2025-12-19,24,0.051275317455735436,0.05127540567609356,0.051275317455735436,0.09229161875000001,19.097267388255283
23-BINANCE-BTCUSDT-27MAR2026,23,Binance,BTC,BTCUSDT,2026-03-27,2025-12-20,24,0.0524533339074869,0.05245862673240448,0.0524533339074869,0.06846898124999999,22.857423156644504
23-BINANCE-BTCUSDT-27MAR2026,23,Binance,BTC,BTCUSDT,2026-03-27,2025-12-21,24,0.05269081327431973,0.052676762432397,0.05269081327431973,0.08369906249999999,23.00190805063627
23-BINANCE-BTCUSDT-27MAR2026,23,Binance,BTC,BTCUSDT,2026-03-27,2025-12-22,24,0.052666784927085354,0.05266360545308433,0.052666784927085354,0.05559816875,23.121770560205984
23-BINANCE-BTCUSDT-27MAR2026,23,Binance,BTC,BTCUSDT,2026-03-27,2025-12-23,24,0.052115538177170954,0.05213307303057177,0.052115538177170954,0.03747226875,24.078821623648114
23-BINANCE-BTCUSDT-27MAR2026,23,Binance,BTC,BTCUSDT,2026-03-27,2025-12-24,24,0.05256087209537816,0.05253289683744012,0.05256087209537816,0.087109075,23.425775154569646
23-BINANCE-BTCUSDT-27MAR2026,23,Binance,BTC,BTCUSDT,2026-03-27,2025-12-25,24,0.05283905670205385,0.05283905772092435,0.05283905670205385,0.08003948125,22.75944987494827
23-BINANCE-BTCUSDT-27MAR2026,23,Binance,BTC,BTCUSDT,2026-03-27,2025-12-26,24,0.05240047995056094,0.05240150269322682,0.05240047995056094,0.0715226625,24.22473809944645
23-BINANCE-BTCUSDT-27MAR2026,23,Binance,BTC,BTCUSDT,2026-03-27,2025-12-27,24,0.05237833205673403,0.052330321182589436,0.05237833205673403,0.040024987500000005,26.345996032661365
23-BINANCE-BTCUSDT-27MAR2026,23,Binance,BTC,BTCUSDT,2026-03-27,2025-12-28,24,0.05217687110680145,0.052173789161862265,0.05217687110680145,0.0617990625,28.54109044982287
23-BINANCE-BTCUSDT-27MAR2026,23,Binance,BTC,BTCUSDT,2026-03-27,2025-12-29,24,0.05217249622617917,0.05216810438889823,0.05217249622617917,0.09273098749999999,28.550095903561353
23-BINANCE-BTCUSDT-27MAR2026,23,Binance,BTC,BTCUSDT,2026-03-27,2025-12-30,24,0.05214290047673222,0.05214180183029158,0.05214290047673222,0.08219115625,32.66820224354397
23-BINANCE-BTCUSDT-27MAR2026,23,Binance,BTC,BTCUSDT,2026-03-27,2025-12-31,24,0.05212864993478341,0.05212864923578361,0.05212864993478341,0.03175271875,33.08407401147054
23-BINANCE-BTCUSDT-27MAR2026,23,Binance,BTC,BTCUSDT,2026-03-27,2026-01-01,24,0.0523566529945366,0.05235665311883514,0.0523566529945366,0.08017544375,33.80541533621687
23-BINANCE-BTCUSDT-27MAR2026,23,Binance,BTC,BTCUSDT,2026-03-27,2026-01-02,24,0.05232155218692163,0.05232155161709231,0.05232155218692163,0.0520207125,35.08374641477698
23-BINANCE-BTCUSDT-27MAR2026,23,Binance,BTC,BTCUSDT,2026-03-27,2026-01-03,24,0.05246186778955289,0.052461868172960315,0.05246186778955289,0.03955641875,31.920038577354024
23-BINANCE-BTCUSDT-27MAR2026,23,Binance,BTC,BTCUSDT,2026-03-27,2026-01-04,24,0.052532031192591554,0.052532031712765166,0.052532031192591554,0.07318158749999999,33.989295575682284
23-BINANCE-BTCUSDT-27MAR2026,23,Binance,BTC,BTCUSDT,2026-03-27,2026-01-05,24,0.05253203115261881,0.052532031712765166,0.05253203115261881,0.07823820625,34.4932486934245
23-BINANCE-BTCUSDT-27MAR2026,23,Binance,BTC,BTCUSDT,2026-03-27,2026-01-06,24,0.05242242282202537,0.05242242310408976,0.05242242282202537,0.017374,32.10319475308374
23-BINANCE-BTCUSDT-27MAR2026,23,Binance,BTC,BTCUSDT,2026-03-27,2026-01-07,24,0.0520979627162008,0.05209796320954537,0.0520979627162008,0.0709660375,24.164040694194068
23-BINANCE-BTCUSDT-27MAR2026,23,Binance,BTC,BTCUSDT,2026-03-27,2026-01-08,24,0.05245720527284139,0.05242917428529465,0.05245720527284139,0.09010070625,32.76820475953727
23-BINANCE-BTCUSDT-27MAR2026,23,Binance,BTC,BTCUSDT,2026-03-27,2026-01-09,24,0.052541094444758886,0.052532031712765166,0.052541094444758886,0.0198569125,42.8104982248754
23-BINANCE-BTCUSDT-27MAR2026,23,Binance,BTC,BTCUSDT,2026-03-27,2026-01-10,24,0.052573707861207526,0.052567116990932285,0.052573707861207526,0.06855749375,40.87959048165579
23-BINANCE-BTCUSDT-27MAR2026,23,Binance,BTC,BTCUSDT,2026-03-27,2026-01-11,24,0.05263728699043805,0.05263728754726652,0.05263728699043805,0.0571298,41.0300035366162
23-BINANCE-BTCUSDT-27MAR2026,23,Binance,BTC,BTCUSDT,2026-03-27,2026-01-12,24,0.052637286995049104,0.05263728754726652,0.052637286995049104,0.03282125625,41.07166309127747
23-BINANCE-BTCUSDT-27MAR2026,23,Binance,BTC,BTCUSDT,2026-03-27,2026-01-13,24,0.05263619699720632,0.05263728754726652,0.05263619699720632,0.05722698125,41.0903662187057
23-BINANCE-BTCUSDT-27MAR2026,23,Binance,BTC,BTCUSDT,2026-03-27,2026-01-14,24,0.05253641784123894,0.05253641737253606,0.05253641784123894,0.02417440625,47.27365042365334
23-BINANCE-BTCUSDT-27MAR2026,23,Binance,BTC,BTCUSDT,2026-03-27,2026-01-15,24,0.05253203224665647,0.052532031712765166,0.05253203224665647,0.0117776375,47.4594302706109
23-BINANCE-BTCUSDT-27MAR2026,23,Binance,BTC,BTCUSDT,2026-03-27,2026-01-16,24,0.05259606839754948,0.052589586187825145,0.05259606839754948,0.062235693749999994,47.608829298485254
23-BINANCE-BTCUSDT-27MAR2026,23,Binance,BTC,BTCUSDT,2026-03-27,2026-01-17,24,0.052522911316137684,0.052532031712765166,0.052522911316137684,0.020968793750000003,57.16841230394423
23-BINANCE-BTCUSDT-27MAR2026,23,Binance,BTC,BTCUSDT,2026-03-27,2026-01-18,24,0.05252374041425672,0.052532031712765166,0.05252374041425672,0.07022828125000001,56.97681060927866
23-BINANCE-BTCUSDT-27MAR2026,23,Binance,BTC,BTCUSDT,2026-03-27,2026-01-19,24,0.052104925870134676,0.052133064704974995,0.052104925870134676,0.030731631250000002,57.400190416444225
23-BINANCE-BTCUSDT-27MAR2026,23,Binance,BTC,BTCUSDT,2026-03-27,2026-01-20,24,0.05199714391721741,0.05196646312805293,0.05199714391721741,0.0792132125,58.877185560787744
23-BINANCE-BTCUSDT-27MAR2026,23,Binance,BTC,BTCUSDT,2026-03-27,2026-01-21,24,0.05199714396925306,0.05199276130343312,0.05199714396925306,0.0688764125,60.41761590355119
23-BINANCE-BTCUSDT-27MAR2026,23,Binance,BTC,BTCUSDT,2026-03-27,2026-01-22,24,0.05205851200089751,0.05205851200165016,0.05205851200089751,0.07302874375,61.39112377628644
23-BINANCE-BTCUSDT-27MAR2026,23,Binance,BTC,BTCUSDT,2026-03-27,2026-01-23,24,0.05220317532344441,0.052201904303399764,0.05220317532344441,0.05750346875,63.77783594248863
23-BINANCE-BTCUSDT-27MAR2026,23,Binance,BTC,BTCUSDT,2026-03-27,2026-01-24,24,0.05224897046279551,0.05226455514115103,0.05224897046279551,0.05374396875,61.848608269459895
23-BINANCE-BTCUSDT-27MAR2026,23,Binance,BTC,BTCUSDT,2026-03-27,2026-01-25,24,0.052361018198550595,0.05235445210364905,0.052361018198550595,0.051746049999999995,59.922650364702825
23-BINANCE-BTCUSDT-27MAR2026,23,Binance,BTC,BTCUSDT,2026-03-27,2026-01-26,24,0.052329916274013365,0.05232155161709231,0.052329916274013365,0.04538364375,59.93852315869253
23-BINANCE-BTCUSDT-27MAR2026,23,Binance,BTC,BTCUSDT,2026-03-27,2026-01-27,24,0.05244785182820944,0.05243555772251198,0.05244785182820944,0.06409719375,61.94570601595124
23-BINANCE-BTCUSDT-27MAR2026,23,Binance,BTC,BTCUSDT,2026-03-27,2026-01-28,24,0.05258431895839947,0.052610973588641176,0.05258431895839947,0.06095545624999999,66.7703410514156
23-BINANCE-BTCUSDT-27MAR2026,23,Binance,BTC,BTCUSDT,2026-03-27,2026-01-29,24,0.052566208982686734,0.05263728754726652,0.052566208982686734,0.06228679375000001,67.15920617065106
23-BINANCE-BTCUSDT-27MAR2026,23,Binance,BTC,BTCUSDT,2026-03-27,2026-01-30,24,0.05258608370741197,0.05258904528978673,0.05258608370741197,0.02542635625,68.93040381452617
23-BINANCE-BTCUSDT-27MAR2026,23,Binance,BTC,BTCUSDT,2026-03-27,2026-01-31,24,0.052584254629146614,0.052567116990932285,0.052584254629146614,0.06950193125,70.76056356917623
23-BINANCE-BTCUSDT-27MAR2026,23,Binance,BTC,BTCUSDT,2026-03-27,2026-02-01,24,0.052559978839849836,0.052567116990932285,0.052559978839849836,0.00906614375,69.8864931920057
23-BINANCE-BTCUSDT-27MAR2026,23,Binance,BTC,BTCUSDT,2026-03-27,2026-02-02,24,0.052351167111272114,0.05235668336687629,0.052351167111272114,-0.02831898125,67.11409660685318
23-BINANCE-BTCUSDT-27MAR2026,23,Binance,BTC,BTCUSDT,2026-03-27,2026-02-03,24,0.05226950829622571,0.0522617127475808,0.05226950829622571,-0.00393835,59.54800673660543
23-BINANCE-BTCUSDT-27MAR2026,23,Binance,BTC,BTCUSDT,2026-03-27,2026-02-04,24,0.05233439691641301,0.05234348780734998,0.05233439691641301,0.02793208125,54.460849684278145
23-BINANCE-BTCUSDT-27MAR2026,23,Binance,BTC,BTCUSDT,2026-03-27,2026-02-05,24,0.052471801195947014,0.052479411688846955,0.052471801195947014,0.02084469375,49.43420932573502
23-BINANCE-BTCUSDT-27MAR2026,23,Binance,BTC,BTCUSDT,2026-03-27,2026-02-06,24,0.048462599456900235,0.048373228194724845,0.04830587319042984,-0.10109724375,42.90129735363872
23-BINANCE-BTCUSDT-27MAR2026,23,Binance,BTC,BTCUSDT,2026-03-27,2026-02-07,24,0.04369728844383033,0.04374542901337503,0.04369293990325943,-0.10122316875,42.58021472133026
23-BINANCE-BTCUSDT-27MAR2026,23,Binance,BTC,BTCUSDT,2026-03-27,2026-02-08,24,0.04131984645028942,0.041313571911023944,0.04131984645028942,-0.04222456875,42.35133197199121
23-BINANCE-BTCUSDT-27MAR2026,23,Binance,BTC,BTCUSDT,2026-03-27,2026-02-09,24,0.04044679674154081,0.04029406376992484,0.040436680937239865,-0.020387075,43.208136007203144
23-BINANCE-BTCUSDT-27MAR2026,23,Binance,BTC,BTCUSDT,2026-03-27,2026-02-10,24,0.031529764885033125,0.031292331956445804,0.040000000110787075,-0.079849225,45.34262337920493
23-BINANCE-BTCUSDT-27MAR2026,23,Binance,BTC,BTCUSDT,2026-03-27,2026-02-11,24,0.025529188358379407,0.02552697755954768,,-0.03336784375,44.968756141816506
23-BINANCE-BTCUSDT-27MAR2026,23,Binance,BTC,BTCUSDT,2026-03-27,2026-02-12,24,0.025469342395719654,0.025563467835167112,,0.0016785437500000007,44.58674842482787
23-BINANCE-BTCUSDT-27MAR2026,23,Binance,BTC,BTCUSDT,2026-03-27,2026-02-13,24,0.024999476276997747,0.02500997223005537,,0.0190502625,52.042525001213214
23-BINANCE-BTCUSDT-27MAR2026,23,Binance,BTC,BTCUSDT,2026-03-27,2026-02-14,24,0.02613477051130426,0.026163409835045393,,0.005834525,64.7671747911133
23-BINANCE-BTCUSDT-27MAR2026,23,Binance,BTC,BTCUSDT,2026-03-27,2026-02-15,24,0.027290355411131437,0.027287758266160093,,0.004141381249999999,66.80256999459529
23-BINANCE-BTCUSDT-27MAR2026,23,Binance,BTC,BTCUSDT,2026-03-27,2026-02-16,24,0.02804624144032795,0.028099748495609853,,-0.01647016875,60.785420197672515
23-BINANCE-BTCUSDT-27MAR2026,23,Binance,BTC,BTCUSDT,2026-03-27,2026-02-17,24,0.028431583186525614,0.028354566835722128,,0.04556431875,60.1042324267728
23-BINANCE-BTCUSDT-27MAR2026,23,Binance,BTC,BTCUSDT,2026-03-27,2026-02-18,24,0.028334987287419528,0.028334991357410553,,0.02504675625,60.38641530453433
23-BINANCE-BTCUSDT-27MAR2026,23,Binance,BTC,BTCUSDT,2026-03-27,2026-02-19,24,0.02895655152589975,0.02894798585036487,,-0.012950200000000002,58.82269822672805
23-BINANCE-BTCUSDT-27MAR2026,23,Binance,BTC,BTCUSDT,2026-03-27,2026-02-20,24,0.029370277960694604,0.029363845401663924,,0.02079906875,59.96994109081874
23-BINANCE-BTCUSDT-27MAR2026,23,Binance,BTC,BTCUSDT,2026-03-27,2026-02-21,24,0.029312430818068533,0.029428220740380817,,0.0353602875,58.80003325136371
23-BINANCE-BTCUSDT-27MAR2026,23,Binance,BTC,BTCUSDT,2026-03-27,2026-02-22,24,0.029260967343058265,0.02928673875540679,,0.02017309375,59.192486584551666
23-BINANCE-BTCUSDT-27MAR2026,23,Binance,BTC,BTCUSDT,2026-03-27,2026-02-23,24,0.028830259565931358,0.02899574207981673,,0.0008034562500000004,62.66070304038632
23-BINANCE-BTCUSDT-27MAR2026,23,Binance,BTC,BTCUSDT,2026-03-27,2026-02-24,24,0.02871053589719472,0.02888519854298686,,0.01691820625,64.17816714193278
23-BINANCE-BTCUSDT-27MAR2026,23,Binance,BTC,BTCUSDT,2026-03-27,2026-02-25,24,0.028671636538612447,0.02887919877795271,,0.0056146125,64.28258880086365
23-BINANCE-BTCUSDT-27MAR2026,23,Binance,BTC,BTCUSDT,2026-03-27,2026-02-26,24,0.02855616547427521,0.028039975795312106,,0.0009458062500000003,64.32553550962756
23-BINANCE-BTCUSDT-27MAR2026,23,Binance,BTC,BTCUSDT,2026-03-27,2026-02-27,24,0.024743706815470765,0.02456982857828716,,-0.03353300625,71.91093634732182
23-BINANCE-BTCUSDT-27MAR2026,23,Binance,BTC,BTCUSDT,2026-03-27,2026-02-28,24,0.02418078003132695,0.023465515783822163,,-0.01290229375,87.63468505239456
23-BINANCE-BTCUSDT-27MAR2026,23,Binance,BTC,BTCUSDT,2026-03-27,2026-03-01,24,0.025894809443091842,0.02623958212829201,,0.021594768749999996,104.03551017344074
23-BINANCE-BTCUSDT-27MAR2026,23,Binance,BTC,BTCUSDT,2026-03-27,2026-03-02,24,0.025432748624971847,0.025349008370685808,,-0.01034455625,101.77214594530847
23-BINANCE-BTCUSDT-27MAR2026,23,Binance,BTC,BTCUSDT,2026-03-27,2026-03-03,24,0.024871250108268822,0.024538145304326246,,0.008801975,98.50156037981914
23-BINANCE-BTCUSDT-27MAR2026,23,Binance,BTC,BTCUSDT,2026-03-27,2026-03-04,24,0.024657978034559474,0.024500365475090588,,0.005156537500000002,111.65633962562526
23-BINANCE-BTCUSDT-27MAR2026,23,Binance,BTC,BTCUSDT,2026-03-27,2026-03-05,24,0.024200453237666477,0.02398277266256602,,0.03383413125,112.92322184461095
23-BINANCE-BTCUSDT-27MAR2026,23,Binance,BTC,BTCUSDT,2026-03-27,2026-03-06,24,0.02273341112955124,0.021703449903952333,,-0.0118780125,101.79169454285089
23-BINANCE-BTCUSDT-27MAR2026,23,Binance,BTC,BTCUSDT,2026-03-27,2026-03-07,24,0.021987894173143768,0.021613338723077247,,0.0006647562500000006,95.40272710470163
23-BINANCE-BTCUSDT-27MAR2026,23,Binance,BTC,BTCUSDT,2026-03-27,2026-03-08,24,0.023309074576603087,0.022631250160177155,,-0.03156383125,95.14916544426268
23-BINANCE-BTCUSDT-27MAR2026,23,Binance,BTC,BTCUSDT,2026-03-27,2026-03-09,24,0.021502734274608318,0.02128153583178086,,-0.05004013125,307.7863162239365
23-BINANCE-BTCUSDT-27MAR2026,23,Binance,BTC,BTCUSDT,2026-03-27,2026-03-10,24,0.022137719249798377,0.02184829126249024,,-0.0002632562500000002,366.5112880358558
23-BINANCE-BTCUSDT-27MAR2026,23,Binance,BTC,BTCUSDT,2026-03-27,2026-03-11,24,0.02001007285274704,0.019619360128734237,,-0.0773170375,354.8309670456028
23-BINANCE-BTCUSDT-27MAR2026,23,Binance,BTC,BTCUSDT,2026-03-27,2026-03-12,24,0.016579359119779223,0.016424215810201547,,-0.07438836875,348.21362369375316
23-BINANCE-BTCUSDT-27MAR2026,23,Binance,BTC,BTCUSDT,2026-03-27,2026-03-13,24,0.01598288881392006,0.016315746654912675,,-2.5093749999999146e-05,346.9953270368879
23-BINANCE-BTCUSDT-27MAR2026,23,Binance,BTC,BTCUSDT,2026-03-27,2026-03-14,24,0.01391044521400348,0.013025304571453416,,-0.03172351875,348.4892000191532
23-BINANCE-BTCUSDT-27MAR2026,23,Binance,BTC,BTCUSDT,2026-03-27,2026-03-15,24,0.011550398117306205,0.011349710259322935,,-0.024176687500000002,347.59757015192764
23-BINANCE-BTCUSDT-27MAR2026,23,Binance,BTC,BTCUSDT,2026-03-27,2026-03-16,24,0.019621082876883095,0.020001111995999608,,0.042878375,388.5487251043294
23-BINANCE-BTCUSDT-27MAR2026,23,Binance,BTC,BTCUSDT,2026-03-27,2026-03-17,24,0.01663737918797956,0.016005172864247474,,-0.011368381249999998,419.1779232031856
23-BINANCE-BTCUSDT-27MAR2026,23,Binance,BTC,BTCUSDT,2026-03-27,2026-03-18,24,0.010667862103275014,0.010334235655487583,,-0.0343966875,442.54410580437064
23-BINANCE-BTCUSDT-27MAR2026,23,Binance,BTC,BTCUSDT,2026-03-27,2026-03-19,24,0.012766965058258245,0.01200956803780179,,-0.00959721875,454.75570457716657
23-BINANCE-BTCUSDT-27MAR2026,23,Binance,BTC,BTCUSDT,2026-03-27,2026-03-20,24,0.011718457445645246,0.011196732656021694,,0.004867275,456.0800071197973
23-BINANCE-BTCUSDT-27MAR2026,23,Binance,BTC,BTCUSDT,2026-03-27,2026-03-21,24,0.00875725459848006,0.006786795698890991,,-0.0047541250000000005,456.21632769780655
23-BINANCE-BTCUSDT-27MAR2026,23,Binance,BTC,BTCUSDT,2026-03-27,2026-03-22,24,-0.0003550073990358147,-0.0005839506264366957,,-0.0345463375,442.2708913524081
23-BINANCE-BTCUSDT-27MAR2026,23,Binance,BTC,BTCUSDT,2026-03-27,2026-03-23,24,-0.0009840372212392607,-0.00028069597797393797,,-0.02064668125,440.42223936512886
23-BINANCE-BTCUSDT-27MAR2026,23,Binance,BTC,BTCUSDT,2026-03-27,2026-03-24,24,0.008104550828753315,0.007570761017894122,,0.0386827,458.38181149106146
23-BINANCE-BTCUSDT-27MAR2026,23,Binance,BTC,BTCUSDT,2026-03-27,2026-03-25,24,0.013920844906496635,0.01384056099284125,,0.02882359375,449.3568878975977
23-BINANCE-BTCUSDT-27MAR2026,23,Binance,BTC,BTCUSDT,2026-03-27,2026-03-26,24,0.007161395327564148,0.006921359284883428,,0.009406050000000001,431.3958996843647
24-BINANCE-ETHUSDT-27MAR2026,24,Binance,ETH,ETHUSDT,2026-03-27,2025-11-27,21,0.056999734128516305,0.057067550439066736,0.057,0.010472371428571428,16.16492444952381
24-BINANCE-ETHUSDT-27MAR2026,24,Binance,ETH,ETHUSDT,2026-03-27,2025-11-28,24,0.055541985792497195,0.055514220327163195,0.05554675434105958,0.00666626875,104.02507460589483
24-BINANCE-ETHUSDT-27MAR2026,24,Binance,ETH,ETHUSDT,2026-03-27,2025-11-29,24,0.054518913192305514,0.054563678379893094,0.054518913192305514,0.01035915625,173.33149196107703
24-BINANCE-ETHUSDT-27MAR2026,24,Binance,ETH,ETHUSDT,2026-03-27,2025-11-30,24,0.0543038977624267,0.05430095557859691,0.05446078251104419,0.05533263124999999,275.7919422452722
24-BINANCE-ETHUSDT-27MAR2026,24,Binance,ETH,ETHUSDT,2026-03-27,2025-12-01,24,0.05425693304848019,0.054256940026746435,0.05430048674908678,0.0415233125,297.45498439284205
24-BINANCE-ETHUSDT-27MAR2026,24,Binance,ETH,ETHUSDT,2026-03-27,2025-12-02,24,0.05400216994875662,0.05400218026638623,0.05400216994875662,0.0577165375,413.2796780186746
24-BINANCE-ETHUSDT-27MAR2026,24,Binance,ETH,ETHUSDT,2026-03-27,2025-12-03,24,0.053940695265322545,0.05394070116067911,0.053940695265322545,0.039096975,491.96180121848994
24-BINANCE-ETHUSDT-27MAR2026,24,Binance,ETH,ETHUSDT,2026-03-27,2025-12-04,24,0.05458655594680484,0.054570548497718994,0.05458655594680484,0.09255076875,649.802917698153
24-BINANCE-ETHUSDT-27MAR2026,24,Binance,ETH,ETHUSDT,2026-03-27,2025-12-05,24,0.055672465645818986,0.05564880396772114,0.055672465645818986,0.06443345,774.0032506461185
24-BINANCE-ETHUSDT-27MAR2026,24,Binance,ETH,ETHUSDT,2026-03-27,2025-12-06,24,0.05578933511836093,0.05583123135099998,0.05578933511836093,0.030426399999999996,866.0625310326491
24-BINANCE-ETHUSDT-27MAR2026,24,Binance,ETH,ETHUSDT,2026-03-27,2025-12-07,24,0.055224700447288805,0.055263327404376644,0.055224700447288805,0.016087375,872.7775853926637
24-BINANCE-ETHUSDT-27MAR2026,24,Binance,ETH,ETHUSDT,2026-03-27,2025-12-08,24,0.05574716481524466,0.055747165967571226,0.05574716481524466,0.05055113125,863.6840198259621
24-BINANCE-ETHUSDT-27MAR2026,24,Binance,ETH,ETHUSDT,2026-03-27,2025-12-09,24,0.05606534253426292,0.05606384347771212,0.05606534253426292,0.0562218625,862.157914188146
24-BINANCE-ETHUSDT-27MAR2026,24,Binance,ETH,ETHUSDT,2026-03-27,2025-12-10,24,0.056191449418537126,0.056191451521761776,0.056191449418537126,0.07643966875000001,863.7220892706772
24-BINANCE-ETHUSDT-27MAR2026,24,Binance,ETH,ETHUSDT,2026-03-27,2025-12-11,24,0.056156246890759015,0.056156246753618265,0.056156246890759015,0.035696087499999994,865.2267837296649
24-BINANCE-ETHUSDT-27MAR2026,24,Binance,ETH,ETHUSDT,2026-03-27,2025-12-12,24,0.0561166456909315,0.0561166413894568,0.0561166456909315,0.011276675,862.9774314144978
24-BINANCE-ETHUSDT-27MAR2026,24,Binance,ETH,ETHUSDT,2026-03-27,2025-12-13,24,0.05544936289531827,0.05545250154801599,0.05544936289531827,0.005854600000000001,903.1704660962697
24-BINANCE-ETHUSDT-27MAR2026,24,Binance,ETH,ETHUSDT,2026-03-27,2025-12-14,24,0.05496877220851354,0.05496876940382817,0.05496877220851354,0.07583285625,938.5438683399129
24-BINANCE-ETHUSDT-27MAR2026,24,Binance,ETH,ETHUSDT,2026-03-27,2025-12-15,24,0.05523936871890731,0.05523253994991815,0.05523936871890731,0.0452454,935.2775672236213
24-BINANCE-ETHUSDT-27MAR2026,24,Binance,ETH,ETHUSDT,2026-03-27,2025-12-16,24,0.054698721197814215,0.054722698357614286,0.054698721197814215,0.0009494562499999999,990.5282523714399
24-BINANCE-ETHUSDT-27MAR2026,24,Binance,ETH,ETHUSDT,2026-03-27,2025-12-17,24,0.053677292584925464,0.05367729304662774,0.053677292584925464,0.014276974999999999,1065.1982580034075
24-BINANCE-ETHUSDT-27MAR2026,24,Binance,ETH,ETHUSDT,2026-03-27,2025-12-18,24,0.05265498695859485,0.0526863483267842,0.05265498695859485,0.0005310749999999988,1110.4093701215536
24-BINANCE-ETHUSDT-27MAR2026,24,Binance,ETH,ETHUSDT,2026-03-27,2025-12-19,24,0.053405148961894654,0.05340076393314618,0.053405148961894654,0.0797552375,1144.0301101975565
24-BINANCE-ETHUSDT-27MAR2026,24,Binance,ETH,ETHUSDT,2026-03-27,2025-12-20,24,0.053686046829721674,0.05368604723270346,0.053686046829721674,0.02133653125,1167.4138105065524
24-BINANCE-ETHUSDT-27MAR2026,24,Binance,ETH,ETHUSDT,2026-03-27,2025-12-21,24,0.05338765599218668,0.053383201523263486,0.05338765599218668,0.0235123875,1200.1652467692581
24-BINANCE-ETHUSDT-27MAR2026,24,Binance,ETH,ETHUSDT,2026-03-27,2025-12-22,24,0.05140999829856995,0.051421023839919706,0.05140999829856995,-0.008072887499999999,1309.138332104854
24-BINANCE-ETHUSDT-27MAR2026,24,Binance,ETH,ETHUSDT,2026-03-27,2025-12-23,24,0.05200590822540264,0.05200591039112321,0.05200590822540264,0.04686919375,1277.7495049594759
24-BINANCE-ETHUSDT-27MAR2026,24,Binance,ETH,ETHUSDT,2026-03-27,2025-12-24,24,0.05200590823783697,0.05200591039112321,0.05200590823783697,0.05119261875,1278.1421147870094
24-BINANCE-ETHUSDT-27MAR2026,24,Binance,ETH,ETHUSDT,2026-03-27,2025-12-25,24,0.05235673361787064,0.05235234596442798,0.05235673361787064,0.06667591875,1271.8791489796338
24-BINANCE-ETHUSDT-27MAR2026,24,Binance,ETH,ETHUSDT,2026-03-27,2025-12-26,24,0.05338754317616163,0.05338754068027824,0.05338754317616163,0.05526784375,1258.2834726327467
24-BINANCE-ETHUSDT-27MAR2026,24,Binance,ETH,ETHUSDT,2026-03-27,2025-12-27,24,0.05338315655917175,0.05337987837791211,0.05338315655917175,0.0403936375,1343.8376148446323
24-BINANCE-ETHUSDT-27MAR2026,24,Binance,ETH,ETHUSDT,2026-03-27,2025-12-28,24,0.05337437517687257,0.0533743731714341,0.05337437517687257,0.06674344375,1424.1482232435485
24-BINANCE-ETHUSDT-27MAR2026,24,Binance,ETH,ETHUSDT,2026-03-27,2025-12-29,24,0.053563144078203985,0.05356487426155616,0.053589262095273954,0.07265325,1461.5379183499092
24-BINANCE-ETHUSDT-27MAR2026,24,Binance,ETH,ETHUSDT,2026-03-27,2025-12-30,24,0.054094414364115835,0.054094415173270786,0.054094414364115835,0.0414886375,1501.4499786942304
24-BINANCE-ETHUSDT-27MAR2026,24,Binance,ETH,ETHUSDT,2026-03-27,2025-12-31,24,0.05405927375181585,0.054059275912317545,0.05405927375181585,0.03904815625,1617.1026903360832
24-BINANCE-ETHUSDT-27MAR2026,24,Binance,ETH,ETHUSDT,2026-03-27,2026-01-01,24,0.054006569506522606,0.0540065716310796,0.054006569506522606,0.06843704375,1613.6187797976606
24-BINANCE-ETHUSDT-27MAR2026,24,Binance,ETH,ETHUSDT,2026-03-27,2026-01-02,24,0.05393631052523912,0.05393630979598574,0.05393631052523912,0.061403950000000006,1533.581412086057
24-BINANCE-ETHUSDT-27MAR2026,24,Binance,ETH,ETHUSDT,2026-03-27,2026-01-03,24,0.05390118176994795,0.05390117887843881,0.05390118176994795,0.04630070625,1539.2798634193905
24-BINANCE-ETHUSDT-27MAR2026,24,Binance,ETH,ETHUSDT,2026-03-27,2026-01-04,24,0.05396657408270037,0.05390117887843881,0.05396657408270037,0.05307465,1545.3138309086182
24-BINANCE-ETHUSDT-27MAR2026,24,Binance,ETH,ETHUSDT,2026-03-27,2026-01-05,24,0.05372495529485616,0.053716783712446925,0.05372495529485616,0.0519951625,1598.8435568325021
24-BINANCE-ETHUSDT-27MAR2026,24,Binance,ETH,ETHUSDT,2026-03-27,2026-01-06,24,0.05358506105794359,0.053585063847210686,0.05358506105794359,0.07031861875,1635.1189641031042
24-BINANCE-ETHUSDT-27MAR2026,24,Binance,ETH,ETHUSDT,2026-03-27,2026-01-07,24,0.053585061196170077,0.053585063847210686,0.053585061196170077,0.068880975,1664.5004221584911
24-BINANCE-ETHUSDT-27MAR2026,24,Binance,ETH,ETHUSDT,2026-03-27,2026-01-08,24,0.05384411437815556,0.05384587069041342,0.05384411437815556,0.055599081249999995,1823.14793996966
24-BINANCE-ETHUSDT-27MAR2026,24,Binance,ETH,ETHUSDT,2026-03-27,2026-01-09,24,0.053980232224471784,0.05398023134783695,0.053980232224471784,0.05582994375,1887.432795988166
24-BINANCE-ETHUSDT-27MAR2026,24,Binance,ETH,ETHUSDT,2026-03-27,2026-01-10,24,0.05418664249258361,0.05418664305480616,0.05418664249258361,0.08859143125,1908.3876542835862
24-BINANCE-ETHUSDT-27MAR2026,24,Binance,ETH,ETHUSDT,2026-03-27,2026-01-11,24,0.05438438129247353,0.05437787560501423,0.05438438129247353,0.08102315625,1861.1041267854025
24-BINANCE-ETHUSDT-27MAR2026,24,Binance,ETH,ETHUSDT,2026-03-27,2026-01-12,24,0.055430420891835856,0.055425729840850625,0.055430420891835856,0.07313368125,1587.7846163871625
24-BINANCE-ETHUSDT-27MAR2026,24,Binance,ETH,ETHUSDT,2026-03-27,2026-01-13,24,0.0561562809650023,0.056157161281194995,0.05617389119757365,0.062191893750000005,1596.6891561320215
24-BINANCE-ETHUSDT-27MAR2026,24,Binance,ETH,ETHUSDT,2026-03-27,2026-01-14,24,0.056400113563365974,0.056349891021786426,0.056400113563365974,0.10082623125,1552.5562003858606
24-BINANCE-ETHUSDT-27MAR2026,24,Binance,ETH,ETHUSDT,2026-03-27,2026-01-15,24,0.05533041443303547,0.05529111857034779,0.05533041443303547,0.05680905625,1463.4560561308824
24-BINANCE-ETHUSDT-27MAR2026,24,Binance,ETH,ETHUSDT,2026-03-27,2026-01-16,24,0.054975642807882245,0.05496437276646602,0.054975642807882245,0.03824606875,1394.4897970628692
24-BINANCE-ETHUSDT-27MAR2026,24,Binance,ETH,ETHUSDT,2026-03-27,2026-01-17,24,0.05531608185553424,0.055316080896396884,0.05531608185553424,0.08052173750000001,1357.1328540100333
24-BINANCE-ETHUSDT-27MAR2026,24,Binance,ETH,ETHUSDT,2026-03-27,2026-01-18,24,0.05537763719359421,0.05537763689719009,0.05537763719359421,0.029314975000000004,1341.9375504728791
24-BINANCE-ETHUSDT-27MAR2026,24,Binance,ETH,ETHUSDT,2026-03-27,2026-01-19,24,0.054703482764873156,0.05477545713082954,0.054703482764873156,0.02058645625,1343.141191058079
24-BINANCE-ETHUSDT-27MAR2026,24,Binance,ETH,ETHUSDT,2026-03-27,2026-01-20,24,0.05411645861003104,0.054116458505888525,0.05411645861003104,0.058285025,1322.9613554706175
24-BINANCE-ETHUSDT-27MAR2026,24,Binance,ETH,ETHUSDT,2026-03-27,2026-01-21,24,0.05333487474059357,0.0533743731714341,0.05333487474059357,0.00806604375,1442.035859660267
24-BINANCE-ETHUSDT-27MAR2026,24,Binance,ETH,ETHUSDT,2026-03-27,2026-01-22,24,0.053058426469370416,0.05309353653051849,0.053058426469370416,0.026910537499999998,1482.7277545094933
24-BINANCE-ETHUSDT-27MAR2026,24,Binance,ETH,ETHUSDT,2026-03-27,2026-01-23,24,0.05295312133073644,0.05295312084231186,0.05295312133073644,0.0313525875,1600.7789043893445
24-BINANCE-ETHUSDT-27MAR2026,24,Binance,ETH,ETHUSDT,2026-03-27,2026-01-24,24,0.05238300825324222,0.05239049441285799,0.05238300825324222,0.02411600625,1602.0461507446598
24-BINANCE-ETHUSDT-27MAR2026,24,Binance,ETH,ETHUSDT,2026-03-27,2026-01-25,24,0.05200157027372731,0.05200850860405662,0.05200157027372731,0.05306050625,1613.775221580575
24-BINANCE-ETHUSDT-27MAR2026,24,Binance,ETH,ETHUSDT,2026-03-27,2026-01-26,24,0.050542961415692776,0.05050826279887006,0.050542961415692776,-0.01978801875,2014.1772705440264
24-BINANCE-ETHUSDT-27MAR2026,24,Binance,ETH,ETHUSDT,2026-03-27,2026-01-27,24,0.05190968489422093,0.05190098060782425,0.05190968489422093,0.0891211375,1819.8338204054708
24-BINANCE-ETHUSDT-27MAR2026,24,Binance,ETH,ETHUSDT,2026-03-27,2026-01-28,24,0.05301019947913691,0.05299556102777853,0.05301019947913691,0.08534201875000001,1757.0263610880095
24-BINANCE-ETHUSDT-27MAR2026,24,Binance,ETH,ETHUSDT,2026-03-27,2026-01-29,24,0.053163725353706524,0.05316372462852595,0.053163725353706524,0.030479325,1755.0033373710373
24-BINANCE-ETHUSDT-27MAR2026,24,Binance,ETH,ETHUSDT,2026-03-27,2026-01-30,24,0.053163725259273674,0.05316372462852595,0.053163725259273674,-0.00010904374999999999,1759.4659613083215
24-BINANCE-ETHUSDT-27MAR2026,24,Binance,ETH,ETHUSDT,2026-03-27,2026-01-31,24,0.052792656570031044,0.0527866389714711,0.05278389357906695,-0.047269325,1759.3393291572377
24-BINANCE-ETHUSDT-27MAR2026,24,Binance,ETH,ETHUSDT,2026-03-27,2026-02-01,24,0.05048123319086175,0.050490473933765045,0.05048123319086175,-0.08219800000000001,1912.1713391825142
24-BINANCE-ETHUSDT-27MAR2026,24,Binance,ETH,ETHUSDT,2026-03-27,2026-02-02,24,0.03732566286673363,0.03750658710678915,0.04776320851254299,-0.12402471875,2019.2284539065147
24-BINANCE-ETHUSDT-27MAR2026,24,Binance,ETH,ETHUSDT,2026-03-27,2026-02-03,24,0.03183246057651629,0.03177555877709169,,-0.0702707125,2077.486168456688
24-BINANCE-ETHUSDT-27MAR2026,24,Binance,ETH,ETHUSDT,2026-03-27,2026-02-04,24,0.032890585555787506,0.03288805508052067,,-0.022769612499999998,2142.78272807835
24-BINANCE-ETHUSDT-27MAR2026,24,Binance,ETH,ETHUSDT,2026-03-27,2026-02-05,24,0.0419785576123193,0.041812143611053586,0.04450208893202681,-0.0094462,2054.5609415735607
24-BINANCE-ETHUSDT-27MAR2026,24,Binance,ETH,ETHUSDT,2026-03-27,2026-02-06,24,0.03202045466748087,0.031905470733951106,0.04235133674524055,-0.12954990624999999,2374.1869702383465
24-BINANCE-ETHUSDT-27MAR2026,24,Binance,ETH,ETHUSDT,2026-03-27,2026-02-07,24,0.039482408164846224,0.03951257545800931,0.042408768511658035,0.041902,2083.7134077925084
24-BINANCE-ETHUSDT-27MAR2026,24,Binance,ETH,ETHUSDT,2026-03-27,2026-02-08,24,0.036489194968723604,0.036383490502872075,,-0.0178840875,2176.2748003792008
24-BINANCE-ETHUSDT-27MAR2026,24,Binance,ETH,ETHUSDT,2026-03-27,2026-02-09,24,0.0349632726397585,0.034984800268105506,,-0.03600725,2203.4170678159617
24-BINANCE-ETHUSDT-27MAR2026,24,Binance,ETH,ETHUSDT,2026-03-27,2026-02-10,24,0.030367339393079267,0.03045666643923306,,-0.10216395625000001,2292.4187871144536
24-BINANCE-ETHUSDT-27MAR2026,24,Binance,ETH,ETHUSDT,2026-03-27,2026-02-11,24,0.02413035725862654,0.024081312866786567,,-0.12635889375,2373.371769070395
24-BINANCE-ETHUSDT-27MAR2026,24,Binance,ETH,ETHUSDT,2026-03-27,2026-02-12,24,0.02385945818696132,0.023829589348417394,,-0.01985919375,2535.839923677146
24-BINANCE-ETHUSDT-27MAR2026,24,Binance,ETH,ETHUSDT,2026-03-27,2026-02-13,24,0.021867911738923346,0.021759483914902164,,-0.03763651875,2684.8849692822077
24-BINANCE-ETHUSDT-27MAR2026,24,Binance,ETH,ETHUSDT,2026-03-27,2026-02-14,24,0.020209512893746524,0.02038801087102225,,9.353124999999972e-05,2801.5133457505235
24-BINANCE-ETHUSDT-27MAR2026,24,Binance,ETH,ETHUSDT,2026-03-27,2026-02-15,24,0.021896635211757484,0.022005220843916946,,-0.025584218749999995,3048.529875398137
24-BINANCE-ETHUSDT-27MAR2026,24,Binance,ETH,ETHUSDT,2026-03-27,2026-02-16,24,0.02145779060828859,0.021388988617020235,,-0.05564196875,3129.531182640864
24-BINANCE-ETHUSDT-27MAR2026,24,Binance,ETH,ETHUSDT,2026-03-27,2026-02-17,24,0.021219550241680398,0.021298340113821857,,0.005702212499999999,3122.49908837407
24-BINANCE-ETHUSDT-27MAR2026,24,Binance,ETH,ETHUSDT,2026-03-27,2026-02-18,24,0.020532443676663677,0.020545200544772727,,-0.014641518749999999,3146.412100766271
24-BINANCE-ETHUSDT-27MAR2026,24,Binance,ETH,ETHUSDT,2026-03-27,2026-02-19,24,0.02017327596242009,0.02011587568818594,,-0.07504445624999999,3449.4908149589824
24-BINANCE-ETHUSDT-27MAR2026,24,Binance,ETH,ETHUSDT,2026-03-27,2026-02-20,24,0.018500547599581734,0.01861790708739845,,-0.055024206250000006,3842.4726761310944
24-BINANCE-ETHUSDT-27MAR2026,24,Binance,ETH,ETHUSDT,2026-03-27,2026-02-21,24,0.01888628441345302,0.018930901246976054,,0.045794725,3972.9794915839116
24-BINANCE-ETHUSDT-27MAR2026,24,Binance,ETH,ETHUSDT,2026-03-27,2026-02-22,24,0.01861923728230504,0.018820446444919627,,0.008854443750000001,4057.9939311331236
24-BINANCE-ETHUSDT-27MAR2026,24,Binance,ETH,ETHUSDT,2026-03-27,2026-02-23,24,0.012551437456017256,0.012727692052922642,,-0.14223730625,5059.2111421009095
24-BINANCE-ETHUSDT-27MAR2026,24,Binance,ETH,ETHUSDT,2026-03-27,2026-02-24,24,0.01861382147050249,0.01866435108707614,,-0.015444975,5129.2883809349905
24-BINANCE-ETHUSDT-27MAR2026,24,Binance,ETH,ETHUSDT,2026-03-27,2026-02-25,24,0.020930110235940883,0.021285057211423136,,0.02469270625,4527.301809993066
24-BINANCE-ETHUSDT-27MAR2026,24,Binance,ETH,ETHUSDT,2026-03-27,2026-02-26,24,0.020155512704041253,0.020390252960580748,,0.03412886875,4389.788591035528
24-BINANCE-ETHUSDT-27MAR2026,24,Binance,ETH,ETHUSDT,2026-03-27,2026-02-27,24,0.016082654350873898,0.01557735339003545,,-0.02709531875,5703.903126890495
24-BINANCE-ETHUSDT-27MAR2026,24,Binance,ETH,ETHUSDT,2026-03-27,2026-02-28,24,0.007681503682413973,0.007458902967928198,,-0.09468693125,7170.456326419636
24-BINANCE-ETHUSDT-27MAR2026,24,Binance,ETH,ETHUSDT,2026-03-27,2026-03-01,24,0.01866509677834812,0.018722892064922867,,0.019386518749999998,7973.963441066076
24-BINANCE-ETHUSDT-27MAR2026,24,Binance,ETH,ETHUSDT,2026-03-27,2026-03-02,24,0.010556157452509657,0.010694860627466407,,-0.06264723125,7600.391088382869
24-BINANCE-ETHUSDT-27MAR2026,24,Binance,ETH,ETHUSDT,2026-03-27,2026-03-03,24,0.009209334321152451,0.00919919736853091,,-0.025774475,8592.68792987966
24-BINANCE-ETHUSDT-27MAR2026,24,Binance,ETH,ETHUSDT,2026-03-27,2026-03-04,24,0.010366158158183366,0.01000609710826471,,-0.01059366875,9335.590888756977
24-BINANCE-ETHUSDT-27MAR2026,24,Binance,ETH,ETHUSDT,2026-03-27,2026-03-05,24,0.009945052516509133,0.009764134299707563,,-0.0095675625,9953.892940060086
24-BINANCE-ETHUSDT-27MAR2026,24,Binance,ETH,ETHUSDT,2026-03-27,2026-03-06,24,0.0077444945846212206,0.0076633846268037925,,-0.02487703125,10028.110605920336
24-BINANCE-ETHUSDT-27MAR2026,24,Binance,ETH,ETHUSDT,2026-03-27,2026-03-07,24,0.005435783784690251,0.005232913887461121,,-0.0332907375,10641.398409833224
24-BINANCE-ETHUSDT-27MAR2026,24,Binance,ETH,ETHUSDT,2026-03-27,2026-03-08,24,0.004564197446535159,0.004363587536116701,,-0.0744791625,11176.61651171794
24-BINANCE-ETHUSDT-27MAR2026,24,Binance,ETH,ETHUSDT,2026-03-27,2026-03-09,24,0.009681816635593478,0.009409720018883719,,-0.058879975,11817.061057495475
24-BINANCE-ETHUSDT-27MAR2026,24,Binance,ETH,ETHUSDT,2026-03-27,2026-03-10,24,0.015527538225425803,0.015498499099791943,,0.045107612500000005,12350.965561334264
24-BINANCE-ETHUSDT-27MAR2026,24,Binance,ETH,ETHUSDT,2026-03-27,2026-03-11,24,0.012533365665618771,0.012382097823912327,,0.0090666,12911.586873840997
24-BINANCE-ETHUSDT-27MAR2026,24,Binance,ETH,ETHUSDT,2026-03-27,2026-03-12,24,0.007458463774424822,0.007456956002553278,,-0.025034893750000006,13821.15081395499
24-BINANCE-ETHUSDT-27MAR2026,24,Binance,ETH,ETHUSDT,2026-03-27,2026-03-13,24,0.007854041727105231,0.007747093296148393,,0.014047025,13308.463577633207
24-BINANCE-ETHUSDT-27MAR2026,24,Binance,ETH,ETHUSDT,2026-03-27,2026-03-14,24,0.0036208417014867472,0.0032591367230728487,,-0.01099790625,13444.680053627344
24-BINANCE-ETHUSDT-27MAR2026,24,Binance,ETH,ETHUSDT,2026-03-27,2026-03-15,24,0.0030615792814868725,0.0032639322840755827,,-0.00283559375,13508.362475270289
24-BINANCE-ETHUSDT-27MAR2026,24,Binance,ETH,ETHUSDT,2026-03-27,2026-03-16,24,0.016119580031950503,0.016339124973963448,,0.0884477125,13544.368118536113
24-BINANCE-ETHUSDT-27MAR2026,24,Binance,ETH,ETHUSDT,2026-03-27,2026-03-17,24,0.013347644802765167,0.01287827100077389,,0.025835612499999997,17029.75061100056
24-BINANCE-ETHUSDT-27MAR2026,24,Binance,ETH,ETHUSDT,2026-03-27,2026-03-18,24,0.012100814512072058,0.0118720375636835,,0.005287937499999999,19186.901862144423
24-BINANCE-ETHUSDT-27MAR2026,24,Binance,ETH,ETHUSDT,2026-03-27,2026-03-19,24,0.007102824586800134,0.0072938480972863885,,-0.00499365625,20147.707263285778
24-BINANCE-ETHUSDT-27MAR2026,24,Binance,ETH,ETHUSDT,2026-03-27,2026-03-20,24,0.003921234421059521,0.004330955179761615,,-0.04507658750000001,18990.03980722308
24-BINANCE-ETHUSDT-27MAR2026,24,Binance,ETH,ETHUSDT,2026-03-27,2026-03-21,24,0.007984628913265306,0.008193896727681737,,0.01931260625,17463.86378249954
24-BINANCE-ETHUSDT-27MAR2026,24,Binance,ETH,ETHUSDT,2026-03-27,2026-03-22,24,-0.004425558387416783,-0.004959767147560149,,-0.02242879375,18145.401145830485
24-BINANCE-ETHUSDT-27MAR2026,24,Binance,ETH,ETHUSDT,2026-03-27,2026-03-23,24,0.0029432734316719943,0.0028490292821902116,,-0.006664899999999997,17163.230451662836
24-BINANCE-ETHUSDT-27MAR2026,24,Binance,ETH,ETHUSDT,2026-03-27,2026-03-24,24,0.005218030914674501,0.00510412573731514,,0.01247935,17559.042211416654
24-BINANCE-ETHUSDT-27MAR2026,24,Binance,ETH,ETHUSDT,2026-03-27,2026-03-25,24,0.002282397136992686,0.002323275969259029,,-0.001832756250000001,17915.864210234748
24-BINANCE-ETHUSDT-27MAR2026,24,Binance,ETH,ETHUSDT,2026-03-27,2026-03-26,24,-0.011842875677400838,-0.012053481340696746,,-0.007123431249999999,17014.16634877992
25-BINANCE-HYPEUSDT-26DEC2025,25,Binance,HYPE,HYPEUSDT,2025-12-26,2025-12-02,15,0.10996569428440126,0.11004148676193103,0.11,0.0803,70048.28352605067
25-BINANCE-HYPEUSDT-26DEC2025,25,Binance,HYPE,HYPEUSDT,2025-12-26,2025-12-03,24,0.10868365678420105,0.10872050541404632,0.10859009028344728,0.1095,1128974.4340114498
25-BINANCE-HYPEUSDT-26DEC2025,25,Binance,HYPE,HYPEUSDT,2025-12-26,2025-12-04,24,0.10976195067169463,0.10977313580823135,0.1096140376114006,0.1095,1189182.120864794
25-BINANCE-HYPEUSDT-26DEC2025,25,Binance,HYPE,HYPEUSDT,2025-12-26,2025-12-05,24,0.10566803322089906,0.10568779268742191,0.10566803322089906,0.0243537125,2291501.5062686796
25-BINANCE-HYPEUSDT-26DEC2025,25,Binance,HYPE,HYPEUSDT,2025-12-26,2025-12-06,24,0.10287784759838249,0.10292918939252456,0.10284565137837898,0.0033543500000000003,4664987.331057556
25-BINANCE-HYPEUSDT-26DEC2025,25,Binance,HYPE,HYPEUSDT,2025-12-26,2025-12-07,24,0.10213824923791219,0.10210121572280899,0.10206940022759114,0.028098612499999998,5634232.440106354
25-BINANCE-HYPEUSDT-26DEC2025,25,Binance,HYPE,HYPEUSDT,2025-12-26,2025-12-08,24,0.10165993847626247,0.1016863037829278,0.10165993847626247,0.09573858750000001,6397941.018961837
25-BINANCE-HYPEUSDT-26DEC2025,25,Binance,HYPE,HYPEUSDT,2025-12-26,2025-12-09,24,0.1032713738547484,0.10324385563204991,0.1032713738547484,0.10738573750000001,6675250.566461661
25-BINANCE-HYPEUSDT-26DEC2025,25,Binance,HYPE,HYPEUSDT,2025-12-26,2025-12-10,24,0.1060802747853687,0.1060802747853687,0.1060802747853687,0.1056383,6802078.48184102
25-BINANCE-HYPEUSDT-26DEC2025,25,Binance,HYPE,HYPEUSDT,2025-12-26,2025-12-11,24,0.10317438406193084,0.10319068855452818,0.10317438406193084,0.0877168,7280151.790629521
25-BINANCE-HYPEUSDT-26DEC2025,25,Binance,HYPE,HYPEUSDT,2025-12-26,2025-12-12,24,0.1029932783588266,0.1029932783588266,0.1029932783588266,0.1095,7572034.767165945
25-BINANCE-HYPEUSDT-26DEC2025,25,Binance,HYPE,HYPEUSDT,2025-12-26,2025-12-13,24,0.10248418289059093,0.1025464944429343,0.10248418289059093,0.1004918,8227091.98075343
25-BINANCE-HYPEUSDT-26DEC2025,25,Binance,HYPE,HYPEUSDT,2025-12-26,2025-12-14,24,0.1059420244286181,0.1059420244286181,0.1059420244286181,0.1086021,8385078.082812031
25-BINANCE-HYPEUSDT-26DEC2025,25,Binance,HYPE,HYPEUSDT,2025-12-26,2025-12-15,24,0.1058458728321281,0.10585591106466564,0.10580906795205412,0.0942895375,8019575.581923678
25-BINANCE-HYPEUSDT-26DEC2025,25,Binance,HYPE,HYPEUSDT,2025-12-26,2025-12-16,24,0.10236210373594758,0.10238045197213609,0.10236210373594758,0.0137833125,10101816.648419159
25-BINANCE-HYPEUSDT-26DEC2025,25,Binance,HYPE,HYPEUSDT,2025-12-26,2025-12-17,24,0.1053742675074187,0.10536033212574146,0.1053742675074187,0.1095,10307047.307104291
25-BINANCE-HYPEUSDT-26DEC2025,25,Binance,HYPE,HYPEUSDT,2025-12-26,2025-12-18,24,0.10502081422415362,0.10502081422415362,0.10502081422415362,0.1095,10739954.396162966
25-BINANCE-HYPEUSDT-26DEC2025,25,Binance,HYPE,HYPEUSDT,2025-12-26,2025-12-19,24,0.10501160610104597,0.10501160610104597,0.10501160610104597,0.1095,10841882.753457142
25-BINANCE-HYPEUSDT-26DEC2025,25,Binance,HYPE,HYPEUSDT,2025-12-26,2025-12-20,24,0.10562875665118467,0.10561457188663054,0.10562875665118467,0.1095,10825144.834597155
25-BINANCE-HYPEUSDT-26DEC2025,25,Binance,HYPE,HYPEUSDT,2025-12-26,2025-12-21,24,0.10097759437761013,0.10099643840011052,0.10094138154750314,0.09237055,11929918.313384635
25-BINANCE-HYPEUSDT-26DEC2025,25,Binance,HYPE,HYPEUSDT,2025-12-26,2025-12-22,24,0.1060026489525941,0.10601363703558225,0.10611489473534236,0.0911815625,12453375.481863504
25-BINANCE-HYPEUSDT-26DEC2025,25,Binance,HYPE,HYPEUSDT,2025-12-26,2025-12-23,24,0.10402812261139316,0.10410680966826458,0.10402354471768678,0.09106202499999999,12257954.716079928
25-BINANCE-HYPEUSDT-26DEC2025,25,Binance,HYPE,HYPEUSDT,2025-12-26,2025-12-24,24,0.09917893880430702,0.0992231285179621,0.09917893880430702,0.0659491125,12568280.19757756
25-BINANCE-HYPEUSDT-26DEC2025,25,Binance,HYPE,HYPEUSDT,2025-12-26,2025-12-25,24,0.10289330033019754,0.10284258931407862,0.10260475723728502,0.10860940000000001,12261378.820085375
26-OKX-BTCUSDT-30JAN2026,26,OKX,BTC,BTCUSDT,2026-01-30,2025-12-09,19,0.04000217230646497,0.04008143974314884,0.04,0.021970023916728,1.085536294736842
26-OKX-BTCUSDT-30JAN2026,26,OKX,BTC,BTCUSDT,2026-01-30,2025-12-10,24,0.04451910197546186,0.04451574477052267,0.04452004200049248,0.01946241727486456,7.145601841034903
26-OKX-BTCUSDT-30JAN2026,26,OKX,BTC,BTCUSDT,2026-01-30,2025-12-11,24,0.039286611375462986,0.039294228795215054,0.039286611375462986,-0.002629394372511812,11.295367122120007
26-OKX-BTCUSDT-30JAN2026,26,OKX,BTC,BTCUSDT,2026-01-30,2025-12-12,24,0.043419232089457284,0.04335368565840653,0.043419232089457284,0.0579207496238785,13.43828732363157
26-OKX-BTCUSDT-30JAN2026,26,OKX,BTC,BTCUSDT,2026-01-30,2025-12-13,24,0.0366947182022668,0.036702344348662326,0.0366947182022668,-0.004597973674225312,17.17037643009711
26-OKX-BTCUSDT-30JAN2026,26,OKX,BTC,BTCUSDT,2026-01-30,2025-12-14,24,0.038396876507306894,0.0385273914323488,0.038396876507306894,0.033474036481861,16.36798736257921
26-OKX-BTCUSDT-30JAN2026,26,OKX,BTC,BTCUSDT,2026-01-30,2025-12-15,24,0.03531145625941025,0.03528376880521064,0.03531145625941025,-0.00528631675945675,17.522611683345204
26-OKX-BTCUSDT-30JAN2026,26,OKX,BTC,BTCUSDT,2026-01-30,2025-12-16,24,0.03716080242264638,0.0372646936268553,0.03716080242264638,0.025405570141843376,15.59691530971071
26-OKX-BTCUSDT-30JAN2026,26,OKX,BTC,BTCUSDT,2026-01-30,2025-12-17,24,0.03621447834917597,0.036242854730923445,0.03621447834917597,0.03699277582446175,13.77264290646982
26-OKX-BTCUSDT-30JAN2026,26,OKX,BTC,BTCUSDT,2026-01-30,2025-12-18,24,0.03125161848537217,0.03128466311978018,0.03125161848537217,0.01874113683716244,18.468589083783822
26-OKX-BTCUSDT-30JAN2026,26,OKX,BTC,BTCUSDT,2026-01-30,2025-12-19,24,0.03548770128569428,0.03547894153375268,0.03546175055166718,0.050344952261261254,18.337593254226018
26-OKX-BTCUSDT-30JAN2026,26,OKX,BTC,BTCUSDT,2026-01-30,2025-12-20,24,0.034295635687799766,0.0341887868475318,0.03417908761868467,0.054389945271767874,20.953334982341374
26-OKX-BTCUSDT-30JAN2026,26,OKX,BTC,BTCUSDT,2026-01-30,2025-12-21,24,0.04018702348403951,0.04017595775399375,0.040160997385628915,0.09091778663475901,17.89983496786646
26-OKX-BTCUSDT-30JAN2026,26,OKX,BTC,BTCUSDT,2026-01-30,2025-12-22,24,0.04387660724382974,0.04390809145981911,0.04383313488102514,0.07369101493758157,17.944211518064126
26-OKX-BTCUSDT-30JAN2026,26,OKX,BTC,BTCUSDT,2026-01-30,2025-12-23,24,0.04094588314707832,0.041005109702251005,0.04091980885642945,-0.00030345764789018755,18.368947846753695
26-OKX-BTCUSDT-30JAN2026,26,OKX,BTC,BTCUSDT,2026-01-30,2025-12-24,24,0.039635660249862426,0.039503093573816345,0.03960539736531139,0.022287474285201062,14.52942251521994
26-OKX-BTCUSDT-30JAN2026,26,OKX,BTC,BTCUSDT,2026-01-30,2025-12-25,24,0.04485930446924269,0.04485930446924269,0.04485930446924269,0.07165137556991506,16.718345790510053
26-OKX-BTCUSDT-30JAN2026,26,OKX,BTC,BTCUSDT,2026-01-30,2025-12-26,24,0.04355606976361199,0.04347811365444118,0.04351706744547921,0.07905532613031856,15.550658439949279
26-OKX-BTCUSDT-30JAN2026,26,OKX,BTC,BTCUSDT,2026-01-30,2025-12-27,24,0.04180391367200237,0.04173880026082733,0.04180391367200237,0.06406393020919295,18.23419729039448
26-OKX-BTCUSDT-30JAN2026,26,OKX,BTC,BTCUSDT,2026-01-30,2025-12-28,24,0.04289664199600559,0.04289338374863535,0.04289664199600559,0.06100472440766894,20.808813967281047
26-OKX-BTCUSDT-30JAN2026,26,OKX,BTC,BTCUSDT,2026-01-30,2025-12-29,24,0.04348896557724886,0.04343679874223111,0.04348896557724886,0.051373243663167,29.26078366712234
26-OKX-BTCUSDT-30JAN2026,26,OKX,BTC,BTCUSDT,2026-01-30,2025-12-30,24,0.04368887453152575,0.043688874531525757,0.04368887453152575,0.04265830323244163,34.190857790364646
26-OKX-BTCUSDT-30JAN2026,26,OKX,BTC,BTCUSDT,2026-01-30,2025-12-31,24,0.04416735665198369,0.0441760580826446,0.04416735665198369,0.05062432848580737,36.32757996388409
26-OKX-BTCUSDT-30JAN2026,26,OKX,BTC,BTCUSDT,2026-01-30,2026-01-01,24,0.044484999785648904,0.04448466869746313,0.044484999785648904,0.019560773590616688,34.55811070424436
26-OKX-BTCUSDT-30JAN2026,26,OKX,BTC,BTCUSDT,2026-01-30,2026-01-02,24,0.04388479975461875,0.04386621850040598,0.04385439690389304,0.027825843300967188,29.804092094302646
26-OKX-BTCUSDT-30JAN2026,26,OKX,BTC,BTCUSDT,2026-01-30,2026-01-03,24,0.03951174785177019,0.039414565846363124,0.03949443957559087,-0.008052348612438876,29.817944371084263
26-OKX-BTCUSDT-30JAN2026,26,OKX,BTC,BTCUSDT,2026-01-30,2026-01-04,24,0.042959575027353446,0.04284878330660449,0.04290745598775092,0.04457089390696537,27.41495421889313
26-OKX-BTCUSDT-30JAN2026,26,OKX,BTC,BTCUSDT,2026-01-30,2026-01-05,24,0.04600331557139407,0.04582619266267545,0.045882320793793875,0.07044389660286475,21.885164872561788
26-OKX-BTCUSDT-30JAN2026,26,OKX,BTC,BTCUSDT,2026-01-30,2026-01-06,24,0.044041302038303524,0.04390289994772736,0.04398041159664389,0.005082374487811687,20.304682479437577
26-OKX-BTCUSDT-30JAN2026,26,OKX,BTC,BTCUSDT,2026-01-30,2026-01-07,24,0.04793032814166547,0.04795648338543829,0.04793032814166547,0.061365814974378756,18.217991545506987
26-OKX-BTCUSDT-30JAN2026,26,OKX,BTC,BTCUSDT,2026-01-30,2026-01-08,24,0.04576017853498093,0.04571652407894558,0.04571652407894558,0.06092201673954025,16.533631595329094
26-OKX-BTCUSDT-30JAN2026,26,OKX,BTC,BTCUSDT,2026-01-30,2026-01-09,24,0.04065796958632928,0.040552259329096826,0.040553906824729646,0.005308290965964251,16.938155951391373
26-OKX-BTCUSDT-30JAN2026,26,OKX,BTC,BTCUSDT,2026-01-30,2026-01-10,24,0.04355020399555921,0.043537154459627275,0.043537154459627275,0.05837381728091325,17.13007355380127
26-OKX-BTCUSDT-30JAN2026,26,OKX,BTC,BTCUSDT,2026-01-30,2026-01-11,24,0.04442423855411617,0.04443108820280182,0.04442423855411617,0.053878231337817745,17.724986437410916
26-OKX-BTCUSDT-30JAN2026,26,OKX,BTC,BTCUSDT,2026-01-30,2026-01-12,24,0.0454126651239339,0.0454126651239339,0.0454126651239339,0.054330252655352185,16.839256039931257
26-OKX-BTCUSDT-30JAN2026,26,OKX,BTC,BTCUSDT,2026-01-30,2026-01-13,24,0.045257487331937955,0.045277546023751954,0.045257487331937955,0.06316958755411176,15.427965415614343
26-OKX-BTCUSDT-30JAN2026,26,OKX,BTC,BTCUSDT,2026-01-30,2026-01-14,24,0.04781307596820105,0.04771359157037868,0.04775710020871548,0.09025498539870343,21.511441080081553
26-OKX-BTCUSDT-30JAN2026,26,OKX,BTC,BTCUSDT,2026-01-30,2026-01-15,24,0.0454427801046054,0.04537471583461269,0.045390627988480835,0.030538340194998747,35.03446724430547
26-OKX-BTCUSDT-30JAN2026,26,OKX,BTC,BTCUSDT,2026-01-30,2026-01-16,24,0.04632617121308397,0.04629473095341128,0.04629565523572099,0.05794026448809406,35.42024189468811
26-OKX-BTCUSDT-30JAN2026,26,OKX,BTC,BTCUSDT,2026-01-30,2026-01-17,24,0.04355649670886263,0.04320825966088201,0.04325612404909324,0.012840900983741438,36.97503644059569
26-OKX-BTCUSDT-30JAN2026,26,OKX,BTC,BTCUSDT,2026-01-30,2026-01-18,24,0.04591470965066344,0.045780715253995845,0.04606788574445108,0.07190487055597569,44.73047150975996
26-OKX-BTCUSDT-30JAN2026,26,OKX,BTC,BTCUSDT,2026-01-30,2026-01-19,24,0.039177255034443005,0.038910658734345925,0.03900516497673762,0.0030694076575656245,49.45219888503496
26-OKX-BTCUSDT-30JAN2026,26,OKX,BTC,BTCUSDT,2026-01-30,2026-01-20,24,0.04590999926886836,0.045918045798721475,0.04594502165273725,0.07233455648107925,52.18911584022957
26-OKX-BTCUSDT-30JAN2026,26,OKX,BTC,BTCUSDT,2026-01-30,2026-01-21,24,0.04381860890261025,0.04367018263207236,0.04368073524760278,0.023304045832013124,55.61551637105487
26-OKX-BTCUSDT-30JAN2026,26,OKX,BTC,BTCUSDT,2026-01-30,2026-01-22,24,0.044872564789316505,0.04486854602168263,0.044872564789316505,0.021595024031360436,81.86864607256268
26-OKX-BTCUSDT-30JAN2026,26,OKX,BTC,BTCUSDT,2026-01-30,2026-01-23,24,0.045534814497314335,0.04553481449731434,0.045534814497314335,0.04762500326265944,100.29948711436127
26-OKX-BTCUSDT-30JAN2026,26,OKX,BTC,BTCUSDT,2026-01-30,2026-01-24,24,0.04464165120383836,0.04464165120383836,0.04464165120383836,0.04601306537749781,99.74151096412716
26-OKX-BTCUSDT-30JAN2026,26,OKX,BTC,BTCUSDT,2026-01-30,2026-01-25,24,0.04431032330128473,0.044484974541034374,0.04431032330128473,0.03295319105419588,99.99654981731761
26-OKX-BTCUSDT-30JAN2026,26,OKX,BTC,BTCUSDT,2026-01-30,2026-01-26,24,0.04420592425791886,0.04420604093394315,0.04418421197257347,0.013030188210078689,86.81877716290815
26-OKX-BTCUSDT-30JAN2026,26,OKX,BTC,BTCUSDT,2026-01-30,2026-01-27,24,0.041304179401859244,0.04123243580663522,0.041278148097751786,0.0721497479650135,77.6685229526558
26-OKX-BTCUSDT-30JAN2026,26,OKX,BTC,BTCUSDT,2026-01-30,2026-01-28,24,0.04870553666526626,0.048350250627932224,0.04864522487393963,0.06058043734405356,56.70771591629393
26-OKX-BTCUSDT-30JAN2026,26,OKX,BTC,BTCUSDT,2026-01-30,2026-01-29,24,0.05133124516193493,0.051047727088144534,0.04684984880005197,0.048561572121649556,62.954664791528295
27-OKX-ETHUSDT-30JAN2026,27,OKX,ETH,ETHUSDT,2026-01-30,2025-12-09,19,0.020067845120621246,0.020014547483654378,0.02008116321579438,0.0029803613744486053,76.62879689297579
27-OKX-ETHUSDT-30JAN2026,27,OKX,ETH,ETHUSDT,2026-01-30,2025-12-10,24,0.04484680478946757,0.044768199705703955,0.04484680478946757,0.07373489034787274,803.1252084483818
27-OKX-ETHUSDT-30JAN2026,27,OKX,ETH,ETHUSDT,2026-01-30,2025-12-11,24,0.04274014254150243,0.042804443353030464,0.04274014254150243,0.0045355833791545,1149.7175089119726
27-OKX-ETHUSDT-30JAN2026,27,OKX,ETH,ETHUSDT,2026-01-30,2025-12-12,24,0.039793985132031036,0.03981136799425978,0.03980268090875196,-0.0022942096775124383,1292.8228181097747
27-OKX-ETHUSDT-30JAN2026,27,OKX,ETH,ETHUSDT,2026-01-30,2025-12-13,24,0.03270134985569683,0.03270678571408086,0.03269703682647534,-0.07243758678816643,1567.1086596675161
27-OKX-ETHUSDT-30JAN2026,27,OKX,ETH,ETHUSDT,2026-01-30,2025-12-14,24,0.027401264524089492,0.02745979903523987,0.027401264524089492,-0.027375382272092002,1567.3323167428427
27-OKX-ETHUSDT-30JAN2026,27,OKX,ETH,ETHUSDT,2026-01-30,2025-12-15,24,0.02878890693980896,0.028793516547999776,0.02879012394492438,0.008091045924342437,1656.1758697610219
27-OKX-ETHUSDT-30JAN2026,27,OKX,ETH,ETHUSDT,2026-01-30,2025-12-16,24,0.027041857710769255,0.027041857710769255,0.027041857710769255,0.0027835049884101875,1730.364305270801
27-OKX-ETHUSDT-30JAN2026,27,OKX,ETH,ETHUSDT,2026-01-30,2025-12-17,24,0.02818174966893178,0.028190333137367473,0.02818174966893178,0.006701520491824437,2693.48454815811
27-OKX-ETHUSDT-30JAN2026,27,OKX,ETH,ETHUSDT,2026-01-30,2025-12-18,24,0.028497948502831442,0.028516296390042033,0.028497948502831442,-0.010521749321066374,4580.803605725264
27-OKX-ETHUSDT-30JAN2026,27,OKX,ETH,ETHUSDT,2026-01-30,2025-12-19,24,0.027251742082297265,0.02723937645782003,0.02724318047568484,-0.006665092991272562,5165.751998151205
27-OKX-ETHUSDT-30JAN2026,27,OKX,ETH,ETHUSDT,2026-01-30,2025-12-20,24,0.027909465670110264,0.027875928591350307,0.027928667367724726,-0.02545483038779056,5648.745781741513
27-OKX-ETHUSDT-30JAN2026,27,OKX,ETH,ETHUSDT,2026-01-30,2025-12-21,24,0.030976204834941623,0.03102203828512669,0.030976204834941623,0.018062072779439876,6188.232197263423
27-OKX-ETHUSDT-30JAN2026,27,OKX,ETH,ETHUSDT,2026-01-30,2025-12-22,24,0.03021258933595375,0.03023943546058341,0.030208323993610457,-0.001470445689948126,7330.084383989117
27-OKX-ETHUSDT-30JAN2026,27,OKX,ETH,ETHUSDT,2026-01-30,2025-12-23,24,0.031008453075292403,0.03105238620502102,0.031064335586842875,0.039300049011588685,7168.832735906773
27-OKX-ETHUSDT-30JAN2026,27,OKX,ETH,ETHUSDT,2026-01-30,2025-12-24,24,0.028439194385248997,0.028410279649868978,0.0284520590745338,-0.031026082676906503,7011.46423167755
27-OKX-ETHUSDT-30JAN2026,27,OKX,ETH,ETHUSDT,2026-01-30,2025-12-25,24,0.028009071458326856,0.027936784175943554,0.02802193271714225,0.04812083134496243,6875.4934526836
27-OKX-ETHUSDT-30JAN2026,27,OKX,ETH,ETHUSDT,2026-01-30,2025-12-26,24,0.028050761203877065,0.027946941127985524,0.028050761203877065,0.009939889149056063,6669.464473389493
27-OKX-ETHUSDT-30JAN2026,27,OKX,ETH,ETHUSDT,2026-01-30,2025-12-27,24,0.028940319413218066,0.028912464859778098,0.028934694133368646,0.024443786970967062,6901.334155077872
27-OKX-ETHUSDT-30JAN2026,27,OKX,ETH,ETHUSDT,2026-01-30,2025-12-28,24,0.02921001997990778,0.029295182409805106,0.02921001997990778,0.01952644756741325,7646.582921382861
27-OKX-ETHUSDT-30JAN2026,27,OKX,ETH,ETHUSDT,2026-01-30,2025-12-29,24,0.029177595606472786,0.02915264671523719,0.02915454740510258,0.03531245123520494,7687.995941303311
27-OKX-ETHUSDT-30JAN2026,27,OKX,ETH,ETHUSDT,2026-01-30,2025-12-30,24,0.02823668031361562,0.028198644753027954,0.028296602566260983,-0.020313960809152314,7401.951692863179
27-OKX-ETHUSDT-30JAN2026,27,OKX,ETH,ETHUSDT,2026-01-30,2025-12-31,24,0.029381642792825537,0.029412716176336062,0.029398805004402496,0.0291454115130475,7813.753489933832
27-OKX-ETHUSDT-30JAN2026,27,OKX,ETH,ETHUSDT,2026-01-30,2026-01-01,24,0.03029025164993394,0.030293232082064993,0.0302740275282443,0.05388372928470619,8934.466751077447
27-OKX-ETHUSDT-30JAN2026,27,OKX,ETH,ETHUSDT,2026-01-30,2026-01-02,24,0.027659548156546688,0.027731756622877104,0.02767669707326444,-0.03222458869999575,9636.931351020878
27-OKX-ETHUSDT-30JAN2026,27,OKX,ETH,ETHUSDT,2026-01-30,2026-01-03,24,0.02731166079301874,0.027308159825559463,0.02731166079301874,-0.0034039310673555003,9140.895224995802
27-OKX-ETHUSDT-30JAN2026,27,OKX,ETH,ETHUSDT,2026-01-30,2026-01-04,24,0.02731084324097817,0.027291690351841574,0.027291448614743186,-0.02310109287923531,9688.659743409953
27-OKX-ETHUSDT-30JAN2026,27,OKX,ETH,ETHUSDT,2026-01-30,2026-01-05,24,0.02974180681507091,0.029656291302727688,0.029813908780565973,0.04521248096662838,11514.728336995851
27-OKX-ETHUSDT-30JAN2026,27,OKX,ETH,ETHUSDT,2026-01-30,2026-01-06,24,0.029528733768291144,0.02952032777357295,0.02942612985200406,0.03646897585023556,12663.936731633863
27-OKX-ETHUSDT-30JAN2026,27,OKX,ETH,ETHUSDT,2026-01-30,2026-01-07,24,0.029402252310269633,0.029343286961371336,0.029419403799517824,0.059995208356614184,13816.110264430381
27-OKX-ETHUSDT-30JAN2026,27,OKX,ETH,ETHUSDT,2026-01-30,2026-01-08,24,0.028369356452356304,0.02837792576769037,0.028369356452356304,-0.017716581458611814,14714.684821541954
27-OKX-ETHUSDT-30JAN2026,27,OKX,ETH,ETHUSDT,2026-01-30,2026-01-09,24,0.02783270978515948,0.027820266180521927,0.02782414346847531,0.02711272531192831,15499.686368190007
27-OKX-ETHUSDT-30JAN2026,27,OKX,ETH,ETHUSDT,2026-01-30,2026-01-10,24,0.028137214514956155,0.028125175511853017,0.028137214514956155,0.05668604554393219,16374.660062073288
27-OKX-ETHUSDT-30JAN2026,27,OKX,ETH,ETHUSDT,2026-01-30,2026-01-11,24,0.029169539452321248,0.0291667036550397,0.02915642330523466,0.061746295486791634,16573.723993537707
27-OKX-ETHUSDT-30JAN2026,27,OKX,ETH,ETHUSDT,2026-01-30,2026-01-12,24,0.030363710480386635,0.030494103569869993,0.030400454712825566,0.06467327436241051,16742.61216577794
27-OKX-ETHUSDT-30JAN2026,27,OKX,ETH,ETHUSDT,2026-01-30,2026-01-13,24,0.03008118666302047,0.029947445151892668,0.03013406499865813,0.03343928349400369,16440.16888568817
27-OKX-ETHUSDT-30JAN2026,27,OKX,ETH,ETHUSDT,2026-01-30,2026-01-14,24,0.03364679749423092,0.033545600929492846,0.033689022848783105,0.08745963628766912,17518.145135527408
27-OKX-ETHUSDT-30JAN2026,27,OKX,ETH,ETHUSDT,2026-01-30,2026-01-15,24,0.03388045845268628,0.033601749134471705,0.033730350815008046,0.0373829456371585,19121.680638385926
27-OKX-ETHUSDT-30JAN2026,27,OKX,ETH,ETHUSDT,2026-01-30,2026-01-16,24,0.03414342180474218,0.03414932905612977,0.034179930484707244,0.06310181215526049,19491.838446526468
27-OKX-ETHUSDT-30JAN2026,27,OKX,ETH,ETHUSDT,2026-01-30,2026-01-17,24,0.03326447841679002,0.03322929679212589,0.03322877075771604,0.0144048925991305,19443.40826045141
27-OKX-ETHUSDT-30JAN2026,27,OKX,ETH,ETHUSDT,2026-01-30,2026-01-18,24,0.032834067655325,0.03281992613734907,0.03280818430132263,0.03003729259537194,18518.241705872366
27-OKX-ETHUSDT-30JAN2026,27,OKX,ETH,ETHUSDT,2026-01-30,2026-01-19,24,0.028221275596715504,0.028260069024438172,0.0282038875022488,-0.011762135007090939,17929.37559202092
27-OKX-ETHUSDT-30JAN2026,27,OKX,ETH,ETHUSDT,2026-01-30,2026-01-20,24,0.031090348123445827,0.03120114278268189,0.03123798597872744,0.01832109510523212,16950.782357947388
27-OKX-ETHUSDT-30JAN2026,27,OKX,ETH,ETHUSDT,2026-01-30,2026-01-21,24,0.027671204714567767,0.027675790372284178,0.02761581723085552,-0.033173625331286254,17318.751460582233
27-OKX-ETHUSDT-30JAN2026,27,OKX,ETH,ETHUSDT,2026-01-30,2026-01-22,24,0.02860909918920292,0.02865825801057778,0.028559690291395105,0.007794512424121688,17227.284394086088
27-OKX-ETHUSDT-30JAN2026,27,OKX,ETH,ETHUSDT,2026-01-30,2026-01-23,24,0.030143444640604342,0.030254719112203652,0.030185209063313453,0.022379014203829622,17777.68339146583
27-OKX-ETHUSDT-30JAN2026,27,OKX,ETH,ETHUSDT,2026-01-30,2026-01-24,24,0.026031653748977836,0.026135591502657155,0.026152876065089942,-0.007229733698876313,17977.564001175702
27-OKX-ETHUSDT-30JAN2026,27,OKX,ETH,ETHUSDT,2026-01-30,2026-01-25,24,0.023159398215326556,0.023240605838906442,0.02319153238550112,0.004836394801531624,18171.547080642897
27-OKX-ETHUSDT-30JAN2026,27,OKX,ETH,ETHUSDT,2026-01-30,2026-01-26,24,0.0227284800970189,0.022558906582296076,0.022586396036396325,-0.030874349870622066,16290.338830535446
27-OKX-ETHUSDT-30JAN2026,27,OKX,ETH,ETHUSDT,2026-01-30,2026-01-27,24,0.033310289828649066,0.033198410216044985,0.03319037785089414,0.057058519857260494,16227.057214315326
27-OKX-ETHUSDT-30JAN2026,27,OKX,ETH,ETHUSDT,2026-01-30,2026-01-28,24,0.0393803099651677,0.039360390305094195,0.0393217354569795,0.05008531391809331,16371.547693275226
27-OKX-ETHUSDT-30JAN2026,27,OKX,ETH,ETHUSDT,2026-01-30,2026-01-29,24,0.026489424739503633,0.026803337478703965,0.037468675045384446,0.02685146923641481,17505.100081402248
28-BINANCE-BTCUSDT-30JAN2026,28,Binance,BTC,BTCUSDT,2026-01-30,2025-12-16,19,0.051966609791131,0.05200591039112321,0.052014547414283546,0.022720097368421056,0.438276112368421
28-BINANCE-BTCUSDT-30JAN2026,28,Binance,BTC,BTCUSDT,2026-01-30,2025-12-17,24,0.05524649375386806,0.05525181095537366,0.055258904042667756,0.076272225,2.7391423035899645
28-BINANCE-BTCUSDT-30JAN2026,28,Binance,BTC,BTCUSDT,2026-01-30,2025-12-18,24,0.053410360169193954,0.0533972615459431,0.053410360169193954,0.0489583625,10.855107624635826
28-BINANCE-BTCUSDT-30JAN2026,28,Binance,BTC,BTCUSDT,2026-01-30,2025-12-19,24,0.05295397131546494,0.05288384284778444,0.05295397131546494,0.09229161875000001,13.229659379136592
28-BINANCE-BTCUSDT-30JAN2026,28,Binance,BTC,BTCUSDT,2026-01-30,2025-12-20,24,0.05492041826177616,0.05492041826177616,0.05492041826177616,0.06846898124999999,15.002595831848353
28-BINANCE-BTCUSDT-30JAN2026,28,Binance,BTC,BTCUSDT,2026-01-30,2025-12-21,24,0.0548500931641484,0.05485006386495438,0.0548500931641484,0.08369906249999999,18.430563640623884
28-BINANCE-BTCUSDT-30JAN2026,28,Binance,BTC,BTCUSDT,2026-01-30,2025-12-22,24,0.05400675606915254,0.05400675606915254,0.05400675606915254,0.05559816875,23.38486691840292
28-BINANCE-BTCUSDT-30JAN2026,28,Binance,BTC,BTCUSDT,2026-01-30,2025-12-23,24,0.053866051473720165,0.05386744193349028,0.053866051473720165,0.03747226875,22.37938348857361
28-BINANCE-BTCUSDT-30JAN2026,28,Binance,BTC,BTCUSDT,2026-01-30,2025-12-24,24,0.054503062506065146,0.05446792983192842,0.054503062506065146,0.087109075,24.683707224478653
28-BINANCE-BTCUSDT-30JAN2026,28,Binance,BTC,BTCUSDT,2026-01-30,2025-12-25,24,0.0554831772993239,0.0554831772993239,0.0554831772993239,0.08003948125,27.97455453092101
28-BINANCE-BTCUSDT-30JAN2026,28,Binance,BTC,BTCUSDT,2026-01-30,2025-12-26,24,0.053831251565624315,0.053770991897833666,0.05381699543131512,0.0715226625,60.309913716907694
28-BINANCE-BTCUSDT-30JAN2026,28,Binance,BTC,BTCUSDT,2026-01-30,2025-12-27,24,0.05298387662325562,0.05299032340341107,0.05295756354143333,0.040024987500000005,96.52588438790791
28-BINANCE-BTCUSDT-30JAN2026,28,Binance,BTC,BTCUSDT,2026-01-30,2025-12-28,24,0.05219459367623735,0.05219459367623735,0.05219459367623735,0.0617990625,109.9218875018119
28-BINANCE-BTCUSDT-30JAN2026,28,Binance,BTC,BTCUSDT,2026-01-30,2025-12-29,24,0.05307598818883811,0.05318404678579364,0.05307598818883811,0.09273098749999999,137.85302009898268
28-BINANCE-BTCUSDT-30JAN2026,28,Binance,BTC,BTCUSDT,2026-01-30,2025-12-30,24,0.05356754842446735,0.05356754842446735,0.05356754842446735,0.08219115625,164.06603018770457
28-BINANCE-BTCUSDT-30JAN2026,28,Binance,BTC,BTCUSDT,2026-01-30,2025-12-31,24,0.0533261726214976,0.05330557366147872,0.0533261726214976,0.03175271875,172.26469203832096
28-BINANCE-BTCUSDT-30JAN2026,28,Binance,BTC,BTCUSDT,2026-01-30,2026-01-01,24,0.053822146169358535,0.053822146169358535,0.053822146169358535,0.08017544375,176.9790330820889
28-BINANCE-BTCUSDT-30JAN2026,28,Binance,BTC,BTCUSDT,2026-01-30,2026-01-02,24,0.053628965200299084,0.053628965200299084,0.053628965200299084,0.0520207125,180.39274055429587
28-BINANCE-BTCUSDT-30JAN2026,28,Binance,BTC,BTCUSDT,2026-01-30,2026-01-03,24,0.052146579398573145,0.052102809834832425,0.0521290306186229,0.03955641875,176.6622511427254
28-BINANCE-BTCUSDT-30JAN2026,28,Binance,BTC,BTCUSDT,2026-01-30,2026-01-04,24,0.05281664642603858,0.05274255741658087,0.05281664642603858,0.07318158749999999,171.34728555048525
28-BINANCE-BTCUSDT-30JAN2026,28,Binance,BTC,BTCUSDT,2026-01-30,2026-01-05,24,0.05292683935364608,0.05294000642360617,0.05292683935364608,0.07823820625,173.3018271499769
28-BINANCE-BTCUSDT-30JAN2026,28,Binance,BTC,BTCUSDT,2026-01-30,2026-01-06,24,0.05248887079451261,0.052527670171524876,0.05248887079451261,0.017374,176.32356816085803
28-BINANCE-BTCUSDT-30JAN2026,28,Binance,BTC,BTCUSDT,2026-01-30,2026-01-07,24,0.053040998980384495,0.053040998980384495,0.053040998980384495,0.0709660375,179.36250517921064
28-BINANCE-BTCUSDT-30JAN2026,28,Binance,BTC,BTCUSDT,2026-01-30,2026-01-08,24,0.053455441778373615,0.05344752620578113,0.053455441778373615,0.09010070625,189.16307556924707
28-BINANCE-BTCUSDT-30JAN2026,28,Binance,BTC,BTCUSDT,2026-01-30,2026-01-09,24,0.052760248325247845,0.05277573080296604,0.052760248325247845,0.0198569125,199.0305778368154
28-BINANCE-BTCUSDT-30JAN2026,28,Binance,BTC,BTCUSDT,2026-01-30,2026-01-10,24,0.05284790098585871,0.052844190984792296,0.05284790098585871,0.06855749375,201.57945812844022
28-BINANCE-BTCUSDT-30JAN2026,28,Binance,BTC,BTCUSDT,2026-01-30,2026-01-11,24,0.053488549947642405,0.0535076409265117,0.053488549947642405,0.0571298,212.21701516128516
28-BINANCE-BTCUSDT-30JAN2026,28,Binance,BTC,BTCUSDT,2026-01-30,2026-01-12,24,0.05293450446101237,0.05293124225912368,0.05293450446101237,0.03282125625,206.79801916270148
28-BINANCE-BTCUSDT-30JAN2026,28,Binance,BTC,BTCUSDT,2026-01-30,2026-01-13,24,0.05309247733004351,0.0530576932468979,0.05307493907594003,0.05722698125,217.67705152450037
28-BINANCE-BTCUSDT-30JAN2026,28,Binance,BTC,BTCUSDT,2026-01-30,2026-01-14,24,0.05222417761930744,0.05222709236881745,0.05222417761930744,0.02417440625,220.6874289919413
28-BINANCE-BTCUSDT-30JAN2026,28,Binance,BTC,BTCUSDT,2026-01-30,2026-01-15,24,0.05236993373537056,0.052376797109481794,0.05236993373537056,0.0117776375,228.01713536034057
28-BINANCE-BTCUSDT-30JAN2026,28,Binance,BTC,BTCUSDT,2026-01-30,2026-01-16,24,0.052242633419635164,0.05225578645254469,0.052242633419635164,0.062235693749999994,212.58370897464545
28-BINANCE-BTCUSDT-30JAN2026,28,Binance,BTC,BTCUSDT,2026-01-30,2026-01-17,24,0.0516377858949932,0.051641173404533,0.0516377858949932,0.020968793750000003,230.61110516596514
28-BINANCE-BTCUSDT-30JAN2026,28,Binance,BTC,BTCUSDT,2026-01-30,2026-01-18,24,0.05249735266029477,0.052482346884043705,0.05249735266029477,0.07022828125000001,253.871455571445
28-BINANCE-BTCUSDT-30JAN2026,28,Binance,BTC,BTCUSDT,2026-01-30,2026-01-19,24,0.051760632988373835,0.051809084528169985,0.051760632988373835,0.030731631250000002,243.35760613917753
28-BINANCE-BTCUSDT-30JAN2026,28,Binance,BTC,BTCUSDT,2026-01-30,2026-01-20,24,0.05257617684000521,0.05257268048452312,0.05257617684000521,0.0792132125,261.49319886338003
28-BINANCE-BTCUSDT-30JAN2026,28,Binance,BTC,BTCUSDT,2026-01-30,2026-01-21,24,0.05098243969329905,0.05079834102576373,0.05089345393612036,0.0688764125,295.1718121242874
28-BINANCE-BTCUSDT-30JAN2026,28,Binance,BTC,BTCUSDT,2026-01-30,2026-01-22,24,0.0526260530924508,0.05265901597781445,0.05264355455578426,0.07302874375,277.1126400492006
28-BINANCE-BTCUSDT-30JAN2026,28,Binance,BTC,BTCUSDT,2026-01-30,2026-01-23,24,0.052812883679882516,0.05280878753120056,0.052812883679882516,0.05750346875,269.7891775655318
28-BINANCE-BTCUSDT-30JAN2026,28,Binance,BTC,BTCUSDT,2026-01-30,2026-01-24,24,0.053422714166770385,0.05340715700001716,0.053422714166770385,0.05374396875,287.85654920282565
28-BINANCE-BTCUSDT-30JAN2026,28,Binance,BTC,BTCUSDT,2026-01-30,2026-01-25,24,0.052146008165338126,0.052115364090987916,0.052146008165338126,0.051746049999999995,285.1042558154115
28-BINANCE-BTCUSDT-30JAN2026,28,Binance,BTC,BTCUSDT,2026-01-30,2026-01-26,24,0.052770523637783485,0.05271710335453842,0.052770523637783485,0.04538364375,282.63674406510637
28-BINANCE-BTCUSDT-30JAN2026,28,Binance,BTC,BTCUSDT,2026-01-30,2026-01-27,24,0.053740055726079046,0.053693207485912754,0.053740055726079046,0.06409719375,291.46834870381264
28-BINANCE-BTCUSDT-30JAN2026,28,Binance,BTC,BTCUSDT,2026-01-30,2026-01-28,24,0.054148474438441174,0.05415489054594621,0.054148474438441174,0.06095545624999999,320.89764732063304
28-BINANCE-BTCUSDT-30JAN2026,28,Binance,BTC,BTCUSDT,2026-01-30,2026-01-29,24,0.04987733030725594,0.049571179849529724,0.05477549038436044,0.06228679375000001,326.5465914171528
29-BINANCE-ETHUSDT-30JAN2026,29,Binance,ETH,ETHUSDT,2026-01-30,2025-12-16,19,0.056977914090868984,0.05696185161150097,0.057,0.002972636842105263,11.740787273947369
29-BINANCE-ETHUSDT-30JAN2026,29,Binance,ETH,ETHUSDT,2026-01-30,2025-12-17,24,0.0541568062562679,0.054420103794271514,0.05416157480483028,0.014276974999999999,92.37182066714878
29-BINANCE-ETHUSDT-30JAN2026,29,Binance,ETH,ETHUSDT,2026-01-30,2025-12-18,24,0.050814699326939765,0.05082383496873338,0.050814699326939765,0.0005310749999999988,390.9168616994687
29-BINANCE-ETHUSDT-30JAN2026,29,Binance,ETH,ETHUSDT,2026-01-30,2025-12-19,24,0.05127043197793756,0.05125548625054025,0.0512911618438334,0.0797552375,347.8692109300159
29-BINANCE-ETHUSDT-30JAN2026,29,Binance,ETH,ETHUSDT,2026-01-30,2025-12-20,24,0.052518041946324284,0.05256823858750282,0.05248302676001276,0.02133653125,466.82570254073363
29-BINANCE-ETHUSDT-30JAN2026,29,Binance,ETH,ETHUSDT,2026-01-30,2025-12-21,24,0.049878084152218664,0.049849960773787776,0.04986868594808235,0.0235123875,825.5634821883846
29-BINANCE-ETHUSDT-30JAN2026,29,Binance,ETH,ETHUSDT,2026-01-30,2025-12-22,24,0.051239664108065436,0.051304835170945945,0.051265949138060825,-0.008072887499999999,779.5808064861026
29-BINANCE-ETHUSDT-30JAN2026,29,Binance,ETH,ETHUSDT,2026-01-30,2025-12-23,24,0.05118236753228635,0.051182187028250364,0.05118236753228635,0.04686919375,875.0869997373485
29-BINANCE-ETHUSDT-30JAN2026,29,Binance,ETH,ETHUSDT,2026-01-30,2025-12-24,24,0.05108050194594069,0.05105955465442639,0.05108050194594069,0.05119261875,997.2366830023243
29-BINANCE-ETHUSDT-30JAN2026,29,Binance,ETH,ETHUSDT,2026-01-30,2025-12-25,24,0.05138383509245601,0.05136649461931663,0.05138383509245601,0.06667591875,1099.2458854603954
29-BINANCE-ETHUSDT-30JAN2026,29,Binance,ETH,ETHUSDT,2026-01-30,2025-12-26,24,0.052580562542139116,0.05264619444574343,0.05256750378294928,0.05526784375,1748.2624203261423
29-BINANCE-ETHUSDT-30JAN2026,29,Binance,ETH,ETHUSDT,2026-01-30,2025-12-27,24,0.05340639684204063,0.053461994594660577,0.05340639684204063,0.0403936375,2440.033361541248
29-BINANCE-ETHUSDT-30JAN2026,29,Binance,ETH,ETHUSDT,2026-01-30,2025-12-28,24,0.054353613300101696,0.054353613300101696,0.054353613300101696,0.06674344375,2631.0014871139833
29-BINANCE-ETHUSDT-30JAN2026,29,Binance,ETH,ETHUSDT,2026-01-30,2025-12-29,24,0.054073735165920504,0.05404300482963218,0.054016625005371355,0.07265325,2788.0860331923745
29-BINANCE-ETHUSDT-30JAN2026,29,Binance,ETH,ETHUSDT,2026-01-30,2025-12-30,24,0.05349437916108191,0.053527727217004606,0.05351625790998627,0.0414886375,3420.3798711990457
29-BINANCE-ETHUSDT-30JAN2026,29,Binance,ETH,ETHUSDT,2026-01-30,2025-12-31,24,0.053796539639159306,0.053796539639159306,0.053796539639159306,0.03904815625,3356.7077492315625
29-BINANCE-ETHUSDT-30JAN2026,29,Binance,ETH,ETHUSDT,2026-01-30,2026-01-01,24,0.05336605208254148,0.0532751920587341,0.05326508405873603,0.06843704375,3563.7340612541307
29-BINANCE-ETHUSDT-30JAN2026,29,Binance,ETH,ETHUSDT,2026-01-30,2026-01-02,24,0.053462703887602055,0.05344064606351484,0.05344873811022358,0.061403950000000006,3728.9476213334005
29-BINANCE-ETHUSDT-30JAN2026,29,Binance,ETH,ETHUSDT,2026-01-30,2026-01-03,24,0.052378826229808384,0.05237441687362846,0.052404722421028845,0.04630070625,3777.205513149382
29-BINANCE-ETHUSDT-30JAN2026,29,Binance,ETH,ETHUSDT,2026-01-30,2026-01-04,24,0.052154536246294216,0.05208564771723822,0.052119471990198916,0.05307465,4223.730864900638
29-BINANCE-ETHUSDT-30JAN2026,29,Binance,ETH,ETHUSDT,2026-01-30,2026-01-05,24,0.05186179823194483,0.05182751235616819,0.05184864081300258,0.0519951625,3868.907944554203
29-BINANCE-ETHUSDT-30JAN2026,29,Binance,ETH,ETHUSDT,2026-01-30,2026-01-06,24,0.05260143476943067,0.05247316213734709,0.05253121595524479,0.07031861875,3828.7863518298113
29-BINANCE-ETHUSDT-30JAN2026,29,Binance,ETH,ETHUSDT,2026-01-30,2026-01-07,24,0.0532823480582433,0.05327796196121195,0.0532823480582433,0.068880975,3916.235500309973
29-BINANCE-ETHUSDT-30JAN2026,29,Binance,ETH,ETHUSDT,2026-01-30,2026-01-08,24,0.05315979477788287,0.05312502003150152,0.05315979477788287,0.055599081249999995,4500.829391328229
29-BINANCE-ETHUSDT-30JAN2026,29,Binance,ETH,ETHUSDT,2026-01-30,2026-01-09,24,0.05386605498654845,0.05386605498654845,0.05386605498654845,0.05582994375,4621.811044831739
29-BINANCE-ETHUSDT-30JAN2026,29,Binance,ETH,ETHUSDT,2026-01-30,2026-01-10,24,0.05385727489151951,0.053864519918772585,0.05385727489151951,0.08859143125,4595.657446662691
29-BINANCE-ETHUSDT-30JAN2026,29,Binance,ETH,ETHUSDT,2026-01-30,2026-01-11,24,0.054090080483461124,0.05411434833591899,0.054090080483461124,0.08102315625,4510.254514887248
29-BINANCE-ETHUSDT-30JAN2026,29,Binance,ETH,ETHUSDT,2026-01-30,2026-01-12,24,0.0548985238661831,0.05494188523585656,0.0548985238661831,0.07313368125,4143.607810011944
29-BINANCE-ETHUSDT-30JAN2026,29,Binance,ETH,ETHUSDT,2026-01-30,2026-01-13,24,0.05567758071263754,0.05569112707334098,0.05567758071263754,0.062191893750000005,4849.2031382468895
29-BINANCE-ETHUSDT-30JAN2026,29,Binance,ETH,ETHUSDT,2026-01-30,2026-01-14,24,0.05729876265799189,0.05732330821133307,0.05729876265799189,0.10082623125,5876.5995528122685
29-BINANCE-ETHUSDT-30JAN2026,29,Binance,ETH,ETHUSDT,2026-01-30,2026-01-15,24,0.05509302065316177,0.05510910620686474,0.05515890383591482,0.05680905625,4423.077202296418
29-BINANCE-ETHUSDT-30JAN2026,29,Binance,ETH,ETHUSDT,2026-01-30,2026-01-16,24,0.05481617470595467,0.05478900966972378,0.05506982303027715,0.03824606875,3351.077990101349
29-BINANCE-ETHUSDT-30JAN2026,29,Binance,ETH,ETHUSDT,2026-01-30,2026-01-17,24,0.056112236562200934,0.05624447189545003,0.056139783289358626,0.08052173750000001,3541.5274474607936
29-BINANCE-ETHUSDT-30JAN2026,29,Binance,ETH,ETHUSDT,2026-01-30,2026-01-18,24,0.05354576239051154,0.05345515034949896,0.05356335152263683,0.029314975000000004,3219.9263533466005
29-BINANCE-ETHUSDT-30JAN2026,29,Binance,ETH,ETHUSDT,2026-01-30,2026-01-19,24,0.05430450788502353,0.054271900859566534,0.0541861958340705,0.02058645625,3307.058948896653
29-BINANCE-ETHUSDT-30JAN2026,29,Binance,ETH,ETHUSDT,2026-01-30,2026-01-20,24,0.053344085053243125,0.0533545684242249,0.053313395286091574,0.058285025,3876.131841631579
29-BINANCE-ETHUSDT-30JAN2026,29,Binance,ETH,ETHUSDT,2026-01-30,2026-01-21,24,0.046843979629611794,0.04671639198020607,0.04686927160430147,0.00806604375,4723.3514934616405
29-BINANCE-ETHUSDT-30JAN2026,29,Binance,ETH,ETHUSDT,2026-01-30,2026-01-22,24,0.046922464524003504,0.04699693105866919,0.046945443516349085,0.026910537499999998,5328.001402143905
29-BINANCE-ETHUSDT-30JAN2026,29,Binance,ETH,ETHUSDT,2026-01-30,2026-01-23,24,0.04840807434814846,0.0484359047850449,0.04853567296053793,0.0313525875,6456.799292673609
29-BINANCE-ETHUSDT-30JAN2026,29,Binance,ETH,ETHUSDT,2026-01-30,2026-01-24,24,0.049351491469354115,0.049176064255357144,0.04901173656911397,0.02411600625,7878.041701119225
29-BINANCE-ETHUSDT-30JAN2026,29,Binance,ETH,ETHUSDT,2026-01-30,2026-01-25,24,0.0480565977512373,0.04795870639853373,0.04818831907758848,0.05306050625,8758.025469582508
29-BINANCE-ETHUSDT-30JAN2026,29,Binance,ETH,ETHUSDT,2026-01-30,2026-01-26,24,0.04667646980517016,0.04672943633483031,0.04714099186232371,-0.01978801875,9365.410833654716
29-BINANCE-ETHUSDT-30JAN2026,29,Binance,ETH,ETHUSDT,2026-01-30,2026-01-27,24,0.05505170330895955,0.055028254655890306,0.054956880955662445,0.0891211375,6717.067123697248
29-BINANCE-ETHUSDT-30JAN2026,29,Binance,ETH,ETHUSDT,2026-01-30,2026-01-28,24,0.058748226980921685,0.0587449212344049,0.058872617223243905,0.08534201875000001,4271.377086979872
29-BINANCE-ETHUSDT-30JAN2026,29,Binance,ETH,ETHUSDT,2026-01-30,2026-01-29,24,0.04061906120648088,0.0411274772346977,0.05222756574224012,0.030479325,3331.6590658060395
3-BINANCE-ETHUSDT-26SEP2025,3,Binance,ETH,ETHUSDT,2025-09-26,2025-08-01,24,0.05933825528876587,0.05938163505414897,0.05933825528876587,0.00535865625,85.62584465833248
3-BINANCE-ETHUSDT-26SEP2025,3,Binance,ETH,ETHUSDT,2025-09-26,2025-08-02,24,0.04382696382395341,0.04383053150748034,0.043878390754067624,0.0512049375,117.25
3-BINANCE-ETHUSDT-26SEP2025,3,Binance,ETH,ETHUSDT,2025-09-26,2025-08-03,24,0.04617450303723067,0.046253251747163354,0.04658181957867571,0.0612351375,107.62875000000001
3-BINANCE-ETHUSDT-26SEP2025,3,Binance,ETH,ETHUSDT,2025-09-26,2025-08-04,24,0.05396691255189969,0.05426837838370963,0.05435334228715801,0.023588125,237.46327472403405
3-BINANCE-ETHUSDT-26SEP2025,3,Binance,ETH,ETHUSDT,2025-09-26,2025-08-05,24,0.05789248787430993,0.05763191195437986,0.057599886886317765,0.017932906250000002,386.8283482334768
3-BINANCE-ETHUSDT-26SEP2025,3,Binance,ETH,ETHUSDT,2025-09-26,2025-08-06,24,0.06519432493928162,0.06527727176450754,0.0652208542372347,0.059310675,890.8643119661442
3-BINANCE-ETHUSDT-26SEP2025,3,Binance,ETH,ETHUSDT,2025-09-26,2025-08-07,24,0.07289928160799793,0.07291474022383242,0.07285179333699653,0.0731560375,1967.4640837711602
3-BINANCE-ETHUSDT-26SEP2025,3,Binance,ETH,ETHUSDT,2025-09-26,2025-08-08,24,0.07492404919762473,0.07486737242936799,0.07489140084388728,0.088549,2327.52810539529
3-BINANCE-ETHUSDT-26SEP2025,3,Binance,ETH,ETHUSDT,2025-09-26,2025-08-09,24,0.082222811689321,0.08219267891028327,0.0822361301285956,0.1095,2615.7228004275953
3-BINANCE-ETHUSDT-26SEP2025,3,Binance,ETH,ETHUSDT,2025-09-26,2025-08-10,24,0.08858175099225331,0.08856367897494727,0.08846412098432484,0.1091934,3123.152430986184
3-BINANCE-ETHUSDT-26SEP2025,3,Binance,ETH,ETHUSDT,2025-09-26,2025-08-11,24,0.08711773292628018,0.08719892879352463,0.08707329328593666,0.10302855,3924.111893292633
3-BINANCE-ETHUSDT-26SEP2025,3,Binance,ETH,ETHUSDT,2025-09-26,2025-08-12,24,0.08689977896294977,0.08701116548846038,0.08707151264519981,0.08635535,3986.370770599588
3-BINANCE-ETHUSDT-26SEP2025,3,Binance,ETH,ETHUSDT,2025-09-26,2025-08-13,24,0.09002995303287281,0.09003103725971258,0.09005721466961553,0.1095,4425.010809394352
3-BINANCE-ETHUSDT-26SEP2025,3,Binance,ETH,ETHUSDT,2025-09-26,2025-08-14,24,0.09221987700355354,0.09218193951193164,0.09224353046737181,0.1095,4841.920724070263
3-BINANCE-ETHUSDT-26SEP2025,3,Binance,ETH,ETHUSDT,2025-09-26,2025-08-15,24,0.08923902312893901,0.08928032898421139,0.08926709029457774,0.0973810875,4876.871127975213
3-BINANCE-ETHUSDT-26SEP2025,3,Binance,ETH,ETHUSDT,2025-09-26,2025-08-16,24,0.08706928513651963,0.0870651514241879,0.08708194156876464,0.0638321125,5428.375676212259
3-BINANCE-ETHUSDT-26SEP2025,3,Binance,ETH,ETHUSDT,2025-09-26,2025-08-17,24,0.08367918952274643,0.08370397668956876,0.08369453597858312,0.0325370125,5993.100945253339
3-BINANCE-ETHUSDT-26SEP2025,3,Binance,ETH,ETHUSDT,2025-09-26,2025-08-18,24,0.0832596216817403,0.08328606578803473,0.0832596264934831,0.06690039375,5738.098455344113
3-BINANCE-ETHUSDT-26SEP2025,3,Binance,ETH,ETHUSDT,2025-09-26,2025-08-19,24,0.083578481789234,0.08356210359378824,0.08362932373835746,0.10902504375,6179.855230887976
3-BINANCE-ETHUSDT-26SEP2025,3,Binance,ETH,ETHUSDT,2025-09-26,2025-08-20,24,0.07965634735669459,0.07962882757387835,0.07982546933013777,0.0711905125,6417.965580863321
3-BINANCE-ETHUSDT-26SEP2025,3,Binance,ETH,ETHUSDT,2025-09-26,2025-08-21,24,0.07873323041197385,0.0786601622682246,0.07865437653170276,0.05676708125,6366.960111965752
3-BINANCE-ETHUSDT-26SEP2025,3,Binance,ETH,ETHUSDT,2025-09-26,2025-08-22,24,0.07691255532347747,0.07688209159857505,0.07693800862656307,0.06802003125,6437.069192759318
3-BINANCE-ETHUSDT-26SEP2025,3,Binance,ETH,ETHUSDT,2025-09-26,2025-08-23,24,0.0829884658580999,0.08299665239513614,0.0829884658580999,0.10767682499999999,6608.877909416938
3-BINANCE-ETHUSDT-26SEP2025,3,Binance,ETH,ETHUSDT,2025-09-26,2025-08-24,24,0.0852483341309244,0.08521720273148538,0.08524821215560476,0.1095,6627.5657458858195
3-BINANCE-ETHUSDT-26SEP2025,3,Binance,ETH,ETHUSDT,2025-09-26,2025-08-25,24,0.07826140038586395,0.0783031054095675,0.0781317566132251,0.044765425,7399.390615341956
3-BINANCE-ETHUSDT-26SEP2025,3,Binance,ETH,ETHUSDT,2025-09-26,2025-08-26,24,0.07169425218937081,0.07169335841070808,0.0717432673456862,0.005321243749999999,7694.283035248646
3-BINANCE-ETHUSDT-26SEP2025,3,Binance,ETH,ETHUSDT,2025-09-26,2025-08-27,24,0.07541734320405429,0.07548247560853495,0.0753561058969947,0.01779603125,7420.829359522341
3-BINANCE-ETHUSDT-26SEP2025,3,Binance,ETH,ETHUSDT,2025-09-26,2025-08-28,24,0.07378402239170061,0.07379996677322338,0.07386739370224889,0.04025995625,7400.888853360782
3-BINANCE-ETHUSDT-26SEP2025,3,Binance,ETH,ETHUSDT,2025-09-26,2025-08-29,24,0.06890533427102484,0.06892075983876858,0.06873182941244706,0.03025804375,7460.7231619975
3-BINANCE-ETHUSDT-26SEP2025,3,Binance,ETH,ETHUSDT,2025-09-26,2025-08-30,24,0.06666048344807628,0.06666863613894469,0.0666693708338891,0.02478669375,7071.710119315901
3-BINANCE-ETHUSDT-26SEP2025,3,Binance,ETH,ETHUSDT,2025-09-26,2025-08-31,24,0.0655628608275763,0.06557112829582945,0.0654754575472445,0.013323868750000002,6877.65110117542
3-BINANCE-ETHUSDT-26SEP2025,3,Binance,ETH,ETHUSDT,2025-09-26,2025-09-01,24,0.06264613114951474,0.06263897978252482,0.06269468396258264,-0.012597974999999999,7328.467028695999
3-BINANCE-ETHUSDT-26SEP2025,3,Binance,ETH,ETHUSDT,2025-09-26,2025-09-02,24,0.06514983807860576,0.06517957041806492,0.06518805967418838,0.0313243,7689.9125032734055
3-BINANCE-ETHUSDT-26SEP2025,3,Binance,ETH,ETHUSDT,2025-09-26,2025-09-03,24,0.06301878860135054,0.06305370128147568,0.0630692787977808,0.017726225,8405.426223856637
3-BINANCE-ETHUSDT-26SEP2025,3,Binance,ETH,ETHUSDT,2025-09-26,2025-09-04,24,0.057051369777053,0.05707911639397032,0.05707456532697342,-0.00553111875,9262.177344168644
3-BINANCE-ETHUSDT-26SEP2025,3,Binance,ETH,ETHUSDT,2025-09-26,2025-09-05,24,0.05537192744081606,0.055423552550388,0.055257339257283544,-0.02483505625,9704.584248455832
3-BINANCE-ETHUSDT-26SEP2025,3,Binance,ETH,ETHUSDT,2025-09-26,2025-09-06,24,0.05491255275891574,0.0550405604875964,0.05503166121600327,0.0210340375,7986.895635537497
3-BINANCE-ETHUSDT-26SEP2025,3,Binance,ETH,ETHUSDT,2025-09-26,2025-09-07,24,0.058132719814789624,0.05814494898158868,0.05826981761347488,0.06683013125000001,6769.70887775585
3-BINANCE-ETHUSDT-26SEP2025,3,Binance,ETH,ETHUSDT,2025-09-26,2025-09-08,24,0.06103215095521727,0.061039028603254414,0.060911947892175196,0.047386581250000004,6809.871090007008
3-BINANCE-ETHUSDT-26SEP2025,3,Binance,ETH,ETHUSDT,2025-09-26,2025-09-09,24,0.06434059323833524,0.06424868217045293,0.06396754136382389,0.07904303124999999,6788.356758526211
3-BINANCE-ETHUSDT-26SEP2025,3,Binance,ETH,ETHUSDT,2025-09-26,2025-09-10,24,0.06877302713388263,0.06878019996456224,0.0688387599641385,0.08963168125,6439.6517458443195
3-BINANCE-ETHUSDT-26SEP2025,3,Binance,ETH,ETHUSDT,2025-09-26,2025-09-11,24,0.06975633594041025,0.06971334570438394,0.06957587792690915,0.07310721875,6564.935403116382
3-BINANCE-ETHUSDT-26SEP2025,3,Binance,ETH,ETHUSDT,2025-09-26,2025-09-12,24,0.0741530971499614,0.07414613282271725,0.07410398649898826,0.09004778125,6983.437366173245
3-BINANCE-ETHUSDT-26SEP2025,3,Binance,ETH,ETHUSDT,2025-09-26,2025-09-13,24,0.0754878519720615,0.07543527376079176,0.07537123649508302,0.10882474999999998,7496.53630577189
3-BINANCE-ETHUSDT-26SEP2025,3,Binance,ETH,ETHUSDT,2025-09-26,2025-09-14,24,0.07076805442459827,0.07096985285125153,0.07053128798461014,0.05398669375,7226.466523568844
3-BINANCE-ETHUSDT-26SEP2025,3,Binance,ETH,ETHUSDT,2025-09-26,2025-09-15,24,0.07314163076237654,0.07312594828880085,0.07305564632032997,0.0648997375,6365.275548008883
3-BINANCE-ETHUSDT-26SEP2025,3,Binance,ETH,ETHUSDT,2025-09-26,2025-09-16,24,0.068543153896118,0.06860396749667358,0.06824863591955234,0.0412221875,6497.6005211128795
3-BINANCE-ETHUSDT-26SEP2025,3,Binance,ETH,ETHUSDT,2025-09-26,2025-09-17,24,0.06612459685910253,0.06607117402031262,0.06631761333277,0.04338709375,5951.110347629311
3-BINANCE-ETHUSDT-26SEP2025,3,Binance,ETH,ETHUSDT,2025-09-26,2025-09-18,24,0.06575948570373015,0.06573297495901237,0.06559495476813601,0.04276841875,5948.274602729844
3-BINANCE-ETHUSDT-26SEP2025,3,Binance,ETH,ETHUSDT,2025-09-26,2025-09-19,24,0.054517072873665307,0.0545395741826667,0.05441209724745547,0.004759143749999999,9016.406177076613
3-BINANCE-ETHUSDT-26SEP2025,3,Binance,ETH,ETHUSDT,2025-09-26,2025-09-20,24,0.04027849899652352,0.0403224342721676,0.04016920428304385,-0.006709156250000001,10629.752450617276
3-BINANCE-ETHUSDT-26SEP2025,3,Binance,ETH,ETHUSDT,2025-09-26,2025-09-21,24,0.04391546984351427,0.04393966274835786,0.043907474001089776,0.0205814375,10228.042272438925
3-BINANCE-ETHUSDT-26SEP2025,3,Binance,ETH,ETHUSDT,2025-09-26,2025-09-22,24,0.037709549707457754,0.03769121876284437,0.037518712981277846,-0.00636788125,10368.072646173756
3-BINANCE-ETHUSDT-26SEP2025,3,Binance,ETH,ETHUSDT,2025-09-26,2025-09-23,24,0.03479076269741448,0.034749531952346216,0.03480077141372429,0.012954306249999999,7539.77470390669
3-BINANCE-ETHUSDT-26SEP2025,3,Binance,ETH,ETHUSDT,2025-09-26,2025-09-24,24,0.018755760043031755,0.01893191180295328,0.02730505667097209,-0.00637153125,7487.098823056195
3-BINANCE-ETHUSDT-26SEP2025,3,Binance,ETH,ETHUSDT,2025-09-26,2025-09-25,24,0.004595699267353248,0.004711557110597322,0.058690740063153134,-0.030711099999999995,9084.284018923747
30-HYPERLIQUID-BTC-30JAN2026,30,Hyperliquid,BTC,BTC,2026-01-30,2025-12-16,19,0.08799240949604173,0.08806173665210161,0.088,0.025117640210526315,0.20792606736842104
30-HYPERLIQUID-BTC-30JAN2026,30,Hyperliquid,BTC,BTC,2026-01-30,2025-12-17,24,0.08195313258929106,0.08189436104446988,0.08189571454209088,0.015411650499999999,3.448734474900727
30-HYPERLIQUID-BTC-30JAN2026,30,Hyperliquid,BTC,BTC,2026-01-30,2025-12-18,24,0.08067534133562419,0.08079243638009338,0.08067534133562419,0.088986854,4.791257719641022
30-HYPERLIQUID-BTC-30JAN2026,30,Hyperliquid,BTC,BTC,2026-01-30,2025-12-19,24,0.07761275817282458,0.07761275817282458,0.07761275817282458,0.048942339,6.567924664080864
30-HYPERLIQUID-BTC-30JAN2026,30,Hyperliquid,BTC,BTC,2026-01-30,2025-12-20,24,0.07341955654261116,0.07338407749456648,0.07339205904087849,-0.0378719985,9.704999301665497
30-HYPERLIQUID-BTC-30JAN2026,30,Hyperliquid,BTC,BTC,2026-01-30,2025-12-21,24,0.071896765153608,0.07176499565590817,0.07187891371674514,0.073943452,12.562778674797535
30-HYPERLIQUID-BTC-30JAN2026,30,Hyperliquid,BTC,BTC,2026-01-30,2025-12-22,24,0.07157723318592413,0.0715606817552175,0.07157723318592413,0.0660496335,16.57619033308167
30-HYPERLIQUID-BTC-30JAN2026,30,Hyperliquid,BTC,BTC,2026-01-30,2025-12-23,24,0.071939203571667,0.07192544336720434,0.071939203571667,0.053345042,25.333253903550457
30-HYPERLIQUID-BTC-30JAN2026,30,Hyperliquid,BTC,BTC,2026-01-30,2025-12-24,24,0.07325327565642684,0.0732266852896332,0.07325327565642684,0.1060379385,29.469818698203046
30-HYPERLIQUID-BTC-30JAN2026,30,Hyperliquid,BTC,BTC,2026-01-30,2025-12-25,24,0.07601998025305211,0.07601998025305211,0.07601998025305211,0.1095,26.080804342588383
30-HYPERLIQUID-BTC-30JAN2026,30,Hyperliquid,BTC,BTC,2026-01-30,2025-12-26,24,0.07735374646337427,0.07734949760274797,0.07735374646337427,0.1003203595,25.82623411654689
30-HYPERLIQUID-BTC-30JAN2026,30,Hyperliquid,BTC,BTC,2026-01-30,2025-12-27,24,0.08147647785586211,0.08148087972619937,0.08147647785586211,0.1095,26.459892664226917
30-HYPERLIQUID-BTC-30JAN2026,30,Hyperliquid,BTC,BTC,2026-01-30,2025-12-28,24,0.08042401830249249,0.08041000097850443,0.08041503348097132,0.101485987,26.855078147225836
30-HYPERLIQUID-BTC-30JAN2026,30,Hyperliquid,BTC,BTC,2026-01-30,2025-12-29,24,0.07955926866974801,0.07955994947603724,0.07955926866974801,0.100799495,27.395504324636985
30-HYPERLIQUID-BTC-30JAN2026,30,Hyperliquid,BTC,BTC,2026-01-30,2025-12-30,24,0.08008975664508207,0.0800620697301367,0.08008975664508207,0.10693941550000001,32.45835312891596
30-HYPERLIQUID-BTC-30JAN2026,30,Hyperliquid,BTC,BTC,2026-01-30,2025-12-31,24,0.0810351321738286,0.08103936455184611,0.0810351321738286,0.1095,40.58978485486824
30-HYPERLIQUID-BTC-30JAN2026,30,Hyperliquid,BTC,BTC,2026-01-30,2026-01-01,24,0.08563006943499718,0.08565547950789261,0.08563006943499718,0.1095,39.185224832631675
30-HYPERLIQUID-BTC-30JAN2026,30,Hyperliquid,BTC,BTC,2026-01-30,2026-01-02,24,0.08354779220232277,0.0835929822857658,0.08354779220232277,0.0673526105,39.974419401131904
30-HYPERLIQUID-BTC-30JAN2026,30,Hyperliquid,BTC,BTC,2026-01-30,2026-01-03,24,0.08085215903810847,0.0807989849203928,0.08085215903810847,0.07388914,43.12620277407979
30-HYPERLIQUID-BTC-30JAN2026,30,Hyperliquid,BTC,BTC,2026-01-30,2026-01-04,24,0.08148112007406587,0.08147883559634635,0.08148112007406587,0.0725187475,48.48450096156005
30-HYPERLIQUID-BTC-30JAN2026,30,Hyperliquid,BTC,BTC,2026-01-30,2026-01-05,24,0.08056722539644541,0.08047613092040344,0.08047518123461395,0.0822592105,50.48585742558452
30-HYPERLIQUID-BTC-30JAN2026,30,Hyperliquid,BTC,BTC,2026-01-30,2026-01-06,24,0.07945015161581666,0.07936388211080071,0.07945015161581666,0.10098768899999999,49.46818613577357
30-HYPERLIQUID-BTC-30JAN2026,30,Hyperliquid,BTC,BTC,2026-01-30,2026-01-07,24,0.08981096667220057,0.08972275764798145,0.08975420201935859,0.17193868850000002,77.57392600337728
30-HYPERLIQUID-BTC-30JAN2026,30,Hyperliquid,BTC,BTC,2026-01-30,2026-01-08,24,0.08529759323858617,0.08527053063112953,0.08509037483513439,0.1095,150.6664333258841
30-HYPERLIQUID-BTC-30JAN2026,30,Hyperliquid,BTC,BTC,2026-01-30,2026-01-09,24,0.08509679343972663,0.08509679343972663,0.08509679343972663,0.1095,156.55538747009166
30-HYPERLIQUID-BTC-30JAN2026,30,Hyperliquid,BTC,BTC,2026-01-30,2026-01-10,24,0.08487484616110998,0.08487484616110998,0.08487484616110998,0.1095,156.93428866442113
30-HYPERLIQUID-BTC-30JAN2026,30,Hyperliquid,BTC,BTC,2026-01-30,2026-01-11,24,0.08449530986567844,0.084528418805687,0.08449530986567844,0.103790013,156.8947235466534
30-HYPERLIQUID-BTC-30JAN2026,30,Hyperliquid,BTC,BTC,2026-01-30,2026-01-12,24,0.08306292106356579,0.08311262857324055,0.08302687829501419,0.0839320055,160.91925819254052
30-HYPERLIQUID-BTC-30JAN2026,30,Hyperliquid,BTC,BTC,2026-01-30,2026-01-13,24,0.08280399249945158,0.08272942374602375,0.08271856186398992,0.068285441,167.50579540526647
30-HYPERLIQUID-BTC-30JAN2026,30,Hyperliquid,BTC,BTC,2026-01-30,2026-01-14,24,0.0831621125734439,0.08297724772481903,0.08300419275170433,0.08420498900000001,169.4641418266302
30-HYPERLIQUID-BTC-30JAN2026,30,Hyperliquid,BTC,BTC,2026-01-30,2026-01-15,24,0.08440131934503882,0.08440981862394947,0.08440131934503882,0.1095,170.38384994228298
30-HYPERLIQUID-BTC-30JAN2026,30,Hyperliquid,BTC,BTC,2026-01-30,2026-01-16,24,0.08512801918921518,0.08512801918921518,0.08512801918921518,0.1095,171.392443874351
30-HYPERLIQUID-BTC-30JAN2026,30,Hyperliquid,BTC,BTC,2026-01-30,2026-01-17,24,0.0855711793709611,0.0855711793709611,0.0855711793709611,0.1095,171.32296968568423
30-HYPERLIQUID-BTC-30JAN2026,30,Hyperliquid,BTC,BTC,2026-01-30,2026-01-18,24,0.08602820933213721,0.08602820933213721,0.08602820933213721,0.1095,172.93989217634018
30-HYPERLIQUID-BTC-30JAN2026,30,Hyperliquid,BTC,BTC,2026-01-30,2026-01-19,24,0.08515883309999078,0.08512557264822986,0.08513626816222837,0.087223685,176.62266499781117
30-HYPERLIQUID-BTC-30JAN2026,30,Hyperliquid,BTC,BTC,2026-01-30,2026-01-20,24,0.0766668071058184,0.0767274731013036,0.07733640045093194,-0.085216696,183.69752064284714
30-HYPERLIQUID-BTC-30JAN2026,30,Hyperliquid,BTC,BTC,2026-01-30,2026-01-21,24,0.07167602277806444,0.07170826945011798,0.07897505046900423,0.0235756055,193.73767980963405
30-HYPERLIQUID-BTC-30JAN2026,30,Hyperliquid,BTC,BTC,2026-01-30,2026-01-22,24,0.057223433046223605,0.05744197282904193,,0.011524546500000002,199.74301866779467
30-HYPERLIQUID-BTC-30JAN2026,30,Hyperliquid,BTC,BTC,2026-01-30,2026-01-23,24,0.04847441847966175,0.048628309352008466,,-0.0801491455,208.0840109661098
30-HYPERLIQUID-BTC-30JAN2026,30,Hyperliquid,BTC,BTC,2026-01-30,2026-01-24,24,0.03992514480780047,0.040666993277327,,-0.014122799,207.5527655396761
30-HYPERLIQUID-BTC-30JAN2026,30,Hyperliquid,BTC,BTC,2026-01-30,2026-01-25,24,0.03983634049163337,0.03969457755436328,,0.038254700999999995,209.75493597228322
30-HYPERLIQUID-BTC-30JAN2026,30,Hyperliquid,BTC,BTC,2026-01-30,2026-01-26,24,0.05210808163521179,0.05181599850342877,,0.060469039,208.63453940070363
30-HYPERLIQUID-BTC-30JAN2026,30,Hyperliquid,BTC,BTC,2026-01-30,2026-01-27,24,0.05707271879178955,0.05811368560541753,,0.0895169435,209.7284989682098
30-HYPERLIQUID-BTC-30JAN2026,30,Hyperliquid,BTC,BTC,2026-01-30,2026-01-28,24,0.0662191542479705,0.06723154745004306,0.07270092706398916,0.1061693385,213.69323835220754
30-HYPERLIQUID-BTC-30JAN2026,30,Hyperliquid,BTC,BTC,2026-01-30,2026-01-29,24,0.07221126933653887,0.0726819798784575,0.07710399702108929,0.0973799925,207.6065631264962
31-HYPERLIQUID-ETH-30JAN2026,31,Hyperliquid,ETH,ETH,2026-01-30,2025-12-16,19,0.09496736376163743,0.09493799114711113,0.095,0.09642173494736843,5.592851705263158
31-HYPERLIQUID-ETH-30JAN2026,31,Hyperliquid,ETH,ETH,2026-01-30,2025-12-17,24,0.08376317482320624,0.0836666095829115,0.08377092592981734,0.102360454,1370.9409471703366
31-HYPERLIQUID-ETH-30JAN2026,31,Hyperliquid,ETH,ETH,2026-01-30,2025-12-18,24,0.07555430369453973,0.07616466854558639,0.07555430369453973,0.078567053,2962.0667721691843
31-HYPERLIQUID-ETH-30JAN2026,31,Hyperliquid,ETH,ETH,2026-01-30,2025-12-19,24,0.07257099245853148,0.07266793458604455,0.07266495339020854,0.08902466799999999,3464.754374695875
31-HYPERLIQUID-ETH-30JAN2026,31,Hyperliquid,ETH,ETH,2026-01-30,2025-12-20,24,0.07694281047673267,0.07705809121883408,0.07742724597560065,0.09923598099999999,3970.540944858771
31-HYPERLIQUID-ETH-30JAN2026,31,Hyperliquid,ETH,ETH,2026-01-30,2025-12-21,24,0.07716477272085799,0.07717828293109551,0.07718033952982392,0.105833794,4720.567642908073
31-HYPERLIQUID-ETH-30JAN2026,31,Hyperliquid,ETH,ETH,2026-01-30,2025-12-22,24,0.07977408443070934,0.07977601184996168,0.07977780985985072,0.095872579,5039.566608123956
31-HYPERLIQUID-ETH-30JAN2026,31,Hyperliquid,ETH,ETH,2026-01-30,2025-12-23,24,0.08099760867342583,0.08093669150683304,0.08099760867342583,0.07484974700000001,5022.368699113228
31-HYPERLIQUID-ETH-30JAN2026,31,Hyperliquid,ETH,ETH,2026-01-30,2025-12-24,24,0.07956299543085935,0.0794510208263579,0.07953607059880599,0.09629784050000001,5034.259812462249
31-HYPERLIQUID-ETH-30JAN2026,31,Hyperliquid,ETH,ETH,2026-01-30,2025-12-25,24,0.08456780806278008,0.08462655656298788,0.08462655656298788,0.10945335299999999,5084.908774111996
31-HYPERLIQUID-ETH-30JAN2026,31,Hyperliquid,ETH,ETH,2026-01-30,2025-12-26,24,0.08346165263917421,0.08352661093971502,0.08353392622108093,0.08382312600000001,5077.079614492642
31-HYPERLIQUID-ETH-30JAN2026,31,Hyperliquid,ETH,ETH,2026-01-30,2025-12-27,24,0.07842530110379199,0.07858628631442385,0.07861231062298214,0.031140267,5220.5210768828465
31-HYPERLIQUID-ETH-30JAN2026,31,Hyperliquid,ETH,ETH,2026-01-30,2025-12-28,24,0.07073146162073564,0.0706976930683975,0.07118199114100222,-0.016828836,5630.192971974091
31-HYPERLIQUID-ETH-30JAN2026,31,Hyperliquid,ETH,ETH,2026-01-30,2025-12-29,24,0.07394262199507325,0.07391695640269315,0.07411682473932847,0.07727382149999999,5905.731542146066
31-HYPERLIQUID-ETH-30JAN2026,31,Hyperliquid,ETH,ETH,2026-01-30,2025-12-30,24,0.07841325572935527,0.0782747665746226,0.07831904147104524,0.091600692,6003.361624174203
31-HYPERLIQUID-ETH-30JAN2026,31,Hyperliquid,ETH,ETH,2026-01-30,2025-12-31,24,0.08024747038942572,0.08019799611316429,0.08019349403357764,0.1095,6008.808175512921
31-HYPERLIQUID-ETH-30JAN2026,31,Hyperliquid,ETH,ETH,2026-01-30,2026-01-01,24,0.08447688679261929,0.08436607382715311,0.08447688679261929,0.1095,5878.501101525538
31-HYPERLIQUID-ETH-30JAN2026,31,Hyperliquid,ETH,ETH,2026-01-30,2026-01-02,24,0.08180957077623065,0.08192361899447202,0.08184774099891672,0.073063875,6011.44692212282
31-HYPERLIQUID-ETH-30JAN2026,31,Hyperliquid,ETH,ETH,2026-01-30,2026-01-03,24,0.07829835188373321,0.07823128624927815,0.07824683482517418,0.0702410745,5972.775129569994
31-HYPERLIQUID-ETH-30JAN2026,31,Hyperliquid,ETH,ETH,2026-01-30,2026-01-04,24,0.08065636647881057,0.08067157460656998,0.0805606453954013,0.080167724,6022.6666905000375
31-HYPERLIQUID-ETH-30JAN2026,31,Hyperliquid,ETH,ETH,2026-01-30,2026-01-05,24,0.07853870802481165,0.07851918406707559,0.07853419292411466,0.051741815999999996,6606.129808679441
31-HYPERLIQUID-ETH-30JAN2026,31,Hyperliquid,ETH,ETH,2026-01-30,2026-01-06,24,0.07608830271013216,0.07612787745987318,0.07603901432854353,0.0858331445,7232.379495672048
31-HYPERLIQUID-ETH-30JAN2026,31,Hyperliquid,ETH,ETH,2026-01-30,2026-01-07,24,0.07684705867654311,0.07684060261246853,0.07685883779407418,0.1095,7907.367023673484
31-HYPERLIQUID-ETH-30JAN2026,31,Hyperliquid,ETH,ETH,2026-01-30,2026-01-08,24,0.07701689961818163,0.07698942709518258,0.07693609725061105,0.1093398015,8508.939918785356
31-HYPERLIQUID-ETH-30JAN2026,31,Hyperliquid,ETH,ETH,2026-01-30,2026-01-09,24,0.07916833194005463,0.07908215643945027,0.07912559230438919,0.1095,10265.460777501325
31-HYPERLIQUID-ETH-30JAN2026,31,Hyperliquid,ETH,ETH,2026-01-30,2026-01-10,24,0.07897403986527111,0.0789425788360619,0.07897403986527111,0.1095,11363.214022037662
31-HYPERLIQUID-ETH-30JAN2026,31,Hyperliquid,ETH,ETH,2026-01-30,2026-01-11,24,0.07912241952956817,0.07909543944668082,0.07912241952956817,0.103023586,11237.337907364965
31-HYPERLIQUID-ETH-30JAN2026,31,Hyperliquid,ETH,ETH,2026-01-30,2026-01-12,24,0.0792395566764335,0.07927099309016025,0.0792351053883621,0.105045978,11435.661646802831
31-HYPERLIQUID-ETH-30JAN2026,31,Hyperliquid,ETH,ETH,2026-01-30,2026-01-13,24,0.07973483294527896,0.07968716810943341,0.07971293792158185,0.0999133845,12400.367594489377
31-HYPERLIQUID-ETH-30JAN2026,31,Hyperliquid,ETH,ETH,2026-01-30,2026-01-14,24,0.08170747924183773,0.0815503809823589,0.08161809666626077,0.10732492850000001,12863.223862985671
31-HYPERLIQUID-ETH-30JAN2026,31,Hyperliquid,ETH,ETH,2026-01-30,2026-01-15,24,0.08452912967580799,0.08452252553699165,0.084496081611432,0.1095,12867.416313005915
31-HYPERLIQUID-ETH-30JAN2026,31,Hyperliquid,ETH,ETH,2026-01-30,2026-01-16,24,0.08488324237740735,0.084892976827185,0.08488324237740735,0.1095,12760.337849446967
31-HYPERLIQUID-ETH-30JAN2026,31,Hyperliquid,ETH,ETH,2026-01-30,2026-01-17,24,0.08624073989484421,0.08619748687859835,0.08624073989484421,0.1095,12753.909271265251
31-HYPERLIQUID-ETH-30JAN2026,31,Hyperliquid,ETH,ETH,2026-01-30,2026-01-18,24,0.08766305348245128,0.08764035553851168,0.0875770471651164,0.1095,12768.500072950535
31-HYPERLIQUID-ETH-30JAN2026,31,Hyperliquid,ETH,ETH,2026-01-30,2026-01-19,24,0.08521536207390124,0.08522885880724779,0.08504433074213798,0.1022625975,12744.180301099093
31-HYPERLIQUID-ETH-30JAN2026,31,Hyperliquid,ETH,ETH,2026-01-30,2026-01-20,24,0.07849482917861732,0.0785557244442673,0.07854724829122266,0.056622596,13458.311209024696
31-HYPERLIQUID-ETH-30JAN2026,31,Hyperliquid,ETH,ETH,2026-01-30,2026-01-21,24,0.07915090151287575,0.07913311116780523,0.07904402717436464,0.0782345015,12805.144718496633
31-HYPERLIQUID-ETH-30JAN2026,31,Hyperliquid,ETH,ETH,2026-01-30,2026-01-22,24,0.08226601784916317,0.0819743955281688,0.08201574663973109,0.10074941700000001,13159.356592831093
31-HYPERLIQUID-ETH-30JAN2026,31,Hyperliquid,ETH,ETH,2026-01-30,2026-01-23,24,0.0743819927859176,0.07469492445138586,0.07888320331751873,-0.003303469000000001,13990.33328228312
31-HYPERLIQUID-ETH-30JAN2026,31,Hyperliquid,ETH,ETH,2026-01-30,2026-01-24,24,0.05555860270598023,0.055892291727898474,,-0.030730079999999996,14394.152584491769
31-HYPERLIQUID-ETH-30JAN2026,31,Hyperliquid,ETH,ETH,2026-01-30,2026-01-25,24,0.05133379771875645,0.051488430843183136,,-0.025074843,14763.761913593728
31-HYPERLIQUID-ETH-30JAN2026,31,Hyperliquid,ETH,ETH,2026-01-30,2026-01-26,24,0.04615818432674001,0.04634571426655037,,0.0198071265,14686.992643402808
31-HYPERLIQUID-ETH-30JAN2026,31,Hyperliquid,ETH,ETH,2026-01-30,2026-01-27,24,0.06871058798259565,0.06818911528398976,0.0736547161233427,0.099637919,14543.887874226042
31-HYPERLIQUID-ETH-30JAN2026,31,Hyperliquid,ETH,ETH,2026-01-30,2026-01-28,24,0.07274083420394446,0.071884484077405,0.07519188814032178,0.1073928185,14470.735241795453
31-HYPERLIQUID-ETH-30JAN2026,31,Hyperliquid,ETH,ETH,2026-01-30,2026-01-29,24,0.07876782965936668,0.07838158149633585,0.07927115959786962,0.1094377675,14829.069051668579
32-HYPERLIQUID-BTC-30JAN2026,32,Hyperliquid,BTC,BTC,2026-01-30,2025-12-16,19,0.08799240949604173,0.08806173665210161,0.088,0.025117640210526315,37426.69229607579
32-HYPERLIQUID-BTC-30JAN2026,32,Hyperliquid,BTC,BTC,2026-01-30,2025-12-17,24,0.07897449716901964,0.07916323823924644,0.0789803798392252,0.015411650499999999,561931.2923172504
32-HYPERLIQUID-BTC-30JAN2026,32,Hyperliquid,BTC,BTC,2026-01-30,2025-12-18,24,0.08288871619847961,0.08291121494579759,0.08286168075077308,0.088986854,534082.2132361316
32-HYPERLIQUID-BTC-30JAN2026,32,Hyperliquid,BTC,BTC,2026-01-30,2025-12-19,24,0.0807254406266526,0.08050792424581386,0.08050937666041996,0.048942339,794579.1163553017
32-HYPERLIQUID-BTC-30JAN2026,32,Hyperliquid,BTC,BTC,2026-01-30,2025-12-20,24,0.07738662517468689,0.07743486232458248,0.07738662517468689,-0.0378719985,1094979.7425198713
32-HYPERLIQUID-BTC-30JAN2026,32,Hyperliquid,BTC,BTC,2026-01-30,2025-12-21,24,0.07700679299470367,0.07702474467753358,0.07700679299470367,0.073943452,1330367.8389550897
32-HYPERLIQUID-BTC-30JAN2026,32,Hyperliquid,BTC,BTC,2026-01-30,2025-12-22,24,0.07709199372825067,0.07709199372825067,0.07709199372825067,0.0660496335,1374227.7324559311
32-HYPERLIQUID-BTC-30JAN2026,32,Hyperliquid,BTC,BTC,2026-01-30,2025-12-23,24,0.0748909526804332,0.07492080271869439,0.0748909526804332,0.053345042,2057608.0712934758
32-HYPERLIQUID-BTC-30JAN2026,32,Hyperliquid,BTC,BTC,2026-01-30,2025-12-24,24,0.07677428250449264,0.07678895151583019,0.07679227912164063,0.1060379385,2318062.3596067224
32-HYPERLIQUID-BTC-30JAN2026,32,Hyperliquid,BTC,BTC,2026-01-30,2025-12-25,24,0.07975207130612032,0.07974307524684228,0.07975207130612032,0.1095,2235865.8239957094
32-HYPERLIQUID-BTC-30JAN2026,32,Hyperliquid,BTC,BTC,2026-01-30,2025-12-26,24,0.08124461829777892,0.08125191768003459,0.08124461829777892,0.1003203595,2379913.1794334943
32-HYPERLIQUID-BTC-30JAN2026,32,Hyperliquid,BTC,BTC,2026-01-30,2025-12-27,24,0.08194238182975443,0.08195905287496648,0.08209391359945233,0.1095,2657339.4055857
32-HYPERLIQUID-BTC-30JAN2026,32,Hyperliquid,BTC,BTC,2026-01-30,2025-12-28,24,0.0814562583329225,0.08151537312130101,0.0815102158014308,0.101485987,3100257.9310946055
32-HYPERLIQUID-BTC-30JAN2026,32,Hyperliquid,BTC,BTC,2026-01-30,2025-12-29,24,0.08022698172568805,0.0802248938841777,0.08024946602719803,0.100799495,3718675.5351078785
32-HYPERLIQUID-BTC-30JAN2026,32,Hyperliquid,BTC,BTC,2026-01-30,2025-12-30,24,0.08046500587823387,0.08046269653549318,0.08046500587823387,0.10693941550000001,3191087.97062904
32-HYPERLIQUID-BTC-30JAN2026,32,Hyperliquid,BTC,BTC,2026-01-30,2025-12-31,24,0.08080258385127151,0.08078336263764645,0.08078459083299708,0.1095,3033765.392799098
32-HYPERLIQUID-BTC-30JAN2026,32,Hyperliquid,BTC,BTC,2026-01-30,2026-01-01,24,0.08609249573974449,0.086116554969396,0.08609249573974449,0.1095,2437686.6075963834
32-HYPERLIQUID-BTC-30JAN2026,32,Hyperliquid,BTC,BTC,2026-01-30,2026-01-02,24,0.08386982589177226,0.08397017556338764,0.08384533617846125,0.0673526105,2563374.262734922
32-HYPERLIQUID-BTC-30JAN2026,32,Hyperliquid,BTC,BTC,2026-01-30,2026-01-03,24,0.08088904764096945,0.0808747438270485,0.08088904764096945,0.07388914,3217791.4037230145
32-HYPERLIQUID-BTC-30JAN2026,32,Hyperliquid,BTC,BTC,2026-01-30,2026-01-04,24,0.08029794762556763,0.08029655605324185,0.08029794762556763,0.0725187475,3378195.9156271773
32-HYPERLIQUID-BTC-30JAN2026,32,Hyperliquid,BTC,BTC,2026-01-30,2026-01-05,24,0.08094060167698629,0.08089558988370352,0.08089558988370352,0.0822592105,3520064.9219939034
32-HYPERLIQUID-BTC-30JAN2026,32,Hyperliquid,BTC,BTC,2026-01-30,2026-01-06,24,0.08080285875039023,0.08079721001547623,0.08080285875039023,0.10098768899999999,3567357.6859398936
32-HYPERLIQUID-BTC-30JAN2026,32,Hyperliquid,BTC,BTC,2026-01-30,2026-01-07,24,0.08963403590522817,0.08950465791437208,0.08963403590522817,0.17193868850000002,3171361.107051493
32-HYPERLIQUID-BTC-30JAN2026,32,Hyperliquid,BTC,BTC,2026-01-30,2026-01-08,24,0.08730608081370748,0.08730215928491547,0.08728796140561657,0.1095,3533832.0958159002
32-HYPERLIQUID-BTC-30JAN2026,32,Hyperliquid,BTC,BTC,2026-01-30,2026-01-09,24,0.08693661553182208,0.08696996982588782,0.08693661553182208,0.1095,3660760.635960283
32-HYPERLIQUID-BTC-30JAN2026,32,Hyperliquid,BTC,BTC,2026-01-30,2026-01-10,24,0.08500648008255901,0.08504662803204298,0.08500648008255901,0.1095,3558521.9506112556
32-HYPERLIQUID-BTC-30JAN2026,32,Hyperliquid,BTC,BTC,2026-01-30,2026-01-11,24,0.08496053797135816,0.08499433915136344,0.08496053797135818,0.103790013,3697297.1235546297
32-HYPERLIQUID-BTC-30JAN2026,32,Hyperliquid,BTC,BTC,2026-01-30,2026-01-12,24,0.08496100989407385,0.08493984014381395,0.08496100989407385,0.0839320055,3805776.274908966
32-HYPERLIQUID-BTC-30JAN2026,32,Hyperliquid,BTC,BTC,2026-01-30,2026-01-13,24,0.08386193796541276,0.08382979596175028,0.08386124459333653,0.068285441,4225021.782505529
32-HYPERLIQUID-BTC-30JAN2026,32,Hyperliquid,BTC,BTC,2026-01-30,2026-01-14,24,0.08356841301907104,0.0835916605702936,0.08359097976221803,0.08420498900000001,4552763.334569532
32-HYPERLIQUID-BTC-30JAN2026,32,Hyperliquid,BTC,BTC,2026-01-30,2026-01-15,24,0.08599528751288038,0.08603761572991335,0.08599528751288038,0.1095,4447922.796596224
32-HYPERLIQUID-BTC-30JAN2026,32,Hyperliquid,BTC,BTC,2026-01-30,2026-01-16,24,0.0874317666555048,0.0874317666555048,0.0874317666555048,0.1095,4342454.494122702
32-HYPERLIQUID-BTC-30JAN2026,32,Hyperliquid,BTC,BTC,2026-01-30,2026-01-17,24,0.08704227636088942,0.08707089224299401,0.08699253510768347,0.1095,4462507.968587012
32-HYPERLIQUID-BTC-30JAN2026,32,Hyperliquid,BTC,BTC,2026-01-30,2026-01-18,24,0.08721010157900656,0.08724623731841775,0.08721010157900656,0.1095,4637159.208537688
32-HYPERLIQUID-BTC-30JAN2026,32,Hyperliquid,BTC,BTC,2026-01-30,2026-01-19,24,0.08641681610079428,0.0865412607129321,0.08648296661014228,0.087223685,4758840.078454916
32-HYPERLIQUID-BTC-30JAN2026,32,Hyperliquid,BTC,BTC,2026-01-30,2026-01-20,24,0.07887254411596457,0.07876948097386378,0.0787829352138827,-0.085216696,7391987.972411576
32-HYPERLIQUID-BTC-30JAN2026,32,Hyperliquid,BTC,BTC,2026-01-30,2026-01-21,24,0.0717550153538781,0.07191390112741454,0.07967655091065787,0.0235756055,7775854.938493491
32-HYPERLIQUID-BTC-30JAN2026,32,Hyperliquid,BTC,BTC,2026-01-30,2026-01-22,24,0.057407716445070346,0.057370323870754185,,0.011524546500000002,7430732.03171553
32-HYPERLIQUID-BTC-30JAN2026,32,Hyperliquid,BTC,BTC,2026-01-30,2026-01-23,24,0.047266126765780486,0.047322196147271255,,-0.0801491455,7172534.830458569
32-HYPERLIQUID-BTC-30JAN2026,32,Hyperliquid,BTC,BTC,2026-01-30,2026-01-24,24,0.04089171913874743,0.04150400930139281,,-0.014122799,8122086.286828938
32-HYPERLIQUID-BTC-30JAN2026,32,Hyperliquid,BTC,BTC,2026-01-30,2026-01-25,24,0.03902750034959684,0.03920714212229537,,0.038254700999999995,8690625.169747373
32-HYPERLIQUID-BTC-30JAN2026,32,Hyperliquid,BTC,BTC,2026-01-30,2026-01-26,24,0.05263186468541603,0.052030744698461744,,0.060469039,7939028.189356603
32-HYPERLIQUID-BTC-30JAN2026,32,Hyperliquid,BTC,BTC,2026-01-30,2026-01-27,24,0.06148705220127713,0.06153999333153707,0.07004157447991059,0.0895169435,8274613.078438687
32-HYPERLIQUID-BTC-30JAN2026,32,Hyperliquid,BTC,BTC,2026-01-30,2026-01-28,24,0.06881922406888534,0.06927240209665668,0.07270431466821431,0.1061693385,8444844.108631877
32-HYPERLIQUID-BTC-30JAN2026,32,Hyperliquid,BTC,BTC,2026-01-30,2026-01-29,24,0.06705640442904728,0.0673598296449029,0.08371600311060871,0.0973799925,8457479.61681575
33-HYPERLIQUID-ETH-30JAN2026,33,Hyperliquid,ETH,ETH,2026-01-30,2025-12-16,19,0.09496736376163743,0.09493799114711113,0.095,0.09642173494736843,33557.110223174735
33-HYPERLIQUID-ETH-30JAN2026,33,Hyperliquid,ETH,ETH,2026-01-30,2025-12-17,24,0.08480251234726077,0.08477922273995331,0.0848122368768751,0.102360454,937808.5287355194
33-HYPERLIQUID-ETH-30JAN2026,33,Hyperliquid,ETH,ETH,2026-01-30,2025-12-18,24,0.0772563767955736,0.07723388154104288,0.07722767837942666,0.078567053,1895800.4556909613
33-HYPERLIQUID-ETH-30JAN2026,33,Hyperliquid,ETH,ETH,2026-01-30,2025-12-19,24,0.07653752079410507,0.07654793512302525,0.07657756156710945,0.08902466799999999,3258925.3892926336
33-HYPERLIQUID-ETH-30JAN2026,33,Hyperliquid,ETH,ETH,2026-01-30,2025-12-20,24,0.07614687342572521,0.07623446195485668,0.07654582849797893,0.09923598099999999,3881621.832845919
33-HYPERLIQUID-ETH-30JAN2026,33,Hyperliquid,ETH,ETH,2026-01-30,2025-12-21,24,0.0764016072981507,0.07651470227543249,0.07641863720493691,0.105833794,4222921.162995707
33-HYPERLIQUID-ETH-30JAN2026,33,Hyperliquid,ETH,ETH,2026-01-30,2025-12-22,24,0.07915660937549701,0.07909472313222206,0.07916109889953453,0.095872579,4194594.400238563
33-HYPERLIQUID-ETH-30JAN2026,33,Hyperliquid,ETH,ETH,2026-01-30,2025-12-23,24,0.0804365892874211,0.08045872998617885,0.08040586559224351,0.07484974700000001,4053445.941544508
33-HYPERLIQUID-ETH-30JAN2026,33,Hyperliquid,ETH,ETH,2026-01-30,2025-12-24,24,0.08147817531717648,0.08144636454038129,0.08147817531717648,0.09629784050000001,4372015.62173193
33-HYPERLIQUID-ETH-30JAN2026,33,Hyperliquid,ETH,ETH,2026-01-30,2025-12-25,24,0.08456751055059562,0.08459954210653375,0.08456537683909086,0.10945335299999999,4716582.31665144
33-HYPERLIQUID-ETH-30JAN2026,33,Hyperliquid,ETH,ETH,2026-01-30,2025-12-26,24,0.08385422148383607,0.083900629943368,0.08392203510354458,0.08382312600000001,4568203.360493593
33-HYPERLIQUID-ETH-30JAN2026,33,Hyperliquid,ETH,ETH,2026-01-30,2025-12-27,24,0.08048965448953323,0.08045578264946206,0.08044928944702039,0.031140267,4482889.250002731
33-HYPERLIQUID-ETH-30JAN2026,33,Hyperliquid,ETH,ETH,2026-01-30,2025-12-28,24,0.07205667508806418,0.07212360476023395,0.07215487446670292,-0.016828836,4809845.132418224
33-HYPERLIQUID-ETH-30JAN2026,33,Hyperliquid,ETH,ETH,2026-01-30,2025-12-29,24,0.07413795134490994,0.07414404905318633,0.07413795134490994,0.07727382149999999,5238866.926206753
33-HYPERLIQUID-ETH-30JAN2026,33,Hyperliquid,ETH,ETH,2026-01-30,2025-12-30,24,0.07872587929215812,0.07855873311590894,0.07869881742827387,0.091600692,5066220.308368756
33-HYPERLIQUID-ETH-30JAN2026,33,Hyperliquid,ETH,ETH,2026-01-30,2025-12-31,24,0.07959566298978143,0.07965358067473734,0.07956919870360045,0.1095,5155314.023285783
33-HYPERLIQUID-ETH-30JAN2026,33,Hyperliquid,ETH,ETH,2026-01-30,2026-01-01,24,0.08460069557483586,0.08459461284885195,0.08460069557483586,0.1095,5418371.347689271
33-HYPERLIQUID-ETH-30JAN2026,33,Hyperliquid,ETH,ETH,2026-01-30,2026-01-02,24,0.0813491744117092,0.08144450309348682,0.08138080255206014,0.073063875,5923617.928880763
33-HYPERLIQUID-ETH-30JAN2026,33,Hyperliquid,ETH,ETH,2026-01-30,2026-01-03,24,0.07907495954715904,0.07905141640921913,0.07898615148360111,0.0702410745,6202441.974429746
33-HYPERLIQUID-ETH-30JAN2026,33,Hyperliquid,ETH,ETH,2026-01-30,2026-01-04,24,0.07937196809263777,0.07939140482511052,0.07937196809263777,0.080167724,6208370.622475683
33-HYPERLIQUID-ETH-30JAN2026,33,Hyperliquid,ETH,ETH,2026-01-30,2026-01-05,24,0.07740059350496202,0.0773831929314841,0.07722542031795508,0.051741815999999996,6062620.564696754
33-HYPERLIQUID-ETH-30JAN2026,33,Hyperliquid,ETH,ETH,2026-01-30,2026-01-06,24,0.07572304137289243,0.07581400239162368,0.07570576444231752,0.0858331445,6957067.919002281
33-HYPERLIQUID-ETH-30JAN2026,33,Hyperliquid,ETH,ETH,2026-01-30,2026-01-07,24,0.07754448703627426,0.07751102746865275,0.07749570447178143,0.1095,7684942.246017128
33-HYPERLIQUID-ETH-30JAN2026,33,Hyperliquid,ETH,ETH,2026-01-30,2026-01-08,24,0.07748446208570889,0.07747474093016375,0.07749533123310232,0.1093398015,9024719.037538609
33-HYPERLIQUID-ETH-30JAN2026,33,Hyperliquid,ETH,ETH,2026-01-30,2026-01-09,24,0.07978036115435841,0.07972123839687471,0.07980700807359452,0.1095,9000124.395079473
33-HYPERLIQUID-ETH-30JAN2026,33,Hyperliquid,ETH,ETH,2026-01-30,2026-01-10,24,0.08012481700189876,0.08010750157030326,0.08012481700189876,0.1095,8879107.36932295
33-HYPERLIQUID-ETH-30JAN2026,33,Hyperliquid,ETH,ETH,2026-01-30,2026-01-11,24,0.08023136581061892,0.0802290212591289,0.08023136581061892,0.103023586,9681408.994874692
33-HYPERLIQUID-ETH-30JAN2026,33,Hyperliquid,ETH,ETH,2026-01-30,2026-01-12,24,0.08114834122320438,0.08114952492634518,0.08114834122320438,0.105045978,10111766.079529634
33-HYPERLIQUID-ETH-30JAN2026,33,Hyperliquid,ETH,ETH,2026-01-30,2026-01-13,24,0.08038157626288171,0.08041505187940091,0.08038157626288171,0.0999133845,11500948.004485747
33-HYPERLIQUID-ETH-30JAN2026,33,Hyperliquid,ETH,ETH,2026-01-30,2026-01-14,24,0.08114205150738947,0.08115775409997485,0.08114205150738948,0.10732492850000001,11688066.07079155
33-HYPERLIQUID-ETH-30JAN2026,33,Hyperliquid,ETH,ETH,2026-01-30,2026-01-15,24,0.08320801970154913,0.0831768569358159,0.08318542046788696,0.1095,11929255.357825039
33-HYPERLIQUID-ETH-30JAN2026,33,Hyperliquid,ETH,ETH,2026-01-30,2026-01-16,24,0.08415873157055115,0.08413894711652094,0.08416410690303439,0.1095,12820317.805401592
33-HYPERLIQUID-ETH-30JAN2026,33,Hyperliquid,ETH,ETH,2026-01-30,2026-01-17,24,0.08621352496184054,0.08622728109005917,0.08621352496184054,0.1095,13508058.084500203
33-HYPERLIQUID-ETH-30JAN2026,33,Hyperliquid,ETH,ETH,2026-01-30,2026-01-18,24,0.0876069992153939,0.0876043061515107,0.0876069992153939,0.1095,15591269.249094537
33-HYPERLIQUID-ETH-30JAN2026,33,Hyperliquid,ETH,ETH,2026-01-30,2026-01-19,24,0.08629605766879311,0.08645327373983486,0.08639117980647144,0.1022625975,17522235.19417422
33-HYPERLIQUID-ETH-30JAN2026,33,Hyperliquid,ETH,ETH,2026-01-30,2026-01-20,24,0.07958381898344911,0.07949984007056504,0.07951319110364831,0.056622596,16660761.827344248
33-HYPERLIQUID-ETH-30JAN2026,33,Hyperliquid,ETH,ETH,2026-01-30,2026-01-21,24,0.07988483557929324,0.07981949988100502,0.07982591779202318,0.0782345015,16554380.256856563
33-HYPERLIQUID-ETH-30JAN2026,33,Hyperliquid,ETH,ETH,2026-01-30,2026-01-22,24,0.08277557160211475,0.08266842684760979,0.0827717114948713,0.10074941700000001,17668004.081891008
33-HYPERLIQUID-ETH-30JAN2026,33,Hyperliquid,ETH,ETH,2026-01-30,2026-01-23,24,0.07524794787542104,0.07534087111136067,0.07755067696616737,-0.003303469000000001,16064155.567349153
33-HYPERLIQUID-ETH-30JAN2026,33,Hyperliquid,ETH,ETH,2026-01-30,2026-01-24,24,0.055564224876610085,0.05600519471888015,,-0.030730079999999996,12673607.191475727
33-HYPERLIQUID-ETH-30JAN2026,33,Hyperliquid,ETH,ETH,2026-01-30,2026-01-25,24,0.051144802358805835,0.051088394403698965,,-0.025074843,9357873.23830256
33-HYPERLIQUID-ETH-30JAN2026,33,Hyperliquid,ETH,ETH,2026-01-30,2026-01-26,24,0.047051898460412515,0.04664287989954427,,0.0198071265,7976756.258797205
33-HYPERLIQUID-ETH-30JAN2026,33,Hyperliquid,ETH,ETH,2026-01-30,2026-01-27,24,0.06677980132557117,0.06711311843717528,0.0719416951547292,0.099637919,8072690.957975205
33-HYPERLIQUID-ETH-30JAN2026,33,Hyperliquid,ETH,ETH,2026-01-30,2026-01-28,24,0.07350573800321421,0.07328970558215357,0.07645198394969413,0.1073928185,8551436.509741804
33-HYPERLIQUID-ETH-30JAN2026,33,Hyperliquid,ETH,ETH,2026-01-30,2026-01-29,24,0.07608068182549461,0.07578396221354101,0.07709371334089822,0.1094377675,8737904.95459629
34-HYPERLIQUID-HYPE-30JAN2026,34,Hyperliquid,HYPE,HYPE,2026-01-30,2025-12-22,9,0.11806242567534343,0.11806242567534343,,0.0,0.0
34-HYPERLIQUID-HYPE-30JAN2026,34,Hyperliquid,HYPE,HYPE,2026-01-30,2025-12-23,24,0.11728843303655635,0.1175318634807836,0.11710294051457053,0.08651107464285714,63540.41486598051
34-HYPERLIQUID-HYPE-30JAN2026,34,Hyperliquid,HYPE,HYPE,2026-01-30,2025-12-24,24,0.11187986189306347,0.11203564206825062,0.11187986189306347,0.10432002950000001,510421.21925077465
34-HYPERLIQUID-HYPE-30JAN2026,34,Hyperliquid,HYPE,HYPE,2026-01-30,2025-12-25,24,0.11044390334569952,0.11045333176149302,0.11044390334569952,0.0990771695,767265.9420162673
34-HYPERLIQUID-HYPE-30JAN2026,34,Hyperliquid,HYPE,HYPE,2026-01-30,2025-12-26,24,0.11250582349177672,0.1125274414961191,0.11250582349177672,0.1142751125,1103283.8010961057
34-HYPERLIQUID-HYPE-30JAN2026,34,Hyperliquid,HYPE,HYPE,2026-01-30,2025-12-27,24,0.11185478303333697,0.1117262939897758,0.11185478303333697,0.1095,1503139.5164341105
34-HYPERLIQUID-HYPE-30JAN2026,34,Hyperliquid,HYPE,HYPE,2026-01-30,2025-12-28,24,0.1111729599653286,0.11120023665265334,0.1111729599653286,0.1095,1642923.0963936169
34-HYPERLIQUID-HYPE-30JAN2026,34,Hyperliquid,HYPE,HYPE,2026-01-30,2025-12-29,24,0.11265245014478371,0.11264315104672235,0.11265245014478371,0.1161793175,1792831.9292126338
34-HYPERLIQUID-HYPE-30JAN2026,34,Hyperliquid,HYPE,HYPE,2026-01-30,2025-12-30,24,0.11387300791195608,0.11387300791195608,0.11387300791195608,0.11139778099999999,1707087.4910645941
34-HYPERLIQUID-HYPE-30JAN2026,34,Hyperliquid,HYPE,HYPE,2026-01-30,2025-12-31,24,0.11388228999363952,0.11388228999363952,0.11388228999363952,0.11580428,1679898.921182324
34-HYPERLIQUID-HYPE-30JAN2026,34,Hyperliquid,HYPE,HYPE,2026-01-30,2026-01-01,24,0.11382661188829453,0.11382684347626736,0.11382661188829453,0.1377668045,1676177.1967206958
34-HYPERLIQUID-HYPE-30JAN2026,34,Hyperliquid,HYPE,HYPE,2026-01-30,2026-01-02,24,0.11332553861251209,0.11328033375101458,0.1132884677884393,0.103141627,1761263.4649262878
34-HYPERLIQUID-HYPE-30JAN2026,34,Hyperliquid,HYPE,HYPE,2026-01-30,2026-01-03,24,0.11212472426895315,0.11224985011583466,0.11210618885691676,0.10719805449999999,1877660.006921735
34-HYPERLIQUID-HYPE-30JAN2026,34,Hyperliquid,HYPE,HYPE,2026-01-30,2026-01-04,24,0.11193938312231194,0.11193938312231194,0.11193938312231194,0.108961187,1969830.8349844
34-HYPERLIQUID-HYPE-30JAN2026,34,Hyperliquid,HYPE,HYPE,2026-01-30,2026-01-05,24,0.11181429804921306,0.1118128502787265,0.11181429804921306,0.1095,1886874.196079211
34-HYPERLIQUID-HYPE-30JAN2026,34,Hyperliquid,HYPE,HYPE,2026-01-30,2026-01-06,24,0.11133272750745705,0.1113327429358812,0.11133272750745705,0.1028557955,1913357.7306975166
34-HYPERLIQUID-HYPE-30JAN2026,34,Hyperliquid,HYPE,HYPE,2026-01-30,2026-01-07,24,0.11249294349609344,0.1124779520363811,0.11249294349609344,0.1419664215,2324530.364171454
34-HYPERLIQUID-HYPE-30JAN2026,34,Hyperliquid,HYPE,HYPE,2026-01-30,2026-01-08,24,0.11456430460347772,0.11458801091552855,0.11456430460347772,0.120318454,2592013.9044291177
34-HYPERLIQUID-HYPE-30JAN2026,34,Hyperliquid,HYPE,HYPE,2026-01-30,2026-01-09,24,0.1123518356842309,0.11235647672507261,0.1123518356842309,0.1080288675,2796565.0527587146
34-HYPERLIQUID-HYPE-30JAN2026,34,Hyperliquid,HYPE,HYPE,2026-01-30,2026-01-10,24,0.11153229906946333,0.11153643085978487,0.11153229906946333,0.09893617,2764120.5460345517
34-HYPERLIQUID-HYPE-30JAN2026,34,Hyperliquid,HYPE,HYPE,2026-01-30,2026-01-11,24,0.11135925749117494,0.1113622329010438,0.11135925749117494,0.1095,2755771.2013007826
34-HYPERLIQUID-HYPE-30JAN2026,34,Hyperliquid,HYPE,HYPE,2026-01-30,2026-01-12,24,0.11133263258611027,0.11133263258611027,0.11133263258611027,0.111059937,2749297.098830822
34-HYPERLIQUID-HYPE-30JAN2026,34,Hyperliquid,HYPE,HYPE,2026-01-30,2026-01-13,24,0.11333446192145681,0.11330949671634645,0.11333446192145681,0.156299351,3240102.7110924744
34-HYPERLIQUID-HYPE-30JAN2026,34,Hyperliquid,HYPE,HYPE,2026-01-30,2026-01-14,24,0.1141659433222892,0.11423971697751584,0.1141659433222892,0.1080626665,3379132.365658408
34-HYPERLIQUID-HYPE-30JAN2026,34,Hyperliquid,HYPE,HYPE,2026-01-30,2026-01-15,24,0.10852823662188493,0.10857322907868394,0.10852823662188493,0.085603377,3191722.020949423
34-HYPERLIQUID-HYPE-30JAN2026,34,Hyperliquid,HYPE,HYPE,2026-01-30,2026-01-16,24,0.10832296975352391,0.10833698128003728,0.1083050849677442,0.086199933,3220583.1047811755
34-HYPERLIQUID-HYPE-30JAN2026,34,Hyperliquid,HYPE,HYPE,2026-01-30,2026-01-17,24,0.10710458470549417,0.10700779157408065,0.10702306995771681,0.1095,3163159.40507026
34-HYPERLIQUID-HYPE-30JAN2026,34,Hyperliquid,HYPE,HYPE,2026-01-30,2026-01-18,24,0.10836685749029673,0.10835465712082361,0.10836685749029673,0.1095,3111118.109661777
34-HYPERLIQUID-HYPE-30JAN2026,34,Hyperliquid,HYPE,HYPE,2026-01-30,2026-01-19,24,0.10848855480944557,0.10848855480944557,0.10848855480944557,0.1095,3044541.7576461225
34-HYPERLIQUID-HYPE-30JAN2026,34,Hyperliquid,HYPE,HYPE,2026-01-30,2026-01-20,24,0.11440655369675416,0.11442753782049302,0.11442521370988375,0.203309964,3597607.8303286377
34-HYPERLIQUID-HYPE-30JAN2026,34,Hyperliquid,HYPE,HYPE,2026-01-30,2026-01-21,24,0.11672200149632007,0.11672957852372445,0.11661022748295942,0.1260101545,3976565.8380857785
34-HYPERLIQUID-HYPE-30JAN2026,34,Hyperliquid,HYPE,HYPE,2026-01-30,2026-01-22,24,0.11248477598405869,0.11260662861704472,0.11248477598405869,0.1201440935,3918635.615176379
34-HYPERLIQUID-HYPE-30JAN2026,34,Hyperliquid,HYPE,HYPE,2026-01-30,2026-01-23,24,0.11007714474175868,0.11010148360777745,0.11007714474175868,0.18314729100000002,4535428.67045346
34-HYPERLIQUID-HYPE-30JAN2026,34,Hyperliquid,HYPE,HYPE,2026-01-30,2026-01-24,24,0.11019407808617804,0.1102346084830454,0.11019407808617804,0.14294075250000002,5053838.124669676
34-HYPERLIQUID-HYPE-30JAN2026,34,Hyperliquid,HYPE,HYPE,2026-01-30,2026-01-25,24,0.10981920776847677,0.10986590890535437,0.10981920776847677,0.1095,5050493.35975564
34-HYPERLIQUID-HYPE-30JAN2026,34,Hyperliquid,HYPE,HYPE,2026-01-30,2026-01-26,24,0.11446858420107325,0.11437549116524849,0.11446858420107325,0.1715841275,6083504.363997596
34-HYPERLIQUID-HYPE-30JAN2026,34,Hyperliquid,HYPE,HYPE,2026-01-30,2026-01-27,24,0.11195590011143623,0.11191184768897884,0.1119429603475698,0.11087510099999999,6410758.614178776
34-HYPERLIQUID-HYPE-30JAN2026,34,Hyperliquid,HYPE,HYPE,2026-01-30,2026-01-28,24,0.09855529283429608,0.0985772978419282,0.09853271932027984,0.0668067165,6143808.5310576325
34-HYPERLIQUID-HYPE-30JAN2026,34,Hyperliquid,HYPE,HYPE,2026-01-30,2026-01-29,24,0.08396055972765415,0.08408881390628803,0.08396055972765415,0.0450616225,5208275.697997778
35-BINANCE-HYPEUSDT-30JAN2026,35,Binance,HYPE,HYPEUSDT,2026-01-30,2025-12-22,9,0.10207808977066472,0.10207808977066472,,0.0,0.0
35-BINANCE-HYPEUSDT-30JAN2026,35,Binance,HYPE,HYPEUSDT,2026-01-30,2025-12-23,24,0.10199887590836308,0.10207808977066472,0.102,0.07525022499999999,67788.35474097166
35-BINANCE-HYPEUSDT-30JAN2026,35,Binance,HYPE,HYPEUSDT,2026-01-30,2025-12-24,24,0.10126114641334198,0.10129102013401035,0.10126516013500168,0.0659491125,548854.8026361124
35-BINANCE-HYPEUSDT-30JAN2026,35,Binance,HYPE,HYPEUSDT,2026-01-30,2025-12-25,24,0.1010568163567997,0.10108669047124959,0.1010568163567997,0.10860940000000001,728534.9437507229
35-BINANCE-HYPEUSDT-30JAN2026,35,Binance,HYPE,HYPEUSDT,2026-01-30,2025-12-26,24,0.10101552870250691,0.10104540281695679,0.10101552870250691,0.09562999999999999,899827.2263198891
35-BINANCE-HYPEUSDT-30JAN2026,35,Binance,HYPE,HYPEUSDT,2026-01-30,2025-12-27,24,0.10104540281695679,0.10104540281695679,0.10104540281695679,0.09132665,1202219.9532181178
35-BINANCE-HYPEUSDT-30JAN2026,35,Binance,HYPE,HYPEUSDT,2026-01-30,2025-12-28,24,0.10070614618505186,0.10071036585684041,0.10070614618505186,0.05692996249999999,1372999.8099919416
35-BINANCE-HYPEUSDT-30JAN2026,35,Binance,HYPE,HYPEUSDT,2026-01-30,2025-12-29,24,0.10026579366034027,0.10023829056820498,0.10026579366034027,0.0904004625,1754410.4499836953
35-BINANCE-HYPEUSDT-30JAN2026,35,Binance,HYPE,HYPEUSDT,2026-01-30,2025-12-30,24,0.09969758338469464,0.09971132530833467,0.09969758338469464,0.04429275,2087986.0708582066
35-BINANCE-HYPEUSDT-30JAN2026,35,Binance,HYPE,HYPEUSDT,2026-01-30,2025-12-31,24,0.09916610300460728,0.09916597477230212,0.09916610300460728,0.103066875,2298219.427564267
35-BINANCE-HYPEUSDT-30JAN2026,35,Binance,HYPE,HYPEUSDT,2026-01-30,2026-01-01,24,0.09897452208861195,0.0989783153488979,0.0989520759952426,0.0604357875,2355983.654706226
35-BINANCE-HYPEUSDT-30JAN2026,35,Binance,HYPE,HYPEUSDT,2026-01-30,2026-01-02,24,0.09699289001617556,0.09699289001617556,0.09699289001617556,0.0198532625,2807432.5467163064
35-BINANCE-HYPEUSDT-30JAN2026,35,Binance,HYPE,HYPEUSDT,2026-01-30,2026-01-03,24,0.09746280911850984,0.0974820480621519,0.09746280911850984,0.1095,2857809.2885687966
35-BINANCE-HYPEUSDT-30JAN2026,35,Binance,HYPE,HYPEUSDT,2026-01-30,2026-01-04,24,0.09744608385415472,0.09745461135389777,0.09744608385415472,0.1095,2855240.5453942153
35-BINANCE-HYPEUSDT-30JAN2026,35,Binance,HYPE,HYPEUSDT,2026-01-30,2026-01-05,24,0.09736773934189509,0.09737084826548774,0.09736773934189509,0.09253115,3012654.916565933
35-BINANCE-HYPEUSDT-30JAN2026,35,Binance,HYPE,HYPEUSDT,2026-01-30,2026-01-06,24,0.09541013383858697,0.09542408637573846,0.09541013383858697,0.017254462499999998,3759885.9111945573
35-BINANCE-HYPEUSDT-30JAN2026,35,Binance,HYPE,HYPEUSDT,2026-01-30,2026-01-07,24,0.09777967352451909,0.09778438230931297,0.09777967352451909,0.10575783750000001,4124738.005690558
35-BINANCE-HYPEUSDT-30JAN2026,35,Binance,HYPE,HYPEUSDT,2026-01-30,2026-01-08,24,0.0965150348659179,0.09652718267598885,0.0965150348659179,0.0689402875,4032650.0695063733
35-BINANCE-HYPEUSDT-30JAN2026,35,Binance,HYPE,HYPEUSDT,2026-01-30,2026-01-09,24,0.09452119027160698,0.09455494985693819,0.09452119027160698,0.037289312500000005,4219854.27696598
35-BINANCE-HYPEUSDT-30JAN2026,35,Binance,HYPE,HYPEUSDT,2026-01-30,2026-01-10,24,0.09084734158116418,0.09095207721680221,0.09078370669741549,-0.0385394375,4674630.740134809
35-BINANCE-HYPEUSDT-30JAN2026,35,Binance,HYPE,HYPEUSDT,2026-01-30,2026-01-11,24,0.08799389216495118,0.08799259334019578,0.08799389216495118,-0.0340837,5293543.162586669
35-BINANCE-HYPEUSDT-30JAN2026,35,Binance,HYPE,HYPEUSDT,2026-01-30,2026-01-12,24,0.08995466444572021,0.0899684929312124,0.08995466444572021,0.0703199875,5240448.64639164
35-BINANCE-HYPEUSDT-30JAN2026,35,Binance,HYPE,HYPEUSDT,2026-01-30,2026-01-13,24,0.09011282077208427,0.09005151435922586,0.09011282077208427,0.1070545,5270134.124639431
35-BINANCE-HYPEUSDT-30JAN2026,35,Binance,HYPE,HYPEUSDT,2026-01-30,2026-01-14,24,0.09029449655212973,0.09029449655212973,0.09029449655212973,0.1095,5338058.839294249
35-BINANCE-HYPEUSDT-30JAN2026,35,Binance,HYPE,HYPEUSDT,2026-01-30,2026-01-15,24,0.09045807071425453,0.09045807071425453,0.09045807071425453,0.1095,5283946.992504059
35-BINANCE-HYPEUSDT-30JAN2026,35,Binance,HYPE,HYPEUSDT,2026-01-30,2026-01-16,24,0.09086249173521503,0.09086170392619052,0.09086249173521503,0.1035797,5159558.60070886
35-BINANCE-HYPEUSDT-30JAN2026,35,Binance,HYPE,HYPEUSDT,2026-01-30,2026-01-17,24,0.09154869684258511,0.09171307128067867,0.09154869684258511,0.1095,5140366.785454063
35-BINANCE-HYPEUSDT-30JAN2026,35,Binance,HYPE,HYPEUSDT,2026-01-30,2026-01-18,24,0.09393998577531104,0.09395320537791574,0.09393998577531104,0.1095,5176326.978196001
35-BINANCE-HYPEUSDT-30JAN2026,35,Binance,HYPE,HYPEUSDT,2026-01-30,2026-01-19,24,0.09479201401285409,0.09479201401285409,0.09479201401285409,0.1095,5280924.530707986
35-BINANCE-HYPEUSDT-30JAN2026,35,Binance,HYPE,HYPEUSDT,2026-01-30,2026-01-20,24,0.09365381823364334,0.09365580189120708,0.09365381823364334,0.078560775,5267825.98901228
35-BINANCE-HYPEUSDT-30JAN2026,35,Binance,HYPE,HYPEUSDT,2026-01-30,2026-01-21,24,0.09123105380076833,0.09111912571350611,0.09116747479776144,0.0314237625,5334753.243154803
35-BINANCE-HYPEUSDT-30JAN2026,35,Binance,HYPE,HYPEUSDT,2026-01-30,2026-01-22,24,0.08998149997602987,0.08989082522573182,0.08991802948040432,0.0349660875,5472711.124523548
35-BINANCE-HYPEUSDT-30JAN2026,35,Binance,HYPE,HYPEUSDT,2026-01-30,2026-01-23,24,0.08426883978715573,0.08414716799948901,0.08431898936525484,-0.041159225,7899206.542959258
35-BINANCE-HYPEUSDT-30JAN2026,35,Binance,HYPE,HYPEUSDT,2026-01-30,2026-01-24,24,0.07898294341749512,0.07893775739004007,0.07894698838949372,0.06738995,9606565.531546755
35-BINANCE-HYPEUSDT-30JAN2026,35,Binance,HYPE,HYPEUSDT,2026-01-30,2026-01-25,24,0.07727668595082628,0.07712463638377334,0.0772320363739346,0.076929225,10230890.313977113
35-BINANCE-HYPEUSDT-30JAN2026,35,Binance,HYPE,HYPEUSDT,2026-01-30,2026-01-26,24,0.08369670388319615,0.08373005143384159,0.08369670388319615,0.108388575,9694314.099933207
35-BINANCE-HYPEUSDT-30JAN2026,35,Binance,HYPE,HYPEUSDT,2026-01-30,2026-01-27,24,0.08067322254708918,0.08058969528700494,0.0821730546172486,0.08134755,10459096.16922251
35-BINANCE-HYPEUSDT-30JAN2026,35,Binance,HYPE,HYPEUSDT,2026-01-30,2026-01-28,24,0.06245541972933821,0.06227023471107795,0.0648886515564851,0.018827612499999997,14368383.27736375
35-BINANCE-HYPEUSDT-30JAN2026,35,Binance,HYPE,HYPEUSDT,2026-01-30,2026-01-29,24,-0.016158085798935715,-0.017336383074688964,0.05042912383043266,-0.143344625,20018400.950759906
36-OKX-HYPEUSDT-30JAN2026,36,OKX,HYPE,HYPEUSDT,2026-01-30,2026-01-06,17,0.04596189184865382,0.04602053053057634,0.046,0.07263231646668424,287927.5230852147
36-OKX-HYPEUSDT-30JAN2026,36,OKX,HYPE,HYPEUSDT,2026-01-30,2026-01-07,24,0.06277891092136308,0.06265188224456611,0.06278215724037885,0.0960643308019125,1727927.8689982493
36-OKX-HYPEUSDT-30JAN2026,36,OKX,HYPE,HYPEUSDT,2026-01-30,2026-01-08,24,0.0685938308411881,0.06854890654149863,0.06858845175920925,0.0010448894295717488,2797174.6055767187
36-OKX-HYPEUSDT-30JAN2026,36,OKX,HYPE,HYPEUSDT,2026-01-30,2026-01-09,24,0.057895961420280334,0.05793065861244123,0.05758903665149554,-0.01758024532369275,2329622.742790462
36-OKX-HYPEUSDT-30JAN2026,36,OKX,HYPE,HYPEUSDT,2026-01-30,2026-01-10,24,0.05349460053530517,0.05351399506519806,0.05341592131276288,0.034276772443233496,1995442.1763756636
36-OKX-HYPEUSDT-30JAN2026,36,OKX,HYPE,HYPEUSDT,2026-01-30,2026-01-11,24,0.051710149062213884,0.05166415330852392,0.051635757560318955,-0.018778959667685,1859564.3718750773
36-OKX-HYPEUSDT-30JAN2026,36,OKX,HYPE,HYPEUSDT,2026-01-30,2026-01-12,24,0.05894147069310541,0.05904200266835574,0.059029988093924006,0.103420350759881,1849125.0416864885
36-OKX-HYPEUSDT-30JAN2026,36,OKX,HYPE,HYPEUSDT,2026-01-30,2026-01-13,24,0.06033463800547981,0.06016341344874829,0.06032446004319473,0.1064347903159945,1941861.45527053
36-OKX-HYPEUSDT-30JAN2026,36,OKX,HYPE,HYPEUSDT,2026-01-30,2026-01-14,24,0.06415233687566128,0.06383290504751214,0.06400403034947037,0.1095,2109301.3126085433
36-OKX-HYPEUSDT-30JAN2026,36,OKX,HYPE,HYPEUSDT,2026-01-30,2026-01-15,24,0.070634563746453,0.07048069445163758,0.07062125480667336,0.1095,2213349.9909113036
36-OKX-HYPEUSDT-30JAN2026,36,OKX,HYPE,HYPEUSDT,2026-01-30,2026-01-16,24,0.07428184529733577,0.07425324772678914,0.07425497963332504,0.1095,2468487.9932189705
36-OKX-HYPEUSDT-30JAN2026,36,OKX,HYPE,HYPEUSDT,2026-01-30,2026-01-17,24,0.07434002356966632,0.07433107013926919,0.07433107013926919,0.1095,2421743.0843212786
36-OKX-HYPEUSDT-30JAN2026,36,OKX,HYPE,HYPEUSDT,2026-01-30,2026-01-18,24,0.07736759485744811,0.07736247565728246,0.07739488168001364,0.1095,2527157.7658077246
36-OKX-HYPEUSDT-30JAN2026,36,OKX,HYPE,HYPEUSDT,2026-01-30,2026-01-19,24,0.07687822541333982,0.07687008898478138,0.07654537554450955,0.10488955150650599,2988977.5180751677
36-OKX-HYPEUSDT-30JAN2026,36,OKX,HYPE,HYPEUSDT,2026-01-30,2026-01-20,24,0.08470976464493024,0.08485478383964584,0.08472066174321546,0.1095,2498992.5760096125
36-OKX-HYPEUSDT-30JAN2026,36,OKX,HYPE,HYPEUSDT,2026-01-30,2026-01-21,24,0.06924128904541599,0.06930795965401901,0.06935052416079059,0.013496803779912499,2361277.7052460914
36-OKX-HYPEUSDT-30JAN2026,36,OKX,HYPE,HYPEUSDT,2026-01-30,2026-01-22,24,0.06247606508028847,0.06247870260366987,0.06238335464504884,-0.09718100856086763,2378633.801182105
36-OKX-HYPEUSDT-30JAN2026,36,OKX,HYPE,HYPEUSDT,2026-01-30,2026-01-23,24,0.05866786273321154,0.05886854614435704,0.058671434062681695,-0.05576017432878288,2602542.7291560885
36-OKX-HYPEUSDT-30JAN2026,36,OKX,HYPE,HYPEUSDT,2026-01-30,2026-01-24,24,0.04089527879663313,0.040843689305878665,0.040772511027291146,-0.06092448753926888,3310403.0587804634
36-OKX-HYPEUSDT-30JAN2026,36,OKX,HYPE,HYPEUSDT,2026-01-30,2026-01-25,24,0.0561593658796887,0.05580971585271178,0.05726434814958944,-0.002989402397994752,2863618.2131275106
36-OKX-HYPEUSDT-30JAN2026,36,OKX,HYPE,HYPEUSDT,2026-01-30,2026-01-26,24,0.0572267567604224,0.057288472872194525,0.0576489892604363,0.10946843132141314,3286329.891990407
36-OKX-HYPEUSDT-30JAN2026,36,OKX,HYPE,HYPEUSDT,2026-01-30,2026-01-27,24,0.06051350651945101,0.06053541927004378,0.060726326368218786,0.1095,4035089.218654694
36-OKX-HYPEUSDT-30JAN2026,36,OKX,HYPE,HYPEUSDT,2026-01-30,2026-01-28,24,0.0443474589105901,0.044306539462798174,0.058192095888468374,-0.06389997168231999,3356803.4172348604
36-OKX-HYPEUSDT-30JAN2026,36,OKX,HYPE,HYPEUSDT,2026-01-30,2026-01-29,24,0.021966252328732616,0.021685656205213368,0.050049885003271795,-0.0541554326293175,3446223.481211133
37-BINANCE-BNBUSDT-27FEB2026,37,Binance,BNB,BNBUSDT,2026-02-27,2026-01-06,17,0.028086500062859968,0.028086500062859968,,0.023184370588235293,0.0
37-BINANCE-BNBUSDT-27FEB2026,37,Binance,BNB,BNBUSDT,2026-02-27,2026-01-07,24,0.027836000707868874,0.028052245073048293,,0.042473681250000006,0.08333333333333333
37-BINANCE-BNBUSDT-27FEB2026,37,Binance,BNB,BNBUSDT,2026-02-27,2026-01-08,24,0.02837570845797807,0.028449246042581342,,0.01677585625,82.87500000000001
37-BINANCE-BNBUSDT-27FEB2026,37,Binance,BNB,BNBUSDT,2026-02-27,2026-01-09,24,0.02842496338516395,0.028454957917084443,,0.0,203.95833333333334
37-BINANCE-BNBUSDT-27FEB2026,37,Binance,BNB,BNBUSDT,2026-02-27,2026-01-10,24,0.02834998059045432,0.028304986757685186,,0.05191395000000001,270.375
37-BINANCE-BNBUSDT-27FEB2026,37,Binance,BNB,BNBUSDT,2026-02-27,2026-01-11,24,0.02916233211938779,0.02895434575177347,,0.0943014,363.72130159900286
37-BINANCE-BNBUSDT-27FEB2026,37,Binance,BNB,BNBUSDT,2026-02-27,2026-01-12,24,0.02950106460723004,0.029534912098704583,,0.001768425,360.98992977564103
37-BINANCE-BNBUSDT-27FEB2026,37,Binance,BNB,BNBUSDT,2026-02-27,2026-01-13,24,0.03007408069678073,0.03029394228851817,,0.09396377500000001,667.9426949888851
37-BINANCE-BNBUSDT-27FEB2026,37,Binance,BNB,BNBUSDT,2026-02-27,2026-01-14,24,0.03163307548472192,0.031767983790934304,,0.11729822499999999,1078.5907791410755
37-BINANCE-BNBUSDT-27FEB2026,37,Binance,BNB,BNBUSDT,2026-02-27,2026-01-15,24,0.03307190630750942,0.03331316993978472,,0.05897076874999999,1153.365873317097
37-BINANCE-BNBUSDT-27FEB2026,37,Binance,BNB,BNBUSDT,2026-02-27,2026-01-16,24,0.03336887416364879,0.03318806173641369,,0.00211380625,991.7319034800184
37-BINANCE-BNBUSDT-27FEB2026,37,Binance,BNB,BNBUSDT,2026-02-27,2026-01-17,24,0.03320324428202156,0.0330548131295616,,0.0,1272.7277256243922
37-BINANCE-BNBUSDT-27FEB2026,37,Binance,BNB,BNBUSDT,2026-02-27,2026-01-18,24,0.03107125737396445,0.03115210950214987,,0.01739955,1184.741497706788
37-BINANCE-BNBUSDT-27FEB2026,37,Binance,BNB,BNBUSDT,2026-02-27,2026-01-19,24,0.029578271610327323,0.0297284236966607,,0.0,1232.7211486056908
37-BINANCE-BNBUSDT-27FEB2026,37,Binance,BNB,BNBUSDT,2026-02-27,2026-01-20,24,0.029578270752388326,0.029629748378953113,,0.0048764,1235.188029
37-BINANCE-BNBUSDT-27FEB2026,37,Binance,BNB,BNBUSDT,2026-02-27,2026-01-21,24,0.03079794594282891,0.030899966558681755,,0.0,1292.4964199135773
37-BINANCE-BNBUSDT-27FEB2026,37,Binance,BNB,BNBUSDT,2026-02-27,2026-01-22,24,0.029284523964160192,0.029293494250061548,,0.0,1280.754173112847
37-BINANCE-BNBUSDT-27FEB2026,37,Binance,BNB,BNBUSDT,2026-02-27,2026-01-23,24,0.029468984606623384,0.029526592756873027,,0.00474910625,1263.114135946805
37-BINANCE-BNBUSDT-27FEB2026,37,Binance,BNB,BNBUSDT,2026-02-27,2026-01-24,24,0.02959337665970177,0.02957407018685737,,0.01770204375,1173.8006079908328
37-BINANCE-BNBUSDT-27FEB2026,37,Binance,BNB,BNBUSDT,2026-02-27,2026-01-25,24,0.029121552195858103,0.028995094365805066,,0.0134539,1151.6998424434378
37-BINANCE-BNBUSDT-27FEB2026,37,Binance,BNB,BNBUSDT,2026-02-27,2026-01-26,24,0.028990770053341382,0.028862176967359487,,0.021903193750000004,1209.2842609150005
37-BINANCE-BNBUSDT-27FEB2026,37,Binance,BNB,BNBUSDT,2026-02-27,2026-01-27,24,0.02900576871183962,0.029067465806354945,,0.040352118750000006,1134.0580878216958
37-BINANCE-BNBUSDT-27FEB2026,37,Binance,BNB,BNBUSDT,2026-02-27,2026-01-28,24,0.02891356949136695,0.028871741925754642,,0.0383861375,1041.6210041579914
37-BINANCE-BNBUSDT-27FEB2026,37,Binance,BNB,BNBUSDT,2026-02-27,2026-01-29,24,0.028857836155102564,0.028879270157492337,,0.03270765,1116.906580751167
37-BINANCE-BNBUSDT-27FEB2026,37,Binance,BNB,BNBUSDT,2026-02-27,2026-01-30,24,0.028176766969746136,0.028021822087593722,,0.00104025,1156.9235304826486
37-BINANCE-BNBUSDT-27FEB2026,37,Binance,BNB,BNBUSDT,2026-02-27,2026-01-31,24,0.02620999553202762,0.025857258964703974,,0.0,1206.2245955567225
37-BINANCE-BNBUSDT-27FEB2026,37,Binance,BNB,BNBUSDT,2026-02-27,2026-02-01,24,0.025707597696552602,0.025622122775862483,,0.0,1149.0245624940296
37-BINANCE-BNBUSDT-27FEB2026,37,Binance,BNB,BNBUSDT,2026-02-27,2026-02-02,24,0.02375880256165981,0.023317553518866857,,0.0,1807.3671006161633
37-BINANCE-BNBUSDT-27FEB2026,37,Binance,BNB,BNBUSDT,2026-02-27,2026-02-03,24,0.023470640196865945,0.023167947143147904,,0.0,1905.198226473389
37-BINANCE-BNBUSDT-27FEB2026,37,Binance,BNB,BNBUSDT,2026-02-27,2026-02-04,24,0.022859194895808232,0.022967989306867248,,0.0,2004.7058634108892
37-BINANCE-BNBUSDT-27FEB2026,37,Binance,BNB,BNBUSDT,2026-02-27,2026-02-05,24,0.020105215602167586,0.019894823247636036,,0.0,2195.464520223389
37-BINANCE-BNBUSDT-27FEB2026,37,Binance,BNB,BNBUSDT,2026-02-27,2026-02-06,24,0.028315960778011216,0.02818160148801443,,0.0063145,1491.2304596651782
37-BINANCE-BNBUSDT-27FEB2026,37,Binance,BNB,BNBUSDT,2026-02-27,2026-02-07,24,0.026085873904522425,0.02618638036141534,,0.0,1357.9159853632962
37-BINANCE-BNBUSDT-27FEB2026,37,Binance,BNB,BNBUSDT,2026-02-27,2026-02-08,24,0.026083736069746694,0.026032433165547875,,0.0,1358.3377421132961
37-BINANCE-BNBUSDT-27FEB2026,37,Binance,BNB,BNBUSDT,2026-02-27,2026-02-09,24,0.025814490069012066,0.025493941164078614,,0.0,1373.700992113296
37-BINANCE-BNBUSDT-27FEB2026,37,Binance,BNB,BNBUSDT,2026-02-27,2026-02-10,24,0.023924926054516255,0.023901472426947675,,0.0,1332.4772132395367
37-BINANCE-BNBUSDT-27FEB2026,37,Binance,BNB,BNBUSDT,2026-02-27,2026-02-11,24,0.02312963082498391,0.02269055686836857,,0.0,1338.4783126249038
37-BINANCE-BNBUSDT-27FEB2026,37,Binance,BNB,BNBUSDT,2026-02-27,2026-02-12,24,0.023112580228730962,0.02265219110833562,,0.0,1338.8949792915703
37-BINANCE-BNBUSDT-27FEB2026,37,Binance,BNB,BNBUSDT,2026-02-27,2026-02-13,24,0.023133886015343736,0.02265219110833562,,0.0,1338.8949792915703
37-BINANCE-BNBUSDT-27FEB2026,37,Binance,BNB,BNBUSDT,2026-02-27,2026-02-14,24,0.01861995735459107,0.018174162345654308,,0.0,1383.3249586249037
37-BINANCE-BNBUSDT-27FEB2026,37,Binance,BNB,BNBUSDT,2026-02-27,2026-02-15,24,0.012989594524449708,0.012801766061364364,,0.0,1432.9117952915703
37-BINANCE-BNBUSDT-27FEB2026,37,Binance,BNB,BNBUSDT,2026-02-27,2026-02-16,24,0.0130592323203546,0.013202752841655998,,0.0,1425.02829004917
37-BINANCE-BNBUSDT-27FEB2026,37,Binance,BNB,BNBUSDT,2026-02-27,2026-02-17,24,0.012424240890595496,0.011987704118684146,,0.0,1444.2131022199892
37-BINANCE-BNBUSDT-27FEB2026,37,Binance,BNB,BNBUSDT,2026-02-27,2026-02-18,24,0.011071334997663223,0.010660940078911123,,0.0,1745.7347813526146
37-BINANCE-BNBUSDT-27FEB2026,37,Binance,BNB,BNBUSDT,2026-02-27,2026-02-19,24,0.006086604547001929,0.006069424103144983,,-0.02280018125,1992.2554793698066
37-BINANCE-BNBUSDT-27FEB2026,37,Binance,BNB,BNBUSDT,2026-02-27,2026-02-20,24,0.0013949618830180746,0.0017524276093459556,,-0.0032571687500000004,1768.8258813374116
37-BINANCE-BNBUSDT-27FEB2026,37,Binance,BNB,BNBUSDT,2026-02-27,2026-02-21,24,0.0024030226387823602,0.0035688741688128505,,0.0,1550.4027778117709
37-BINANCE-BNBUSDT-27FEB2026,37,Binance,BNB,BNBUSDT,2026-02-27,2026-02-22,24,0.0012655624447406246,0.0014096465960934867,,0.0,991.5539213803095
37-BINANCE-BNBUSDT-27FEB2026,37,Binance,BNB,BNBUSDT,2026-02-27,2026-02-23,24,0.00011048508158143559,-0.0010883226074094193,,0.0,898.8154962478633
37-BINANCE-BNBUSDT-27FEB2026,37,Binance,BNB,BNBUSDT,2026-02-27,2026-02-24,24,-0.0009130643141493871,-0.0016684848086444117,,0.0,917.5392095050901
37-BINANCE-BNBUSDT-27FEB2026,37,Binance,BNB,BNBUSDT,2026-02-27,2026-02-25,24,-0.0011236548863105716,-0.0010422666889331079,,0.0,959.3741113646133
37-BINANCE-BNBUSDT-27FEB2026,37,Binance,BNB,BNBUSDT,2026-02-27,2026-02-26,24,-0.000793412969070662,-0.002681161216014884,,0.0,963.8468305245857
38-HYPERLIQUID-BNB-27FEB2026,38,Hyperliquid,BNB,BNB,2026-02-27,2026-01-06,17,0.06204733676364832,0.06204733676364832,,0.10305882352941176,0.0
38-HYPERLIQUID-BNB-27FEB2026,38,Hyperliquid,BNB,BNB,2026-02-27,2026-01-07,24,0.061976006957789216,0.06204733676364832,0.062,0.1095,115.42497118333331
38-HYPERLIQUID-BNB-27FEB2026,38,Hyperliquid,BNB,BNB,2026-02-27,2026-01-08,24,0.0628799331682131,0.06293306455353591,0.06288671867584822,0.024561141999999998,273.956990852146
38-HYPERLIQUID-BNB-27FEB2026,38,Hyperliquid,BNB,BNB,2026-02-27,2026-01-09,24,0.06435534494362637,0.06435534494362637,0.06435534494362637,0.108578375,488.2316741514315
38-HYPERLIQUID-BNB-27FEB2026,38,Hyperliquid,BNB,BNB,2026-02-27,2026-01-10,24,0.06449058945436136,0.06449279570200706,0.06449058945436136,0.1095,634.8361312192353
38-HYPERLIQUID-BNB-27FEB2026,38,Hyperliquid,BNB,BNB,2026-02-27,2026-01-11,24,0.06448932874142095,0.06449279570200706,0.06448932874142095,0.1095,762.7056523025686
38-HYPERLIQUID-BNB-27FEB2026,38,Hyperliquid,BNB,BNB,2026-02-27,2026-01-12,24,0.06449279570200706,0.06449279570200706,0.06449279570200706,0.1095,832.2848298985488
38-HYPERLIQUID-BNB-27FEB2026,38,Hyperliquid,BNB,BNB,2026-02-27,2026-01-13,24,0.06567104098034506,0.06567104098034506,0.06567104098034506,0.094760424,844.2420292652479
38-HYPERLIQUID-BNB-27FEB2026,38,Hyperliquid,BNB,BNB,2026-02-27,2026-01-14,24,0.07027433433153947,0.07027433433153947,0.07027433433153947,0.1095,844.4294919310624
38-HYPERLIQUID-BNB-27FEB2026,38,Hyperliquid,BNB,BNB,2026-02-27,2026-01-15,24,0.07101035833798812,0.07101007905685162,0.07101035833798812,0.0973815985,914.5414083923437
38-HYPERLIQUID-BNB-27FEB2026,38,Hyperliquid,BNB,BNB,2026-02-27,2026-01-16,24,0.07231875855162924,0.07231875855162924,0.07231875855162924,0.08343925549999999,887.9208374173394
38-HYPERLIQUID-BNB-27FEB2026,38,Hyperliquid,BNB,BNB,2026-02-27,2026-01-17,24,0.07220718248657536,0.07219377180010982,0.07220718248657536,0.10221153399999999,702.9017561743208
38-HYPERLIQUID-BNB-27FEB2026,38,Hyperliquid,BNB,BNB,2026-02-27,2026-01-18,24,0.0727075411487993,0.07269914295983886,0.0727075411487993,0.092384274,609.1318188623258
38-HYPERLIQUID-BNB-27FEB2026,38,Hyperliquid,BNB,BNB,2026-02-27,2026-01-19,24,0.07243571972891563,0.07220378169385401,0.07242231976644099,0.063344874,762.7126347090044
38-HYPERLIQUID-BNB-27FEB2026,38,Hyperliquid,BNB,BNB,2026-02-27,2026-01-20,24,0.07308295323484303,0.07310978802147841,0.07308295323484303,0.1014871915,821.5771369891272
38-HYPERLIQUID-BNB-27FEB2026,38,Hyperliquid,BNB,BNB,2026-02-27,2026-01-21,24,0.06945269048850476,0.06947192814540011,0.06945269048850476,-0.09733882049999999,786.7972970190008
38-HYPERLIQUID-BNB-27FEB2026,38,Hyperliquid,BNB,BNB,2026-02-27,2026-01-22,24,0.06939030922670963,0.06927621977260628,0.06939030922670963,-0.007018293000000001,795.1387261641812
38-HYPERLIQUID-BNB-27FEB2026,38,Hyperliquid,BNB,BNB,2026-02-27,2026-01-23,24,0.06923081973956217,0.0691433594607708,0.06919524160417843,0.043085767999999997,985.9063810179076
38-HYPERLIQUID-BNB-27FEB2026,38,Hyperliquid,BNB,BNB,2026-02-27,2026-01-24,24,0.06887089032597445,0.06888863615499986,0.06871418326366671,0.042617546,1273.8768145405766
38-HYPERLIQUID-BNB-27FEB2026,38,Hyperliquid,BNB,BNB,2026-02-27,2026-01-25,24,0.06324894924728382,0.0632320344627084,0.06317069163563412,-0.0389345135,1368.2790777086975
38-HYPERLIQUID-BNB-27FEB2026,38,Hyperliquid,BNB,BNB,2026-02-27,2026-01-26,24,0.06488350164200958,0.06487273781614271,0.06488350164200958,0.009722614499999999,1359.448404819738
38-HYPERLIQUID-BNB-27FEB2026,38,Hyperliquid,BNB,BNB,2026-02-27,2026-01-27,24,0.07023980918378588,0.07022892367970533,0.07023980918378588,0.10296580649999999,1380.4273717693795
38-HYPERLIQUID-BNB-27FEB2026,38,Hyperliquid,BNB,BNB,2026-02-27,2026-01-28,24,0.07143436098408469,0.07143436098408469,0.07143436098408469,0.107614994,1409.9848426790707
38-HYPERLIQUID-BNB-27FEB2026,38,Hyperliquid,BNB,BNB,2026-02-27,2026-01-29,24,0.0678334471244337,0.06773641378607304,0.06774161767736889,0.008923592999999999,1323.284084976617
38-HYPERLIQUID-BNB-27FEB2026,38,Hyperliquid,BNB,BNB,2026-02-27,2026-01-30,24,0.06132775901531362,0.06133933358406473,0.06132775901531363,-0.0981009405,1359.2179773456555
38-HYPERLIQUID-BNB-27FEB2026,38,Hyperliquid,BNB,BNB,2026-02-27,2026-01-31,24,0.0581966283938952,0.058041412585544315,0.05814380571369716,-0.1195082635,1618.6981074250787
38-HYPERLIQUID-BNB-27FEB2026,38,Hyperliquid,BNB,BNB,2026-02-27,2026-02-01,24,0.04421670984249813,0.044414132598851,0.04857142658762089,-0.0999960205,2429.6623447956017
38-HYPERLIQUID-BNB-27FEB2026,38,Hyperliquid,BNB,BNB,2026-02-27,2026-02-02,24,0.02767909720233602,0.02775065149295522,0.040879177973454674,-0.08492747,3860.5251254211507
38-HYPERLIQUID-BNB-27FEB2026,38,Hyperliquid,BNB,BNB,2026-02-27,2026-02-03,24,0.022572203367006896,0.02314671746734943,,0.011175789,4814.136994123409
38-HYPERLIQUID-BNB-27FEB2026,38,Hyperliquid,BNB,BNB,2026-02-27,2026-02-04,24,0.0277455226098127,0.028103617970093808,,0.048691511,5526.3810420691125
38-HYPERLIQUID-BNB-27FEB2026,38,Hyperliquid,BNB,BNB,2026-02-27,2026-02-05,24,0.04144661617590089,0.04124178719016686,0.04773492097379956,0.056446301,4345.931185274859
38-HYPERLIQUID-BNB-27FEB2026,38,Hyperliquid,BNB,BNB,2026-02-27,2026-02-06,24,0.05068220568110494,0.0508761337918352,0.051842935061599094,0.0417384435,3718.8134439086602
38-HYPERLIQUID-BNB-27FEB2026,38,Hyperliquid,BNB,BNB,2026-02-27,2026-02-07,24,0.042104511219266644,0.04195443410698261,0.04240899591663006,-0.0268103085,3574.1997956686555
38-HYPERLIQUID-BNB-27FEB2026,38,Hyperliquid,BNB,BNB,2026-02-27,2026-02-08,24,0.04153247293514216,0.041349759983306936,0.04304594294428289,-0.09514487849999999,3590.238439036923
38-HYPERLIQUID-BNB-27FEB2026,38,Hyperliquid,BNB,BNB,2026-02-27,2026-02-09,24,0.03905699990742627,0.03912782860493124,0.04181453625466551,-0.04455887150000001,3654.13519825573
38-HYPERLIQUID-BNB-27FEB2026,38,Hyperliquid,BNB,BNB,2026-02-27,2026-02-10,24,0.038353535988623545,0.03828537228550261,0.04143449516081357,-0.1236755415,3409.9154924849904
38-HYPERLIQUID-BNB-27FEB2026,38,Hyperliquid,BNB,BNB,2026-02-27,2026-02-11,24,0.034178554887176256,0.034260239927895904,,-0.09804629999999999,3380.4526455844975
38-HYPERLIQUID-BNB-27FEB2026,38,Hyperliquid,BNB,BNB,2026-02-27,2026-02-12,24,0.04817245300029471,0.048086167213945846,0.04857353660273832,0.0508679695,2953.734960934637
38-HYPERLIQUID-BNB-27FEB2026,38,Hyperliquid,BNB,BNB,2026-02-27,2026-02-13,24,0.04940480288237387,0.049462101506002755,0.04940480288237387,-0.0031040330000000004,2821.3603056428055
38-HYPERLIQUID-BNB-27FEB2026,38,Hyperliquid,BNB,BNB,2026-02-27,2026-02-14,24,0.068164845873446,0.06814115279903601,0.068164845873446,0.086117808,2438.644837054728
38-HYPERLIQUID-BNB-27FEB2026,38,Hyperliquid,BNB,BNB,2026-02-27,2026-02-15,24,0.06648903315675446,0.066546635057021,0.06647585774523203,-0.006471523,2424.1911278165026
38-HYPERLIQUID-BNB-27FEB2026,38,Hyperliquid,BNB,BNB,2026-02-27,2026-02-16,24,0.05229696643511662,0.052329739660456696,0.05223982948217507,-0.134805012,2798.836665800558
38-HYPERLIQUID-BNB-27FEB2026,38,Hyperliquid,BNB,BNB,2026-02-27,2026-02-17,24,0.06975197084477439,0.0697742729601254,0.06964019947691842,0.084536555,2467.0426025624115
38-HYPERLIQUID-BNB-27FEB2026,38,Hyperliquid,BNB,BNB,2026-02-27,2026-02-18,24,0.0584748377373586,0.058501173906315485,0.0584748377373586,-0.016163149,2524.4724575064606
38-HYPERLIQUID-BNB-27FEB2026,38,Hyperliquid,BNB,BNB,2026-02-27,2026-02-19,24,0.0437182624064083,0.04350514372762588,0.04664872308261234,-0.1345921805,3108.0466431668815
38-HYPERLIQUID-BNB-27FEB2026,38,Hyperliquid,BNB,BNB,2026-02-27,2026-02-20,24,0.049369960118032,0.049235668828262115,0.049330862367916596,0.08543350599999999,3837.8995785736147
38-HYPERLIQUID-BNB-27FEB2026,38,Hyperliquid,BNB,BNB,2026-02-27,2026-02-21,24,0.05316372462852595,0.05316372462852595,0.05316372462852595,0.1095,4372.4205143232275
38-HYPERLIQUID-BNB-27FEB2026,38,Hyperliquid,BNB,BNB,2026-02-27,2026-02-22,24,0.05281144503602272,0.05281429053481507,0.05281144503602272,0.08690748549999999,4856.672460539305
38-HYPERLIQUID-BNB-27FEB2026,38,Hyperliquid,BNB,BNB,2026-02-27,2026-02-23,24,0.010027611816142892,0.009269387469011466,0.040000000004,-0.0668884035,5100.411150158953
38-HYPERLIQUID-BNB-27FEB2026,38,Hyperliquid,BNB,BNB,2026-02-27,2026-02-24,24,-0.01028618965195869,-0.010435583634807831,,-0.1306943455,5025.839075603423
38-HYPERLIQUID-BNB-27FEB2026,38,Hyperliquid,BNB,BNB,2026-02-27,2026-02-25,24,0.03532341327437955,0.03474068920039856,0.05371273128068178,0.058010837,4574.78191192153
38-HYPERLIQUID-BNB-27FEB2026,38,Hyperliquid,BNB,BNB,2026-02-27,2026-02-26,24,0.07529450132120323,0.07530363526968371,0.07529450132120323,0.1095,4084.3985081562355
39-HYPERLIQUID-xyzNVDA-27FEB2026,39,Hyperliquid,NVDA,xyzNVDA,2026-02-27,2026-01-13,19,0.07200407360088486,0.07207739841681246,0.072,0.15392560231578947,39183.40255006421
39-HYPERLIQUID-xyzNVDA-27FEB2026,39,Hyperliquid,NVDA,xyzNVDA,2026-02-27,2026-01-14,24,0.07197268215726399,0.07198359867948992,0.07197755343583014,0.077325688,41370.75824729
39-HYPERLIQUID-xyzNVDA-27FEB2026,39,Hyperliquid,NVDA,xyzNVDA,2026-02-27,2026-01-15,24,0.07235052957470765,0.07218897561827249,0.07235070241082393,0.056683076500000006,96378.06445530879
39-HYPERLIQUID-xyzNVDA-27FEB2026,39,Hyperliquid,NVDA,xyzNVDA,2026-02-27,2026-01-16,24,0.07868416804459723,0.07879900976622649,0.07870916316803468,0.1592858175,279940.1171588273
39-HYPERLIQUID-xyzNVDA-27FEB2026,39,Hyperliquid,NVDA,xyzNVDA,2026-02-27,2026-01-17,24,0.07753381503925694,0.07769672967470355,0.07753381503925694,0.044499595499999996,320600.4539178618
39-HYPERLIQUID-xyzNVDA-27FEB2026,39,Hyperliquid,NVDA,xyzNVDA,2026-02-27,2026-01-18,24,0.06603464181072906,0.0661349676016505,0.06604938157333844,-0.1004926395,380139.6672284719
39-HYPERLIQUID-xyzNVDA-27FEB2026,39,Hyperliquid,NVDA,xyzNVDA,2026-02-27,2026-01-19,24,0.06620182839834109,0.06628167067416159,0.06623697664587665,-0.2187683345,379023.01796334866
39-HYPERLIQUID-xyzNVDA-27FEB2026,39,Hyperliquid,NVDA,xyzNVDA,2026-02-27,2026-01-20,24,0.0691276049184459,0.06916871526439548,0.06919889297902575,-0.00966228,298961.5053916312
39-HYPERLIQUID-xyzNVDA-27FEB2026,39,Hyperliquid,NVDA,xyzNVDA,2026-02-27,2026-01-21,24,0.06988197917411032,0.06988197917411032,0.06988197917411032,0.05475,278602.0581643722
39-HYPERLIQUID-xyzNVDA-27FEB2026,39,Hyperliquid,NVDA,xyzNVDA,2026-02-27,2026-01-22,24,0.06789140773520506,0.0678881191063831,0.06789140773520506,0.0582917775,303384.1010427953
39-HYPERLIQUID-xyzNVDA-27FEB2026,39,Hyperliquid,NVDA,xyzNVDA,2026-02-27,2026-01-23,24,0.07037725788764441,0.07053975308011233,0.07037725788764441,0.059226506000000005,329203.66805559717
39-HYPERLIQUID-xyzNVDA-27FEB2026,39,Hyperliquid,NVDA,xyzNVDA,2026-02-27,2026-01-24,24,0.06370566983714247,0.0637516899963268,0.06372686838416568,0.042835816,536669.9268914015
39-HYPERLIQUID-xyzNVDA-27FEB2026,39,Hyperliquid,NVDA,xyzNVDA,2026-02-27,2026-01-25,24,0.05344334795564843,0.054047732963734656,0.05567527358947768,-0.17549627049999997,617861.4594918186
39-HYPERLIQUID-xyzNVDA-27FEB2026,39,Hyperliquid,NVDA,xyzNVDA,2026-02-27,2026-01-26,24,0.0588583000655998,0.0588659855799139,0.05890691204069653,0.100857384,676614.8615832668
39-HYPERLIQUID-xyzNVDA-27FEB2026,39,Hyperliquid,NVDA,xyzNVDA,2026-02-27,2026-01-27,24,0.061050490820763546,0.06096642497589328,0.061041666716428085,0.1334763025,612975.2422094673
39-HYPERLIQUID-xyzNVDA-27FEB2026,39,Hyperliquid,NVDA,xyzNVDA,2026-02-27,2026-01-28,24,0.06709397939556268,0.0670319614387052,0.06708069466942139,0.287598465,548151.8443878763
39-HYPERLIQUID-xyzNVDA-27FEB2026,39,Hyperliquid,NVDA,xyzNVDA,2026-02-27,2026-01-29,24,0.06758894603453668,0.06759905632063355,0.06755133718954308,0.14658498550000001,552558.9137125517
39-HYPERLIQUID-xyzNVDA-27FEB2026,39,Hyperliquid,NVDA,xyzNVDA,2026-02-27,2026-01-30,24,0.06443055987952119,0.06430717598806265,0.064307353323063,0.0690844625,554334.622563507
39-HYPERLIQUID-xyzNVDA-27FEB2026,39,Hyperliquid,NVDA,xyzNVDA,2026-02-27,2026-01-31,24,0.05805472451622241,0.058126881009132304,0.05807518612737928,-0.142249406,645623.0123239345
39-HYPERLIQUID-xyzNVDA-27FEB2026,39,Hyperliquid,NVDA,xyzNVDA,2026-02-27,2026-02-01,24,0.06363321947552629,0.06357334638576255,0.06350834048410058,-0.012786826,613780.8471971774
39-HYPERLIQUID-xyzNVDA-27FEB2026,39,Hyperliquid,NVDA,xyzNVDA,2026-02-27,2026-02-02,24,0.07390564681498453,0.0739616935585092,0.07390564681498453,0.263239314,556005.2738912107
39-HYPERLIQUID-xyzNVDA-27FEB2026,39,Hyperliquid,NVDA,xyzNVDA,2026-02-27,2026-02-03,24,0.07374504220602587,0.0737535783764205,0.07371376940940265,0.1457050435,522885.48464780377
39-HYPERLIQUID-xyzNVDA-27FEB2026,39,Hyperliquid,NVDA,xyzNVDA,2026-02-27,2026-02-04,24,0.07392394390665692,0.07379870729902473,0.07381660968375282,0.2265845905,513847.29003327177
39-HYPERLIQUID-xyzNVDA-27FEB2026,39,Hyperliquid,NVDA,xyzNVDA,2026-02-27,2026-02-05,24,0.07572313533860507,0.07572823251436565,0.07579953984519851,0.16179957250000002,558974.3987275414
39-HYPERLIQUID-xyzNVDA-27FEB2026,39,Hyperliquid,NVDA,xyzNVDA,2026-02-27,2026-02-06,24,0.07470257888070807,0.0746359050235643,0.07465979370972718,0.2030061015,513475.01546918484
39-HYPERLIQUID-xyzNVDA-27FEB2026,39,Hyperliquid,NVDA,xyzNVDA,2026-02-27,2026-02-07,24,0.0699517397942077,0.07002768146115444,0.06998515824939971,0.104632944,577955.4273084109
39-HYPERLIQUID-xyzNVDA-27FEB2026,39,Hyperliquid,NVDA,xyzNVDA,2026-02-27,2026-02-08,24,0.0702977299808111,0.07042542202906585,0.07045140227423154,0.1195225715,550221.4163268892
39-HYPERLIQUID-xyzNVDA-27FEB2026,39,Hyperliquid,NVDA,xyzNVDA,2026-02-27,2026-02-09,24,0.08358915848125409,0.08352994247000785,0.08356064903804727,0.4768801285,656799.6665385346
39-HYPERLIQUID-xyzNVDA-27FEB2026,39,Hyperliquid,NVDA,xyzNVDA,2026-02-27,2026-02-10,24,0.10723971740472178,0.10517882577089893,0.10737612340909729,0.53860276,912654.7237033192
39-HYPERLIQUID-xyzNVDA-27FEB2026,39,Hyperliquid,NVDA,xyzNVDA,2026-02-27,2026-02-11,24,0.12898206337435475,0.1287874124178843,0.12905098803157555,0.366339623,1037241.0094206104
39-HYPERLIQUID-xyzNVDA-27FEB2026,39,Hyperliquid,NVDA,xyzNVDA,2026-02-27,2026-02-12,24,0.14241181366498903,0.14228379032653024,0.14239994313386142,0.3074793945,1009630.1576106255
39-HYPERLIQUID-xyzNVDA-27FEB2026,39,Hyperliquid,NVDA,xyzNVDA,2026-02-27,2026-02-13,24,0.15332184266010232,0.1533694670853277,0.15330773147978458,0.2829297865,982077.1249679159
39-HYPERLIQUID-xyzNVDA-27FEB2026,39,Hyperliquid,NVDA,xyzNVDA,2026-02-27,2026-02-14,24,0.14764618133680046,0.14783085468028132,0.14748456129930132,0.12929895049999998,953626.4711656664
39-HYPERLIQUID-xyzNVDA-27FEB2026,39,Hyperliquid,NVDA,xyzNVDA,2026-02-27,2026-02-15,24,0.108048903621862,0.10858185300113797,0.10808645634325299,-0.057355151,887878.8323374832
39-HYPERLIQUID-xyzNVDA-27FEB2026,39,Hyperliquid,NVDA,xyzNVDA,2026-02-27,2026-02-16,24,0.0844383918304556,0.08418161936311985,0.08448471642053491,-0.051887013,886698.7383068242
39-HYPERLIQUID-xyzNVDA-27FEB2026,39,Hyperliquid,NVDA,xyzNVDA,2026-02-27,2026-02-17,24,0.11366964788419776,0.11361451233567436,0.11366032720278968,0.13592012350000002,879910.2800439956
39-HYPERLIQUID-xyzNVDA-27FEB2026,39,Hyperliquid,NVDA,xyzNVDA,2026-02-27,2026-02-18,24,0.12118591593441212,0.12113134212566469,0.12131738888495469,0.22941421650000002,898390.2195716454
39-HYPERLIQUID-xyzNVDA-27FEB2026,39,Hyperliquid,NVDA,xyzNVDA,2026-02-27,2026-02-19,24,0.14428185277451963,0.1441915082447818,0.14429995671275472,0.289636041,940706.8321666241
39-HYPERLIQUID-xyzNVDA-27FEB2026,39,Hyperliquid,NVDA,xyzNVDA,2026-02-27,2026-02-20,24,0.1794556891445185,0.1793922582526659,0.1792695604404905,0.377834422,893267.3418817734
39-HYPERLIQUID-xyzNVDA-27FEB2026,39,Hyperliquid,NVDA,xyzNVDA,2026-02-27,2026-02-21,24,0.1391839623677272,0.13922877022419403,0.13918046763272968,0.08919775099999999,852841.1640957872
39-HYPERLIQUID-xyzNVDA-27FEB2026,39,Hyperliquid,NVDA,xyzNVDA,2026-02-27,2026-02-22,24,0.12038833663707034,0.12036577946327166,0.12043943423562518,0.0341311135,789841.2816959688
39-HYPERLIQUID-xyzNVDA-27FEB2026,39,Hyperliquid,NVDA,xyzNVDA,2026-02-27,2026-02-23,24,0.12384804097241349,0.12368153802195425,0.12377939031340317,0.0737496735,870073.8145759203
39-HYPERLIQUID-xyzNVDA-27FEB2026,39,Hyperliquid,NVDA,xyzNVDA,2026-02-27,2026-02-24,24,0.21288152764228319,0.2127051746250295,0.21286108772068082,0.4953838765,1145885.1023090044
39-HYPERLIQUID-xyzNVDA-27FEB2026,39,Hyperliquid,NVDA,xyzNVDA,2026-02-27,2026-02-25,24,0.2534016808331566,0.2528298792346711,0.2531788834987968,0.3826835565,1136688.9839382232
39-HYPERLIQUID-xyzNVDA-27FEB2026,39,Hyperliquid,NVDA,xyzNVDA,2026-02-27,2026-02-26,24,0.1635792204425708,0.1654799664181696,0.16347561793637788,0.20573276100000001,965895.3469113121
4-BINANCE-BTCUSDT-26DEC2025,4,Binance,BTC,BTCUSDT,2025-12-26,2025-08-21,14,0.06258040370158063,0.060031412955532215,0.0636,0.04059165,0.6857142857142857
4-BINANCE-BTCUSDT-26DEC2025,4,Binance,BTC,BTCUSDT,2025-12-26,2025-08-22,24,0.0636,0.060031412955532215,0.0636,0.08525076875,0.96
4-BINANCE-BTCUSDT-26DEC2025,4,Binance,BTC,BTCUSDT,2025-12-26,2025-08-23,24,0.0636,0.060031412955532215,0.0636,0.106691325,0.96
4-BINANCE-BTCUSDT-26DEC2025,4,Binance,BTC,BTCUSDT,2025-12-26,2025-08-24,24,0.0636,0.060031412955532215,0.0636,0.10936814375,0.96
4-BINANCE-BTCUSDT-26DEC2025,4,Binance,BTC,BTCUSDT,2025-12-26,2025-08-25,24,0.0636,0.060031412955532215,0.0636,0.10421114999999999,0.96
4-BINANCE-BTCUSDT-26DEC2025,4,Binance,BTC,BTCUSDT,2025-12-26,2025-08-26,24,0.06849764490336918,0.06714169607262079,0.06849764490336918,0.06648475,0.9827499999999999
4-BINANCE-BTCUSDT-26DEC2025,4,Binance,BTC,BTCUSDT,2025-12-26,2025-08-27,24,0.07372349300948029,0.07372349300948029,0.07372349300948029,0.042391099999999994,1.099
4-BINANCE-BTCUSDT-26DEC2025,4,Binance,BTC,BTCUSDT,2025-12-26,2025-08-28,24,0.07718278860439971,0.07719626516369026,0.07714031251255159,0.0803,1.5533607971319567
4-BINANCE-BTCUSDT-26DEC2025,4,Binance,BTC,BTCUSDT,2025-12-26,2025-08-29,24,0.07575125027405503,0.07594205722621983,0.07582748100491311,0.042411175,5.2132507510814206
4-BINANCE-BTCUSDT-26DEC2025,4,Binance,BTC,BTCUSDT,2025-12-26,2025-08-30,24,0.07520434153780346,0.07521352632072027,0.07520434153780346,0.0825602625,7.506443691083771
4-BINANCE-BTCUSDT-26DEC2025,4,Binance,BTC,BTCUSDT,2025-12-26,2025-08-31,24,0.07370010325660445,0.07370010325660445,0.07370010325660445,0.04844371250000001,10.242358440894602
4-BINANCE-BTCUSDT-26DEC2025,4,Binance,BTC,BTCUSDT,2025-12-26,2025-09-01,24,0.07350328395884724,0.07350318018729589,0.07350328395884724,0.07392208125000001,9.814671278866165
4-BINANCE-BTCUSDT-26DEC2025,4,Binance,BTC,BTCUSDT,2025-12-26,2025-09-02,24,0.07247903549443231,0.07248736306405368,0.07247903549443231,0.08005499375,14.252554259191607
4-BINANCE-BTCUSDT-26DEC2025,4,Binance,BTC,BTCUSDT,2025-12-26,2025-09-03,24,0.06920740984175824,0.0691588628438609,0.06858976105283798,0.031899175,16.419152166139785
4-BINANCE-BTCUSDT-26DEC2025,4,Binance,BTC,BTCUSDT,2025-12-26,2025-09-04,24,0.0647190557712652,0.06474124213436472,0.06461258783636682,0.049035468750000005,18.94014064379638
4-BINANCE-BTCUSDT-26DEC2025,4,Binance,BTC,BTCUSDT,2025-12-26,2025-09-05,24,0.06623953466189061,0.06624311672625555,0.06623953466189061,0.09275608125,20.82628129670147
4-BINANCE-BTCUSDT-26DEC2025,4,Binance,BTC,BTCUSDT,2025-12-26,2025-09-06,24,0.0681854404622095,0.068318671136444,0.06829532236066023,0.045304712500000004,19.411779033515405
4-BINANCE-BTCUSDT-26DEC2025,4,Binance,BTC,BTCUSDT,2025-12-26,2025-09-07,24,0.06797573865610895,0.06797573865610895,0.06797573865610895,0.044959331250000005,19.08780182767683
4-BINANCE-BTCUSDT-26DEC2025,4,Binance,BTC,BTCUSDT,2025-12-26,2025-09-08,24,0.0680113363641374,0.0680113363641374,0.0680113363641374,0.08524301249999999,19.327956608139505
4-BINANCE-BTCUSDT-26DEC2025,4,Binance,BTC,BTCUSDT,2025-12-26,2025-09-09,24,0.06953038654181197,0.0694587802299587,0.06953038654181197,0.08563949375,21.927278036294343
4-BINANCE-BTCUSDT-26DEC2025,4,Binance,BTC,BTCUSDT,2025-12-26,2025-09-10,24,0.07030107580020012,0.07028535071901652,0.07028769993531653,0.07603315000000001,21.58319700133909
4-BINANCE-BTCUSDT-26DEC2025,4,Binance,BTC,BTCUSDT,2025-12-26,2025-09-11,24,0.0708144481850787,0.0708140255509392,0.0708144481850787,0.0521448125,20.025820587996026
4-BINANCE-BTCUSDT-26DEC2025,4,Binance,BTC,BTCUSDT,2025-12-26,2025-09-12,24,0.07101927423833007,0.07101496079409322,0.07101927423833007,0.05967886875,19.516873050359766
4-BINANCE-BTCUSDT-26DEC2025,4,Binance,BTC,BTCUSDT,2025-12-26,2025-09-13,24,0.0709166532412268,0.0709202081191392,0.0709166532412268,0.015706862499999998,19.003820652381226
4-BINANCE-BTCUSDT-26DEC2025,4,Binance,BTC,BTCUSDT,2025-12-26,2025-09-14,24,0.0713362954703497,0.0713362954703497,0.0713362954703497,0.058691087499999996,22.3942580387632
4-BINANCE-BTCUSDT-26DEC2025,4,Binance,BTC,BTCUSDT,2025-12-26,2025-09-15,24,0.07185408223379135,0.07185408223379135,0.07185408223379135,0.0803757375,24.759234060163447
4-BINANCE-BTCUSDT-26DEC2025,4,Binance,BTC,BTCUSDT,2025-12-26,2025-09-16,24,0.07177816027854234,0.07177816027854234,0.07177816027854234,0.05356238124999999,22.92900823570926
4-BINANCE-BTCUSDT-26DEC2025,4,Binance,BTC,BTCUSDT,2025-12-26,2025-09-17,24,0.07185854397544506,0.07185854397544506,0.07185854397544506,0.07934050625,23.63555266819721
4-BINANCE-BTCUSDT-26DEC2025,4,Binance,BTC,BTCUSDT,2025-12-26,2025-09-18,24,0.07184514847897698,0.07184721983497858,0.07184514847897698,0.06693689375,25.384208552501562
4-BINANCE-BTCUSDT-26DEC2025,4,Binance,BTC,BTCUSDT,2025-12-26,2025-09-19,24,0.07149242390901417,0.0714982277238609,0.07149242390901417,0.025586499999999998,25.107487365142248
4-BINANCE-BTCUSDT-26DEC2025,4,Binance,BTC,BTCUSDT,2025-12-26,2025-09-20,24,0.07035927508685531,0.07025222091047424,0.07035927508685531,0.012803287500000001,26.895378033688687
4-BINANCE-BTCUSDT-26DEC2025,4,Binance,BTC,BTCUSDT,2025-12-26,2025-09-21,24,0.06844753468209093,0.06834961650901857,0.06837739650305624,0.0014216750000000007,28.91308150481591
4-BINANCE-BTCUSDT-26DEC2025,4,Binance,BTC,BTCUSDT,2025-12-26,2025-09-22,24,0.06798468124517078,0.06797220775453715,0.06797133299418015,0.04784785,29.082984619295843
4-BINANCE-BTCUSDT-26DEC2025,4,Binance,BTC,BTCUSDT,2025-12-26,2025-09-23,24,0.06787784762865857,0.06787784762865857,0.06787784762865857,0.07771945000000001,27.946523885289604
4-BINANCE-BTCUSDT-26DEC2025,4,Binance,BTC,BTCUSDT,2025-12-26,2025-09-24,24,0.0680825388999139,0.0680825388999139,0.0680825388999139,0.06303915,26.255349400626965
4-BINANCE-BTCUSDT-26DEC2025,4,Binance,BTC,BTCUSDT,2025-12-26,2025-09-25,24,0.06805583794899772,0.06805583794899772,0.06805583794899772,0.0382729875,26.535298764687408
4-BINANCE-BTCUSDT-26DEC2025,4,Binance,BTC,BTCUSDT,2025-12-26,2025-09-26,24,0.06802468683959549,0.06802468683959549,0.06802468683959549,0.056390675,26.890022185755825
4-BINANCE-BTCUSDT-26DEC2025,4,Binance,BTC,BTCUSDT,2025-12-26,2025-09-27,24,0.06805138779051169,0.06805138779051169,0.06805138779051169,0.04096349375,27.573160436284102
4-BINANCE-BTCUSDT-26DEC2025,4,Binance,BTC,BTCUSDT,2025-12-26,2025-09-28,24,0.06811814016780215,0.06811814016780215,0.06811814016780215,0.050629150000000005,27.51171011702824
4-BINANCE-BTCUSDT-26DEC2025,4,Binance,BTC,BTCUSDT,2025-12-26,2025-09-29,24,0.06811369000931612,0.06811369000931612,0.06811369000931612,0.015700931249999998,27.957286984602018
4-BINANCE-BTCUSDT-26DEC2025,4,Binance,BTC,BTCUSDT,2025-12-26,2025-09-30,24,0.06808698905839994,0.06808698905839994,0.06808698905839994,0.03836515,28.14074532649759
4-BINANCE-BTCUSDT-26DEC2025,4,Binance,BTC,BTCUSDT,2025-12-26,2025-10-01,24,0.06605136276300116,0.06609131331709951,0.06601140334542319,0.057980250000000004,32.76936595529646
4-BINANCE-BTCUSDT-26DEC2025,4,Binance,BTC,BTCUSDT,2025-12-26,2025-10-02,24,0.06759339587443622,0.06759339587443622,0.06759339587443622,0.09995205624999999,32.66770356245658
4-BINANCE-BTCUSDT-26DEC2025,4,Binance,BTC,BTCUSDT,2025-12-26,2025-10-03,24,0.069821492824771,0.06982099253636252,0.069821492824771,0.10902139374999999,37.350918087021476
4-BINANCE-BTCUSDT-26DEC2025,4,Binance,BTC,BTCUSDT,2025-12-26,2025-10-04,24,0.07188982294607861,0.07188989748130438,0.07188982294607861,0.10410894999999999,42.46003310645603
4-BINANCE-BTCUSDT-26DEC2025,4,Binance,BTC,BTCUSDT,2025-12-26,2025-10-05,24,0.072444264986206,0.07245269296556785,0.07245766996433729,0.10240896249999999,45.634662597765576
4-BINANCE-BTCUSDT-26DEC2025,4,Binance,BTC,BTCUSDT,2025-12-26,2025-10-06,24,0.07244503793891108,0.07244821514123387,0.07244503793891108,0.08642424375,45.89791410411129
4-BINANCE-BTCUSDT-26DEC2025,4,Binance,BTC,BTCUSDT,2025-12-26,2025-10-07,24,0.07234546383453523,0.07234973816081149,0.07234546383453523,0.09036168124999999,46.77595816754636
4-BINANCE-BTCUSDT-26DEC2025,4,Binance,BTC,BTCUSDT,2025-12-26,2025-10-08,24,0.07186619254023532,0.07185854531520684,0.07186619254023532,0.06583778750000001,46.87839222237556
4-BINANCE-BTCUSDT-26DEC2025,4,Binance,BTC,BTCUSDT,2025-12-26,2025-10-09,24,0.07141517232415838,0.07142466596209728,0.0713750425826461,0.03154193125,47.25052942830224
4-BINANCE-BTCUSDT-26DEC2025,4,Binance,BTC,BTCUSDT,2025-12-26,2025-10-10,24,0.0681497194190014,0.06814971982557012,0.0681497194190014,0.0209227125,48.913257509232636
4-BINANCE-BTCUSDT-26DEC2025,4,Binance,BTC,BTCUSDT,2025-12-26,2025-10-11,24,0.06490322721171553,0.06494697876421289,0.06490322721171553,0.0749536625,43.59261667799553
4-BINANCE-BTCUSDT-26DEC2025,4,Binance,BTC,BTCUSDT,2025-12-26,2025-10-12,24,0.057317409284825566,0.05734865231004337,0.057317409284825566,-0.0353402125,37.526517065650616
4-BINANCE-BTCUSDT-26DEC2025,4,Binance,BTC,BTCUSDT,2025-12-26,2025-10-13,24,0.05640775191066836,0.05647079979944938,0.05640908263882835,-0.0175355125,42.25959179464093
4-BINANCE-BTCUSDT-26DEC2025,4,Binance,BTC,BTCUSDT,2025-12-26,2025-10-14,24,0.05705046334062707,0.05705046328740685,0.05705046334062707,-0.027567993750000002,43.87295716738648
4-BINANCE-BTCUSDT-26DEC2025,4,Binance,BTC,BTCUSDT,2025-12-26,2025-10-15,24,0.05905172410289242,0.05901547415760941,0.05892830407441826,-0.006633418750000001,46.138199434229655
4-BINANCE-BTCUSDT-26DEC2025,4,Binance,BTC,BTCUSDT,2025-12-26,2025-10-16,24,0.05651523044336223,0.05651738834685773,0.05650501035086467,-0.02763551875,54.13899285498939
4-BINANCE-BTCUSDT-26DEC2025,4,Binance,BTC,BTCUSDT,2025-12-26,2025-10-17,24,0.05753209519478903,0.05746139238627369,0.05736232012099542,-0.00565430625,57.26791388206261
4-BINANCE-BTCUSDT-26DEC2025,4,Binance,BTC,BTCUSDT,2025-12-26,2025-10-18,24,0.05639051140926588,0.056394456574563885,0.05639051140926588,-0.0527507125,63.04869197231039
4-BINANCE-BTCUSDT-26DEC2025,4,Binance,BTC,BTCUSDT,2025-12-26,2025-10-19,24,0.05906417581765006,0.059071215919245496,0.05908148676720824,0.007590175,68.82021654156452
4-BINANCE-BTCUSDT-26DEC2025,4,Binance,BTC,BTCUSDT,2025-12-26,2025-10-20,24,0.060649843618511494,0.06060613950431943,0.060446750258992626,-0.00923221875,70.25231581054605
4-BINANCE-BTCUSDT-26DEC2025,4,Binance,BTC,BTCUSDT,2025-12-26,2025-10-21,24,0.055103001306266074,0.05513326216140648,0.05509420898762663,-0.020221,85.60992389826153
4-BINANCE-BTCUSDT-26DEC2025,4,Binance,BTC,BTCUSDT,2025-12-26,2025-10-22,24,0.058564673342681985,0.05839443623546914,0.0585694508631007,0.01061785,87.2163124160985
4-BINANCE-BTCUSDT-26DEC2025,4,Binance,BTC,BTCUSDT,2025-12-26,2025-10-23,24,0.06467472462045451,0.06470837902099712,0.06459050074153184,0.057444156249999996,79.62105184333207
4-BINANCE-BTCUSDT-26DEC2025,4,Binance,BTC,BTCUSDT,2025-12-26,2025-10-24,24,0.062162503130755116,0.06219722894480648,0.062162503130755116,0.030976181250000002,80.74049034021394
4-BINANCE-BTCUSDT-26DEC2025,4,Binance,BTC,BTCUSDT,2025-12-26,2025-10-25,24,0.06253439789137166,0.06253439774815556,0.06253439789137166,0.042999737499999996,80.29201101610046
4-BINANCE-BTCUSDT-26DEC2025,4,Binance,BTC,BTCUSDT,2025-12-26,2025-10-26,24,0.06364677946371385,0.06366388083855391,0.06364677946371385,0.033489662499999996,78.29031847632281
4-BINANCE-BTCUSDT-26DEC2025,4,Binance,BTC,BTCUSDT,2025-12-26,2025-10-27,24,0.06691798296508512,0.0669179830955965,0.0669357443722788,0.0994771,75.28365379309275
4-BINANCE-BTCUSDT-26DEC2025,4,Binance,BTC,BTCUSDT,2025-12-26,2025-10-28,24,0.06742857474570196,0.06742835408748597,0.06743747410869831,0.0634954,74.09622217362089
4-BINANCE-BTCUSDT-26DEC2025,4,Binance,BTC,BTCUSDT,2025-12-26,2025-10-29,24,0.06551820461462106,0.06549171141352415,0.06551820461462106,0.03032283125,73.7533470794532
4-BINANCE-BTCUSDT-26DEC2025,4,Binance,BTC,BTCUSDT,2025-12-26,2025-10-30,24,0.06102316742285931,0.06101783859436077,0.06102316742285931,0.030251656249999998,80.1786320838007
4-BINANCE-BTCUSDT-26DEC2025,4,Binance,BTC,BTCUSDT,2025-12-26,2025-10-31,24,0.06299561362920372,0.06295185761763977,0.06299561362920372,0.0708401125,80.41500030239928
4-BINANCE-BTCUSDT-26DEC2025,4,Binance,BTC,BTCUSDT,2025-12-26,2025-11-01,24,0.06607882711896183,0.0660722707585742,0.06608262530928322,0.1088037625,80.0476063104326
4-BINANCE-BTCUSDT-26DEC2025,4,Binance,BTC,BTCUSDT,2025-12-26,2025-11-02,24,0.06730775161275636,0.06745538237832296,0.06732049113603435,0.08213731875000001,80.90915057912278
4-BINANCE-BTCUSDT-26DEC2025,4,Binance,BTC,BTCUSDT,2025-12-26,2025-11-03,24,0.06404156362143008,0.0641120300744643,0.06400171221627643,0.0668616125,81.48243313080688
4-BINANCE-BTCUSDT-26DEC2025,4,Binance,BTC,BTCUSDT,2025-12-26,2025-11-04,24,0.06497774205472805,0.06495611027554664,0.06497774205472805,0.0803757375,81.23262818175394
4-BINANCE-BTCUSDT-26DEC2025,4,Binance,BTC,BTCUSDT,2025-12-26,2025-11-05,24,0.06416702550152582,0.0641343204723512,0.06412270604898175,0.04825071875,84.90634590804963
4-BINANCE-BTCUSDT-26DEC2025,4,Binance,BTC,BTCUSDT,2025-12-26,2025-11-06,24,0.06218279382538827,0.06215799380121767,0.06216710024360875,0.0590761625,90.18091318050942
4-BINANCE-BTCUSDT-26DEC2025,4,Binance,BTC,BTCUSDT,2025-12-26,2025-11-07,24,0.062329221119724075,0.06231173585097429,0.062329221119724075,0.06221744375,89.68449258879416
4-BINANCE-BTCUSDT-26DEC2025,4,Binance,BTC,BTCUSDT,2025-12-26,2025-11-08,24,0.0628914958783543,0.06277786575622606,0.06302533260480254,0.05538646875,89.78036767756157
4-BINANCE-BTCUSDT-26DEC2025,4,Binance,BTC,BTCUSDT,2025-12-26,2025-11-09,24,0.06067659196011107,0.060676592159445736,0.06067659196011107,0.0395806,94.37271108401433
4-BINANCE-BTCUSDT-26DEC2025,4,Binance,BTC,BTCUSDT,2025-12-26,2025-11-10,24,0.06345329864302689,0.06354420612437613,0.06345329864302689,0.07920545625,89.1227771664291
4-BINANCE-BTCUSDT-26DEC2025,4,Binance,BTC,BTCUSDT,2025-12-26,2025-11-11,24,0.062495402313681,0.06253880845718951,0.062495402313681,0.021025824999999998,92.08721476548027
4-BINANCE-BTCUSDT-26DEC2025,4,Binance,BTC,BTCUSDT,2025-12-26,2025-11-12,24,0.061527176311350545,0.06154746500011892,0.06150949013533758,0.03262963125,93.1913745159788
4-BINANCE-BTCUSDT-26DEC2025,4,Binance,BTC,BTCUSDT,2025-12-26,2025-11-13,24,0.06174871368288928,0.06172881414250069,0.06174871368288928,0.06449276250000001,91.59647846755992
4-BINANCE-BTCUSDT-26DEC2025,4,Binance,BTC,BTCUSDT,2025-12-26,2025-11-14,24,0.06255372960021123,0.0625519727945029,0.06255372960021123,0.0969777625,90.29679902977472
4-BINANCE-BTCUSDT-26DEC2025,4,Binance,BTC,BTCUSDT,2025-12-26,2025-11-15,24,0.0631116514462349,0.06310989182476441,0.0631116514462349,0.09060896875,90.03579195842487
4-BINANCE-BTCUSDT-26DEC2025,4,Binance,BTC,BTCUSDT,2025-12-26,2025-11-16,24,0.06440893336966556,0.06441771857617416,0.06440893336966556,0.09001949375,85.96803204756024
4-BINANCE-BTCUSDT-26DEC2025,4,Binance,BTC,BTCUSDT,2025-12-26,2025-11-17,24,0.06594858122834237,0.0659436940953186,0.06594858122834237,0.097664875,83.63841628624115
4-BINANCE-BTCUSDT-26DEC2025,4,Binance,BTC,BTCUSDT,2025-12-26,2025-11-18,24,0.06823900071052248,0.06822323510379967,0.06810098990246059,0.08818536874999999,83.67872922631344
4-BINANCE-BTCUSDT-26DEC2025,4,Binance,BTC,BTCUSDT,2025-12-26,2025-11-19,24,0.06742751552902836,0.06744915500156677,0.06741421906650526,0.06006485625,84.38029088183048
4-BINANCE-BTCUSDT-26DEC2025,4,Binance,BTC,BTCUSDT,2025-12-26,2025-11-20,24,0.06669214236700811,0.06669086601339673,0.06671881580033884,0.08260178124999999,84.66537644978693
4-BINANCE-BTCUSDT-26DEC2025,4,Binance,BTC,BTCUSDT,2025-12-26,2025-11-21,24,0.06412508536397835,0.0641509618672608,0.06412508536397835,0.04464908125,91.3396805467688
4-BINANCE-BTCUSDT-26DEC2025,4,Binance,BTC,BTCUSDT,2025-12-26,2025-11-22,24,0.06200456679401678,0.06204733676364832,0.06200456679401678,0.04695040625,96.5639528602049
4-BINANCE-BTCUSDT-26DEC2025,4,Binance,BTC,BTCUSDT,2025-12-26,2025-11-23,24,0.06098673806180396,0.06100384597306743,0.06098673806180396,0.0139274875,97.57312476514694
4-BINANCE-BTCUSDT-26DEC2025,4,Binance,BTC,BTCUSDT,2025-12-26,2025-11-24,24,0.05998026120658318,0.059978463034042966,0.05998026120658318,0.01519084375,98.37214291777808
4-BINANCE-BTCUSDT-26DEC2025,4,Binance,BTC,BTCUSDT,2025-12-26,2025-11-25,24,0.05811633762988915,0.05811633758672876,0.05811633762988915,-0.019363706249999998,105.77906093780156
4-BINANCE-BTCUSDT-26DEC2025,4,Binance,BTC,BTCUSDT,2025-12-26,2025-11-26,24,0.05754778718779619,0.05754778737775627,0.05754778718779619,0.0316893,123.31734081257763
4-BINANCE-BTCUSDT-26DEC2025,4,Binance,BTC,BTCUSDT,2025-12-26,2025-11-27,24,0.05627072587152037,0.056277769493689796,0.05627072587152037,0.01387958125,140.29137131354645
4-BINANCE-BTCUSDT-26DEC2025,4,Binance,BTC,BTCUSDT,2025-12-26,2025-11-28,24,0.053199481335585073,0.053245518010722394,0.053199481335585073,0.025060443750000005,167.04864235714624
4-BINANCE-BTCUSDT-26DEC2025,4,Binance,BTC,BTCUSDT,2025-12-26,2025-11-29,24,0.051563296453348055,0.05156329630965705,0.051563296453348055,0.0068939375,179.33497773738364
4-BINANCE-BTCUSDT-26DEC2025,4,Binance,BTC,BTCUSDT,2025-12-26,2025-11-30,24,0.05151792964790224,0.05151337896706116,0.05151792964790224,0.04877266875,169.89684727325456
4-BINANCE-BTCUSDT-26DEC2025,4,Binance,BTC,BTCUSDT,2025-12-26,2025-12-01,24,0.0514092839738991,0.05144604746635354,0.0514092839738991,0.031155031250000003,171.24190445292967
4-BINANCE-BTCUSDT-26DEC2025,4,Binance,BTC,BTCUSDT,2025-12-26,2025-12-02,24,0.05149749384118014,0.05140408686617615,0.05150925391728828,0.019416175,169.94646745436341
4-BINANCE-BTCUSDT-26DEC2025,4,Binance,BTC,BTCUSDT,2025-12-26,2025-12-03,24,0.05143867759895885,0.05144653237442339,0.05143867759895885,0.008028175,172.16018935835595
4-BINANCE-BTCUSDT-26DEC2025,4,Binance,BTC,BTCUSDT,2025-12-26,2025-12-04,24,0.05209291460593287,0.05208547452529025,0.05209291460593287,0.03783726875,184.6773554316636
4-BINANCE-BTCUSDT-26DEC2025,4,Binance,BTC,BTCUSDT,2025-12-26,2025-12-05,24,0.05199288497077393,0.05199288490045534,0.05199288497077393,0.038741556249999996,189.83737682252502
4-BINANCE-BTCUSDT-26DEC2025,4,Binance,BTC,BTCUSDT,2025-12-26,2025-12-06,24,0.052077263817927315,0.05208052664202873,0.052077263817927315,0.014843181249999999,193.00134520704896
4-BINANCE-BTCUSDT-26DEC2025,4,Binance,BTC,BTCUSDT,2025-12-26,2025-12-07,24,0.05165091955011905,0.05164561830661541,0.05165091955011905,0.0371962375,199.5503846668726
4-BINANCE-BTCUSDT-26DEC2025,4,Binance,BTC,BTCUSDT,2025-12-26,2025-12-08,24,0.05112525847424282,0.05112312753703568,0.05112525847424282,0.03514265625,187.8254719006079
4-BINANCE-BTCUSDT-26DEC2025,4,Binance,BTC,BTCUSDT,2025-12-26,2025-12-09,24,0.05147954681095789,0.051437777533377416,0.05147954681095789,0.0453257,190.91010007562446
4-BINANCE-BTCUSDT-26DEC2025,4,Binance,BTC,BTCUSDT,2025-12-26,2025-12-10,24,0.052501373409849755,0.05250156341483278,0.052501373409849755,0.0301407875,205.33783956748982
4-BINANCE-BTCUSDT-26DEC2025,4,Binance,BTC,BTCUSDT,2025-12-26,2025-12-11,24,0.051460265863667524,0.05146853003698837,0.051460265863667524,0.02464160625,201.1311845654759
4-BINANCE-BTCUSDT-26DEC2025,4,Binance,BTC,BTCUSDT,2025-12-26,2025-12-12,24,0.05129611464209835,0.051298056636904475,0.05129611464209835,0.05597138125,190.4850863710556
4-BINANCE-BTCUSDT-26DEC2025,4,Binance,BTC,BTCUSDT,2025-12-26,2025-12-13,24,0.050606193055418906,0.05057934918551774,0.050606193055418906,0.0432515875,190.7590992474892
4-BINANCE-BTCUSDT-26DEC2025,4,Binance,BTC,BTCUSDT,2025-12-26,2025-12-14,24,0.050564100955681084,0.05055910180354115,0.050564100955681084,0.061883925,200.09790100064342
4-BINANCE-BTCUSDT-26DEC2025,4,Binance,BTC,BTCUSDT,2025-12-26,2025-12-15,24,0.05018529963885001,0.0502218771534701,0.05018529963885001,0.008995425,203.10928645503307
4-BINANCE-BTCUSDT-26DEC2025,4,Binance,BTC,BTCUSDT,2025-12-26,2025-12-16,24,0.05037673588819219,0.050376735837921655,0.05037673588819219,0.046647,195.41539905386674
4-BINANCE-BTCUSDT-26DEC2025,4,Binance,BTC,BTCUSDT,2025-12-26,2025-12-17,24,0.05148167774651003,0.05149766258625541,0.05148167774651003,0.076272225,176.17604972205865
4-BINANCE-BTCUSDT-26DEC2025,4,Binance,BTC,BTCUSDT,2025-12-26,2025-12-18,24,0.05098117162196755,0.05100023924137519,0.05098117162196755,0.0489583625,169.56016437621975
4-BINANCE-BTCUSDT-26DEC2025,4,Binance,BTC,BTCUSDT,2025-12-26,2025-12-19,24,0.053117224255432756,0.05311936986770829,0.053117224255432756,0.09229161875000001,203.7827666133172
4-BINANCE-BTCUSDT-26DEC2025,4,Binance,BTC,BTCUSDT,2025-12-26,2025-12-20,24,0.05337473404617168,0.053372180584238045,0.05340108868778939,0.06846898124999999,202.8155533378491
4-BINANCE-BTCUSDT-26DEC2025,4,Binance,BTC,BTCUSDT,2025-12-26,2025-12-21,24,0.053868243227920394,0.053907465116712155,0.053868243227920394,0.08369906249999999,244.49327921341902
4-BINANCE-BTCUSDT-26DEC2025,4,Binance,BTC,BTCUSDT,2025-12-26,2025-12-22,24,0.05253656337573306,0.052536563020575106,0.05253656337573306,0.05559816875,221.2374400510893
4-BINANCE-BTCUSDT-26DEC2025,4,Binance,BTC,BTCUSDT,2025-12-26,2025-12-23,24,0.05251077213336933,0.05251828757124649,0.05251077213336933,0.03747226875,211.95067030162832
4-BINANCE-BTCUSDT-26DEC2025,4,Binance,BTC,BTCUSDT,2025-12-26,2025-12-24,24,0.05434963494930439,0.05432963820578459,0.05434963494930439,0.087109075,292.40770993873053
4-BINANCE-BTCUSDT-26DEC2025,4,Binance,BTC,BTCUSDT,2025-12-26,2025-12-25,24,0.056363053896428046,0.056354558077668336,0.056363053896428046,0.08003948125,357.8921687206905
40-OKX-ETHUSDT-27MAR2026,40,OKX,ETH,ETHUSDT,2026-03-27,2026-01-13,19,0.026001707008713043,0.026032433165547875,0.026,0.019697077737165315,36.845243706315784
40-OKX-ETHUSDT-27MAR2026,40,OKX,ETH,ETHUSDT,2026-03-27,2026-01-14,24,0.02593860791484139,0.025942662060534874,0.025995901370373695,0.08745963628766912,38.89657669
40-OKX-ETHUSDT-27MAR2026,40,OKX,ETH,ETHUSDT,2026-03-27,2026-01-15,24,0.030849184201093338,0.030824131635114545,0.0308573689804551,0.0373829456371585,251.472775947978
40-OKX-ETHUSDT-27MAR2026,40,OKX,ETH,ETHUSDT,2026-03-27,2026-01-16,24,0.03369221155544128,0.03368790757385162,0.03369221155544128,0.06310181215526049,412.0916317273524
40-OKX-ETHUSDT-27MAR2026,40,OKX,ETH,ETHUSDT,2026-03-27,2026-01-17,24,0.03488120259041576,0.03488983773467356,0.03488120259041576,0.0144048925991305,453.13400343241125
40-OKX-ETHUSDT-27MAR2026,40,OKX,ETH,ETHUSDT,2026-03-27,2026-01-18,24,0.03473892914586329,0.03473892914586329,0.03473892914586329,0.03003729259537194,425.5756020476568
40-OKX-ETHUSDT-27MAR2026,40,OKX,ETH,ETHUSDT,2026-03-27,2026-01-19,24,0.0305365381695613,0.030480708259885077,0.030519438056393813,-0.011762135007090939,431.5835081784785
40-OKX-ETHUSDT-27MAR2026,40,OKX,ETH,ETHUSDT,2026-03-27,2026-01-20,24,0.029851470087964026,0.029835696591913336,0.029851470087964026,0.01832109510523212,536.5147540892489
40-OKX-ETHUSDT-27MAR2026,40,OKX,ETH,ETHUSDT,2026-03-27,2026-01-21,24,0.028776661678138665,0.028690532866729495,0.02864821102797481,-0.033173625331286254,602.8804758200229
40-OKX-ETHUSDT-27MAR2026,40,OKX,ETH,ETHUSDT,2026-03-27,2026-01-22,24,0.029566710373660533,0.029596828231626102,0.029566710373660533,0.007794512424121688,1093.5340287079669
40-OKX-ETHUSDT-27MAR2026,40,OKX,ETH,ETHUSDT,2026-03-27,2026-01-23,24,0.030831655158599456,0.030831655158599456,0.030831655158599456,0.022379014203829622,1503.8205295921427
40-OKX-ETHUSDT-27MAR2026,40,OKX,ETH,ETHUSDT,2026-03-27,2026-01-24,24,0.03061698651679064,0.03054831192124327,0.03061698651679064,-0.007229733698876313,1486.2979838760054
40-OKX-ETHUSDT-27MAR2026,40,OKX,ETH,ETHUSDT,2026-03-27,2026-01-25,24,0.029870042511605476,0.029835746392847303,0.029835746392847303,0.004836394801531624,1467.280718896709
40-OKX-ETHUSDT-27MAR2026,40,OKX,ETH,ETHUSDT,2026-03-27,2026-01-26,24,0.02786823352364469,0.027868224960967792,0.02783397853451808,-0.030874349870622066,1430.92630305467
40-OKX-ETHUSDT-27MAR2026,40,OKX,ETH,ETHUSDT,2026-03-27,2026-01-27,24,0.02874384640008029,0.02874209897191626,0.02874384640008029,0.057058519857260494,1402.4653618411894
40-OKX-ETHUSDT-27MAR2026,40,OKX,ETH,ETHUSDT,2026-03-27,2026-01-28,24,0.029192685599650877,0.02915806741792427,0.029192685599650877,0.05008531391809331,1419.549731066619
40-OKX-ETHUSDT-27MAR2026,40,OKX,ETH,ETHUSDT,2026-03-27,2026-01-29,24,0.029861441887736803,0.029822625919305543,0.029861441887736803,0.02685146923641481,1445.0563703624086
40-OKX-ETHUSDT-27MAR2026,40,OKX,ETH,ETHUSDT,2026-03-27,2026-01-30,24,0.029148370108308078,0.0291177922303679,0.02913124946320138,-0.03573661975488225,3859.2000674497017
40-OKX-ETHUSDT-27MAR2026,40,OKX,ETH,ETHUSDT,2026-03-27,2026-01-31,24,0.024901542961606325,0.024864143429381123,0.024824850071893848,-0.06783876799785495,6467.645192053283
40-OKX-ETHUSDT-27MAR2026,40,OKX,ETH,ETHUSDT,2026-03-27,2026-02-01,24,0.021073727230416603,0.021038750095362258,0.021073727230416603,-0.0681287341705555,6584.40361162239
40-OKX-ETHUSDT-27MAR2026,40,OKX,ETH,ETHUSDT,2026-03-27,2026-02-02,24,0.018155919347630257,0.018196294691361744,0.018155919347630257,-0.06446515057627807,6724.340127975709
40-OKX-ETHUSDT-27MAR2026,40,OKX,ETH,ETHUSDT,2026-03-27,2026-02-03,24,0.021320814425519863,0.021339854096184607,0.021313753965278945,-0.049043553282738316,6707.525303498944
40-OKX-ETHUSDT-27MAR2026,40,OKX,ETH,ETHUSDT,2026-03-27,2026-02-04,24,0.027174691641311203,0.02715262795889857,0.027176858596468848,-0.011570759272799686,6757.821426055904
40-OKX-ETHUSDT-27MAR2026,40,OKX,ETH,ETHUSDT,2026-03-27,2026-02-05,24,0.029739329601922788,0.029684676635250595,0.029687926561642264,0.019236956065692375,6475.882240567199
40-OKX-ETHUSDT-27MAR2026,40,OKX,ETH,ETHUSDT,2026-03-27,2026-02-06,24,0.030497228056707713,0.03047173920334001,0.030445913996397313,0.008576289991086937,6700.491676578803
40-OKX-ETHUSDT-27MAR2026,40,OKX,ETH,ETHUSDT,2026-03-27,2026-02-07,24,0.03119251282051057,0.03126124924912531,0.03119251282051057,0.03356008056152631,7145.5183038812065
40-OKX-ETHUSDT-27MAR2026,40,OKX,ETH,ETHUSDT,2026-03-27,2026-02-08,24,0.030544039727659542,0.03062999246264153,0.03051829576614259,0.015162206318267625,7223.981223141501
40-OKX-ETHUSDT-27MAR2026,40,OKX,ETH,ETHUSDT,2026-03-27,2026-02-09,24,0.030682155312743726,0.030608461029521545,0.030682155312743726,0.05544938682278857,7220.037956931849
40-OKX-ETHUSDT-27MAR2026,40,OKX,ETH,ETHUSDT,2026-03-27,2026-02-10,24,0.0314245727037892,0.03139252214183182,0.0314245727037892,0.08694786433720168,7169.384385879818
40-OKX-ETHUSDT-27MAR2026,40,OKX,ETH,ETHUSDT,2026-03-27,2026-02-11,24,0.031625504356906066,0.031643772887490665,0.031625504356906066,0.01750375312856837,6916.606710162727
40-OKX-ETHUSDT-27MAR2026,40,OKX,ETH,ETHUSDT,2026-03-27,2026-02-12,24,0.03133147337725898,0.03132140436482087,0.03133147337725898,0.0053881306285665,6799.274504631245
40-OKX-ETHUSDT-27MAR2026,40,OKX,ETH,ETHUSDT,2026-03-27,2026-02-13,24,0.030822177892477584,0.030909077263015478,0.030822177892477584,0.05045954254433994,6786.061399417232
40-OKX-ETHUSDT-27MAR2026,40,OKX,ETH,ETHUSDT,2026-03-27,2026-02-14,24,0.031016385383795513,0.031016385383795513,0.031016385383795513,0.05092998940145212,6839.765319186132
40-OKX-ETHUSDT-27MAR2026,40,OKX,ETH,ETHUSDT,2026-03-27,2026-02-15,24,0.031720714203529336,0.031743329295175496,0.031720714203529336,0.0739265881259345,7051.067220675807
40-OKX-ETHUSDT-27MAR2026,40,OKX,ETH,ETHUSDT,2026-03-27,2026-02-16,24,0.029406693827466218,0.02949708577096001,0.029372406278923204,-0.015835630950311125,7035.635012907209
40-OKX-ETHUSDT-27MAR2026,40,OKX,ETH,ETHUSDT,2026-03-27,2026-02-17,24,0.028193167921620688,0.028241450352852974,0.028146041400053293,-0.0012011764675750628,7017.103814366129
40-OKX-ETHUSDT-27MAR2026,40,OKX,ETH,ETHUSDT,2026-03-27,2026-02-18,24,0.02809528904493781,0.02815076093097336,0.02809528904493781,0.00555762554995875,7056.264312120614
40-OKX-ETHUSDT-27MAR2026,40,OKX,ETH,ETHUSDT,2026-03-27,2026-02-19,24,0.027741771764900513,0.027778160624867015,0.027741771764900513,-0.029317229430411377,7100.990305521928
40-OKX-ETHUSDT-27MAR2026,40,OKX,ETH,ETHUSDT,2026-03-27,2026-02-20,24,0.026519403064630645,0.026524291688047066,0.026502308080684944,-0.00785291785083675,7437.560905713075
40-OKX-ETHUSDT-27MAR2026,40,OKX,ETH,ETHUSDT,2026-03-27,2026-02-21,24,0.025882875363770954,0.02591282557820698,0.02587860140410257,0.0211345002956035,7650.926367157947
40-OKX-ETHUSDT-27MAR2026,40,OKX,ETH,ETHUSDT,2026-03-27,2026-02-22,24,0.026078892287112337,0.026169328136945114,0.026078892287112337,0.03374334671607663,7563.4339616035295
40-OKX-ETHUSDT-27MAR2026,40,OKX,ETH,ETHUSDT,2026-03-27,2026-02-23,24,0.023725026603393023,0.023701697399582503,0.023725026603393023,-0.08921950019490732,7607.8010218521995
40-OKX-ETHUSDT-27MAR2026,40,OKX,ETH,ETHUSDT,2026-03-27,2026-02-24,24,0.024761582074481373,0.02482650564414583,0.024757325176079856,-0.008268697628521185,7344.936398430102
40-OKX-ETHUSDT-27MAR2026,40,OKX,ETH,ETHUSDT,2026-03-27,2026-02-25,24,0.022191736391239666,0.02217548047523719,0.022191736391239666,0.0013158083391506899,7647.038879039978
40-OKX-ETHUSDT-27MAR2026,40,OKX,ETH,ETHUSDT,2026-03-27,2026-02-26,24,0.02486838849526347,0.02485394299722375,0.02486838849526347,0.104504604394695,8216.424215056793
40-OKX-ETHUSDT-27MAR2026,40,OKX,ETH,ETHUSDT,2026-03-27,2026-02-27,24,0.026172758400315948,0.0261479865459488,0.026159937803359807,0.027112307152780814,8648.411286374238
40-OKX-ETHUSDT-27MAR2026,40,OKX,ETH,ETHUSDT,2026-03-27,2026-02-28,24,0.02027816352085868,0.020348890980900886,0.02027816352085868,-0.0005997234615183125,9174.945171173187
40-OKX-ETHUSDT-27MAR2026,40,OKX,ETH,ETHUSDT,2026-03-27,2026-03-01,24,0.021923668767797805,0.021952537379696865,0.021923668767797805,0.03731850596989906,9191.176635068614
40-OKX-ETHUSDT-27MAR2026,40,OKX,ETH,ETHUSDT,2026-03-27,2026-03-02,24,0.021113968509090992,0.021078123482856755,0.021109708203893383,8.334858311706229e-05,8810.703628822594
40-OKX-ETHUSDT-27MAR2026,40,OKX,ETH,ETHUSDT,2026-03-27,2026-03-03,24,0.021987933596769108,0.022031481132612062,0.021979426608109687,0.045286588520575245,8941.388560132473
40-OKX-ETHUSDT-27MAR2026,40,OKX,ETH,ETHUSDT,2026-03-27,2026-03-04,24,0.02159643203667669,0.021636634709983577,0.02159605165397854,-0.0005770108632000007,8882.57938759379
40-OKX-ETHUSDT-27MAR2026,40,OKX,ETH,ETHUSDT,2026-03-27,2026-03-05,24,0.024878554686022902,0.02472122203135339,0.02486857698173778,0.08172776658926681,8694.494308369145
40-OKX-ETHUSDT-27MAR2026,40,OKX,ETH,ETHUSDT,2026-03-27,2026-03-06,24,0.025205585175656024,0.025250434350645373,0.025238414288118374,0.05607380902845532,9354.046207609397
40-OKX-ETHUSDT-27MAR2026,40,OKX,ETH,ETHUSDT,2026-03-27,2026-03-07,24,0.02289326343956642,0.022889305313350896,0.022881199458980827,-0.025290208167730126,10166.333069192471
40-OKX-ETHUSDT-27MAR2026,40,OKX,ETH,ETHUSDT,2026-03-27,2026-03-08,24,0.02134955333930456,0.021566331337277995,0.02136386655520879,-0.028479324809600314,10060.427464429195
40-OKX-ETHUSDT-27MAR2026,40,OKX,ETH,ETHUSDT,2026-03-27,2026-03-09,24,0.02241601990509287,0.022355361885723336,0.022333520588652348,-0.042489995349896496,9861.318340175025
40-OKX-ETHUSDT-27MAR2026,40,OKX,ETH,ETHUSDT,2026-03-27,2026-03-10,24,0.026323960734527294,0.026361402473822335,0.026340946310028496,0.06227040678627588,9403.447171206142
40-OKX-ETHUSDT-27MAR2026,40,OKX,ETH,ETHUSDT,2026-03-27,2026-03-11,24,0.028668179774917157,0.02876927053941646,0.02859965308371851,0.08791226277943755,9309.896407856839
40-OKX-ETHUSDT-27MAR2026,40,OKX,ETH,ETHUSDT,2026-03-27,2026-03-12,24,0.026089100102377093,0.02611773276281061,0.025942441329307397,0.03106451276840456,8823.893926008857
40-OKX-ETHUSDT-27MAR2026,40,OKX,ETH,ETHUSDT,2026-03-27,2026-03-13,24,0.026399493891670175,0.026377013599457846,0.02636297526027144,0.02965400736643881,8538.60281373514
40-OKX-ETHUSDT-27MAR2026,40,OKX,ETH,ETHUSDT,2026-03-27,2026-03-14,24,0.026231488367781632,0.026209118993823846,0.026218650229271015,0.04630605612061331,8643.827967031557
40-OKX-ETHUSDT-27MAR2026,40,OKX,ETH,ETHUSDT,2026-03-27,2026-03-15,24,0.02547621114547388,0.025417220592281162,0.02547621114547388,0.011927315585933315,8776.294667427599
40-OKX-ETHUSDT-27MAR2026,40,OKX,ETH,ETHUSDT,2026-03-27,2026-03-16,24,0.028567464057041705,0.028559295745134907,0.028571745716572793,0.036296670257790625,8850.585151946507
40-OKX-ETHUSDT-27MAR2026,40,OKX,ETH,ETHUSDT,2026-03-27,2026-03-17,24,0.028932661531655912,0.028875846098659477,0.028932661531655912,0.044999934799118624,9036.087157111726
40-OKX-ETHUSDT-27MAR2026,40,OKX,ETH,ETHUSDT,2026-03-27,2026-03-18,24,0.030081168344809655,0.030123129168520658,0.030119714842643832,0.03221236138980944,9074.639495051042
40-OKX-ETHUSDT-27MAR2026,40,OKX,ETH,ETHUSDT,2026-03-27,2026-03-19,24,0.02981878935224821,0.0299733820225303,0.02981980380202313,0.03023590085361425,9011.600180796646
40-OKX-ETHUSDT-27MAR2026,40,OKX,ETH,ETHUSDT,2026-03-27,2026-03-20,24,0.028023190926263004,0.028009341268336128,0.027992422192665078,-0.008768455717896001,9596.934295820276
40-OKX-ETHUSDT-27MAR2026,40,OKX,ETH,ETHUSDT,2026-03-27,2026-03-21,24,0.02802693833591716,0.028019887401843843,0.02802693833591716,0.003234832998504937,8825.840398307064
40-OKX-ETHUSDT-27MAR2026,40,OKX,ETH,ETHUSDT,2026-03-27,2026-03-22,24,0.013177957187681258,0.0132105621077538,0.0175718802079846,-0.04336932002264531,10130.08646233225
40-OKX-ETHUSDT-27MAR2026,40,OKX,ETH,ETHUSDT,2026-03-27,2026-03-23,24,0.010517950477694176,0.010659020165106831,0.014329422063375539,-0.012996141626764435,11272.858131481653
40-OKX-ETHUSDT-27MAR2026,40,OKX,ETH,ETHUSDT,2026-03-27,2026-03-24,24,0.016255942116511806,0.016334773010044348,0.018239673958912687,0.028281989752547684,10472.529106313403
40-OKX-ETHUSDT-27MAR2026,40,OKX,ETH,ETHUSDT,2026-03-27,2026-03-25,24,-0.005178198214386392,-0.005226087414457816,0.014910136622734427,-0.03399713459028262,12376.812601991442
40-OKX-ETHUSDT-27MAR2026,40,OKX,ETH,ETHUSDT,2026-03-27,2026-03-26,24,0.034875292580352,0.03428627955133643,0.038325569600324134,0.06460450170631613,14153.863166458335
41-HYPERLIQUID-ETH-27MAR2026,41,Hyperliquid,ETH,ETH,2026-03-27,2026-01-13,19,0.09000115591825296,0.09002196244680642,0.09,0.09797368421052631,8.012782359473682
41-HYPERLIQUID-ETH-27MAR2026,41,Hyperliquid,ETH,ETH,2026-03-27,2026-01-14,24,0.0899238473720338,0.08992659267788461,0.08995817114078868,0.10732492850000001,8.462311935
41-HYPERLIQUID-ETH-27MAR2026,41,Hyperliquid,ETH,ETH,2026-03-27,2026-01-15,24,0.08262109252081647,0.08261533828963083,0.08262599591635288,0.1095,257.60285005413954
41-HYPERLIQUID-ETH-27MAR2026,41,Hyperliquid,ETH,ETH,2026-03-27,2026-01-16,24,0.082398191528315,0.08241102993346557,0.082398191528315,0.1095,450.06887416962536
41-HYPERLIQUID-ETH-27MAR2026,41,Hyperliquid,ETH,ETH,2026-03-27,2026-01-17,24,0.08200565376564402,0.08204889558125562,0.08200565376564402,0.1095,504.04722578470427
41-HYPERLIQUID-ETH-27MAR2026,41,Hyperliquid,ETH,ETH,2026-03-27,2026-01-18,24,0.082035363659821,0.08203171186654996,0.082035363659821,0.1095,569.2776155813247
41-HYPERLIQUID-ETH-27MAR2026,41,Hyperliquid,ETH,ETH,2026-03-27,2026-01-19,24,0.08058968520862507,0.08064626380814946,0.08051007783227444,0.1022625975,654.3470441426178
41-HYPERLIQUID-ETH-27MAR2026,41,Hyperliquid,ETH,ETH,2026-03-27,2026-01-20,24,0.08002305083888955,0.0799557016202348,0.08002305083888955,0.056622596,743.3876996775402
41-HYPERLIQUID-ETH-27MAR2026,41,Hyperliquid,ETH,ETH,2026-03-27,2026-01-21,24,0.08105999718468299,0.08106266039282918,0.0810600323175905,0.0782345015,875.131888746615
41-HYPERLIQUID-ETH-27MAR2026,41,Hyperliquid,ETH,ETH,2026-03-27,2026-01-22,24,0.08168879920102896,0.08164883478799465,0.08172397081038323,0.10074941700000001,1247.6397860545592
41-HYPERLIQUID-ETH-27MAR2026,41,Hyperliquid,ETH,ETH,2026-03-27,2026-01-23,24,0.08010292050317448,0.08010901094613572,0.08006236530319573,-0.003303469000000001,1474.8374193964612
41-HYPERLIQUID-ETH-27MAR2026,41,Hyperliquid,ETH,ETH,2026-03-27,2026-01-24,24,0.07867364884874083,0.07865952708184619,0.07867364884874084,-0.030730079999999996,1523.4712343432386
41-HYPERLIQUID-ETH-27MAR2026,41,Hyperliquid,ETH,ETH,2026-03-27,2026-01-25,24,0.0776513437726389,0.07750508529647636,0.07763341003207065,-0.025074843,1551.4891758451492
41-HYPERLIQUID-ETH-27MAR2026,41,Hyperliquid,ETH,ETH,2026-03-27,2026-01-26,24,0.07790996645166542,0.07787407238817327,0.07790996645166542,0.0198071265,1524.693838725005
41-HYPERLIQUID-ETH-27MAR2026,41,Hyperliquid,ETH,ETH,2026-03-27,2026-01-27,24,0.07881076927886844,0.07883642469612015,0.07881076927886844,0.099637919,1512.5518344636914
41-HYPERLIQUID-ETH-27MAR2026,41,Hyperliquid,ETH,ETH,2026-03-27,2026-01-28,24,0.08038816440661188,0.08049159603637933,0.0804718349643461,0.1073928185,1708.3072229043871
41-HYPERLIQUID-ETH-27MAR2026,41,Hyperliquid,ETH,ETH,2026-03-27,2026-01-29,24,0.08096962341883966,0.08096290526898034,0.08096962341883966,0.1094377675,1865.186332981978
41-HYPERLIQUID-ETH-27MAR2026,41,Hyperliquid,ETH,ETH,2026-03-27,2026-01-30,24,0.07822251438361102,0.07823506392803599,0.07822251438361102,0.041556199,4139.382781800361
41-HYPERLIQUID-ETH-27MAR2026,41,Hyperliquid,ETH,ETH,2026-03-27,2026-01-31,24,0.07544282180664187,0.07545845621636019,0.07543985965005906,-0.028062879,6635.934697034573
41-HYPERLIQUID-ETH-27MAR2026,41,Hyperliquid,ETH,ETH,2026-03-27,2026-02-01,24,0.06812513170945812,0.06777442569090937,0.07031114288817283,-0.1967089755,6781.321270060049
41-HYPERLIQUID-ETH-27MAR2026,41,Hyperliquid,ETH,ETH,2026-03-27,2026-02-02,24,0.038746208949313,0.03845655743363362,,-0.23370322200000002,8057.857673621306
41-HYPERLIQUID-ETH-27MAR2026,41,Hyperliquid,ETH,ETH,2026-03-27,2026-02-03,24,0.027599507053737888,0.027226722858322377,,-0.125866235,7887.518858411627
41-HYPERLIQUID-ETH-27MAR2026,41,Hyperliquid,ETH,ETH,2026-03-27,2026-02-04,24,0.051338082664581175,0.05127863662139992,,0.0692725835,8164.79505416021
41-HYPERLIQUID-ETH-27MAR2026,41,Hyperliquid,ETH,ETH,2026-03-27,2026-02-05,24,0.05890014220653281,0.058812285542070124,,0.069005659,7802.958603864881
41-HYPERLIQUID-ETH-27MAR2026,41,Hyperliquid,ETH,ETH,2026-03-27,2026-02-06,24,0.046636868394191754,0.046917884758827556,,-0.01816751,7556.5962588699085
41-HYPERLIQUID-ETH-27MAR2026,41,Hyperliquid,ETH,ETH,2026-03-27,2026-02-07,24,0.04813427697030773,0.04819908688711994,,-0.029580585500000003,7820.417824335884
41-HYPERLIQUID-ETH-27MAR2026,41,Hyperliquid,ETH,ETH,2026-03-27,2026-02-08,24,0.04683898271424167,0.04650922527283182,,-0.0326336645,8091.497711188868
41-HYPERLIQUID-ETH-27MAR2026,41,Hyperliquid,ETH,ETH,2026-03-27,2026-02-09,24,0.04458937188984991,0.04431180523961007,,0.023662074,7639.578388816346
41-HYPERLIQUID-ETH-27MAR2026,41,Hyperliquid,ETH,ETH,2026-03-27,2026-02-10,24,0.044074600548189735,0.044403154861082185,,0.10368602449999999,7735.070302271961
41-HYPERLIQUID-ETH-27MAR2026,41,Hyperliquid,ETH,ETH,2026-03-27,2026-02-11,24,0.04286652196687769,0.04298605124242039,,0.0376611745,7943.599532419641
41-HYPERLIQUID-ETH-27MAR2026,41,Hyperliquid,ETH,ETH,2026-03-27,2026-02-12,24,0.04251604653168414,0.04266819894407833,,0.049994634,7886.504121313017
41-HYPERLIQUID-ETH-27MAR2026,41,Hyperliquid,ETH,ETH,2026-03-27,2026-02-13,24,0.043702046692414016,0.044171966712714845,,0.071223764,7964.094485872079
41-HYPERLIQUID-ETH-27MAR2026,41,Hyperliquid,ETH,ETH,2026-03-27,2026-02-14,24,0.045740018914438164,0.04604049528662318,,0.059097442,8042.902810039654
41-HYPERLIQUID-ETH-27MAR2026,41,Hyperliquid,ETH,ETH,2026-03-27,2026-02-15,24,0.04651402748401459,0.04652006725884114,,-0.001780834999999999,8035.39317532325
41-HYPERLIQUID-ETH-27MAR2026,41,Hyperliquid,ETH,ETH,2026-03-27,2026-02-16,24,0.045281719744780395,0.0456173739765993,,0.054261703,7940.814003529983
41-HYPERLIQUID-ETH-27MAR2026,41,Hyperliquid,ETH,ETH,2026-03-27,2026-02-17,24,0.047394521715767766,0.04789910835529607,,0.07991715149999999,7987.204493968362
41-HYPERLIQUID-ETH-27MAR2026,41,Hyperliquid,ETH,ETH,2026-03-27,2026-02-18,24,0.04933116047032915,0.04947397404598485,,0.077869319,8052.78077511002
41-HYPERLIQUID-ETH-27MAR2026,41,Hyperliquid,ETH,ETH,2026-03-27,2026-02-19,24,0.05043422005186383,0.050475354670613724,,0.0602551855,8194.73072709126
41-HYPERLIQUID-ETH-27MAR2026,41,Hyperliquid,ETH,ETH,2026-03-27,2026-02-20,24,0.05230680324223646,0.05230997922480856,,0.059723782,8737.777116363352
41-HYPERLIQUID-ETH-27MAR2026,41,Hyperliquid,ETH,ETH,2026-03-27,2026-02-21,24,0.052956048185251355,0.05292772313281579,,0.07394914600000001,8629.255372006066
41-HYPERLIQUID-ETH-27MAR2026,41,Hyperliquid,ETH,ETH,2026-03-27,2026-02-22,24,0.05496291501188456,0.054997518253829335,,0.075049256,8572.111857777758
41-HYPERLIQUID-ETH-27MAR2026,41,Hyperliquid,ETH,ETH,2026-03-27,2026-02-23,24,0.04379891174122416,0.043840951209430046,,-0.0013652095,8728.773484676192
41-HYPERLIQUID-ETH-27MAR2026,41,Hyperliquid,ETH,ETH,2026-03-27,2026-02-24,24,0.046347206429726256,0.046636510503604366,,0.0783256785,9251.539274134839
41-HYPERLIQUID-ETH-27MAR2026,41,Hyperliquid,ETH,ETH,2026-03-27,2026-02-25,24,0.056038768839615304,0.05598383462232176,,0.07800342,10156.03458770978
41-HYPERLIQUID-ETH-27MAR2026,41,Hyperliquid,ETH,ETH,2026-03-27,2026-02-26,24,0.05745341285560679,0.057501394767213394,,0.071792434,10401.509347823225
41-HYPERLIQUID-ETH-27MAR2026,41,Hyperliquid,ETH,ETH,2026-03-27,2026-02-27,24,0.05662514447431941,0.05665047293895733,,0.041355376,10549.161879933918
41-HYPERLIQUID-ETH-27MAR2026,41,Hyperliquid,ETH,ETH,2026-03-27,2026-02-28,24,0.04396532720982032,0.04412528213778693,,0.0030229299999999996,10160.917752336658
41-HYPERLIQUID-ETH-27MAR2026,41,Hyperliquid,ETH,ETH,2026-03-27,2026-03-01,24,0.048981962268043244,0.048766211721110654,,0.09467045149999999,10978.545950549917
41-HYPERLIQUID-ETH-27MAR2026,41,Hyperliquid,ETH,ETH,2026-03-27,2026-03-02,24,0.05199369654922006,0.05216269896176745,,0.0768256745,10893.421005695449
41-HYPERLIQUID-ETH-27MAR2026,41,Hyperliquid,ETH,ETH,2026-03-27,2026-03-03,24,0.05335629984103057,0.05311656805773559,,0.069258969,10477.606685329241
41-HYPERLIQUID-ETH-27MAR2026,41,Hyperliquid,ETH,ETH,2026-03-27,2026-03-04,24,0.05124025858166725,0.05097686807770801,,0.0520732725,10385.67273369148
41-HYPERLIQUID-ETH-27MAR2026,41,Hyperliquid,ETH,ETH,2026-03-27,2026-03-05,24,0.052048606362582434,0.05201162676315796,,0.0764290655,10543.71327912163
41-HYPERLIQUID-ETH-27MAR2026,41,Hyperliquid,ETH,ETH,2026-03-27,2026-03-06,24,0.05066015961212589,0.05055375438549489,,0.0412660605,10451.236911607624
41-HYPERLIQUID-ETH-27MAR2026,41,Hyperliquid,ETH,ETH,2026-03-27,2026-03-07,24,0.04839000016605821,0.048607193957398036,,-0.034662663,10339.332444522997
41-HYPERLIQUID-ETH-27MAR2026,41,Hyperliquid,ETH,ETH,2026-03-27,2026-03-08,24,0.04153030100526037,0.041786938332069944,,-0.140828388,11044.564400860248
41-HYPERLIQUID-ETH-27MAR2026,41,Hyperliquid,ETH,ETH,2026-03-27,2026-03-09,24,0.032346328219547374,0.032312484230006315,,0.016632904,11999.513357290796
41-HYPERLIQUID-ETH-27MAR2026,41,Hyperliquid,ETH,ETH,2026-03-27,2026-03-10,24,0.04337814269296927,0.04322312273304247,,0.081245496,13928.622202596438
41-HYPERLIQUID-ETH-27MAR2026,41,Hyperliquid,ETH,ETH,2026-03-27,2026-03-11,24,0.04156658963912377,0.04150483362099743,,-0.006724723499999999,14141.95182478476
41-HYPERLIQUID-ETH-27MAR2026,41,Hyperliquid,ETH,ETH,2026-03-27,2026-03-12,24,0.041438469316318643,0.04139176025565152,,-0.026916706,13836.302405050961
41-HYPERLIQUID-ETH-27MAR2026,41,Hyperliquid,ETH,ETH,2026-03-27,2026-03-13,24,0.04290977128406644,0.04299691491518203,,0.054626922,14386.56093686533
41-HYPERLIQUID-ETH-27MAR2026,41,Hyperliquid,ETH,ETH,2026-03-27,2026-03-14,24,0.04408703526944494,0.04402399621594388,,0.0424506315,15910.94916523708
41-HYPERLIQUID-ETH-27MAR2026,41,Hyperliquid,ETH,ETH,2026-03-27,2026-03-15,24,0.04701089333345506,0.04672417440813315,,0.0768826875,16004.893832603295
41-HYPERLIQUID-ETH-27MAR2026,41,Hyperliquid,ETH,ETH,2026-03-27,2026-03-16,24,0.04422437951430455,0.04416104198960149,,0.0120145225,15396.527817161586
41-HYPERLIQUID-ETH-27MAR2026,41,Hyperliquid,ETH,ETH,2026-03-27,2026-03-17,24,0.035798650240762585,0.03613130905278904,,-0.038678758,13757.460256727662
41-HYPERLIQUID-ETH-27MAR2026,41,Hyperliquid,ETH,ETH,2026-03-27,2026-03-18,24,0.04138849008510773,0.04127225976703761,,0.074959831,13149.470575151587
41-HYPERLIQUID-ETH-27MAR2026,41,Hyperliquid,ETH,ETH,2026-03-27,2026-03-19,24,0.03272716957435142,0.032899284886417975,,-0.008357295499999999,11529.65866689421
41-HYPERLIQUID-ETH-27MAR2026,41,Hyperliquid,ETH,ETH,2026-03-27,2026-03-20,24,0.03800779270338887,0.038428487714572454,,0.0501874635,11133.084395839085
41-HYPERLIQUID-ETH-27MAR2026,41,Hyperliquid,ETH,ETH,2026-03-27,2026-03-21,24,0.031725367614070986,0.03167337070990257,,0.0031535635,11265.901636421906
41-HYPERLIQUID-ETH-27MAR2026,41,Hyperliquid,ETH,ETH,2026-03-27,2026-03-22,24,0.009548516584393504,0.009184224488507045,,-0.0660379535,12730.93936981337
41-HYPERLIQUID-ETH-27MAR2026,41,Hyperliquid,ETH,ETH,2026-03-27,2026-03-23,24,0.0012878986962240864,0.0013426273666583147,,-0.0226536155,12990.01300447021
41-HYPERLIQUID-ETH-27MAR2026,41,Hyperliquid,ETH,ETH,2026-03-27,2026-03-24,24,0.01887227155534635,0.018897335927742346,,0.037215545999999995,15054.853674105429
41-HYPERLIQUID-ETH-27MAR2026,41,Hyperliquid,ETH,ETH,2026-03-27,2026-03-25,24,0.05569404286965105,0.05547767576842506,,0.10048085,14366.750110367677
41-HYPERLIQUID-ETH-27MAR2026,41,Hyperliquid,ETH,ETH,2026-03-27,2026-03-26,24,0.00846372897212515,0.008942252603882478,,-0.012082813999999999,12032.156385949549
42-BINANCE-XRPUSDT-27FEB2026,42,Binance,XRP,XRPUSDT,2026-02-27,2026-01-20,18,0.048986959609429385,0.04906448729101441,0.049,0.05241156666666666,264883.28797895997
42-BINANCE-XRPUSDT-27FEB2026,42,Binance,XRP,XRPUSDT,2026-02-27,2026-01-21,24,0.04792975593841231,0.0479561066609141,0.04792185668201032,-0.009038768749999997,437418.69897633
42-BINANCE-XRPUSDT-27FEB2026,42,Binance,XRP,XRPUSDT,2026-02-27,2026-01-22,24,0.04443331394154649,0.04463398091156224,0.04435501672595491,0.04581616875,897901.3492517882
42-BINANCE-XRPUSDT-27FEB2026,42,Binance,XRP,XRPUSDT,2026-02-27,2026-01-23,24,0.03996461176542452,0.03997743939926531,0.03996461176542452,0.02466898125,1616865.66403383
42-BINANCE-XRPUSDT-27FEB2026,42,Binance,XRP,XRPUSDT,2026-02-27,2026-01-24,24,0.03882102572593514,0.03889493573917228,0.03882102572593514,0.00362855625,1864097.9701392865
42-BINANCE-XRPUSDT-27FEB2026,42,Binance,XRP,XRPUSDT,2026-02-27,2026-01-25,24,0.03629618708328933,0.0363561729528466,0.03628274151938268,0.009994156249999999,2301250.442859979
42-BINANCE-XRPUSDT-27FEB2026,42,Binance,XRP,XRPUSDT,2026-02-27,2026-01-26,24,0.028148868266871848,0.028449538194243146,0.030235546618363685,-0.019610537499999994,3155668.643246343
42-BINANCE-XRPUSDT-27FEB2026,42,Binance,XRP,XRPUSDT,2026-02-27,2026-01-27,24,0.028499787184479663,0.02846963381117616,0.03019137036675527,0.028833631250000002,4930321.381954323
42-BINANCE-XRPUSDT-27FEB2026,42,Binance,XRP,XRPUSDT,2026-02-27,2026-01-28,24,0.031203001684564,0.0310282699552107,0.031198705442979608,0.06977659374999999,5649121.539465417
42-BINANCE-XRPUSDT-27FEB2026,42,Binance,XRP,XRPUSDT,2026-02-27,2026-01-29,24,0.029603646113039898,0.029472834360869993,0.03072184516722503,-0.020027093750000002,5660663.44994869
42-BINANCE-XRPUSDT-27FEB2026,42,Binance,XRP,XRPUSDT,2026-02-27,2026-01-30,24,0.01265295246125512,0.012399014740409997,,-0.12065303125,6904579.995704311
42-BINANCE-XRPUSDT-27FEB2026,42,Binance,XRP,XRPUSDT,2026-02-27,2026-01-31,24,0.003168265866594891,0.0031159854057635594,,-0.1319557125,7640404.544382679
42-BINANCE-XRPUSDT-27FEB2026,42,Binance,XRP,XRPUSDT,2026-02-27,2026-02-01,24,0.0016100117445717068,0.0019629935065039244,,-0.05263299999999999,8320839.915220297
42-BINANCE-XRPUSDT-27FEB2026,42,Binance,XRP,XRPUSDT,2026-02-27,2026-02-02,24,0.007664252784904116,0.00676594001128509,0.03727382857903297,0.003446056249999998,7683240.742571474
42-BINANCE-XRPUSDT-27FEB2026,42,Binance,XRP,XRPUSDT,2026-02-27,2026-02-03,24,0.011621364401427428,0.011600683145959462,,-0.0384390625,7156042.41123796
42-BINANCE-XRPUSDT-27FEB2026,42,Binance,XRP,XRPUSDT,2026-02-27,2026-02-04,24,0.02098969636175166,0.02056021887078306,,0.02940029375,6911834.930380275
42-BINANCE-XRPUSDT-27FEB2026,42,Binance,XRP,XRPUSDT,2026-02-27,2026-02-05,24,0.014865022357988275,0.015351903370340076,,-0.01489701875,6858830.84919205
42-BINANCE-XRPUSDT-27FEB2026,42,Binance,XRP,XRPUSDT,2026-02-27,2026-02-06,24,0.006509405789018982,0.006784521227284391,,-0.31934990625,6537814.16240507
42-BINANCE-XRPUSDT-27FEB2026,42,Binance,XRP,XRPUSDT,2026-02-27,2026-02-07,24,0.014232146214862339,0.013368726976605157,,-0.08755483125,6105683.344063055
42-BINANCE-XRPUSDT-27FEB2026,42,Binance,XRP,XRPUSDT,2026-02-27,2026-02-08,24,0.004603801912484932,0.004293416124867376,,-0.1286798375,5723631.437861861
42-BINANCE-XRPUSDT-27FEB2026,42,Binance,XRP,XRPUSDT,2026-02-27,2026-02-09,24,-0.001177205201432744,-0.0008861712908431302,,-0.0904314875,4257217.1107051
42-BINANCE-XRPUSDT-27FEB2026,42,Binance,XRP,XRPUSDT,2026-02-27,2026-02-10,24,-0.0031552102595647376,-0.0032533042884230587,,-0.12577854375,4116360.2026451137
42-BINANCE-XRPUSDT-27FEB2026,42,Binance,XRP,XRPUSDT,2026-02-27,2026-02-11,24,-0.009480028601839293,-0.010108642965917689,,-0.10334975,3910797.700403128
42-BINANCE-XRPUSDT-27FEB2026,42,Binance,XRP,XRPUSDT,2026-02-27,2026-02-12,24,-0.002675078893741805,-0.003761785203330417,,-0.018147800000000002,3942215.8043657765
42-BINANCE-XRPUSDT-27FEB2026,42,Binance,XRP,XRPUSDT,2026-02-27,2026-02-13,24,-0.00601145925335496,-0.005119255011109706,,-0.0402476375,3829481.6279415744
42-BINANCE-XRPUSDT-27FEB2026,42,Binance,XRP,XRPUSDT,2026-02-27,2026-02-14,24,-0.007884417636062123,-0.006997961201041551,,-0.05048816875,3972325.4619562216
42-BINANCE-XRPUSDT-27FEB2026,42,Binance,XRP,XRPUSDT,2026-02-27,2026-02-15,24,-0.01356598013881386,-0.013517507026570183,,-0.11457715,3692396.076040961
42-BINANCE-XRPUSDT-27FEB2026,42,Binance,XRP,XRPUSDT,2026-02-27,2026-02-16,24,-0.025272031884475698,-0.025922404241930836,,-0.14075175625,3973874.2223871853
42-BINANCE-XRPUSDT-27FEB2026,42,Binance,XRP,XRPUSDT,2026-02-27,2026-02-17,24,-0.025469236634364886,-0.02496961372298939,,-0.07530178124999999,4058046.4985809443
42-BINANCE-XRPUSDT-27FEB2026,42,Binance,XRP,XRPUSDT,2026-02-27,2026-02-18,24,-0.01467353292484593,-0.014769416472596662,,-0.011591031250000002,4186395.6654303237
42-BINANCE-XRPUSDT-27FEB2026,42,Binance,XRP,XRPUSDT,2026-02-27,2026-02-19,24,-0.016260839347234247,-0.015355833768187088,,-0.010001456250000002,3897943.7459784797
42-BINANCE-XRPUSDT-27FEB2026,42,Binance,XRP,XRPUSDT,2026-02-27,2026-02-20,24,-0.005346916626249567,-0.0045691691025810145,,-0.0373586625,5215001.942049212
42-BINANCE-XRPUSDT-27FEB2026,42,Binance,XRP,XRPUSDT,2026-02-27,2026-02-21,24,-0.0017484629431111587,-0.002526586614116005,,0.00760888125,5378481.354795116
42-BINANCE-XRPUSDT-27FEB2026,42,Binance,XRP,XRPUSDT,2026-02-27,2026-02-22,24,-0.023720400579951565,-0.02429809286453848,,-0.0781127375,5727611.094466816
42-BINANCE-XRPUSDT-27FEB2026,42,Binance,XRP,XRPUSDT,2026-02-27,2026-02-23,24,-0.04506459746626598,-0.0454010835455421,,-0.14176006875,5844319.92170784
42-BINANCE-XRPUSDT-27FEB2026,42,Binance,XRP,XRPUSDT,2026-02-27,2026-02-24,24,-0.0577754017370028,-0.056899045692124006,,-0.08538034374999999,5744573.519355729
42-BINANCE-XRPUSDT-27FEB2026,42,Binance,XRP,XRPUSDT,2026-02-27,2026-02-25,24,-0.027546312047115648,-0.027283240473446223,,0.02042311875,6833694.407215047
42-BINANCE-XRPUSDT-27FEB2026,42,Binance,XRP,XRPUSDT,2026-02-27,2026-02-26,24,-0.006504457268749478,-0.005473770724970693,,0.03958653125,6153499.775681938
43-HYPERLIQUID-XRP-27FEB2026,43,Hyperliquid,XRP,XRP,2026-02-27,2026-01-20,18,0.08200332711249787,0.08209397268762787,0.082,0.07569170466666666,109555.17209389334
43-HYPERLIQUID-XRP-27FEB2026,43,Hyperliquid,XRP,XRP,2026-02-27,2026-01-21,24,0.0823731318228429,0.08245701244039051,0.0823826175524943,0.052583980499999995,179741.93005766007
43-HYPERLIQUID-XRP-27FEB2026,43,Hyperliquid,XRP,XRP,2026-02-27,2026-01-22,24,0.08808383099387494,0.08807118102403082,0.08805668176135177,0.099392639,329911.85887353186
43-HYPERLIQUID-XRP-27FEB2026,43,Hyperliquid,XRP,XRP,2026-02-27,2026-01-23,24,0.08233992900572128,0.08224196029547176,0.08230003460480133,0.0092197175,405281.7372920122
43-HYPERLIQUID-XRP-27FEB2026,43,Hyperliquid,XRP,XRP,2026-02-27,2026-01-24,24,0.08135300688776236,0.08136926751988591,0.08132597144005581,0.0316015905,423574.56056274776
43-HYPERLIQUID-XRP-27FEB2026,43,Hyperliquid,XRP,XRP,2026-02-27,2026-01-25,24,0.0801599475897628,0.08016172816792713,0.0801599475897628,0.000777303999999999,622348.2213134683
43-HYPERLIQUID-XRP-27FEB2026,43,Hyperliquid,XRP,XRP,2026-02-27,2026-01-26,24,0.07955601247596515,0.07955059982553539,0.07955155385435214,0.009024040999999998,1005480.7991387643
43-HYPERLIQUID-XRP-27FEB2026,43,Hyperliquid,XRP,XRP,2026-02-27,2026-01-27,24,0.08215332567779182,0.08215720054208202,0.08215332567779182,0.106746002,1029285.5041151611
43-HYPERLIQUID-XRP-27FEB2026,43,Hyperliquid,XRP,XRP,2026-02-27,2026-01-28,24,0.08128278351842838,0.08114768735988538,0.08114768735988538,0.10854618199999999,1088920.9348392673
43-HYPERLIQUID-XRP-27FEB2026,43,Hyperliquid,XRP,XRP,2026-02-27,2026-01-29,24,0.07907138873202223,0.07907499452146372,0.07904054410282449,0.03530426,1080640.6792932993
43-HYPERLIQUID-XRP-27FEB2026,43,Hyperliquid,XRP,XRP,2026-02-27,2026-01-30,24,0.06221767344476897,0.06252188847456633,0.06214171184761008,-0.16990490849999998,1610439.0877311027
43-HYPERLIQUID-XRP-27FEB2026,43,Hyperliquid,XRP,XRP,2026-02-27,2026-01-31,24,0.04095854534272558,0.04065002183405984,0.050691916282618245,-0.2477778045,2759014.9882689263
43-HYPERLIQUID-XRP-27FEB2026,43,Hyperliquid,XRP,XRP,2026-02-27,2026-02-01,24,0.014160684278108312,0.014245193584647318,,-0.3348117625,5363105.226520014
43-HYPERLIQUID-XRP-27FEB2026,43,Hyperliquid,XRP,XRP,2026-02-27,2026-02-02,24,-0.014517797536469325,-0.014492806906194448,,-0.2800917655,13276197.228956519
43-HYPERLIQUID-XRP-27FEB2026,43,Hyperliquid,XRP,XRP,2026-02-27,2026-02-03,24,-0.024743831323444144,-0.02462670192624695,,-0.19995174500000001,16452291.734536283
43-HYPERLIQUID-XRP-27FEB2026,43,Hyperliquid,XRP,XRP,2026-02-27,2026-02-04,24,0.04523496289141216,0.04540745591712936,0.06718441897054359,0.046778692000000004,11303544.279961154
43-HYPERLIQUID-XRP-27FEB2026,43,Hyperliquid,XRP,XRP,2026-02-27,2026-02-05,24,0.03433988661603286,0.03394504646670211,,0.020627026,8027346.163152605
43-HYPERLIQUID-XRP-27FEB2026,43,Hyperliquid,XRP,XRP,2026-02-27,2026-02-06,24,0.0009162124382667013,0.0006635021075229565,,-0.3570850845,8026193.002292591
43-HYPERLIQUID-XRP-27FEB2026,43,Hyperliquid,XRP,XRP,2026-02-27,2026-02-07,24,-0.0028414086856654204,-0.002963636183438191,,-0.1810804055,8007651.898795448
43-HYPERLIQUID-XRP-27FEB2026,43,Hyperliquid,XRP,XRP,2026-02-27,2026-02-08,24,-0.015984479399682464,-0.016716808537911455,,-0.21496558200000002,8113945.880691543
43-HYPERLIQUID-XRP-27FEB2026,43,Hyperliquid,XRP,XRP,2026-02-27,2026-02-09,24,-0.005990687086122718,-0.006212960093057823,,-0.1287003505,8569042.169450788
43-HYPERLIQUID-XRP-27FEB2026,43,Hyperliquid,XRP,XRP,2026-02-27,2026-02-10,24,-0.020072958915848135,-0.020490351292633827,,-0.17158646349999998,7374042.987403792
43-HYPERLIQUID-XRP-27FEB2026,43,Hyperliquid,XRP,XRP,2026-02-27,2026-02-11,24,-0.02806252580398599,-0.027867014593354545,,-0.17666832200000002,5554021.277517281
43-HYPERLIQUID-XRP-27FEB2026,43,Hyperliquid,XRP,XRP,2026-02-27,2026-02-12,24,-0.022877132513245083,-0.02289312108743463,,-0.096770114,4830664.348353106
43-HYPERLIQUID-XRP-27FEB2026,43,Hyperliquid,XRP,XRP,2026-02-27,2026-02-13,24,-0.022064824004291456,-0.022518531558363263,,-0.1175101805,4525708.80483476
43-HYPERLIQUID-XRP-27FEB2026,43,Hyperliquid,XRP,XRP,2026-02-27,2026-02-14,24,-0.030965730915280435,-0.030742660677792577,,-0.0776604295,4609679.916101268
43-HYPERLIQUID-XRP-27FEB2026,43,Hyperliquid,XRP,XRP,2026-02-27,2026-02-15,24,-0.0523192460131097,-0.052060264284092404,,-0.1705328545,5678874.49417882
43-HYPERLIQUID-XRP-27FEB2026,43,Hyperliquid,XRP,XRP,2026-02-27,2026-02-16,24,-0.07378782007460287,-0.07338780115269172,,-0.219116654,6035678.072277264
43-HYPERLIQUID-XRP-27FEB2026,43,Hyperliquid,XRP,XRP,2026-02-27,2026-02-17,24,-0.0750886062453613,-0.07479784075054606,,-0.1482116445,6276270.126158883
43-HYPERLIQUID-XRP-27FEB2026,43,Hyperliquid,XRP,XRP,2026-02-27,2026-02-18,24,-0.06958112142186781,-0.06924496392501288,,-0.0838450625,7498188.71124649
43-HYPERLIQUID-XRP-27FEB2026,43,Hyperliquid,XRP,XRP,2026-02-27,2026-02-19,24,-0.07039568432538713,-0.06970043797634463,,-0.0061643025,8277647.309997042
43-HYPERLIQUID-XRP-27FEB2026,43,Hyperliquid,XRP,XRP,2026-02-27,2026-02-20,24,-0.06093546498656007,-0.05954820723117454,,-0.0240438275,8066124.9426153
43-HYPERLIQUID-XRP-27FEB2026,43,Hyperliquid,XRP,XRP,2026-02-27,2026-02-21,24,-0.04518013118670893,-0.04461466547196552,,-0.048572156,7969593.446705777
43-HYPERLIQUID-XRP-27FEB2026,43,Hyperliquid,XRP,XRP,2026-02-27,2026-02-22,24,-0.05577553331526042,-0.05586201457945544,,-0.1195818475,8271721.767732034
43-HYPERLIQUID-XRP-27FEB2026,43,Hyperliquid,XRP,XRP,2026-02-27,2026-02-23,24,-0.07267727959149599,-0.0715652469909643,,-0.0769974435,8380873.791562711
43-HYPERLIQUID-XRP-27FEB2026,43,Hyperliquid,XRP,XRP,2026-02-27,2026-02-24,24,-0.07285650506276657,-0.07268219549901744,,-0.06989622250000001,7477661.407261238
43-HYPERLIQUID-XRP-27FEB2026,43,Hyperliquid,XRP,XRP,2026-02-27,2026-02-25,24,-0.035256950660273,-0.035000839559468616,,0.0348144665,8136805.326724023
43-HYPERLIQUID-XRP-27FEB2026,43,Hyperliquid,XRP,XRP,2026-02-27,2026-02-26,24,-0.02134754218030692,-0.020229615300606914,,0.012679516,8828252.995774655
44-BINANCE-ETHUSDT-27FEB2026,44,Binance,ETH,ETHUSDT,2026-02-27,2026-01-20,17,0.05595059045875051,0.056011037645664646,0.056,0.036992964705882356,26.452992542745097
44-BINANCE-ETHUSDT-27FEB2026,44,Binance,ETH,ETHUSDT,2026-02-27,2026-01-21,24,0.055249567002306814,0.05528191094585556,0.05521065954086818,0.00806604375,168.94267071543615
44-BINANCE-ETHUSDT-27FEB2026,44,Binance,ETH,ETHUSDT,2026-02-27,2026-01-22,24,0.05368040299944279,0.05369050400512198,0.05368040299944279,0.026910537499999998,233.56352743395686
44-BINANCE-ETHUSDT-27FEB2026,44,Binance,ETH,ETHUSDT,2026-02-27,2026-01-23,24,0.053146991101823825,0.05315933677543172,0.053146991101823825,0.0313525875,251.8413343494435
44-BINANCE-ETHUSDT-27FEB2026,44,Binance,ETH,ETHUSDT,2026-02-27,2026-01-24,24,0.05313490303975197,0.053137397509960584,0.05313490303975197,0.02411600625,251.2566901130631
44-BINANCE-ETHUSDT-27FEB2026,44,Binance,ETH,ETHUSDT,2026-02-27,2026-01-25,24,0.053146174093653846,0.053146174093653846,0.053146174093653846,0.05306050625,248.45410813013223
44-BINANCE-ETHUSDT-27FEB2026,44,Binance,ETH,ETHUSDT,2026-02-27,2026-01-26,24,0.05023679589816121,0.0503665159883731,0.050157100076612206,-0.01978801875,861.5617868417902
44-BINANCE-ETHUSDT-27FEB2026,44,Binance,ETH,ETHUSDT,2026-02-27,2026-01-27,24,0.0526242371050592,0.0526242371050592,0.0526242371050592,0.0891211375,700.8210872699337
44-BINANCE-ETHUSDT-27FEB2026,44,Binance,ETH,ETHUSDT,2026-02-27,2026-01-28,24,0.05249701834402764,0.05249701834402764,0.05249701834402764,0.08534201875000001,686.4562224062978
44-BINANCE-ETHUSDT-27FEB2026,44,Binance,ETH,ETHUSDT,2026-02-27,2026-01-29,24,0.051900717689602464,0.051900717689602464,0.051900717689602464,0.030479325,686.4538387726017
44-BINANCE-ETHUSDT-27FEB2026,44,Binance,ETH,ETHUSDT,2026-02-27,2026-01-30,24,0.051725440343024294,0.051725440343024294,0.051725440343024294,-0.00010904374999999999,695.6205054392684
44-BINANCE-ETHUSDT-27FEB2026,44,Binance,ETH,ETHUSDT,2026-02-27,2026-01-31,24,0.049434202322645664,0.04943411131833658,0.049434202322645664,-0.047269325,803.2427974542217
44-BINANCE-ETHUSDT-27FEB2026,44,Binance,ETH,ETHUSDT,2026-02-27,2026-02-01,24,0.04380402812826375,0.04371967741208357,0.04354758242158823,-0.08219800000000001,1256.1422964229366
44-BINANCE-ETHUSDT-27FEB2026,44,Binance,ETH,ETHUSDT,2026-02-27,2026-02-02,24,0.023819885175993122,0.023653982751192182,0.03931149644648367,-0.12402471875,2059.7641216430293
44-BINANCE-ETHUSDT-27FEB2026,44,Binance,ETH,ETHUSDT,2026-02-27,2026-02-03,24,0.013821320150782879,0.013678556823908714,,-0.0702707125,3626.25997820726
44-BINANCE-ETHUSDT-27FEB2026,44,Binance,ETH,ETHUSDT,2026-02-27,2026-02-04,24,0.022213596528455504,0.0216445323892699,0.033306525494807185,-0.022769612499999998,2481.185677007943
44-BINANCE-ETHUSDT-27FEB2026,44,Binance,ETH,ETHUSDT,2026-02-27,2026-02-05,24,0.029663537962207217,0.029718977250186147,0.03169397088358147,-0.0094462,1042.5627890186738
44-BINANCE-ETHUSDT-27FEB2026,44,Binance,ETH,ETHUSDT,2026-02-27,2026-02-06,24,0.020519787124441583,0.02062364174097514,0.0325077957272932,-0.12954990624999999,2633.927954492332
44-BINANCE-ETHUSDT-27FEB2026,44,Binance,ETH,ETHUSDT,2026-02-27,2026-02-07,24,0.03162539022020095,0.03181733980359363,0.032113005661199664,0.041902,2371.4657121557707
44-BINANCE-ETHUSDT-27FEB2026,44,Binance,ETH,ETHUSDT,2026-02-27,2026-02-08,24,0.02738245866980674,0.027606866305845492,0.030112367457049954,-0.0178840875,2105.8887034393815
44-BINANCE-ETHUSDT-27FEB2026,44,Binance,ETH,ETHUSDT,2026-02-27,2026-02-09,24,0.026584516331786965,0.02644784099163056,,-0.03600725,2175.70294889614
44-BINANCE-ETHUSDT-27FEB2026,44,Binance,ETH,ETHUSDT,2026-02-27,2026-02-10,24,0.020192239328030052,0.0197328970198006,,-0.10216395625000001,2462.912528676395
44-BINANCE-ETHUSDT-27FEB2026,44,Binance,ETH,ETHUSDT,2026-02-27,2026-02-11,24,0.009192152684521877,0.009723780385414665,,-0.12635889375,2776.148083143354
44-BINANCE-ETHUSDT-27FEB2026,44,Binance,ETH,ETHUSDT,2026-02-27,2026-02-12,24,0.01457757669705541,0.01432730359263277,,-0.01985919375,3100.634713230735
44-BINANCE-ETHUSDT-27FEB2026,44,Binance,ETH,ETHUSDT,2026-02-27,2026-02-13,24,0.01186866387982771,0.012112733065568216,,-0.03763651875,3511.4614599125903
44-BINANCE-ETHUSDT-27FEB2026,44,Binance,ETH,ETHUSDT,2026-02-27,2026-02-14,24,0.014525784060993937,0.014205054540200083,,9.353124999999972e-05,3967.6851634062477
44-BINANCE-ETHUSDT-27FEB2026,44,Binance,ETH,ETHUSDT,2026-02-27,2026-02-15,24,0.013752054924492807,0.013932597334195941,,-0.025584218749999995,4728.259883241167
44-BINANCE-ETHUSDT-27FEB2026,44,Binance,ETH,ETHUSDT,2026-02-27,2026-02-16,24,0.010885003330247162,0.010973525375735468,,-0.05564196875,4879.1723634681375
44-BINANCE-ETHUSDT-27FEB2026,44,Binance,ETH,ETHUSDT,2026-02-27,2026-02-17,24,0.014595590227130383,0.015198629180327978,,0.005702212499999999,4339.446181021699
44-BINANCE-ETHUSDT-27FEB2026,44,Binance,ETH,ETHUSDT,2026-02-27,2026-02-18,24,0.011990710027729098,0.012014771295069232,,-0.014641518749999999,4249.822828387753
44-BINANCE-ETHUSDT-27FEB2026,44,Binance,ETH,ETHUSDT,2026-02-27,2026-02-19,24,0.005210903482629744,0.005670659458014333,,-0.07504445624999999,5266.126765427552
44-BINANCE-ETHUSDT-27FEB2026,44,Binance,ETH,ETHUSDT,2026-02-27,2026-02-20,24,0.0024665142056100454,0.002771731394510283,,-0.055024206250000006,7464.936586438024
44-BINANCE-ETHUSDT-27FEB2026,44,Binance,ETH,ETHUSDT,2026-02-27,2026-02-21,24,0.010238105802595618,0.01093004640249035,,0.045794725,8617.361214457595
44-BINANCE-ETHUSDT-27FEB2026,44,Binance,ETH,ETHUSDT,2026-02-27,2026-02-22,24,0.011260777259234613,0.010847620440067636,,0.008854443750000001,7937.716017562944
44-BINANCE-ETHUSDT-27FEB2026,44,Binance,ETH,ETHUSDT,2026-02-27,2026-02-23,24,-0.01335504490189023,-0.013644965907062179,,-0.14223730625,7187.790803315495
44-BINANCE-ETHUSDT-27FEB2026,44,Binance,ETH,ETHUSDT,2026-02-27,2026-02-24,24,-0.01319322463197367,-0.013606573562638563,,-0.015444975,8211.791435448702
44-BINANCE-ETHUSDT-27FEB2026,44,Binance,ETH,ETHUSDT,2026-02-27,2026-02-25,24,0.017005917728312368,0.01814088373793304,0.03363726221059423,0.02469270625,9652.510083344696
44-BINANCE-ETHUSDT-27FEB2026,44,Binance,ETH,ETHUSDT,2026-02-27,2026-02-26,24,0.012258553960156711,0.013838967542293272,0.03558423286145662,0.03412886875,9550.790191301723
45-HYPERLIQUID-ETH-27FEB2026,45,Hyperliquid,ETH,ETH,2026-02-27,2026-01-20,17,0.08897067698815728,0.08904140850970588,0.089,0.04493148282352941,11.501345414901962
45-HYPERLIQUID-ETH-27FEB2026,45,Hyperliquid,ETH,ETH,2026-02-27,2026-01-21,24,0.08141774342752867,0.08140679734564628,0.08134993092901315,0.0782345015,793.6588063564358
45-HYPERLIQUID-ETH-27FEB2026,45,Hyperliquid,ETH,ETH,2026-02-27,2026-01-22,24,0.08152300675216284,0.0814861550501282,0.08152300675216284,0.10074941700000001,1074.7201795033334
45-HYPERLIQUID-ETH-27FEB2026,45,Hyperliquid,ETH,ETH,2026-02-27,2026-01-23,24,0.07952419319988603,0.07951515415324693,0.0795197014629253,-0.003303469000000001,2159.75124255627
45-HYPERLIQUID-ETH-27FEB2026,45,Hyperliquid,ETH,ETH,2026-02-27,2026-01-24,24,0.07828810244537371,0.07825787257609555,0.07827014401901992,-0.030730079999999996,3015.3200076311846
45-HYPERLIQUID-ETH-27FEB2026,45,Hyperliquid,ETH,ETH,2026-02-27,2026-01-25,24,0.07838568616743184,0.07839148671320122,0.07836772909833407,-0.025074843,2955.819045642529
45-HYPERLIQUID-ETH-27FEB2026,45,Hyperliquid,ETH,ETH,2026-02-27,2026-01-26,24,0.07786879803158485,0.0775276717855798,0.0775646468209154,0.0198071265,2909.484990101369
45-HYPERLIQUID-ETH-27FEB2026,45,Hyperliquid,ETH,ETH,2026-02-27,2026-01-27,24,0.07810228523114147,0.0780900802382493,0.07810228523114147,0.099637919,2939.4720276776757
45-HYPERLIQUID-ETH-27FEB2026,45,Hyperliquid,ETH,ETH,2026-02-27,2026-01-28,24,0.08021667783971693,0.08020187975394344,0.08021667783971693,0.1073928185,3161.2353791835126
45-HYPERLIQUID-ETH-27FEB2026,45,Hyperliquid,ETH,ETH,2026-02-27,2026-01-29,24,0.08015211617835932,0.08001361270563634,0.08009856046706104,0.1094377675,3275.3920529911825
45-HYPERLIQUID-ETH-27FEB2026,45,Hyperliquid,ETH,ETH,2026-02-27,2026-01-30,24,0.07547366795436854,0.0753513090473071,0.0754425711403765,0.041556199,3954.379359880972
45-HYPERLIQUID-ETH-27FEB2026,45,Hyperliquid,ETH,ETH,2026-02-27,2026-01-31,24,0.07556673868185158,0.07550691899022367,0.07552725620033372,-0.028062879,4351.812677790657
45-HYPERLIQUID-ETH-27FEB2026,45,Hyperliquid,ETH,ETH,2026-02-27,2026-02-01,24,0.061200615577678,0.06140114894055069,0.061762101276517004,-0.1967089755,4789.547332085745
45-HYPERLIQUID-ETH-27FEB2026,45,Hyperliquid,ETH,ETH,2026-02-27,2026-02-02,24,0.02242098909998574,0.022393024541329132,,-0.23370322200000002,7143.221018936848
45-HYPERLIQUID-ETH-27FEB2026,45,Hyperliquid,ETH,ETH,2026-02-27,2026-02-03,24,0.005090308686797598,0.005034558306443783,,-0.125866235,8209.476699067865
45-HYPERLIQUID-ETH-27FEB2026,45,Hyperliquid,ETH,ETH,2026-02-27,2026-02-04,24,0.04911184313567112,0.04875388050410174,0.06008050305006303,0.0692725835,9834.91330781044
45-HYPERLIQUID-ETH-27FEB2026,45,Hyperliquid,ETH,ETH,2026-02-27,2026-02-05,24,0.05903114893816572,0.05887215909205217,0.06543393700992146,0.069005659,10275.705102515441
45-HYPERLIQUID-ETH-27FEB2026,45,Hyperliquid,ETH,ETH,2026-02-27,2026-02-06,24,0.03601414468145623,0.03632162289775818,,-0.01816751,10753.02451750673
45-HYPERLIQUID-ETH-27FEB2026,45,Hyperliquid,ETH,ETH,2026-02-27,2026-02-07,24,0.0412225289409571,0.04169973991239695,0.05044715298393558,-0.029580585500000003,9473.00306242269
45-HYPERLIQUID-ETH-27FEB2026,45,Hyperliquid,ETH,ETH,2026-02-27,2026-02-08,24,0.036391904061198486,0.0361799499884544,,-0.0326336645,8825.998189949736
45-HYPERLIQUID-ETH-27FEB2026,45,Hyperliquid,ETH,ETH,2026-02-27,2026-02-09,24,0.03765688654878156,0.03735361651788352,,0.023662074,9164.950928544802
45-HYPERLIQUID-ETH-27FEB2026,45,Hyperliquid,ETH,ETH,2026-02-27,2026-02-10,24,0.045573710553799184,0.04549326136153165,,0.10368602449999999,10407.30094347051
45-HYPERLIQUID-ETH-27FEB2026,45,Hyperliquid,ETH,ETH,2026-02-27,2026-02-11,24,0.041453572255215544,0.041326168330309866,,0.0376611745,10160.97260608215
45-HYPERLIQUID-ETH-27FEB2026,45,Hyperliquid,ETH,ETH,2026-02-27,2026-02-12,24,0.04109799113400805,0.0410582406829817,,0.049994634,10098.968034874975
45-HYPERLIQUID-ETH-27FEB2026,45,Hyperliquid,ETH,ETH,2026-02-27,2026-02-13,24,0.04344012091194674,0.0433060400300908,,0.071223764,10202.91723177731
45-HYPERLIQUID-ETH-27FEB2026,45,Hyperliquid,ETH,ETH,2026-02-27,2026-02-14,24,0.04715834229374288,0.04718762772462576,0.05126978233177614,0.059097442,10281.049191919983
45-HYPERLIQUID-ETH-27FEB2026,45,Hyperliquid,ETH,ETH,2026-02-27,2026-02-15,24,0.04590741565276991,0.045556543697944395,0.051374932964630755,-0.001780834999999999,10521.252615341768
45-HYPERLIQUID-ETH-27FEB2026,45,Hyperliquid,ETH,ETH,2026-02-27,2026-02-16,24,0.04573955094284036,0.044979146082227715,,0.054261703,10126.946611218535
45-HYPERLIQUID-ETH-27FEB2026,45,Hyperliquid,ETH,ETH,2026-02-27,2026-02-17,24,0.04822505383997177,0.04856197624639316,0.05230720638983148,0.07991715149999999,9974.217858492404
45-HYPERLIQUID-ETH-27FEB2026,45,Hyperliquid,ETH,ETH,2026-02-27,2026-02-18,24,0.05469358639174246,0.054765879539976726,0.05469358639174246,0.077869319,10162.898589444218
45-HYPERLIQUID-ETH-27FEB2026,45,Hyperliquid,ETH,ETH,2026-02-27,2026-02-19,24,0.05682385262703233,0.05686325825174701,0.056789624963024164,0.0602551855,10344.825459038397
45-HYPERLIQUID-ETH-27FEB2026,45,Hyperliquid,ETH,ETH,2026-02-27,2026-02-20,24,0.0583021356275043,0.058151491390368536,0.058212910379291626,0.059723782,10279.468973512741
45-HYPERLIQUID-ETH-27FEB2026,45,Hyperliquid,ETH,ETH,2026-02-27,2026-02-21,24,0.060295387387540596,0.060305599885500126,0.06030682252291316,0.07394914600000001,10955.468101760242
45-HYPERLIQUID-ETH-27FEB2026,45,Hyperliquid,ETH,ETH,2026-02-27,2026-02-22,24,0.06215436568197182,0.0620480157825632,0.06199807001336111,0.075049256,11043.96434788728
45-HYPERLIQUID-ETH-27FEB2026,45,Hyperliquid,ETH,ETH,2026-02-27,2026-02-23,24,0.04292625813151619,0.04294992509739587,0.05677108366739566,-0.0013652095,11491.370772089116
45-HYPERLIQUID-ETH-27FEB2026,45,Hyperliquid,ETH,ETH,2026-02-27,2026-02-24,24,0.05693141111733933,0.05698206639774441,0.0591197150835847,0.0783256785,10967.02243510053
45-HYPERLIQUID-ETH-27FEB2026,45,Hyperliquid,ETH,ETH,2026-02-27,2026-02-25,24,0.0617919655500308,0.06113218693172729,0.06159597107427289,0.07800342,10193.137659146498
45-HYPERLIQUID-ETH-27FEB2026,45,Hyperliquid,ETH,ETH,2026-02-27,2026-02-26,24,0.06312637224987937,0.06286776408472991,0.06296287355307643,0.071792434,10761.84693637087
46-OKX-ETHUSDT-27FEB2026,46,OKX,ETH,ETHUSDT,2026-02-27,2026-01-20,17,0.032968889413238625,0.03303305383225234,0.033,0.03951194705447735,33.09720858352941
46-OKX-ETHUSDT-27FEB2026,46,OKX,ETH,ETHUSDT,2026-02-27,2026-01-21,24,0.0324870467794059,0.0325000399521053,0.03254378179769487,-0.033173625331286254,129.29142621901096
46-OKX-ETHUSDT-27FEB2026,46,OKX,ETH,ETHUSDT,2026-02-27,2026-01-22,24,0.029814734971528478,0.029806413486720987,0.02984607112246755,0.007794512424121688,612.3326297501053
46-OKX-ETHUSDT-27FEB2026,46,OKX,ETH,ETHUSDT,2026-02-27,2026-01-23,24,0.0290558986916,0.02900375070562636,0.0290558986916,0.022379014203829622,756.6947339313361
46-OKX-ETHUSDT-27FEB2026,46,OKX,ETH,ETHUSDT,2026-02-27,2026-01-24,24,0.028425204450182057,0.028390946035385233,0.028390946035385233,-0.007229733698876313,846.7021843756123
46-OKX-ETHUSDT-27FEB2026,46,OKX,ETH,ETHUSDT,2026-02-27,2026-01-25,24,0.027234540948409824,0.027236600345135517,0.027230265706393253,0.004836394801531624,1023.2635261949034
46-OKX-ETHUSDT-27FEB2026,46,OKX,ETH,ETHUSDT,2026-02-27,2026-01-26,24,0.02488672638553709,0.024904725514151006,0.024792841910208113,-0.030874349870622066,1152.0641659800845
46-OKX-ETHUSDT-27FEB2026,46,OKX,ETH,ETHUSDT,2026-02-27,2026-01-27,24,0.028643149351007854,0.028604164707918604,0.028643149351007854,0.057058519857260494,1339.033753654682
46-OKX-ETHUSDT-27FEB2026,46,OKX,ETH,ETHUSDT,2026-02-27,2026-01-28,24,0.029541848981784056,0.029465384867003636,0.029477456890798327,0.05008531391809331,1802.7478723923507
46-OKX-ETHUSDT-27FEB2026,46,OKX,ETH,ETHUSDT,2026-02-27,2026-01-29,24,0.03075827977075596,0.030728346162717732,0.030753986535413214,0.02685146923641481,2237.8797309803
46-OKX-ETHUSDT-27FEB2026,46,OKX,ETH,ETHUSDT,2026-02-27,2026-01-30,24,0.024737978986511932,0.024808577387159775,0.024737978986511932,-0.03573661975488225,3710.0243569234967
46-OKX-ETHUSDT-27FEB2026,46,OKX,ETH,ETHUSDT,2026-02-27,2026-01-31,24,0.019910410799400233,0.01974818571254445,0.01968996424286894,-0.06783876799785495,4614.938137553147
46-OKX-ETHUSDT-27FEB2026,46,OKX,ETH,ETHUSDT,2026-02-27,2026-02-01,24,0.015952241331501405,0.015819438870976754,0.01590993798954327,-0.0681287341705555,4867.423385803039
46-OKX-ETHUSDT-27FEB2026,46,OKX,ETH,ETHUSDT,2026-02-27,2026-02-02,24,0.014672967623857865,0.014686523184263214,0.014672967623857865,-0.06446515057627807,4776.343634898295
46-OKX-ETHUSDT-27FEB2026,46,OKX,ETH,ETHUSDT,2026-02-27,2026-02-03,24,0.011333764951057972,0.011330798115559053,0.013330987501023735,-0.049043553282738316,5157.8294342684485
46-OKX-ETHUSDT-27FEB2026,46,OKX,ETH,ETHUSDT,2026-02-27,2026-02-04,24,0.020529962162216402,0.02044076656986969,0.02269888031533987,-0.011570759272799686,4351.515575854209
46-OKX-ETHUSDT-27FEB2026,46,OKX,ETH,ETHUSDT,2026-02-27,2026-02-05,24,0.026591367487483013,0.026574930412098654,0.026620435784518667,0.019236956065692375,4050.855205077198
46-OKX-ETHUSDT-27FEB2026,46,OKX,ETH,ETHUSDT,2026-02-27,2026-02-06,24,0.027316335959125415,0.027162290974095876,0.0271740405804568,0.008576289991086937,3743.3586152758567
46-OKX-ETHUSDT-27FEB2026,46,OKX,ETH,ETHUSDT,2026-02-27,2026-02-07,24,0.02911643095355446,0.029136250690862436,0.029125052831649647,0.03356008056152631,3741.511543558405
46-OKX-ETHUSDT-27FEB2026,46,OKX,ETH,ETHUSDT,2026-02-27,2026-02-08,24,0.02714196481111739,0.027097669900095087,0.02711629539707908,0.015162206318267625,3821.042435011354
46-OKX-ETHUSDT-27FEB2026,46,OKX,ETH,ETHUSDT,2026-02-27,2026-02-09,24,0.030438689056564428,0.03035521361293832,0.030438689056564428,0.05544938682278857,3953.8970411930754
46-OKX-ETHUSDT-27FEB2026,46,OKX,ETH,ETHUSDT,2026-02-27,2026-02-10,24,0.03354468342161876,0.03354130691445819,0.03354038417168767,0.08694786433720168,4081.4333153864604
46-OKX-ETHUSDT-27FEB2026,46,OKX,ETH,ETHUSDT,2026-02-27,2026-02-11,24,0.030574178506922973,0.030542105343537337,0.030565586882938072,0.01750375312856837,4091.3813385761205
46-OKX-ETHUSDT-27FEB2026,46,OKX,ETH,ETHUSDT,2026-02-27,2026-02-12,24,0.02970917712491727,0.02967316581395157,0.02970917712491727,0.0053881306285665,4118.769775876205
46-OKX-ETHUSDT-27FEB2026,46,OKX,ETH,ETHUSDT,2026-02-27,2026-02-13,24,0.03366296767688133,0.033575550780517986,0.03366121504774214,0.05045954254433994,3906.9127776930095
46-OKX-ETHUSDT-27FEB2026,46,OKX,ETH,ETHUSDT,2026-02-27,2026-02-14,24,0.03625891197853151,0.03644521255624681,0.036470588818299864,0.05092998940145212,3861.7052446028924
46-OKX-ETHUSDT-27FEB2026,46,OKX,ETH,ETHUSDT,2026-02-27,2026-02-15,24,0.035955804412027635,0.0360743151916622,0.03607018721474291,0.0739265881259345,4116.6287104252215
46-OKX-ETHUSDT-27FEB2026,46,OKX,ETH,ETHUSDT,2026-02-27,2026-02-16,24,0.03380095057966945,0.0336405955219016,0.03367934725146423,-0.015835630950311125,4075.442161244911
46-OKX-ETHUSDT-27FEB2026,46,OKX,ETH,ETHUSDT,2026-02-27,2026-02-17,24,0.03246430824852308,0.032439453163230235,0.03227867002099984,-0.0012011764675750628,3841.7733390891985
46-OKX-ETHUSDT-27FEB2026,46,OKX,ETH,ETHUSDT,2026-02-27,2026-02-18,24,0.029099246392363113,0.029197074891761654,0.029094957448002588,0.00555762554995875,3967.22790326563
46-OKX-ETHUSDT-27FEB2026,46,OKX,ETH,ETHUSDT,2026-02-27,2026-02-19,24,0.025928960918195434,0.02592148252214174,0.025865030935096917,-0.029317229430411377,4204.646187439992
46-OKX-ETHUSDT-27FEB2026,46,OKX,ETH,ETHUSDT,2026-02-27,2026-02-20,24,0.02257808888902249,0.022607977658447038,0.02257808888902249,-0.00785291785083675,4265.7556789564105
46-OKX-ETHUSDT-27FEB2026,46,OKX,ETH,ETHUSDT,2026-02-27,2026-02-21,24,0.02282948670068809,0.022907937247882686,0.02282948670068809,0.0211345002956035,4209.337290182154
46-OKX-ETHUSDT-27FEB2026,46,OKX,ETH,ETHUSDT,2026-02-27,2026-02-22,24,0.025020136694127715,0.025006982767612377,0.025020136694127715,0.03374334671607663,4023.930216729599
46-OKX-ETHUSDT-27FEB2026,46,OKX,ETH,ETHUSDT,2026-02-27,2026-02-23,24,0.011315019791177489,0.011500636902132814,0.022341464317665566,-0.08921950019490732,5326.511072119812
46-OKX-ETHUSDT-27FEB2026,46,OKX,ETH,ETHUSDT,2026-02-27,2026-02-24,24,0.008042008122567609,0.007772958113138703,0.015273324990154448,-0.008268697628521185,5354.408420312249
46-OKX-ETHUSDT-27FEB2026,46,OKX,ETH,ETHUSDT,2026-02-27,2026-02-25,24,0.01846422707061952,0.018741316086738864,0.02699838065930917,0.0013158083391506899,5549.063430488454
46-OKX-ETHUSDT-27FEB2026,46,OKX,ETH,ETHUSDT,2026-02-27,2026-02-26,24,0.05186532215348814,0.051429655334955394,0.054689099848114764,0.104504604394695,4627.2390443046115
47-HYPERLIQUID-ETH-27FEB2026,47,Hyperliquid,ETH,ETH,2026-02-27,2026-01-26,15,0.08904140850970586,0.08904140850970586,,0.012135344800000001,0.0
47-HYPERLIQUID-ETH-27FEB2026,47,Hyperliquid,ETH,ETH,2026-02-27,2026-01-27,24,0.08898159361932968,0.08904140850970588,0.089,0.099637919,89105.47555455001
47-HYPERLIQUID-ETH-27FEB2026,47,Hyperliquid,ETH,ETH,2026-02-27,2026-01-28,24,0.08369738690525952,0.08362691356310288,0.08366254889211173,0.1073928185,697959.561596126
47-HYPERLIQUID-ETH-27FEB2026,47,Hyperliquid,ETH,ETH,2026-02-27,2026-01-29,24,0.08034843870383739,0.08032944696477111,0.08034843870383739,0.1094377675,1328351.336077988
47-HYPERLIQUID-ETH-27FEB2026,47,Hyperliquid,ETH,ETH,2026-02-27,2026-01-30,24,0.07690893937208398,0.07687250978303815,0.07690893937208398,0.041556199,3084457.8924440467
47-HYPERLIQUID-ETH-27FEB2026,47,Hyperliquid,ETH,ETH,2026-02-27,2026-01-31,24,0.0762248840927312,0.07620713155602879,0.0762383618742147,-0.028062879,3595331.5339589263
47-HYPERLIQUID-ETH-27FEB2026,47,Hyperliquid,ETH,ETH,2026-02-27,2026-02-01,24,0.06161949932125108,0.061610042645331625,0.06220933553414169,-0.1967089755,5831698.922249969
47-HYPERLIQUID-ETH-27FEB2026,47,Hyperliquid,ETH,ETH,2026-02-27,2026-02-02,24,0.023824844186974573,0.023636437812242672,,-0.23370322200000002,7661940.032614894
47-HYPERLIQUID-ETH-27FEB2026,47,Hyperliquid,ETH,ETH,2026-02-27,2026-02-03,24,0.007394007279572651,0.00737279615053698,,-0.125866235,8328412.605970242
47-HYPERLIQUID-ETH-27FEB2026,47,Hyperliquid,ETH,ETH,2026-02-27,2026-02-04,24,0.04902997503585826,0.04915207742443401,0.06006598418538656,0.0692725835,10488666.399607623
47-HYPERLIQUID-ETH-27FEB2026,47,Hyperliquid,ETH,ETH,2026-02-27,2026-02-05,24,0.06013802031406335,0.06032834753663006,0.06593935194764187,0.069005659,7454515.247733834
47-HYPERLIQUID-ETH-27FEB2026,47,Hyperliquid,ETH,ETH,2026-02-27,2026-02-06,24,0.03760608773446321,0.037538959085905425,,-0.01816751,7217171.728531963
47-HYPERLIQUID-ETH-27FEB2026,47,Hyperliquid,ETH,ETH,2026-02-27,2026-02-07,24,0.041450649909857494,0.04129186565372108,0.05131605415010507,-0.029580585500000003,6937916.980361189
47-HYPERLIQUID-ETH-27FEB2026,47,Hyperliquid,ETH,ETH,2026-02-27,2026-02-08,24,0.03936629028792085,0.03898025405321983,,-0.0326336645,6697822.92735282
47-HYPERLIQUID-ETH-27FEB2026,47,Hyperliquid,ETH,ETH,2026-02-27,2026-02-09,24,0.038116237111525085,0.037921412231638495,,0.023662074,7864419.032391016
47-HYPERLIQUID-ETH-27FEB2026,47,Hyperliquid,ETH,ETH,2026-02-27,2026-02-10,24,0.04539889858299547,0.04550410319122249,,0.10368602449999999,9004468.13066136
47-HYPERLIQUID-ETH-27FEB2026,47,Hyperliquid,ETH,ETH,2026-02-27,2026-02-11,24,0.04068259228261404,0.04074355637347739,,0.0376611745,7723221.243727797
47-HYPERLIQUID-ETH-27FEB2026,47,Hyperliquid,ETH,ETH,2026-02-27,2026-02-12,24,0.040711439068145686,0.04075632351221254,,0.049994634,7484546.943692238
47-HYPERLIQUID-ETH-27FEB2026,47,Hyperliquid,ETH,ETH,2026-02-27,2026-02-13,24,0.04346654292961085,0.043583756490936154,,0.071223764,7217013.422442805
47-HYPERLIQUID-ETH-27FEB2026,47,Hyperliquid,ETH,ETH,2026-02-27,2026-02-14,24,0.048227134205106575,0.048250852112928476,0.05092212628714094,0.059097442,7773492.724122472
47-HYPERLIQUID-ETH-27FEB2026,47,Hyperliquid,ETH,ETH,2026-02-27,2026-02-15,24,0.04670151961150681,0.046523713141150703,0.05077443107179532,-0.001780834999999999,8012387.606190052
47-HYPERLIQUID-ETH-27FEB2026,47,Hyperliquid,ETH,ETH,2026-02-27,2026-02-16,24,0.04658511411030316,0.04672663942748878,,0.054261703,7782355.374056272
47-HYPERLIQUID-ETH-27FEB2026,47,Hyperliquid,ETH,ETH,2026-02-27,2026-02-17,24,0.04878233881863816,0.048869683286516974,0.050550339109407094,0.07991715149999999,8386094.187229914
47-HYPERLIQUID-ETH-27FEB2026,47,Hyperliquid,ETH,ETH,2026-02-27,2026-02-18,24,0.05463129076814583,0.054667833530057656,0.05463129076814583,0.077869319,8970417.669527654
47-HYPERLIQUID-ETH-27FEB2026,47,Hyperliquid,ETH,ETH,2026-02-27,2026-02-19,24,0.05652964686959892,0.05650652205184947,0.05652964686959892,0.0602551855,8062950.407704994
47-HYPERLIQUID-ETH-27FEB2026,47,Hyperliquid,ETH,ETH,2026-02-27,2026-02-20,24,0.0589468425042339,0.05898146270195085,0.0589468425042339,0.059723782,7788173.827060551
47-HYPERLIQUID-ETH-27FEB2026,47,Hyperliquid,ETH,ETH,2026-02-27,2026-02-21,24,0.05990517389125844,0.059807950457698676,0.05990517389125844,0.07394914600000001,7365019.627415046
47-HYPERLIQUID-ETH-27FEB2026,47,Hyperliquid,ETH,ETH,2026-02-27,2026-02-22,24,0.06196789144727505,0.061737678018036,0.06196789144727505,0.075049256,7142619.686595867
47-HYPERLIQUID-ETH-27FEB2026,47,Hyperliquid,ETH,ETH,2026-02-27,2026-02-23,24,0.04290992711761143,0.04317590656244147,0.05655565213728395,-0.0013652095,8507882.341634158
47-HYPERLIQUID-ETH-27FEB2026,47,Hyperliquid,ETH,ETH,2026-02-27,2026-02-24,24,0.057789008033681304,0.05791297356944938,0.05952328215666165,0.0783256785,6708822.1623465335
47-HYPERLIQUID-ETH-27FEB2026,47,Hyperliquid,ETH,ETH,2026-02-27,2026-02-25,24,0.06075264553415812,0.06098837248518795,0.06075264553415812,0.07800342,6954338.361244204
47-HYPERLIQUID-ETH-27FEB2026,47,Hyperliquid,ETH,ETH,2026-02-27,2026-02-26,24,0.06158161355549021,0.061471413341722896,0.06444113054288116,0.071792434,6819446.406691722
48-BINANCE-BTCUSDT-27FEB2026,48,Binance,BTC,BTCUSDT,2026-02-27,2026-01-26,15,0.05305841615426448,0.05305841615426448,,0.02864666,0.0
48-BINANCE-BTCUSDT-27FEB2026,48,Binance,BTC,BTCUSDT,2026-02-27,2026-01-27,24,0.05300973602571074,0.05305841615426448,0.053000000000000005,0.06409719375,1.394243064500598
48-BINANCE-BTCUSDT-27FEB2026,48,Binance,BTC,BTCUSDT,2026-02-27,2026-01-28,24,0.055623634206092794,0.05563337023180354,0.055623634206092794,0.06095545624999999,5.438946273893429
48-BINANCE-BTCUSDT-27FEB2026,48,Binance,BTC,BTCUSDT,2026-02-27,2026-01-29,24,0.056222255693887356,0.056222255693887356,0.056222255693887356,0.06228679375000001,6.666874721028454
48-BINANCE-BTCUSDT-27FEB2026,48,Binance,BTC,BTCUSDT,2026-02-27,2026-01-30,24,0.055716359607760134,0.055716359607760134,0.055716359607760134,0.02542635625,6.757344494317344
48-BINANCE-BTCUSDT-27FEB2026,48,Binance,BTC,BTCUSDT,2026-02-27,2026-01-31,24,0.05540704509163192,0.05540996097569731,0.05540704509163192,0.06950193125,6.533054503797928
48-BINANCE-BTCUSDT-27FEB2026,48,Binance,BTC,BTCUSDT,2026-02-27,2026-02-01,24,0.054036504964844634,0.05403788202582815,0.054036504964844634,0.00906614375,8.668622851860603
48-BINANCE-BTCUSDT-27FEB2026,48,Binance,BTC,BTCUSDT,2026-02-27,2026-02-02,24,0.04688745365624883,0.04689135223533188,0.04688745365624883,-0.02831898125,18.44631942777026
48-BINANCE-BTCUSDT-27FEB2026,48,Binance,BTC,BTCUSDT,2026-02-27,2026-02-03,24,0.04310260904565944,0.043085084110873646,0.04296843530540694,-0.00393835,29.304461698264706
48-BINANCE-BTCUSDT-27FEB2026,48,Binance,BTC,BTCUSDT,2026-02-27,2026-02-04,24,0.044938533428474405,0.044938533428474405,0.044938533428474405,0.02793208125,26.047384685486218
48-BINANCE-BTCUSDT-27FEB2026,48,Binance,BTC,BTCUSDT,2026-02-27,2026-02-05,24,0.04547523053600099,0.0456201079586184,0.0454578737299515,0.02084469375,23.115645389233567
48-BINANCE-BTCUSDT-27FEB2026,48,Binance,BTC,BTCUSDT,2026-02-27,2026-02-06,24,0.03538554402085976,0.035489853385273946,0.035359542634505414,-0.10109724375,38.256170612778085
48-BINANCE-BTCUSDT-27FEB2026,48,Binance,BTC,BTCUSDT,2026-02-27,2026-02-07,24,0.033957860360750915,0.03427096290402887,0.033957860360750915,-0.10122316875,44.343395745605335
48-BINANCE-BTCUSDT-27FEB2026,48,Binance,BTC,BTCUSDT,2026-02-27,2026-02-08,24,0.03324854889005812,0.033231752900640614,0.03315933220530702,-0.04222456875,37.1708544507989
48-BINANCE-BTCUSDT-27FEB2026,48,Binance,BTC,BTCUSDT,2026-02-27,2026-02-09,24,0.029493329414789157,0.0294610625854993,0.029493329414789157,-0.020387075,39.68823332637882
48-BINANCE-BTCUSDT-27FEB2026,48,Binance,BTC,BTCUSDT,2026-02-27,2026-02-10,24,0.023905637836423563,0.023927770419195044,0.02538748283448571,-0.079849225,53.799405676469206
48-BINANCE-BTCUSDT-27FEB2026,48,Binance,BTC,BTCUSDT,2026-02-27,2026-02-11,24,0.018702623155894754,0.018872033544936082,0.020275155981401796,-0.03336784375,58.514385032825636
48-BINANCE-BTCUSDT-27FEB2026,48,Binance,BTC,BTCUSDT,2026-02-27,2026-02-12,24,0.020203163112539568,0.020264864740084803,0.02042379139977673,0.0016785437500000007,70.46241851910082
48-BINANCE-BTCUSDT-27FEB2026,48,Binance,BTC,BTCUSDT,2026-02-27,2026-02-13,24,0.02122665245964388,0.021137916928439773,0.0217783666407974,0.0190502625,88.11229498607047
48-BINANCE-BTCUSDT-27FEB2026,48,Binance,BTC,BTCUSDT,2026-02-27,2026-02-14,24,0.020572188137202452,0.020837771682193276,0.02219099415750938,0.005834525,92.59992301703731
48-BINANCE-BTCUSDT-27FEB2026,48,Binance,BTC,BTCUSDT,2026-02-27,2026-02-15,24,0.019369601473220793,0.019907997784348288,0.020499805664488432,0.004141381249999999,71.59924212308957
48-BINANCE-BTCUSDT-27FEB2026,48,Binance,BTC,BTCUSDT,2026-02-27,2026-02-16,24,0.017124227356312433,0.016779787559159372,,-0.01647016875,63.35409265975582
48-BINANCE-BTCUSDT-27FEB2026,48,Binance,BTC,BTCUSDT,2026-02-27,2026-02-17,24,0.019820006900493587,0.020082067138188272,0.02028379884341698,0.04556431875,60.58717211078056
48-BINANCE-BTCUSDT-27FEB2026,48,Binance,BTC,BTCUSDT,2026-02-27,2026-02-18,24,0.02036697205186031,0.020210993507188416,0.020575547809033132,0.02504675625,74.30043650722754
48-BINANCE-BTCUSDT-27FEB2026,48,Binance,BTC,BTCUSDT,2026-02-27,2026-02-19,24,0.017383302636186884,0.018293248516948277,0.02020082994321603,-0.012950200000000002,77.6761869736672
48-BINANCE-BTCUSDT-27FEB2026,48,Binance,BTC,BTCUSDT,2026-02-27,2026-02-20,24,0.01737749005637276,0.016848168077729854,0.02023289709032288,0.02079906875,94.63469777349933
48-BINANCE-BTCUSDT-27FEB2026,48,Binance,BTC,BTCUSDT,2026-02-27,2026-02-21,24,0.020104202327382244,0.020028186753336785,0.020104202327382244,0.0353602875,98.52319121887876
48-BINANCE-BTCUSDT-27FEB2026,48,Binance,BTC,BTCUSDT,2026-02-27,2026-02-22,24,0.01967417448391747,0.019524854427894603,0.021881029828399637,0.02017309375,107.13254621671273
48-BINANCE-BTCUSDT-27FEB2026,48,Binance,BTC,BTCUSDT,2026-02-27,2026-02-23,24,0.013591828095890782,0.013626994346378235,0.028529092729984912,0.0008034562500000004,137.29588613147857
48-BINANCE-BTCUSDT-27FEB2026,48,Binance,BTC,BTCUSDT,2026-02-27,2026-02-24,24,0.024759602396410365,0.024862672496395413,0.024759602396410365,0.01691820625,131.12248794918324
48-BINANCE-BTCUSDT-27FEB2026,48,Binance,BTC,BTCUSDT,2026-02-27,2026-02-25,24,0.01589268481760298,0.01583269104499508,0.026458628296060747,0.0056146125,126.94199507711043
48-BINANCE-BTCUSDT-27FEB2026,48,Binance,BTC,BTCUSDT,2026-02-27,2026-02-26,24,0.011702209203531093,0.011836349985395287,0.021609229764121322,0.0009458062500000003,126.97168023839917
49-HYPERLIQUID-BTC-27FEB2026,49,Hyperliquid,BTC,BTC,2026-02-27,2026-01-26,15,0.08404344710263996,0.08404344710263996,,0.0448335632,0.0
49-HYPERLIQUID-BTC-27FEB2026,49,Hyperliquid,BTC,BTC,2026-02-27,2026-01-27,24,0.08398559147967784,0.08404344710263996,0.084,0.0895169435,0.8693759497502572
49-HYPERLIQUID-BTC-27FEB2026,49,Hyperliquid,BTC,BTC,2026-02-27,2026-01-28,24,0.08197679690119444,0.08179693861954827,0.08198491554023024,0.1061693385,7.577554923146813
49-HYPERLIQUID-BTC-27FEB2026,49,Hyperliquid,BTC,BTC,2026-02-27,2026-01-29,24,0.08078095001490894,0.0807289157000136,0.08078095001490894,0.0973799925,22.179954036668803
49-HYPERLIQUID-BTC-27FEB2026,49,Hyperliquid,BTC,BTC,2026-02-27,2026-01-30,24,0.07718398684591814,0.07713701577682498,0.07713908743876775,0.0455931355,42.539851904564564
49-HYPERLIQUID-BTC-27FEB2026,49,Hyperliquid,BTC,BTC,2026-02-27,2026-01-31,24,0.07901446985535726,0.07898416280306941,0.07901446985535726,0.09603149999999999,44.027457287122296
49-HYPERLIQUID-BTC-27FEB2026,49,Hyperliquid,BTC,BTC,2026-02-27,2026-02-01,24,0.07905097479624788,0.07875465352376083,0.07859289129989043,0.08486461699999999,46.25942113145954
49-HYPERLIQUID-BTC-27FEB2026,49,Hyperliquid,BTC,BTC,2026-02-27,2026-02-02,24,0.06390219817052334,0.06397832550636406,0.06389346942964307,-0.086731665,46.783130666611186
49-HYPERLIQUID-BTC-27FEB2026,49,Hyperliquid,BTC,BTC,2026-02-27,2026-02-03,24,0.05607609145944394,0.055928327748950846,0.05637865634088121,-0.005120731000000001,39.10320781140757
49-HYPERLIQUID-BTC-27FEB2026,49,Hyperliquid,BTC,BTC,2026-02-27,2026-02-04,24,0.06564360481281167,0.06557640039597908,0.06564360481281167,0.100110886,35.192180158873605
49-HYPERLIQUID-BTC-27FEB2026,49,Hyperliquid,BTC,BTC,2026-02-27,2026-02-05,24,0.06924350237806329,0.06914386156827794,0.06927010993587712,0.1062004365,41.77691605379845
49-HYPERLIQUID-BTC-27FEB2026,49,Hyperliquid,BTC,BTC,2026-02-27,2026-02-06,24,0.05380460571082196,0.05363924710094536,0.05705415467955617,-0.12152404900000001,50.219249293037166
49-HYPERLIQUID-BTC-27FEB2026,49,Hyperliquid,BTC,BTC,2026-02-27,2026-02-07,24,0.03059828424661644,0.030826359948355073,,-0.161425046,51.364741756493316
49-HYPERLIQUID-BTC-27FEB2026,49,Hyperliquid,BTC,BTC,2026-02-27,2026-02-08,24,0.0353433758086451,0.03559490164095804,,-0.031073253,51.06962248700375
49-HYPERLIQUID-BTC-27FEB2026,49,Hyperliquid,BTC,BTC,2026-02-27,2026-02-09,24,0.04610274507598533,0.04613610003589739,0.05230665033803388,0.0041505245,59.28805423159921
49-HYPERLIQUID-BTC-27FEB2026,49,Hyperliquid,BTC,BTC,2026-02-27,2026-02-10,24,0.043457851797557366,0.043555453208741934,,0.026326975500000002,66.44899748298938
49-HYPERLIQUID-BTC-27FEB2026,49,Hyperliquid,BTC,BTC,2026-02-27,2026-02-11,24,0.04337446978337029,0.04305107837659372,,0.0168872725,74.91227333149416
49-HYPERLIQUID-BTC-27FEB2026,49,Hyperliquid,BTC,BTC,2026-02-27,2026-02-12,24,0.03895766545755324,0.03867222030593681,,-0.0023865525000000003,92.236745641996
49-HYPERLIQUID-BTC-27FEB2026,49,Hyperliquid,BTC,BTC,2026-02-27,2026-02-13,24,0.043191510140926016,0.04318485155400507,,0.053434248,116.98166828802566
49-HYPERLIQUID-BTC-27FEB2026,49,Hyperliquid,BTC,BTC,2026-02-27,2026-02-14,24,0.05164637944610348,0.05169418976777079,0.05263503910506902,0.105181758,137.09732809068626
49-HYPERLIQUID-BTC-27FEB2026,49,Hyperliquid,BTC,BTC,2026-02-27,2026-02-15,24,0.061241800117592615,0.06133017073246139,0.06125644996813583,0.081398139,151.9828106024588
49-HYPERLIQUID-BTC-27FEB2026,49,Hyperliquid,BTC,BTC,2026-02-27,2026-02-16,24,0.061908010041848587,0.06194497290852572,0.061908010041848587,0.0501905295,160.8190033118024
49-HYPERLIQUID-BTC-27FEB2026,49,Hyperliquid,BTC,BTC,2026-02-27,2026-02-17,24,0.05886483580854954,0.0588207360799883,0.05886483580854954,0.0633810455,143.29336974083537
49-HYPERLIQUID-BTC-27FEB2026,49,Hyperliquid,BTC,BTC,2026-02-27,2026-02-18,24,0.06006341741517266,0.060021326617773145,0.06006341741517266,0.0673439235,159.41294850158377
49-HYPERLIQUID-BTC-27FEB2026,49,Hyperliquid,BTC,BTC,2026-02-27,2026-02-19,24,0.062389929890807334,0.06228918979078125,0.062389929890807334,0.08630614800000001,173.7945054403591
49-HYPERLIQUID-BTC-27FEB2026,49,Hyperliquid,BTC,BTC,2026-02-27,2026-02-20,24,0.07152041509059363,0.07145083269225415,0.07152041509059363,0.08634148000000001,162.68560969433477
49-HYPERLIQUID-BTC-27FEB2026,49,Hyperliquid,BTC,BTC,2026-02-27,2026-02-21,24,0.06209047780047015,0.06225470771486643,0.062012818285821676,-0.013262165499999999,137.5161897250378
49-HYPERLIQUID-BTC-27FEB2026,49,Hyperliquid,BTC,BTC,2026-02-27,2026-02-22,24,0.05820106953921331,0.058184360530556645,0.05865300615687242,0.008836905499999999,172.21697608240365
49-HYPERLIQUID-BTC-27FEB2026,49,Hyperliquid,BTC,BTC,2026-02-27,2026-02-23,24,0.05006753911645934,0.05026576384533855,0.05244346418894622,0.0302967155,195.55133129214164
49-HYPERLIQUID-BTC-27FEB2026,49,Hyperliquid,BTC,BTC,2026-02-27,2026-02-24,24,0.05609998791570545,0.055928583132709875,0.057782756170629127,0.075287236,228.15911467399715
49-HYPERLIQUID-BTC-27FEB2026,49,Hyperliquid,BTC,BTC,2026-02-27,2026-02-25,24,0.05292095848607476,0.053138716809099124,0.0597818822813332,0.017062618499999998,183.46149990087224
49-HYPERLIQUID-BTC-27FEB2026,49,Hyperliquid,BTC,BTC,2026-02-27,2026-02-26,24,0.049309942010767965,0.04909297574808424,0.06208254503748402,0.044297495,170.23249747114863
5-BINANCE-ETHUSDT-26DEC2025,5,Binance,ETH,ETHUSDT,2025-12-26,2025-08-21,14,0.06258040370158063,0.060031412955532215,0.0636,0.014722274999999998,17.857142857142858
5-BINANCE-ETHUSDT-26DEC2025,5,Binance,ETH,ETHUSDT,2025-12-26,2025-08-22,24,0.0636,0.060031412955532215,0.0636,0.06802003125,25.0
5-BINANCE-ETHUSDT-26DEC2025,5,Binance,ETH,ETHUSDT,2025-12-26,2025-08-23,24,0.0636,0.060031412955532215,0.0636,0.10767682499999999,25.0
5-BINANCE-ETHUSDT-26DEC2025,5,Binance,ETH,ETHUSDT,2025-12-26,2025-08-24,24,0.0636,0.060031412955532215,0.0636,0.1095,25.0
5-BINANCE-ETHUSDT-26DEC2025,5,Binance,ETH,ETHUSDT,2025-12-26,2025-08-25,24,0.0636,0.060031412955532215,0.0636,0.044765425,25.0
5-BINANCE-ETHUSDT-26DEC2025,5,Binance,ETH,ETHUSDT,2025-12-26,2025-08-26,24,0.06499072033200791,0.06364980048636978,0.06499072033200791,0.005321243749999999,25.0
5-BINANCE-ETHUSDT-26DEC2025,5,Binance,ETH,ETHUSDT,2025-12-26,2025-08-27,24,0.06598409199772785,0.06598409199772785,0.06598409199772785,0.01779603125,28.333333333333332
5-BINANCE-ETHUSDT-26DEC2025,5,Binance,ETH,ETHUSDT,2025-12-26,2025-08-28,24,0.07060399246995126,0.07057718450393007,0.07061570024632413,0.04025995625,50.603399176373024
5-BINANCE-ETHUSDT-26DEC2025,5,Binance,ETH,ETHUSDT,2025-12-26,2025-08-29,24,0.07061867694577617,0.07052530673527922,0.0705697105126228,0.03025804375,151.23697793659053
5-BINANCE-ETHUSDT-26DEC2025,5,Binance,ETH,ETHUSDT,2025-12-26,2025-08-30,24,0.06945861826035664,0.06949739106043619,0.06949429972021055,0.02478669375,207.8624872080602
5-BINANCE-ETHUSDT-26DEC2025,5,Binance,ETH,ETHUSDT,2025-12-26,2025-08-31,24,0.06894625603212995,0.06890951789424235,0.06893289309070837,0.013323868750000002,268.2422123564859
5-BINANCE-ETHUSDT-26DEC2025,5,Binance,ETH,ETHUSDT,2025-12-26,2025-09-01,24,0.06352354362654147,0.06335551102010444,0.06332818929399743,-0.012597974999999999,382.8752631379486
5-BINANCE-ETHUSDT-26DEC2025,5,Binance,ETH,ETHUSDT,2025-12-26,2025-09-02,24,0.062189149247871535,0.062135849426486284,0.062118453980037985,0.0313243,583.682183079443
5-BINANCE-ETHUSDT-26DEC2025,5,Binance,ETH,ETHUSDT,2025-12-26,2025-09-03,24,0.062184558254193334,0.06200831633665565,0.062082834563484096,0.017726225,782.643688343007
5-BINANCE-ETHUSDT-26DEC2025,5,Binance,ETH,ETHUSDT,2025-12-26,2025-09-04,24,0.05999990434065717,0.05998916288141362,0.05999990434065717,-0.00553111875,1281.3352260893566
5-BINANCE-ETHUSDT-26DEC2025,5,Binance,ETH,ETHUSDT,2025-12-26,2025-09-05,24,0.06000078562860226,0.05983926772750909,0.05989225551167195,-0.02483505625,1573.1472212156998
5-BINANCE-ETHUSDT-26DEC2025,5,Binance,ETH,ETHUSDT,2025-12-26,2025-09-06,24,0.06187982317374374,0.06180436938870686,0.06185326999891951,0.0210340375,1626.8829670746654
5-BINANCE-ETHUSDT-26DEC2025,5,Binance,ETH,ETHUSDT,2025-12-26,2025-09-07,24,0.0651616817932429,0.06522931927632479,0.06521498413026379,0.06683013125000001,1592.6453637100578
5-BINANCE-ETHUSDT-26DEC2025,5,Binance,ETH,ETHUSDT,2025-12-26,2025-09-08,24,0.06614955636114807,0.06622354821404706,0.06618954775825073,0.047386581250000004,1687.5083346255424
5-BINANCE-ETHUSDT-26DEC2025,5,Binance,ETH,ETHUSDT,2025-12-26,2025-09-09,24,0.06776218132672696,0.0677750465030304,0.06777107941896462,0.07904303124999999,1721.4830581038416
5-BINANCE-ETHUSDT-26DEC2025,5,Binance,ETH,ETHUSDT,2025-12-26,2025-09-10,24,0.06947866562007804,0.06961497884340402,0.06950550136881115,0.08963168125,1661.7449655838172
5-BINANCE-ETHUSDT-26DEC2025,5,Binance,ETH,ETHUSDT,2025-12-26,2025-09-11,24,0.0684698273225916,0.06846745111447511,0.06846982732259162,0.07310721875,1582.3235136762312
5-BINANCE-ETHUSDT-26DEC2025,5,Binance,ETH,ETHUSDT,2025-12-26,2025-09-12,24,0.0712253514802287,0.07121846419810203,0.07127887684031657,0.09004778125,1527.7032135574425
5-BINANCE-ETHUSDT-26DEC2025,5,Binance,ETH,ETHUSDT,2025-12-26,2025-09-13,24,0.07323041217130681,0.07322316482696689,0.07323041217130681,0.10882474999999998,1759.5357278921238
5-BINANCE-ETHUSDT-26DEC2025,5,Binance,ETH,ETHUSDT,2025-12-26,2025-09-14,24,0.06873571357039664,0.06870357586004609,0.06887399652484077,0.05398669375,1882.6751062400435
5-BINANCE-ETHUSDT-26DEC2025,5,Binance,ETH,ETHUSDT,2025-12-26,2025-09-15,24,0.07154349651781496,0.07146584153097223,0.07139560837388656,0.0648997375,1808.2902451509863
5-BINANCE-ETHUSDT-26DEC2025,5,Binance,ETH,ETHUSDT,2025-12-26,2025-09-16,24,0.06975255666248326,0.06976247133261658,0.06974792377827754,0.0412221875,1820.6967459959885
5-BINANCE-ETHUSDT-26DEC2025,5,Binance,ETH,ETHUSDT,2025-12-26,2025-09-17,24,0.06842626988010372,0.06842319263295003,0.06840918916024676,0.04338709375,1841.4246721987677
5-BINANCE-ETHUSDT-26DEC2025,5,Binance,ETH,ETHUSDT,2025-12-26,2025-09-18,24,0.066260194886327,0.06616763786150003,0.06616840288354237,0.04276841875,2054.2541955524052
5-BINANCE-ETHUSDT-26DEC2025,5,Binance,ETH,ETHUSDT,2025-12-26,2025-09-19,24,0.06348182869939105,0.06342523845295107,0.06341607199179002,0.004759143749999999,1958.5228984964294
5-BINANCE-ETHUSDT-26DEC2025,5,Binance,ETH,ETHUSDT,2025-12-26,2025-09-20,24,0.061649218382414876,0.06169926124723767,0.06173329082951164,-0.006709156250000001,1931.8896575741521
5-BINANCE-ETHUSDT-26DEC2025,5,Binance,ETH,ETHUSDT,2025-12-26,2025-09-21,24,0.061750908389373756,0.061750908389373756,0.061750908389373756,0.0205814375,1968.040625450176
5-BINANCE-ETHUSDT-26DEC2025,5,Binance,ETH,ETHUSDT,2025-12-26,2025-09-22,24,0.06257608444161257,0.062474436694673674,0.0624752120425158,-0.00636788125,1875.3098934343814
5-BINANCE-ETHUSDT-26DEC2025,5,Binance,ETH,ETHUSDT,2025-12-26,2025-09-23,24,0.06299123178856852,0.06303019335019319,0.06310467038847413,0.012954306249999999,1814.7334263193068
5-BINANCE-ETHUSDT-26DEC2025,5,Binance,ETH,ETHUSDT,2025-12-26,2025-09-24,24,0.06002882864404883,0.06010789020729745,0.0600199837791921,-0.00637153125,2245.086638940314
5-BINANCE-ETHUSDT-26DEC2025,5,Binance,ETH,ETHUSDT,2025-12-26,2025-09-25,24,0.057148847371520706,0.05710878395088575,0.057118110148703265,-0.030711099999999995,3356.090997262711
5-BINANCE-ETHUSDT-26DEC2025,5,Binance,ETH,ETHUSDT,2025-12-26,2025-09-26,24,0.05849204466139629,0.058559311044126074,0.058385583038476054,0.06426235625,3348.2581509031875
5-BINANCE-ETHUSDT-26DEC2025,5,Binance,ETH,ETHUSDT,2025-12-26,2025-09-27,24,0.05775673178873478,0.057738026263515534,0.057815001803998296,0.044259443749999995,3361.4885671110537
5-BINANCE-ETHUSDT-26DEC2025,5,Binance,ETH,ETHUSDT,2025-12-26,2025-09-28,24,0.060409700095626455,0.06019847262051645,0.06044326462404053,0.07529585,3249.5921963602837
5-BINANCE-ETHUSDT-26DEC2025,5,Binance,ETH,ETHUSDT,2025-12-26,2025-09-29,24,0.059804293006184096,0.05983913254228359,0.05957509272870692,0.0194371625,2956.7919346845697
5-BINANCE-ETHUSDT-26DEC2025,5,Binance,ETH,ETHUSDT,2025-12-26,2025-09-30,24,0.05538782825428707,0.05540696832786506,0.05535268461619266,-0.0015120125000000005,3200.8969831220425
5-BINANCE-ETHUSDT-26DEC2025,5,Binance,ETH,ETHUSDT,2025-12-26,2025-10-01,24,0.05820634638970328,0.058180325086953345,0.058046694915779906,0.0014782500000000004,3016.719854592811
5-BINANCE-ETHUSDT-26DEC2025,5,Binance,ETH,ETHUSDT,2025-12-26,2025-10-02,24,0.05979622583211223,0.059766771170921856,0.05979622583211223,0.02808081875,2975.780894240362
5-BINANCE-ETHUSDT-26DEC2025,5,Binance,ETH,ETHUSDT,2025-12-26,2025-10-03,24,0.06047187629157774,0.06045624428973218,0.060468172577412334,0.053310075000000005,3032.2882487317524
5-BINANCE-ETHUSDT-26DEC2025,5,Binance,ETH,ETHUSDT,2025-12-26,2025-10-04,24,0.06085327089615745,0.06085326976633553,0.06085327089615745,0.040858556250000004,3066.82546748787
5-BINANCE-ETHUSDT-26DEC2025,5,Binance,ETH,ETHUSDT,2025-12-26,2025-10-05,24,0.06530566275714801,0.06529219767823814,0.06531008933399596,0.09072257499999999,3004.4011196942797
5-BINANCE-ETHUSDT-26DEC2025,5,Binance,ETH,ETHUSDT,2025-12-26,2025-10-06,24,0.06791093356811456,0.06790464200062614,0.06791093356811456,0.10167987499999999,3085.581894957992
5-BINANCE-ETHUSDT-26DEC2025,5,Binance,ETH,ETHUSDT,2025-12-26,2025-10-07,24,0.07009097454297077,0.0700654661019033,0.07009097454297077,0.1095,3293.033402845182
5-BINANCE-ETHUSDT-26DEC2025,5,Binance,ETH,ETHUSDT,2025-12-26,2025-10-08,24,0.06369467854380122,0.06367600067390398,0.06369467854380122,0.03520561875,3119.322860379085
5-BINANCE-ETHUSDT-26DEC2025,5,Binance,ETH,ETHUSDT,2025-12-26,2025-10-09,24,0.0629386180804583,0.06293275910632518,0.0629386180804583,0.03130833125,3115.8937705076373
5-BINANCE-ETHUSDT-26DEC2025,5,Binance,ETH,ETHUSDT,2025-12-26,2025-10-10,24,0.05893017269571794,0.058967425034161906,0.05889051584450467,0.004713518750000001,3160.5212278068925
5-BINANCE-ETHUSDT-26DEC2025,5,Binance,ETH,ETHUSDT,2025-12-26,2025-10-11,24,0.056554591627140126,0.056536822646901304,0.056396130057419246,-0.014193937499999996,2535.483669983926
5-BINANCE-ETHUSDT-26DEC2025,5,Binance,ETH,ETHUSDT,2025-12-26,2025-10-12,24,0.05231680006865838,0.05234051721172215,0.05223798144364039,-0.0370119125,2550.0118109393543
5-BINANCE-ETHUSDT-26DEC2025,5,Binance,ETH,ETHUSDT,2025-12-26,2025-10-13,24,0.05793704417650113,0.05784629995562377,0.05797439450381042,0.024255618750000003,2419.4892126081772
5-BINANCE-ETHUSDT-26DEC2025,5,Binance,ETH,ETHUSDT,2025-12-26,2025-10-14,24,0.06169771847677605,0.061732071348325764,0.061684451842795,0.032706281250000004,2208.8837857500016
5-BINANCE-ETHUSDT-26DEC2025,5,Binance,ETH,ETHUSDT,2025-12-26,2025-10-15,24,0.06084004085303645,0.06085781036593917,0.060831219004562204,0.029937756250000003,2226.718307874157
5-BINANCE-ETHUSDT-26DEC2025,5,Binance,ETH,ETHUSDT,2025-12-26,2025-10-16,24,0.056926849423324814,0.057064079162971064,0.05691362786694412,0.0040852625,2288.8902264911903
5-BINANCE-ETHUSDT-26DEC2025,5,Binance,ETH,ETHUSDT,2025-12-26,2025-10-17,24,0.05659994074437072,0.056619029013753285,0.05663668479745323,0.04253664375,2290.2865204373556
5-BINANCE-ETHUSDT-26DEC2025,5,Binance,ETH,ETHUSDT,2025-12-26,2025-10-18,24,0.057129661865794816,0.05715214180081008,0.05714776766393767,0.03149448125,2304.824872219992
5-BINANCE-ETHUSDT-26DEC2025,5,Binance,ETH,ETHUSDT,2025-12-26,2025-10-19,24,0.05762282233460495,0.057591731497319915,0.05756899656617162,0.044440575,2276.2639587117455
5-BINANCE-ETHUSDT-26DEC2025,5,Binance,ETH,ETHUSDT,2025-12-26,2025-10-20,24,0.05651875268065018,0.05654231365651383,0.05653635418475675,0.049575668749999996,2305.1703548903806
5-BINANCE-ETHUSDT-26DEC2025,5,Binance,ETH,ETHUSDT,2025-12-26,2025-10-21,24,0.05665054442530459,0.056671407473341436,0.05665054442530459,0.04046161875,2290.160986260867
5-BINANCE-ETHUSDT-26DEC2025,5,Binance,ETH,ETHUSDT,2025-12-26,2025-10-22,24,0.05352382251318486,0.05352382185211588,0.05336064354096554,0.010072175000000001,2534.8054848553256
5-BINANCE-ETHUSDT-26DEC2025,5,Binance,ETH,ETHUSDT,2025-12-26,2025-10-23,24,0.05471738561365383,0.05472293411465906,0.05474042589120742,0.03481324375,2568.7524276856198
5-BINANCE-ETHUSDT-26DEC2025,5,Binance,ETH,ETHUSDT,2025-12-26,2025-10-24,24,0.05648413114891229,0.05647239055981144,0.05638858433468034,0.04980014375,2477.1082826114975
5-BINANCE-ETHUSDT-26DEC2025,5,Binance,ETH,ETHUSDT,2025-12-26,2025-10-25,24,0.05621534039702205,0.056178402874673454,0.05617136761584638,0.03220623125,2360.013650381262
5-BINANCE-ETHUSDT-26DEC2025,5,Binance,ETH,ETHUSDT,2025-12-26,2025-10-26,24,0.05740180091989264,0.05739379133889577,0.05740180091989264,0.07895178125,2294.37789975887
5-BINANCE-ETHUSDT-26DEC2025,5,Binance,ETH,ETHUSDT,2025-12-26,2025-10-27,24,0.06167675684714202,0.061676757391162705,0.06167675684714202,0.10255998125,2199.661166792926
5-BINANCE-ETHUSDT-26DEC2025,5,Binance,ETH,ETHUSDT,2025-12-26,2025-10-28,24,0.05976544889902182,0.05983415659409392,0.05974781396727028,0.04051819375,2289.279302006126
5-BINANCE-ETHUSDT-26DEC2025,5,Binance,ETH,ETHUSDT,2025-12-26,2025-10-29,24,0.05528279621828545,0.05525937880710687,0.05528081804720398,-0.009186593750000001,2388.5461945191787
5-BINANCE-ETHUSDT-26DEC2025,5,Binance,ETH,ETHUSDT,2025-12-26,2025-10-30,24,0.05105691496509999,0.05111362458844437,0.05106936446710217,-0.03919141875,2601.8097073689682
5-BINANCE-ETHUSDT-26DEC2025,5,Binance,ETH,ETHUSDT,2025-12-26,2025-10-31,24,0.05368180609000927,0.05366109432465394,0.05366863880144782,0.03312055625,2407.092491356829
5-BINANCE-ETHUSDT-26DEC2025,5,Binance,ETH,ETHUSDT,2025-12-26,2025-11-01,24,0.05594278895381296,0.0559118541735398,0.05594278895381296,0.08164913124999999,2359.749396323686
5-BINANCE-ETHUSDT-26DEC2025,5,Binance,ETH,ETHUSDT,2025-12-26,2025-11-02,24,0.057412526269792985,0.05739805353866303,0.05738574372548147,0.07320576875,2327.696379943262
5-BINANCE-ETHUSDT-26DEC2025,5,Binance,ETH,ETHUSDT,2025-12-26,2025-11-03,24,0.05485849873535948,0.05485138882630566,0.05485387283938444,0.04444650625,2352.683795902966
5-BINANCE-ETHUSDT-26DEC2025,5,Binance,ETH,ETHUSDT,2025-12-26,2025-11-04,24,0.05785879770669542,0.057797979195219194,0.05778837782287267,0.07739870624999999,2350.3897554464775
5-BINANCE-ETHUSDT-26DEC2025,5,Binance,ETH,ETHUSDT,2025-12-26,2025-11-05,24,0.05430524188368494,0.05430524240138063,0.05430524188368494,0.0227550125,2697.246067154975
5-BINANCE-ETHUSDT-26DEC2025,5,Binance,ETH,ETHUSDT,2025-12-26,2025-11-06,24,0.05533949559675091,0.05533977659314582,0.055331198033522246,0.0383587625,2567.547246307787
5-BINANCE-ETHUSDT-26DEC2025,5,Binance,ETH,ETHUSDT,2025-12-26,2025-11-07,24,0.055500781827282346,0.05550078231739752,0.055500781827282346,0.0715920125,2520.9733246464666
5-BINANCE-ETHUSDT-26DEC2025,5,Binance,ETH,ETHUSDT,2025-12-26,2025-11-08,24,0.05899150313049445,0.05930039480251063,0.05899150313049445,0.08339063749999999,2871.6625641672404
5-BINANCE-ETHUSDT-26DEC2025,5,Binance,ETH,ETHUSDT,2025-12-26,2025-11-09,24,0.0555983190774453,0.055590672695161325,0.0555983190774453,0.04639925625,2582.9475435102954
5-BINANCE-ETHUSDT-26DEC2025,5,Binance,ETH,ETHUSDT,2025-12-26,2025-11-10,24,0.05811204588065683,0.05810797804855714,0.05811204588065683,0.07374460000000001,2616.2489474758745
5-BINANCE-ETHUSDT-26DEC2025,5,Binance,ETH,ETHUSDT,2025-12-26,2025-11-11,24,0.055111150107780595,0.05506728075808743,0.055111150107780595,0.01406846875,2739.9936746766034
5-BINANCE-ETHUSDT-26DEC2025,5,Binance,ETH,ETHUSDT,2025-12-26,2025-11-12,24,0.05356497112942237,0.05355878062556508,0.05357515406761643,0.02259851875,2807.0353596153486
5-BINANCE-ETHUSDT-26DEC2025,5,Binance,ETH,ETHUSDT,2025-12-26,2025-11-13,24,0.055275283263515655,0.05526500857680799,0.055275283263515655,0.07255424375,2817.753526523804
5-BINANCE-ETHUSDT-26DEC2025,5,Binance,ETH,ETHUSDT,2025-12-26,2025-11-14,24,0.05490109210110594,0.054929388238620806,0.05490109210110594,0.03813474375,2916.9538919753827
5-BINANCE-ETHUSDT-26DEC2025,5,Binance,ETH,ETHUSDT,2025-12-26,2025-11-15,24,0.055799863870706734,0.055799863595350115,0.055799863870706734,0.05279861875,2917.908367631786
5-BINANCE-ETHUSDT-26DEC2025,5,Binance,ETH,ETHUSDT,2025-12-26,2025-11-16,24,0.056246805576562364,0.0562200889731635,0.056246805576562364,0.09997897500000001,2902.8463406502947
5-BINANCE-ETHUSDT-26DEC2025,5,Binance,ETH,ETHUSDT,2025-12-26,2025-11-17,24,0.05845948667893087,0.058454689616051804,0.05845948667893087,0.09568611875,3041.6101842317908
5-BINANCE-ETHUSDT-26DEC2025,5,Binance,ETH,ETHUSDT,2025-12-26,2025-11-18,24,0.05958866730082196,0.059582687193362176,0.05958866730082196,0.0912208,3022.924498282189
5-BINANCE-ETHUSDT-26DEC2025,5,Binance,ETH,ETHUSDT,2025-12-26,2025-11-19,24,0.06259748242433967,0.06255028926550181,0.0625886242669391,0.073990975,3205.227447198427
5-BINANCE-ETHUSDT-26DEC2025,5,Binance,ETH,ETHUSDT,2025-12-26,2025-11-20,24,0.06125717762927057,0.06137281691989527,0.06125717762927057,0.07765375,3604.908199709757
5-BINANCE-ETHUSDT-26DEC2025,5,Binance,ETH,ETHUSDT,2025-12-26,2025-11-21,24,0.06012086976289188,0.06009592334991464,0.06012086976289188,0.039750325,3596.9257807314493
5-BINANCE-ETHUSDT-26DEC2025,5,Binance,ETH,ETHUSDT,2025-12-26,2025-11-22,24,0.059139779636606,0.059157442610200034,0.059139779636606,0.05040239375,3513.897258306531
5-BINANCE-ETHUSDT-26DEC2025,5,Binance,ETH,ETHUSDT,2025-12-26,2025-11-23,24,0.05783444776316873,0.057834447686856076,0.05772859774520852,0.015174875000000003,3482.154130409524
5-BINANCE-ETHUSDT-26DEC2025,5,Binance,ETH,ETHUSDT,2025-12-26,2025-11-24,24,0.05761432673164138,0.05761935376857571,0.05757472162849597,0.0432388125,3703.0161979252407
5-BINANCE-ETHUSDT-26DEC2025,5,Binance,ETH,ETHUSDT,2025-12-26,2025-11-25,24,0.057486374514391314,0.05750798584475875,0.05745114348796793,0.03192609375,3752.129006394569
5-BINANCE-ETHUSDT-26DEC2025,5,Binance,ETH,ETHUSDT,2025-12-26,2025-11-26,24,0.05428210663088181,0.05428094991273519,0.05427830878163561,0.0200996375,3851.6310272507017
5-BINANCE-ETHUSDT-26DEC2025,5,Binance,ETH,ETHUSDT,2025-12-26,2025-11-27,24,0.05145448743242712,0.05147710141159059,0.05145448743242712,0.0190283625,4371.310408281131
5-BINANCE-ETHUSDT-26DEC2025,5,Binance,ETH,ETHUSDT,2025-12-26,2025-11-28,24,0.052291182703630694,0.052285515176883325,0.052291182703630694,0.00666626875,4880.072199174066
5-BINANCE-ETHUSDT-26DEC2025,5,Binance,ETH,ETHUSDT,2025-12-26,2025-11-29,24,0.05256307528050542,0.052556416852857474,0.05257184823656288,0.01035915625,5732.10271534498
5-BINANCE-ETHUSDT-26DEC2025,5,Binance,ETH,ETHUSDT,2025-12-26,2025-11-30,24,0.05287853975737949,0.052876463561159576,0.05287853975737949,0.05533263124999999,6342.3388492062595
5-BINANCE-ETHUSDT-26DEC2025,5,Binance,ETH,ETHUSDT,2025-12-26,2025-12-01,24,0.052995421703848966,0.052993436731293114,0.05299103211913775,0.0415233125,6469.876901003739
5-BINANCE-ETHUSDT-26DEC2025,5,Binance,ETH,ETHUSDT,2025-12-26,2025-12-02,24,0.05347430854971946,0.05356751506963029,0.05347430854971946,0.0577165375,6673.8336488222585
5-BINANCE-ETHUSDT-26DEC2025,5,Binance,ETH,ETHUSDT,2025-12-26,2025-12-03,24,0.053363975957367214,0.05341586498159526,0.053363975957367214,0.039096975,6823.503701849896
5-BINANCE-ETHUSDT-26DEC2025,5,Binance,ETH,ETHUSDT,2025-12-26,2025-12-04,24,0.05571296089106722,0.055720651250955405,0.055700676485710976,0.09255076875,6909.416534637334
5-BINANCE-ETHUSDT-26DEC2025,5,Binance,ETH,ETHUSDT,2025-12-26,2025-12-05,24,0.05676188657351438,0.056755601468732535,0.05676188657351438,0.06443345,6898.155636101931
5-BINANCE-ETHUSDT-26DEC2025,5,Binance,ETH,ETHUSDT,2025-12-26,2025-12-06,24,0.05611003634015576,0.05613455361300032,0.05611003634015576,0.030426399999999996,6631.493760817929
5-BINANCE-ETHUSDT-26DEC2025,5,Binance,ETH,ETHUSDT,2025-12-26,2025-12-07,24,0.055529316561690474,0.05554035732962173,0.055529316561690474,0.016087375,6593.893354620169
5-BINANCE-ETHUSDT-26DEC2025,5,Binance,ETH,ETHUSDT,2025-12-26,2025-12-08,24,0.05578583284233469,0.05578683510831849,0.05578583284233469,0.05055113125,6520.539384071166
5-BINANCE-ETHUSDT-26DEC2025,5,Binance,ETH,ETHUSDT,2025-12-26,2025-12-09,24,0.05647712896328625,0.05647012390317515,0.05647712896328625,0.0562218625,6708.774296889746
5-BINANCE-ETHUSDT-26DEC2025,5,Binance,ETH,ETHUSDT,2025-12-26,2025-12-10,24,0.05723483716928401,0.05723052790338685,0.05723483716928401,0.07643966875000001,7223.123355740725
5-BINANCE-ETHUSDT-26DEC2025,5,Binance,ETH,ETHUSDT,2025-12-26,2025-12-11,24,0.05717536341830931,0.05719094855072587,0.05714905901501089,0.035696087499999994,7602.808556222898
5-BINANCE-ETHUSDT-26DEC2025,5,Binance,ETH,ETHUSDT,2025-12-26,2025-12-12,24,0.05658121512169504,0.0565524628358254,0.05658121512169504,0.011276675,8065.584466237496
5-BINANCE-ETHUSDT-26DEC2025,5,Binance,ETH,ETHUSDT,2025-12-26,2025-12-13,24,0.05416481236261789,0.05414671844924999,0.054166126243917645,0.005854600000000001,8464.54401782901
5-BINANCE-ETHUSDT-26DEC2025,5,Binance,ETH,ETHUSDT,2025-12-26,2025-12-14,24,0.05529448453913561,0.055237025416879915,0.05529448453913561,0.07583285625,8213.538927965306
5-BINANCE-ETHUSDT-26DEC2025,5,Binance,ETH,ETHUSDT,2025-12-26,2025-12-15,24,0.05471316494245617,0.05472125141961354,0.054708773577762805,0.0452454,8332.867873646957
5-BINANCE-ETHUSDT-26DEC2025,5,Binance,ETH,ETHUSDT,2025-12-26,2025-12-16,24,0.052477922122191024,0.052524229392447476,0.052477922122191024,0.0009494562499999999,9818.542215863752
5-BINANCE-ETHUSDT-26DEC2025,5,Binance,ETH,ETHUSDT,2025-12-26,2025-12-17,24,0.052392408139443736,0.05237597094617056,0.05238801721385391,0.014276974999999999,10520.220077088881
5-BINANCE-ETHUSDT-26DEC2025,5,Binance,ETH,ETHUSDT,2025-12-26,2025-12-18,24,0.048690487320284435,0.048682747082865664,0.04869489740381213,0.0005310749999999988,10850.898061231956
5-BINANCE-ETHUSDT-26DEC2025,5,Binance,ETH,ETHUSDT,2025-12-26,2025-12-19,24,0.05619450777426529,0.05623478604752888,0.056190628620213706,0.0797552375,8820.706480829265
5-BINANCE-ETHUSDT-26DEC2025,5,Binance,ETH,ETHUSDT,2025-12-26,2025-12-20,24,0.05344701882610494,0.05340445279496836,0.05344701882610494,0.02133653125,8703.315967982044
5-BINANCE-ETHUSDT-26DEC2025,5,Binance,ETH,ETHUSDT,2025-12-26,2025-12-21,24,0.05121387001214673,0.051171550908489405,0.05126860534074005,0.0235123875,9853.168059211806
5-BINANCE-ETHUSDT-26DEC2025,5,Binance,ETH,ETHUSDT,2025-12-26,2025-12-22,24,0.04594829909416468,0.045863253776269104,0.045976304246189086,-0.008072887499999999,12735.090454274721
5-BINANCE-ETHUSDT-26DEC2025,5,Binance,ETH,ETHUSDT,2025-12-26,2025-12-23,24,0.0483973679153476,0.04853859976393186,0.048379859576586054,0.04686919375,11215.41685856506
5-BINANCE-ETHUSDT-26DEC2025,5,Binance,ETH,ETHUSDT,2025-12-26,2025-12-24,24,0.04863566292345115,0.04867801026313632,0.0487492483173346,0.05119261875,12078.148187382836
5-BINANCE-ETHUSDT-26DEC2025,5,Binance,ETH,ETHUSDT,2025-12-26,2025-12-25,24,0.05382580951050659,0.05358442730584173,0.05320870065915623,0.06667591875,12550.344132350556
50-HYPERLIQUID-BTC-27FEB2026,50,Hyperliquid,BTC,BTC,2026-02-27,2026-01-26,15,0.08404344710263996,0.08404344710263996,,0.0448335632,0.0
50-HYPERLIQUID-BTC-27FEB2026,50,Hyperliquid,BTC,BTC,2026-02-27,2026-01-27,24,0.08398559147967784,0.08404344710263996,0.084,0.0895169435,96597.32762725
50-HYPERLIQUID-BTC-27FEB2026,50,Hyperliquid,BTC,BTC,2026-02-27,2026-01-28,24,0.0820713029130891,0.0821039118443265,0.08207491992271247,0.1061693385,567984.8442711824
50-HYPERLIQUID-BTC-27FEB2026,50,Hyperliquid,BTC,BTC,2026-02-27,2026-01-29,24,0.07865846296128494,0.07857297688904266,0.07871250142713375,0.0973799925,2316814.3448845707
50-HYPERLIQUID-BTC-27FEB2026,50,Hyperliquid,BTC,BTC,2026-02-27,2026-01-30,24,0.07634913824423152,0.07635430517934495,0.07634913824423152,0.0455931355,3610518.927451685
50-HYPERLIQUID-BTC-27FEB2026,50,Hyperliquid,BTC,BTC,2026-02-27,2026-01-31,24,0.07702495549442688,0.07698726897411945,0.0770070307181739,0.09603149999999999,4351205.812953384
50-HYPERLIQUID-BTC-27FEB2026,50,Hyperliquid,BTC,BTC,2026-02-27,2026-02-01,24,0.07686195100649561,0.07686360161060836,0.07685780499585777,0.08486461699999999,4335605.462983204
50-HYPERLIQUID-BTC-27FEB2026,50,Hyperliquid,BTC,BTC,2026-02-27,2026-02-02,24,0.060470052795154626,0.060461066471505016,0.06037686353298239,-0.086731665,4198790.777788037
50-HYPERLIQUID-BTC-27FEB2026,50,Hyperliquid,BTC,BTC,2026-02-27,2026-02-03,24,0.055785084174057226,0.055726192770626654,0.057883160503181985,-0.005120731000000001,5267650.782153893
50-HYPERLIQUID-BTC-27FEB2026,50,Hyperliquid,BTC,BTC,2026-02-27,2026-02-04,24,0.06520092135164278,0.06510649323730221,0.06520092135164278,0.100110886,4640479.414989694
50-HYPERLIQUID-BTC-27FEB2026,50,Hyperliquid,BTC,BTC,2026-02-27,2026-02-05,24,0.06809698602315715,0.06812020288778632,0.06808511469758123,0.1062004365,3703550.9096722486
50-HYPERLIQUID-BTC-27FEB2026,50,Hyperliquid,BTC,BTC,2026-02-27,2026-02-06,24,0.05579475756303381,0.055681679993273746,0.061237012664379725,-0.12152404900000001,4881590.781022503
50-HYPERLIQUID-BTC-27FEB2026,50,Hyperliquid,BTC,BTC,2026-02-27,2026-02-07,24,0.029110227371871775,0.029328095914944393,,-0.161425046,6145173.402472247
50-HYPERLIQUID-BTC-27FEB2026,50,Hyperliquid,BTC,BTC,2026-02-27,2026-02-08,24,0.03649271093276315,0.036688953895504646,0.050431702221000754,-0.031073253,5743856.526337414
50-HYPERLIQUID-BTC-27FEB2026,50,Hyperliquid,BTC,BTC,2026-02-27,2026-02-09,24,0.046197148151209566,0.04618275671512393,0.051845144199832265,0.0041505245,5554375.977968377
50-HYPERLIQUID-BTC-27FEB2026,50,Hyperliquid,BTC,BTC,2026-02-27,2026-02-10,24,0.04301409154083335,0.04331874966961832,,0.026326975500000002,5627048.183690271
50-HYPERLIQUID-BTC-27FEB2026,50,Hyperliquid,BTC,BTC,2026-02-27,2026-02-11,24,0.04345038851758209,0.04342005956179945,,0.0168872725,5549685.323128377
50-HYPERLIQUID-BTC-27FEB2026,50,Hyperliquid,BTC,BTC,2026-02-27,2026-02-12,24,0.039617660709892845,0.0394113043109907,,-0.0023865525000000003,6307929.583419484
50-HYPERLIQUID-BTC-27FEB2026,50,Hyperliquid,BTC,BTC,2026-02-27,2026-02-13,24,0.044516062210040626,0.044116962051207416,,0.053434248,6910682.287811722
50-HYPERLIQUID-BTC-27FEB2026,50,Hyperliquid,BTC,BTC,2026-02-27,2026-02-14,24,0.05133988900265014,0.0512241050171652,0.051767271606609024,0.105181758,7402827.172769015
50-HYPERLIQUID-BTC-27FEB2026,50,Hyperliquid,BTC,BTC,2026-02-27,2026-02-15,24,0.06052944618502076,0.060465950977084904,0.06053799392595421,0.081398139,6044184.911033344
50-HYPERLIQUID-BTC-27FEB2026,50,Hyperliquid,BTC,BTC,2026-02-27,2026-02-16,24,0.0621612719436235,0.06214328261234516,0.0621612719436235,0.0501905295,6063091.272845247
50-HYPERLIQUID-BTC-27FEB2026,50,Hyperliquid,BTC,BTC,2026-02-27,2026-02-17,24,0.05991511129959517,0.05990005616356006,0.05991511129959517,0.0633810455,6150545.807403875
50-HYPERLIQUID-BTC-27FEB2026,50,Hyperliquid,BTC,BTC,2026-02-27,2026-02-18,24,0.0586015230471126,0.0586245367348942,0.05846403490457039,0.0673439235,6240842.975537524
50-HYPERLIQUID-BTC-27FEB2026,50,Hyperliquid,BTC,BTC,2026-02-27,2026-02-19,24,0.062130220542846774,0.062187250561505036,0.06210272291433833,0.08630614800000001,5845035.606777056
50-HYPERLIQUID-BTC-27FEB2026,50,Hyperliquid,BTC,BTC,2026-02-27,2026-02-20,24,0.07180253575430216,0.0718371852598834,0.07173124003504232,0.08634148000000001,5368373.055818609
50-HYPERLIQUID-BTC-27FEB2026,50,Hyperliquid,BTC,BTC,2026-02-27,2026-02-21,24,0.06300354964706845,0.06302470029543308,0.06287196011556707,-0.013262165499999999,5104831.190762112
50-HYPERLIQUID-BTC-27FEB2026,50,Hyperliquid,BTC,BTC,2026-02-27,2026-02-22,24,0.05760771111049905,0.057521673804545294,0.0576033289577653,0.008836905499999999,5504988.653339184
50-HYPERLIQUID-BTC-27FEB2026,50,Hyperliquid,BTC,BTC,2026-02-27,2026-02-23,24,0.04739946685233368,0.04680335200504998,0.05405286258683323,0.0302967155,4411109.673648788
50-HYPERLIQUID-BTC-27FEB2026,50,Hyperliquid,BTC,BTC,2026-02-27,2026-02-24,24,0.05652522950682079,0.05647149532927831,0.05903401775955858,0.075287236,4708385.724503256
50-HYPERLIQUID-BTC-27FEB2026,50,Hyperliquid,BTC,BTC,2026-02-27,2026-02-25,24,0.05153219213595404,0.05173933042605219,0.05715221720331107,0.017062618499999998,5210826.999325165
50-HYPERLIQUID-BTC-27FEB2026,50,Hyperliquid,BTC,BTC,2026-02-27,2026-02-26,24,0.04434172301532926,0.044158344431828735,0.061065942852790954,0.044297495,5543143.875429694
51-HYPERLIQUID-HYPE-27FEB2026,51,Hyperliquid,HYPE,HYPE,2026-02-27,2026-01-26,14,0.11404473756187601,0.11404473756187601,,0.14991569914285716,0.0
51-HYPERLIQUID-HYPE-27FEB2026,51,Hyperliquid,HYPE,HYPE,2026-02-27,2026-01-27,24,0.1139852367412788,0.11404473756187601,0.11400000000000002,0.11087510099999999,3052.235777266667
51-HYPERLIQUID-HYPE-27FEB2026,51,Hyperliquid,HYPE,HYPE,2026-02-27,2026-01-28,24,0.1100805566431541,0.11010376923597344,0.11008242830521918,0.0668067165,7899.462696644579
51-HYPERLIQUID-HYPE-27FEB2026,51,Hyperliquid,HYPE,HYPE,2026-02-27,2026-01-29,24,0.10821160348038728,0.10786031281619746,0.10834087820014643,0.0450616225,11727.398871307842
51-HYPERLIQUID-HYPE-27FEB2026,51,Hyperliquid,HYPE,HYPE,2026-02-27,2026-01-30,24,0.10900137016412027,0.10907994272364001,0.1090106101093302,0.12104502299999999,14749.946517505834
51-HYPERLIQUID-HYPE-27FEB2026,51,Hyperliquid,HYPE,HYPE,2026-02-27,2026-01-31,24,0.10948670182052472,0.109514449389161,0.10948670182052472,0.11087663399999999,25559.610736013583
51-HYPERLIQUID-HYPE-27FEB2026,51,Hyperliquid,HYPE,HYPE,2026-02-27,2026-02-01,24,0.10554565295383565,0.10552061710765505,0.10544959999504751,0.0821488345,25667.420714206237
51-HYPERLIQUID-HYPE-27FEB2026,51,Hyperliquid,HYPE,HYPE,2026-02-27,2026-02-02,24,0.10030280600163176,0.10041741558397131,0.10042113887935511,0.075276067,25953.128382779498
51-HYPERLIQUID-HYPE-27FEB2026,51,Hyperliquid,HYPE,HYPE,2026-02-27,2026-02-03,24,0.10333748593874115,0.10332038623275641,0.1033827728539118,0.10270808,28167.569779966347
51-HYPERLIQUID-HYPE-27FEB2026,51,Hyperliquid,HYPE,HYPE,2026-02-27,2026-02-04,24,0.10630034227317559,0.10604460536326688,0.10638737033647855,0.102972997,26828.216946383094
51-HYPERLIQUID-HYPE-27FEB2026,51,Hyperliquid,HYPE,HYPE,2026-02-27,2026-02-05,24,0.10827117795355684,0.108267976135471,0.10827117795355684,0.1410996195,28754.9597963303
51-HYPERLIQUID-HYPE-27FEB2026,51,Hyperliquid,HYPE,HYPE,2026-02-27,2026-02-06,24,0.10717412246594693,0.10708882486584921,0.10712259510330573,0.108874682,30133.37554079392
51-HYPERLIQUID-HYPE-27FEB2026,51,Hyperliquid,HYPE,HYPE,2026-02-27,2026-02-07,24,0.1073466693131926,0.10739684963704112,0.10738351838452737,0.09497245250000001,29495.042935102014
51-HYPERLIQUID-HYPE-27FEB2026,51,Hyperliquid,HYPE,HYPE,2026-02-27,2026-02-08,24,0.10821355487507846,0.10803191742746225,0.10811706678546928,0.10405029449999999,29290.53788610872
51-HYPERLIQUID-HYPE-27FEB2026,51,Hyperliquid,HYPE,HYPE,2026-02-27,2026-02-09,24,0.10728688718574436,0.10720905394183049,0.10728688718574436,0.105258554,29591.71080741101
51-HYPERLIQUID-HYPE-27FEB2026,51,Hyperliquid,HYPE,HYPE,2026-02-27,2026-02-10,24,0.10771290372174687,0.10771290372174687,0.10771290372174687,0.1095,29591.71080741101
51-HYPERLIQUID-HYPE-27FEB2026,51,Hyperliquid,HYPE,HYPE,2026-02-27,2026-02-11,24,0.10875906629357862,0.10887764987632031,0.10875906629357862,0.12305606349999999,36396.574116670374
51-HYPERLIQUID-HYPE-27FEB2026,51,Hyperliquid,HYPE,HYPE,2026-02-27,2026-02-12,24,0.10861239411753469,0.1085126851904164,0.10861239411753469,0.104423653,42342.954775281934
51-HYPERLIQUID-HYPE-27FEB2026,51,Hyperliquid,HYPE,HYPE,2026-02-27,2026-02-13,24,0.10725038227963853,0.1068593931726306,0.10722561871954624,0.087635697,40975.33947619076
51-HYPERLIQUID-HYPE-27FEB2026,51,Hyperliquid,HYPE,HYPE,2026-02-27,2026-02-14,24,0.10730433991345058,0.10682710990819684,0.10731065036403743,0.0957701965,40975.33947619076
51-HYPERLIQUID-HYPE-27FEB2026,51,Hyperliquid,HYPE,HYPE,2026-02-27,2026-02-15,24,0.10734273261284742,0.10708081486593375,0.10734273261284742,0.10019071149999999,40975.79780952409
51-HYPERLIQUID-HYPE-27FEB2026,51,Hyperliquid,HYPE,HYPE,2026-02-27,2026-02-16,24,0.09712972720406317,0.09703563777670753,0.09699068259337436,0.009098428,40954.481190004655
51-HYPERLIQUID-HYPE-27FEB2026,51,Hyperliquid,HYPE,HYPE,2026-02-27,2026-02-17,24,0.09731633514413686,0.09757004996260753,0.097439270055107,0.1095,33101.056434513375
51-HYPERLIQUID-HYPE-27FEB2026,51,Hyperliquid,HYPE,HYPE,2026-02-27,2026-02-18,24,0.09521494070847054,0.09568865136017524,0.09518954609373609,0.0775706395,32794.34965221735
51-HYPERLIQUID-HYPE-27FEB2026,51,Hyperliquid,HYPE,HYPE,2026-02-27,2026-02-19,24,0.08894253282568008,0.0889572304977748,0.08879929937074243,0.090821417,36604.584496574906
51-HYPERLIQUID-HYPE-27FEB2026,51,Hyperliquid,HYPE,HYPE,2026-02-27,2026-02-20,24,0.08121234062467415,0.0814647634600211,0.08111884887361577,0.021696038,60612.7840820404
51-HYPERLIQUID-HYPE-27FEB2026,51,Hyperliquid,HYPE,HYPE,2026-02-27,2026-02-21,24,0.0860282215322941,0.08613223682191501,0.08613223682191501,0.1095,61199.41441031615
51-HYPERLIQUID-HYPE-27FEB2026,51,Hyperliquid,HYPE,HYPE,2026-02-27,2026-02-22,24,0.085383804323518,0.08536118248375413,0.08534503834719104,0.107159693,59715.922445126576
51-HYPERLIQUID-HYPE-27FEB2026,51,Hyperliquid,HYPE,HYPE,2026-02-27,2026-02-23,24,0.06412778630683928,0.06549209118325681,0.07125079711089082,0.017142298,64780.545421585906
51-HYPERLIQUID-HYPE-27FEB2026,51,Hyperliquid,HYPE,HYPE,2026-02-27,2026-02-24,24,0.07505984779872409,0.07521584174875486,0.07499341791176549,0.004486178499999999,54446.89008519437
51-HYPERLIQUID-HYPE-27FEB2026,51,Hyperliquid,HYPE,HYPE,2026-02-27,2026-02-25,24,-0.00174204594333724,-0.0031509882394307742,0.05405923553960903,-0.183019614,80484.52400522328
51-HYPERLIQUID-HYPE-27FEB2026,51,Hyperliquid,HYPE,HYPE,2026-02-27,2026-02-26,24,0.0003902483349814789,-0.00022846350904592828,0.0530755695357402,-0.013026630999999999,61086.5366137976
52-OKX-HYPEUSDT-27FEB2026,52,OKX,HYPE,HYPEUSDT,2026-02-27,2026-01-26,14,0.060031412955532215,0.060031412955532215,,0.08603571428571428,0.0
52-OKX-HYPEUSDT-27FEB2026,52,OKX,HYPE,HYPEUSDT,2026-02-27,2026-01-27,24,0.05998037474723613,0.060031412955532215,0.06,0.1095,4812.544226533333
52-OKX-HYPEUSDT-27FEB2026,52,OKX,HYPE,HYPEUSDT,2026-02-27,2026-01-28,24,0.05432131157304159,0.05434696254390126,0.05432001075967376,-0.06389997168231999,9075.731450701545
52-OKX-HYPEUSDT-27FEB2026,52,OKX,HYPE,HYPEUSDT,2026-02-27,2026-01-29,24,0.0530900584883128,0.05314530989473379,0.053116375972401125,-0.0541554326293175,11933.222439779805
52-OKX-HYPEUSDT-27FEB2026,52,OKX,HYPE,HYPEUSDT,2026-02-27,2026-01-30,24,0.05194668124602716,0.05208955882061097,0.052062904309050896,0.0619831452723855,16286.63122995363
52-OKX-HYPEUSDT-27FEB2026,52,OKX,HYPE,HYPEUSDT,2026-02-27,2026-01-31,24,0.05521962862677989,0.05524141719979106,0.055272348721542346,0.1095,23167.406930811238
52-OKX-HYPEUSDT-27FEB2026,52,OKX,HYPE,HYPEUSDT,2026-02-27,2026-02-01,24,0.053243712029594555,0.05320496864621585,0.053218178215282456,0.033344724516492126,20021.96624912891
52-OKX-HYPEUSDT-27FEB2026,52,OKX,HYPE,HYPEUSDT,2026-02-27,2026-02-02,24,0.057633204176837205,0.057528541032328025,0.057563895719873505,0.02328204826473913,17808.559726340467
52-OKX-HYPEUSDT-27FEB2026,52,OKX,HYPE,HYPEUSDT,2026-02-27,2026-02-03,24,0.058047230371303805,0.057918118112552715,0.05798878882824272,-0.019779701004147998,18362.192888511196
52-OKX-HYPEUSDT-27FEB2026,52,OKX,HYPE,HYPEUSDT,2026-02-27,2026-02-04,24,0.060946656931679145,0.06107320702808907,0.060927441567691976,-0.14476260236170563,20730.95296874039
52-OKX-HYPEUSDT-27FEB2026,52,OKX,HYPE,HYPEUSDT,2026-02-27,2026-02-05,24,0.058666012925088995,0.05865679241634015,0.0586162238399896,-0.005210940125530627,19656.5132845055
52-OKX-HYPEUSDT-27FEB2026,52,OKX,HYPE,HYPEUSDT,2026-02-27,2026-02-06,24,0.05943282788718893,0.05939329191693976,0.05941072457638708,-0.019971786495922503,20104.57606242721
52-OKX-HYPEUSDT-27FEB2026,52,OKX,HYPE,HYPEUSDT,2026-02-27,2026-02-07,24,0.05036255187889487,0.05038125631095083,0.05042034123915242,-0.12663371583360275,27965.895548369866
52-OKX-HYPEUSDT-27FEB2026,52,OKX,HYPE,HYPEUSDT,2026-02-27,2026-02-08,24,0.052069580317620844,0.05213573152460394,0.052150468256553145,0.03188553032572375,24027.285168440936
52-OKX-HYPEUSDT-27FEB2026,52,OKX,HYPE,HYPEUSDT,2026-02-27,2026-02-09,24,0.04977538241376404,0.04974118063434111,0.0497403339789148,0.03824551118193125,24575.554115685653
52-OKX-HYPEUSDT-27FEB2026,52,OKX,HYPE,HYPEUSDT,2026-02-27,2026-02-10,24,0.05055611907386207,0.05028040599664693,0.050441729424925745,0.07448590508245725,25611.807009628566
52-OKX-HYPEUSDT-27FEB2026,52,OKX,HYPE,HYPEUSDT,2026-02-27,2026-02-11,24,0.05449063973062077,0.05444648889559283,0.0544698425313862,0.1095,25743.765809186927
52-OKX-HYPEUSDT-27FEB2026,52,OKX,HYPE,HYPEUSDT,2026-02-27,2026-02-12,24,0.05771549519560589,0.05761343192311693,0.05763018248184498,0.05221867261280012,24760.658894821187
52-OKX-HYPEUSDT-27FEB2026,52,OKX,HYPE,HYPEUSDT,2026-02-27,2026-02-13,24,0.05620830561804041,0.05619213293280048,0.05619510382994259,0.037693110629269874,24063.540803232867
52-OKX-HYPEUSDT-27FEB2026,52,OKX,HYPE,HYPEUSDT,2026-02-27,2026-02-14,24,0.052811829284934254,0.05279176122490631,0.052889709919303994,-0.040428077040051254,34218.312800487336
52-OKX-HYPEUSDT-27FEB2026,52,OKX,HYPE,HYPEUSDT,2026-02-27,2026-02-15,24,0.053041338106456976,0.05300039186043206,0.052965695520512744,-0.0616763610122095,29454.600425255034
52-OKX-HYPEUSDT-27FEB2026,52,OKX,HYPE,HYPEUSDT,2026-02-27,2026-02-16,24,0.048112581323355136,0.048101860632497634,0.04808594019281254,-0.05975652499733,29525.790355786245
52-OKX-HYPEUSDT-27FEB2026,52,OKX,HYPE,HYPEUSDT,2026-02-27,2026-02-17,24,0.05461033058924727,0.054581240597608445,0.05453955609160061,0.10676159430365474,32710.945342232237
52-OKX-HYPEUSDT-27FEB2026,52,OKX,HYPE,HYPEUSDT,2026-02-27,2026-02-18,24,0.04536250324168575,0.04528100049602556,0.045391343216701206,-0.032846831918506375,33822.197103628925
52-OKX-HYPEUSDT-27FEB2026,52,OKX,HYPE,HYPEUSDT,2026-02-27,2026-02-19,24,0.043875184622985945,0.04377001604125267,0.04365289948590443,-0.033930248817118626,34276.346007844164
52-OKX-HYPEUSDT-27FEB2026,52,OKX,HYPE,HYPEUSDT,2026-02-27,2026-02-20,24,0.03272749880988887,0.03293107467089911,0.032752172686154116,-0.0574631732054835,66667.33959893453
52-OKX-HYPEUSDT-27FEB2026,52,OKX,HYPE,HYPEUSDT,2026-02-27,2026-02-21,24,0.03359419681671707,0.033501234878366044,0.033523744993866206,0.0589563902736465,50864.46021000197
52-OKX-HYPEUSDT-27FEB2026,52,OKX,HYPE,HYPEUSDT,2026-02-27,2026-02-22,24,0.027470769566975247,0.02743947579723192,0.027339480822407215,0.037235204048309,73234.51303580221
52-OKX-HYPEUSDT-27FEB2026,52,OKX,HYPE,HYPEUSDT,2026-02-27,2026-02-23,24,0.03827878564734863,0.038366777019185644,0.04193479075142453,0.022136090185927996,64964.06546375624
52-OKX-HYPEUSDT-27FEB2026,52,OKX,HYPE,HYPEUSDT,2026-02-27,2026-02-24,24,0.04528853524679685,0.04534898558011676,0.045028772469660604,0.035640120532448624,52403.68327582011
52-OKX-HYPEUSDT-27FEB2026,52,OKX,HYPE,HYPEUSDT,2026-02-27,2026-02-25,24,0.043821717411358464,0.04352338576022454,0.043683358244563895,0.04564721852870188,63617.41053871827
52-OKX-HYPEUSDT-27FEB2026,52,OKX,HYPE,HYPEUSDT,2026-02-27,2026-02-26,24,0.06565173250076133,0.06604808737361222,0.06494550738989043,0.059212287465551496,50150.24076885706
53-GATE-BTCUSDT-27FEB2026,53,Gate,BTC,BTCUSDT,2026-02-27,2026-02-03,19,0.03500964934215802,0.03510113563075791,0.034999999999999996,-0.004956315789473684,1.8522712636842105
53-GATE-BTCUSDT-27FEB2026,53,Gate,BTC,BTCUSDT,2026-02-27,2026-02-04,24,0.035439434102031674,0.035450520814614785,0.03543167633337116,0.044666874999999995,11.424118674889607
53-GATE-BTCUSDT-27FEB2026,53,Gate,BTC,BTCUSDT,2026-02-27,2026-02-05,24,0.030723682982945588,0.030654444006080223,0.03064654750542124,-0.00611375,16.241165473430904
53-GATE-BTCUSDT-27FEB2026,53,Gate,BTC,BTCUSDT,2026-02-27,2026-02-06,24,0.030763600196236193,0.03081579880046385,0.030763600196236193,-0.05256,16.7892491631114
53-GATE-BTCUSDT-27FEB2026,53,Gate,BTC,BTCUSDT,2026-02-27,2026-02-07,24,0.030572314315913302,0.030531148817350372,0.030572314315913302,-0.04215750000000001,17.12396226133823
53-GATE-BTCUSDT-27FEB2026,53,Gate,BTC,BTCUSDT,2026-02-27,2026-02-08,24,0.030156098824180532,0.03004215262045754,0.030156098824180532,-0.0085775,16.78589376551899
53-GATE-BTCUSDT-27FEB2026,53,Gate,BTC,BTCUSDT,2026-02-27,2026-02-09,24,0.029492659884757338,0.029595786025984432,0.029492659884757338,0.0026462499999999997,16.007216136205184
53-GATE-BTCUSDT-27FEB2026,53,Gate,BTC,BTCUSDT,2026-02-27,2026-02-10,24,0.027139836869656462,0.02719216694354229,0.027139836869656462,-0.007071875000000001,15.981756087797017
53-GATE-BTCUSDT-27FEB2026,53,Gate,BTC,BTCUSDT,2026-02-27,2026-02-11,24,0.023812023823737528,0.023901410994739514,0.023812023823737528,-0.009626875,16.685961752004157
53-GATE-BTCUSDT-27FEB2026,53,Gate,BTC,BTCUSDT,2026-02-27,2026-02-12,24,0.023925698607942848,0.02398247019413927,0.023925698607942848,0.023360000000000002,16.68169891434343
53-GATE-BTCUSDT-27FEB2026,53,Gate,BTC,BTCUSDT,2026-02-27,2026-02-13,24,0.022882130373387613,0.0228823626606091,0.022882130373387613,0.027101249999999997,14.066582632383506
53-GATE-BTCUSDT-27FEB2026,53,Gate,BTC,BTCUSDT,2026-02-27,2026-02-14,24,0.023475114108816822,0.023645575305143194,0.023492174937900137,0.02418125,22.249942498683577
53-GATE-BTCUSDT-27FEB2026,53,Gate,BTC,BTCUSDT,2026-02-27,2026-02-15,24,0.023850345422279928,0.023994633801874606,0.023850345422279928,0.016288125,25.385196180062533
53-GATE-BTCUSDT-27FEB2026,53,Gate,BTC,BTCUSDT,2026-02-27,2026-02-16,24,0.02366266690749413,0.02350067217247977,0.02347218659131971,0.051419374999999996,27.33972714513261
53-GATE-BTCUSDT-27FEB2026,53,Gate,BTC,BTCUSDT,2026-02-27,2026-02-17,24,0.02401458137566681,0.024097729974709024,0.02401458137566681,0.037093125,25.112050867952096
53-GATE-BTCUSDT-27FEB2026,53,Gate,BTC,BTCUSDT,2026-02-27,2026-02-18,24,0.023300199050903147,0.023214937545832315,0.023300199050903147,0.023907499999999998,17.467702702788596
53-GATE-BTCUSDT-27FEB2026,53,Gate,BTC,BTCUSDT,2026-02-27,2026-02-19,24,0.02275445888407693,0.02275445888407693,0.02275445888407693,0.0041975,13.070478741207681
53-GATE-BTCUSDT-27FEB2026,53,Gate,BTC,BTCUSDT,2026-02-27,2026-02-20,24,0.023138272444328905,0.023365118890920637,0.023138272444328905,0.05246875,17.798219125604074
53-GATE-BTCUSDT-27FEB2026,53,Gate,BTC,BTCUSDT,2026-02-27,2026-02-21,24,0.022899527000395794,0.023099956567942937,0.022899527000395794,0.039283124999999995,19.290147454397477
53-GATE-BTCUSDT-27FEB2026,53,Gate,BTC,BTCUSDT,2026-02-27,2026-02-22,24,0.023029019225091627,0.02300239068415327,0.023029019225091627,0.033716875,14.942815171454116
53-GATE-BTCUSDT-27FEB2026,53,Gate,BTC,BTCUSDT,2026-02-27,2026-02-23,24,0.017259333774353507,0.017269989432831638,0.017195668052478852,0.0016881250000000013,18.168528350909174
53-GATE-BTCUSDT-27FEB2026,53,Gate,BTC,BTCUSDT,2026-02-27,2026-02-24,24,0.017851860842463076,0.017708440880043034,0.017851860842463076,0.025458750000000002,17.443837237914313
53-GATE-BTCUSDT-27FEB2026,53,Gate,BTC,BTCUSDT,2026-02-27,2026-02-25,24,0.013631235455126593,0.01347870435383873,0.020004783696420003,-0.002281250000000001,20.809943905630536
53-GATE-BTCUSDT-27FEB2026,53,Gate,BTC,BTCUSDT,2026-02-27,2026-02-26,24,0.014650135476737075,0.014389390115434412,0.01779030168474308,0.025139375000000002,19.68452115105106
54-GATE-ETHUSDT-27FEB2026,54,Gate,ETH,ETHUSDT,2026-02-27,2026-02-03,19,0.022989202531402044,0.023061323577591348,0.023,-0.020459210526315788,87.94680640389554
54-GATE-ETHUSDT-27FEB2026,54,Gate,ETH,ETHUSDT,2026-02-27,2026-02-04,24,0.026168854633550693,0.026141051710051322,0.026180805640893437,0.017109375,408.98813047297904
54-GATE-ETHUSDT-27FEB2026,54,Gate,ETH,ETHUSDT,2026-02-27,2026-02-05,24,0.026666760914126512,0.026748024400214305,0.026666760914126512,0.0220825,658.1963421349583
54-GATE-ETHUSDT-27FEB2026,54,Gate,ETH,ETHUSDT,2026-02-27,2026-02-06,24,0.025751412427865304,0.025661781990448176,0.025751412427865304,-0.04749562499999999,655.5866094884784
54-GATE-ETHUSDT-27FEB2026,54,Gate,ETH,ETHUSDT,2026-02-27,2026-02-07,24,0.027127430126074225,0.027200190085250237,0.027127430126074225,0.022675625,581.4816789777728
54-GATE-ETHUSDT-27FEB2026,54,Gate,ETH,ETHUSDT,2026-02-27,2026-02-08,24,0.02573530057135834,0.025803779727399334,0.02573530057135834,-0.0224475,494.1501566306061
54-GATE-ETHUSDT-27FEB2026,54,Gate,ETH,ETHUSDT,2026-02-27,2026-02-09,24,0.022670831893941035,0.022754670191485204,0.022670831893941035,-0.029610624999999998,408.87046169850277
54-GATE-ETHUSDT-27FEB2026,54,Gate,ETH,ETHUSDT,2026-02-27,2026-02-10,24,0.02314911829426193,0.023035786048992233,0.02314911829426193,-0.0052924999999999995,410.9906921738187
54-GATE-ETHUSDT-27FEB2026,54,Gate,ETH,ETHUSDT,2026-02-27,2026-02-11,24,0.021434161847459752,0.02143541302000397,0.021434161847459752,-0.018706249999999997,557.883989213023
54-GATE-ETHUSDT-27FEB2026,54,Gate,ETH,ETHUSDT,2026-02-27,2026-02-12,24,0.017550776387432767,0.01750952403119287,0.017550776387432767,-0.025732500000000002,1016.930462265395
54-GATE-ETHUSDT-27FEB2026,54,Gate,ETH,ETHUSDT,2026-02-27,2026-02-13,24,0.018015277572786224,0.0180027688056008,0.018015277572786224,0.007300000000000001,922.8638796472355
54-GATE-ETHUSDT-27FEB2026,54,Gate,ETH,ETHUSDT,2026-02-27,2026-02-14,24,0.017014819575384803,0.01721536530051942,0.017014819575384803,-0.01085875,832.8846568319595
54-GATE-ETHUSDT-27FEB2026,54,Gate,ETH,ETHUSDT,2026-02-27,2026-02-15,24,0.014697368271541854,0.014617979219641218,0.014697368271541854,0.013459375,1046.6812853845795
54-GATE-ETHUSDT-27FEB2026,54,Gate,ETH,ETHUSDT,2026-02-27,2026-02-16,24,0.013514170880661175,0.013460488883152114,0.013514170880661175,-0.033899375,1364.2386211720627
54-GATE-ETHUSDT-27FEB2026,54,Gate,ETH,ETHUSDT,2026-02-27,2026-02-17,24,0.013317317617311726,0.01341416482477517,0.013317317617311726,0.009946249999999998,1634.5045356172234
54-GATE-ETHUSDT-27FEB2026,54,Gate,ETH,ETHUSDT,2026-02-27,2026-02-18,24,0.012777675251122162,0.012898844360699852,0.012777675251122162,0.003604375,1550.66216827706
54-GATE-ETHUSDT-27FEB2026,54,Gate,ETH,ETHUSDT,2026-02-27,2026-02-19,24,0.009290164103385916,0.009087185433713998,0.011069283599882278,-0.060179375,1680.0425759291595
54-GATE-ETHUSDT-27FEB2026,54,Gate,ETH,ETHUSDT,2026-02-27,2026-02-20,24,0.004939462923342206,0.005839061448223011,,-0.03494875,2085.2338907893513
54-GATE-ETHUSDT-27FEB2026,54,Gate,ETH,ETHUSDT,2026-02-27,2026-02-21,24,0.008402906652125364,0.008940566267667713,0.010414931306033774,0.0403325,2037.4317581687956
54-GATE-ETHUSDT-27FEB2026,54,Gate,ETH,ETHUSDT,2026-02-27,2026-02-22,24,0.010075452488344095,0.010033084202476724,0.010100704511515428,0.018706249999999997,1905.071215398448
54-GATE-ETHUSDT-27FEB2026,54,Gate,ETH,ETHUSDT,2026-02-27,2026-02-23,24,-0.00633494757243613,-0.006092112080492949,,-0.11538562499999999,2997.9928171973957
54-GATE-ETHUSDT-27FEB2026,54,Gate,ETH,ETHUSDT,2026-02-27,2026-02-24,24,-0.01576055398499884,-0.015636128986619445,,-0.024500624999999998,3260.636117378676
54-GATE-ETHUSDT-27FEB2026,54,Gate,ETH,ETHUSDT,2026-02-27,2026-02-25,24,0.0035330905667716236,0.0036559973456599753,0.01944678545872627,-0.00036500000000000047,2696.1406791257896
54-GATE-ETHUSDT-27FEB2026,54,Gate,ETH,ETHUSDT,2026-02-27,2026-02-26,24,0.02153209258064487,0.02137770319762299,0.027718655694551626,0.043389375,1807.7230862988306
55-BINANCE-XAUUSDT-27FEB2026,55,Binance,XAU,XAUUSDT,2026-02-27,2026-02-03,19,0.19984925666063347,0.20008866330497863,0.2,0.0,13768.17663968
55-BINANCE-XAUUSDT-27FEB2026,55,Binance,XAU,XAUUSDT,2026-02-27,2026-02-04,24,0.11291508311550118,0.11295647089123163,0.11302786533308569,0.0044648625,91507.17426619907
55-BINANCE-XAUUSDT-27FEB2026,55,Binance,XAU,XAUUSDT,2026-02-27,2026-02-05,24,0.09113418819347041,0.09119453483933308,0.09113418819347041,0.0620271875,152213.90338109338
55-BINANCE-XAUUSDT-27FEB2026,55,Binance,XAU,XAUUSDT,2026-02-27,2026-02-06,24,0.06625562833666106,0.06046622427446056,0.08094974235605874,-0.0178293375,164633.89396957206
55-BINANCE-XAUUSDT-27FEB2026,55,Binance,XAU,XAUUSDT,2026-02-27,2026-02-07,24,0.055290473832340585,0.05621030985247771,0.1016924739993085,-0.010650700000000004,212772.1226689466
55-BINANCE-XAUUSDT-27FEB2026,55,Binance,XAU,XAUUSDT,2026-02-27,2026-02-08,24,0.18723182851147582,0.18473640538774094,0.18723182851147582,1.7298125625,565368.3376317858
55-BINANCE-XAUUSDT-27FEB2026,55,Binance,XAU,XAUUSDT,2026-02-27,2026-02-09,24,0.08328248988949198,0.084076372974816,0.08394874403167985,0.592097525,504801.00101855485
55-BINANCE-XAUUSDT-27FEB2026,55,Binance,XAU,XAUUSDT,2026-02-27,2026-02-10,24,0.07214798870640203,0.07230764205176135,0.07227798403821611,0.0,601845.4362926699
55-BINANCE-XAUUSDT-27FEB2026,55,Binance,XAU,XAUUSDT,2026-02-27,2026-02-11,24,0.07369553474433128,0.0739733265888656,0.0738140949695595,0.0,655174.2080584841
55-BINANCE-XAUUSDT-27FEB2026,55,Binance,XAU,XAUUSDT,2026-02-27,2026-02-12,24,0.07212794303370072,0.07212206942516045,0.07212794303370072,0.0,664142.4163918175
55-BINANCE-XAUUSDT-27FEB2026,55,Binance,XAU,XAUUSDT,2026-02-27,2026-02-13,24,0.08366718568950754,0.08380659878065948,0.08380136258728581,0.0,611752.0800885167
55-BINANCE-XAUUSDT-27FEB2026,55,Binance,XAU,XAUUSDT,2026-02-27,2026-02-14,24,0.04007819988737967,0.0408364023335879,0.08106171656036944,-0.6711264125,991590.9834583113
55-BINANCE-XAUUSDT-27FEB2026,55,Binance,XAU,XAUUSDT,2026-02-27,2026-02-15,24,-0.006937032459673204,-0.006557331016242808,,-0.7686562375,822382.8726102292
55-BINANCE-XAUUSDT-27FEB2026,55,Binance,XAU,XAUUSDT,2026-02-27,2026-02-16,24,0.04417761175031384,0.0437832967899717,,-0.13183435,1091510.308778468
55-BINANCE-XAUUSDT-27FEB2026,55,Binance,XAU,XAUUSDT,2026-02-27,2026-02-17,24,0.048914457785194265,0.04920518007057414,,0.05685513749999999,1028266.4631200643
55-BINANCE-XAUUSDT-27FEB2026,55,Binance,XAU,XAUUSDT,2026-02-27,2026-02-18,24,0.05725235569114571,0.056497033814719565,,0.09251016249999999,819930.4370684944
55-BINANCE-XAUUSDT-27FEB2026,55,Binance,XAU,XAUUSDT,2026-02-27,2026-02-19,24,0.05699249865135844,0.05686931676052903,,0.0118625,736639.054550372
55-BINANCE-XAUUSDT-27FEB2026,55,Binance,XAU,XAUUSDT,2026-02-27,2026-02-20,24,0.0661914091296963,0.06652635954653649,0.07896052419867212,0.05078975,792535.4389024255
55-BINANCE-XAUUSDT-27FEB2026,55,Binance,XAU,XAUUSDT,2026-02-27,2026-02-21,24,0.1518882502210555,0.15090274325438396,0.15201287583311665,0.5459350625,1251376.3311942618
55-BINANCE-XAUUSDT-27FEB2026,55,Binance,XAU,XAUUSDT,2026-02-27,2026-02-22,24,0.27082214926085796,0.26457593410969604,0.27079070095534036,1.4789170374999998,1875223.7580715802
55-BINANCE-XAUUSDT-27FEB2026,55,Binance,XAU,XAUUSDT,2026-02-27,2026-02-23,24,0.058024013804638334,0.060210594486508666,0.26249878352017025,0.5373201499999999,2552950.5439416436
55-BINANCE-XAUUSDT-27FEB2026,55,Binance,XAU,XAUUSDT,2026-02-27,2026-02-24,24,0.058466398420365245,0.05884508092451179,,0.012694700000000001,2457912.095089343
55-BINANCE-XAUUSDT-27FEB2026,55,Binance,XAU,XAUUSDT,2026-02-27,2026-02-25,24,0.06457889439381281,0.0651953177864507,0.0706491868621479,0.0,2382563.5319809117
55-BINANCE-XAUUSDT-27FEB2026,55,Binance,XAU,XAUUSDT,2026-02-27,2026-02-26,24,0.04612620474345631,0.04681355838631906,0.07641322679396612,0.0,2378651.4728628923
56-OKX-XAUUSDT-27FEB2026,56,OKX,XAU,XAUUSDT,2026-02-27,2026-02-03,19,0.05997355689358605,0.05998678340117856,0.06,-0.07714257770476989,60339.8551903786
56-OKX-XAUUSDT-27FEB2026,56,OKX,XAU,XAUUSDT,2026-02-27,2026-02-04,24,0.04928973883175882,0.04927600235107571,0.0493422407604295,0.024375142495376496,341482.6789751349
56-OKX-XAUUSDT-27FEB2026,56,OKX,XAU,XAUUSDT,2026-02-27,2026-02-05,24,0.05276393391423088,0.05263657779789568,0.05270098399068109,0.20005518527296107,524302.3852495166
56-OKX-XAUUSDT-27FEB2026,56,OKX,XAU,XAUUSDT,2026-02-27,2026-02-06,24,0.14446035629760495,0.14460882087648388,0.144532402784948,0.8869021461984787,636995.136103453
56-OKX-XAUUSDT-27FEB2026,56,OKX,XAU,XAUUSDT,2026-02-27,2026-02-07,24,0.12131963383248262,0.12135295402946496,0.12139018381207063,0.21063444293119762,657433.4213759174
56-OKX-XAUUSDT-27FEB2026,56,OKX,XAU,XAUUSDT,2026-02-27,2026-02-08,24,0.10392656284698935,0.10402033404064782,0.10392656284698935,0.1095,597244.7938076854
56-OKX-XAUUSDT-27FEB2026,56,OKX,XAU,XAUUSDT,2026-02-27,2026-02-09,24,0.12573285874251142,0.1259119604760639,0.12586188031749834,0.21875947378186808,627567.752761924
56-OKX-XAUUSDT-27FEB2026,56,OKX,XAU,XAUUSDT,2026-02-27,2026-02-10,24,0.12493181100198116,0.12475913605954968,0.12485705143128367,0.10740590203861994,619486.3520567793
56-OKX-XAUUSDT-27FEB2026,56,OKX,XAU,XAUUSDT,2026-02-27,2026-02-11,24,0.12850491531897415,0.1285152554193851,0.12836668970700785,0.1095,637322.8921899687
56-OKX-XAUUSDT-27FEB2026,56,OKX,XAU,XAUUSDT,2026-02-27,2026-02-12,24,0.13096411944725828,0.1310673803102799,0.1309260538974616,0.3618761108449115,807547.0766615056
56-OKX-XAUUSDT-27FEB2026,56,OKX,XAU,XAUUSDT,2026-02-27,2026-02-13,24,0.11826836503385842,0.11840069244779726,0.11828801440433588,0.0979534659237843,713014.0008150875
56-OKX-XAUUSDT-27FEB2026,56,OKX,XAU,XAUUSDT,2026-02-27,2026-02-14,24,0.12146725301483574,0.12151408989988606,0.12142902604268996,0.15600975210130877,683803.2023245004
56-OKX-XAUUSDT-27FEB2026,56,OKX,XAU,XAUUSDT,2026-02-27,2026-02-15,24,0.12983153132357855,0.12966269699167016,0.12984633833090223,0.5813203761312087,735307.1615494605
56-OKX-XAUUSDT-27FEB2026,56,OKX,XAU,XAUUSDT,2026-02-27,2026-02-16,24,0.10917938405775264,0.10924509542755244,0.10923785052168779,0.11368035563819874,692111.1575260932
56-OKX-XAUUSDT-27FEB2026,56,OKX,XAU,XAUUSDT,2026-02-27,2026-02-17,24,0.11143661368097695,0.11143971019429845,0.11143661368097695,0.093510999078395,684837.4973562572
56-OKX-XAUUSDT-27FEB2026,56,OKX,XAU,XAUUSDT,2026-02-27,2026-02-18,24,0.10962576661584945,0.10975757476528845,0.10971814145176038,0.013331012601430499,656460.069946554
56-OKX-XAUUSDT-27FEB2026,56,OKX,XAU,XAUUSDT,2026-02-27,2026-02-19,24,0.1014388884766928,0.10144378607661207,0.10135723327460681,-0.012533299667137126,621484.5470453514
56-OKX-XAUUSDT-27FEB2026,56,OKX,XAU,XAUUSDT,2026-02-27,2026-02-20,24,0.0896046004694709,0.09000506401668527,0.08963833603480655,-0.08000451833615219,751212.9321914255
56-OKX-XAUUSDT-27FEB2026,56,OKX,XAU,XAUUSDT,2026-02-27,2026-02-21,24,0.09799589373380217,0.0981005648309365,0.09802640559535923,0.05291654193886331,633319.7873973283
56-OKX-XAUUSDT-27FEB2026,56,OKX,XAU,XAUUSDT,2026-02-27,2026-02-22,24,0.12619287417022831,0.12623061346460682,0.12622551123877815,0.1258468218458495,674138.7976945024
56-OKX-XAUUSDT-27FEB2026,56,OKX,XAU,XAUUSDT,2026-02-27,2026-02-23,24,0.12622256331193565,0.12624883120737487,0.12622256331193565,0.132630073092455,684157.0911889675
56-OKX-XAUUSDT-27FEB2026,56,OKX,XAU,XAUUSDT,2026-02-27,2026-02-24,24,0.11096869683659959,0.11108243966646957,0.11099634746128938,0.049930686075372495,645018.1919112658
56-OKX-XAUUSDT-27FEB2026,56,OKX,XAU,XAUUSDT,2026-02-27,2026-02-25,24,0.09528029311612442,0.09525323903956577,0.09522130315500127,0.0502273249916265,735127.4481159215
56-OKX-XAUUSDT-27FEB2026,56,OKX,XAU,XAUUSDT,2026-02-27,2026-02-26,24,0.10140172989612617,0.10025042071558198,0.10035061020725423,0.1095,744078.8315193717
57-BINANCE-XAGUSDT-27FEB2026,57,Binance,XAG,XAGUSDT,2026-02-27,2026-02-03,19,0.3500187379993001,0.35011867399556773,0.35,0.05564098421052632,4110.132065069473
57-BINANCE-XAGUSDT-27FEB2026,57,Binance,XAG,XAGUSDT,2026-02-27,2026-02-04,24,0.23384240789874786,0.23374060695899299,0.23387249950303599,0.0771162875,74606.2543504504
57-BINANCE-XAGUSDT-27FEB2026,57,Binance,XAG,XAGUSDT,2026-02-27,2026-02-05,24,0.15169189978063896,0.1511816392443692,0.15847597170914055,0.186385425,114896.76793115148
57-BINANCE-XAGUSDT-27FEB2026,57,Binance,XAG,XAGUSDT,2026-02-27,2026-02-06,24,0.24430351388756363,0.24396773263026783,0.24430590259151228,0.8676697875,85735.14474771084
57-BINANCE-XAGUSDT-27FEB2026,57,Binance,XAG,XAGUSDT,2026-02-27,2026-02-07,24,0.19190826457062815,0.1917880805025498,0.19194800162997427,0.041386437500000005,156248.65817549123
57-BINANCE-XAGUSDT-27FEB2026,57,Binance,XAG,XAGUSDT,2026-02-27,2026-02-08,24,0.2974708516021453,0.2975627745420786,0.2974165258050981,1.7537967125,124157.52722762455
57-BINANCE-XAGUSDT-27FEB2026,57,Binance,XAG,XAGUSDT,2026-02-27,2026-02-09,24,0.2105373931228043,0.21118203022031298,0.21047141100167166,0.6433188875,466433.9451599699
57-BINANCE-XAGUSDT-27FEB2026,57,Binance,XAG,XAGUSDT,2026-02-27,2026-02-10,24,0.20600004122531726,0.20595282577227245,0.2059399722534222,0.023718612500000003,720090.9954391514
57-BINANCE-XAGUSDT-27FEB2026,57,Binance,XAG,XAGUSDT,2026-02-27,2026-02-11,24,0.18156372265786838,0.1815376577942167,0.18156372265786838,-0.0424504125,1288013.1325224072
57-BINANCE-XAGUSDT-27FEB2026,57,Binance,XAG,XAGUSDT,2026-02-27,2026-02-12,24,0.1807563864547759,0.18076527721745692,0.1807563864547759,0.008185125,1457613.0278900098
57-BINANCE-XAGUSDT-27FEB2026,57,Binance,XAG,XAGUSDT,2026-02-27,2026-02-13,24,0.24680603168769233,0.24682897475306445,0.24675035960291528,0.315033325,1482161.3279004993
57-BINANCE-XAGUSDT-27FEB2026,57,Binance,XAG,XAGUSDT,2026-02-27,2026-02-14,24,0.3039562153314685,0.30345022092506685,0.3035634733343921,0.51996075,1447955.9078361674
57-BINANCE-XAGUSDT-27FEB2026,57,Binance,XAG,XAGUSDT,2026-02-27,2026-02-15,24,0.3419759287444551,0.3419622295485029,0.3419457698763389,1.06694245,1421367.0088667385
57-BINANCE-XAGUSDT-27FEB2026,57,Binance,XAG,XAGUSDT,2026-02-27,2026-02-16,24,0.2093458848796881,0.20981116011761258,0.20937874773423196,0.85574615,1183047.1461909453
57-BINANCE-XAGUSDT-27FEB2026,57,Binance,XAG,XAGUSDT,2026-02-27,2026-02-17,24,0.1844781515217202,0.18455240751404342,0.1844713637983257,0.09620305,1129230.2644467552
57-BINANCE-XAGUSDT-27FEB2026,57,Binance,XAG,XAGUSDT,2026-02-27,2026-02-18,24,0.19411659019190738,0.1943420188678574,0.19415018420989993,0.10010124999999999,1126870.1157740443
57-BINANCE-XAGUSDT-27FEB2026,57,Binance,XAG,XAGUSDT,2026-02-27,2026-02-19,24,0.1641621927550553,0.16488657278403276,0.1641621927550553,0.0,1188268.5782808885
57-BINANCE-XAGUSDT-27FEB2026,57,Binance,XAG,XAGUSDT,2026-02-27,2026-02-20,24,0.15906293351939696,0.15921937425524268,0.15906293351939696,-0.0691529,1259501.532294424
57-BINANCE-XAGUSDT-27FEB2026,57,Binance,XAG,XAGUSDT,2026-02-27,2026-02-21,24,0.11388801272208388,0.11664556774495853,0.13938063233296985,0.081006275,1400389.746430519
57-BINANCE-XAGUSDT-27FEB2026,57,Binance,XAG,XAGUSDT,2026-02-27,2026-02-22,24,0.3933841277346195,0.3924243875619297,0.3933532836314124,1.7197604625,1442603.2376465814
57-BINANCE-XAGUSDT-27FEB2026,57,Binance,XAG,XAGUSDT,2026-02-27,2026-02-23,24,0.06007675907783472,0.0586191003947682,0.3039931441969661,0.748985475,1804855.380067356
57-BINANCE-XAGUSDT-27FEB2026,57,Binance,XAG,XAGUSDT,2026-02-27,2026-02-24,24,0.024296146879380847,0.02171214707575631,0.15837492373774112,-0.0721595875,1593988.59883185
57-BINANCE-XAGUSDT-27FEB2026,57,Binance,XAG,XAGUSDT,2026-02-27,2026-02-25,24,0.0263720447925687,0.029198643752769222,0.1174484896821198,0.001122375,1583517.906408783
57-BINANCE-XAGUSDT-27FEB2026,57,Binance,XAG,XAGUSDT,2026-02-27,2026-02-26,24,-0.04086174589970007,-0.03722563038377934,,-0.13223037499999998,1599336.9737498614
58-HYPERLIQUID-SOL-27MAR2026,58,Hyperliquid,SOL,SOL,2026-03-27,2026-02-10,19,0.027664728254956777,0.028086500062859964,,-0.04034445663157895,0.0
58-HYPERLIQUID-SOL-27MAR2026,58,Hyperliquid,SOL,SOL,2026-03-27,2026-02-11,24,-0.009557923351706172,-0.010753801272684084,,-0.11888451500000001,339753.4034146119
58-HYPERLIQUID-SOL-27MAR2026,58,Hyperliquid,SOL,SOL,2026-03-27,2026-02-12,24,-0.023281139394502635,-0.02412401725310898,,-0.156124808,806212.7165256616
58-HYPERLIQUID-SOL-27MAR2026,58,Hyperliquid,SOL,SOL,2026-03-27,2026-02-13,24,-0.023040729155197115,-0.02193863301371857,,-0.0251880295,1278064.1835397545
58-HYPERLIQUID-SOL-27MAR2026,58,Hyperliquid,SOL,SOL,2026-03-27,2026-02-14,24,-0.02675720854787439,-0.026931674372278603,,-0.1325000005,1479485.139644929
58-HYPERLIQUID-SOL-27MAR2026,58,Hyperliquid,SOL,SOL,2026-03-27,2026-02-15,24,-0.03291248944445077,-0.032815085803502404,,-0.265389383,1206080.6301529019
58-HYPERLIQUID-SOL-27MAR2026,58,Hyperliquid,SOL,SOL,2026-03-27,2026-02-16,24,-0.05318569998293588,-0.05335446441938558,,-0.21296235249999998,2105349.9358181567
58-HYPERLIQUID-SOL-27MAR2026,58,Hyperliquid,SOL,SOL,2026-03-27,2026-02-17,24,-0.05704582749498057,-0.05713251309266457,,-0.07443171250000001,1955504.1131595483
58-HYPERLIQUID-SOL-27MAR2026,58,Hyperliquid,SOL,SOL,2026-03-27,2026-02-18,24,-0.06224242137004785,-0.06139770275217323,,-0.12260715,1959518.5655439857
58-HYPERLIQUID-SOL-27MAR2026,58,Hyperliquid,SOL,SOL,2026-03-27,2026-02-19,24,-0.07028197301364178,-0.0701580151068001,,-0.1436365885,1684177.7904397768
58-HYPERLIQUID-SOL-27MAR2026,58,Hyperliquid,SOL,SOL,2026-03-27,2026-02-20,24,-0.06463089386190986,-0.06389713680246768,,0.0108246955,3066420.320160845
58-HYPERLIQUID-SOL-27MAR2026,58,Hyperliquid,SOL,SOL,2026-03-27,2026-02-21,24,-0.057823592819171925,-0.05717594164575985,,-0.021160875,3368388.4128201646
58-HYPERLIQUID-SOL-27MAR2026,58,Hyperliquid,SOL,SOL,2026-03-27,2026-02-22,24,-0.05848140166203932,-0.059596513030785225,,-0.1397823345,3447755.8061606376
58-HYPERLIQUID-SOL-27MAR2026,58,Hyperliquid,SOL,SOL,2026-03-27,2026-02-23,24,-0.07304097225913707,-0.07365921844861277,,-0.24585275799999998,2893003.7957732338
58-HYPERLIQUID-SOL-27MAR2026,58,Hyperliquid,SOL,SOL,2026-03-27,2026-02-24,24,-0.06818681860613247,-0.06730993524823996,,-0.0584405515,2479983.6802240433
58-HYPERLIQUID-SOL-27MAR2026,58,Hyperliquid,SOL,SOL,2026-03-27,2026-02-25,24,-0.056650184121838455,-0.05690233398852756,,-0.09019022250000001,2914187.970496317
58-HYPERLIQUID-SOL-27MAR2026,58,Hyperliquid,SOL,SOL,2026-03-27,2026-02-26,24,-0.037691868853387295,-0.03746215658012728,,-0.017716078,3362827.467791461
58-HYPERLIQUID-SOL-27MAR2026,58,Hyperliquid,SOL,SOL,2026-03-27,2026-02-27,24,-0.03866974366525131,-0.03836402717920832,,0.0067377539999999994,3798683.9561494333
58-HYPERLIQUID-SOL-27MAR2026,58,Hyperliquid,SOL,SOL,2026-03-27,2026-02-28,24,-0.04454578571802952,-0.0442880282953332,,-0.13733015499999998,3933632.1433324623
58-HYPERLIQUID-SOL-27MAR2026,58,Hyperliquid,SOL,SOL,2026-03-27,2026-03-01,24,-0.04110736404011462,-0.04104578366946649,,-0.0916099265,3784281.433112832
58-HYPERLIQUID-SOL-27MAR2026,58,Hyperliquid,SOL,SOL,2026-03-27,2026-03-02,24,-0.04272931548428089,-0.042751752117472425,,0.004621630000000001,3937828.3582866522
58-HYPERLIQUID-SOL-27MAR2026,58,Hyperliquid,SOL,SOL,2026-03-27,2026-03-03,24,-0.043174118000419696,-0.04314864733094629,,-0.051770651,4396084.438150808
58-HYPERLIQUID-SOL-27MAR2026,58,Hyperliquid,SOL,SOL,2026-03-27,2026-03-04,24,-0.04106122476692696,-0.04072436934785536,,-0.015702591999999998,5116237.3968580915
58-HYPERLIQUID-SOL-27MAR2026,58,Hyperliquid,SOL,SOL,2026-03-27,2026-03-05,24,-0.044861776098294205,-0.04501188519961838,,-0.021869303500000003,4470679.979225489
58-HYPERLIQUID-SOL-27MAR2026,58,Hyperliquid,SOL,SOL,2026-03-27,2026-03-06,24,-0.04683597747122519,-0.04661127613513,,-0.089089857,4369934.796461652
58-HYPERLIQUID-SOL-27MAR2026,58,Hyperliquid,SOL,SOL,2026-03-27,2026-03-07,24,-0.043440994630896984,-0.04339978783560398,,-0.137249417,4255081.023304989
58-HYPERLIQUID-SOL-27MAR2026,58,Hyperliquid,SOL,SOL,2026-03-27,2026-03-08,24,-0.04526478548990848,-0.04517406664004773,,-0.2075622505,4947231.786112838
58-HYPERLIQUID-SOL-27MAR2026,58,Hyperliquid,SOL,SOL,2026-03-27,2026-03-09,24,-0.047254944684902066,-0.04699386900695534,,-0.026132941500000003,6796961.632183332
58-HYPERLIQUID-SOL-27MAR2026,58,Hyperliquid,SOL,SOL,2026-03-27,2026-03-10,24,-0.049926994812322774,-0.04961260936504281,,0.017418457000000002,4905930.431259328
58-HYPERLIQUID-SOL-27MAR2026,58,Hyperliquid,SOL,SOL,2026-03-27,2026-03-11,24,-0.05288359855770608,-0.05280382090272601,,-0.10644790650000001,4226276.946811973
58-HYPERLIQUID-SOL-27MAR2026,58,Hyperliquid,SOL,SOL,2026-03-27,2026-03-12,24,-0.06067102225776017,-0.06021609452132767,,-0.0785746085,3724694.12606933
58-HYPERLIQUID-SOL-27MAR2026,58,Hyperliquid,SOL,SOL,2026-03-27,2026-03-13,24,-0.05311014711226117,-0.053091613091267816,,0.0214480935,6088420.160369125
58-HYPERLIQUID-SOL-27MAR2026,58,Hyperliquid,SOL,SOL,2026-03-27,2026-03-14,24,-0.056179981424759634,-0.05541507688413522,,-0.20770836,5898280.011079196
58-HYPERLIQUID-SOL-27MAR2026,58,Hyperliquid,SOL,SOL,2026-03-27,2026-03-15,24,-0.05293963823850556,-0.05314530534436449,,-0.047991806,5818525.826666801
58-HYPERLIQUID-SOL-27MAR2026,58,Hyperliquid,SOL,SOL,2026-03-27,2026-03-16,24,-0.0416522597786036,-0.041231991275936235,,0.008525305,6031331.082342616
58-HYPERLIQUID-SOL-27MAR2026,58,Hyperliquid,SOL,SOL,2026-03-27,2026-03-17,24,-0.04395044512632609,-0.043382388968171925,,-0.058915379999999996,6489238.443717153
58-HYPERLIQUID-SOL-27MAR2026,58,Hyperliquid,SOL,SOL,2026-03-27,2026-03-18,24,-0.05105118247564478,-0.05037434325803827,,-0.10778209100000001,6072571.788436164
58-HYPERLIQUID-SOL-27MAR2026,58,Hyperliquid,SOL,SOL,2026-03-27,2026-03-19,24,-0.05486544933079274,-0.05495884235790119,,-0.05718893,4666508.514524911
58-HYPERLIQUID-SOL-27MAR2026,58,Hyperliquid,SOL,SOL,2026-03-27,2026-03-20,24,-0.052181360443506124,-0.05171039313756093,,-0.1032828455,4350574.365690905
58-HYPERLIQUID-SOL-27MAR2026,58,Hyperliquid,SOL,SOL,2026-03-27,2026-03-21,24,-0.05226384133249765,-0.05156177552319924,,-0.052197409,4349788.107868611
58-HYPERLIQUID-SOL-27MAR2026,58,Hyperliquid,SOL,SOL,2026-03-27,2026-03-22,24,-0.0772151161800241,-0.07688860237368655,,-0.25561461,4256082.456071736
58-HYPERLIQUID-SOL-27MAR2026,58,Hyperliquid,SOL,SOL,2026-03-27,2026-03-23,24,-0.08091869445517971,-0.08049640414165836,,-0.09614687649999999,4377078.165594312
58-HYPERLIQUID-SOL-27MAR2026,58,Hyperliquid,SOL,SOL,2026-03-27,2026-03-24,24,-0.07409315096368504,-0.07403020004808862,,-0.0366087335,4702500.912305127
58-HYPERLIQUID-SOL-27MAR2026,58,Hyperliquid,SOL,SOL,2026-03-27,2026-03-25,24,-0.04384596653810494,-0.04479545572518754,,0.031016167,7943994.54645916
58-HYPERLIQUID-SOL-27MAR2026,58,Hyperliquid,SOL,SOL,2026-03-27,2026-03-26,24,-0.1263018734096431,-0.12414883801608634,,-0.20276012799999998,8678001.20519466
59-LIGHTER-SOL-27MAR2026,59,Lighter,SOL,SOL,2026-03-27,2026-02-10,19,0.011784550604371665,0.012071985254556978,,0.009682105263157895,0.0
59-LIGHTER-SOL-27MAR2026,59,Lighter,SOL,SOL,2026-03-27,2026-02-11,24,-0.013792372896518955,-0.014685155165961262,,-0.12775,248094.05221456697
59-LIGHTER-SOL-27MAR2026,59,Lighter,SOL,SOL,2026-03-27,2026-02-12,24,-0.019993374815089966,-0.019486374757633863,,-0.031025,469250.84348071064
59-LIGHTER-SOL-27MAR2026,59,Lighter,SOL,SOL,2026-03-27,2026-02-13,24,-0.010991754603449859,-0.011028312345512029,,0.077745,647667.1796312139
59-LIGHTER-SOL-27MAR2026,59,Lighter,SOL,SOL,2026-03-27,2026-02-14,24,-0.007604737470473741,-0.006878479106789716,,0.10183500000000001,736647.6387353935
59-LIGHTER-SOL-27MAR2026,59,Lighter,SOL,SOL,2026-03-27,2026-02-15,24,-0.007397241855685175,-0.007149147804374294,,-0.028835,827260.9217774138
59-LIGHTER-SOL-27MAR2026,59,Lighter,SOL,SOL,2026-03-27,2026-02-16,24,-0.01319949586307062,-0.013313293278053669,,-0.10183500000000001,988029.5856044008
59-LIGHTER-SOL-27MAR2026,59,Lighter,SOL,SOL,2026-03-27,2026-02-17,24,-0.022459495912000273,-0.022534519853583748,,-0.146,1657132.995905883
59-LIGHTER-SOL-27MAR2026,59,Lighter,SOL,SOL,2026-03-27,2026-02-18,24,-0.01903619803094978,-0.018814712713623234,,-0.055115,1156465.6905083999
59-LIGHTER-SOL-27MAR2026,59,Lighter,SOL,SOL,2026-03-27,2026-02-19,24,-0.04183853451246353,-0.0414855406712529,,-0.10585,1381908.6854869658
59-LIGHTER-SOL-27MAR2026,59,Lighter,SOL,SOL,2026-03-27,2026-02-20,24,-0.05225591740641825,-0.05209256582286819,,-0.148555,1500513.1908901415
59-LIGHTER-SOL-27MAR2026,59,Lighter,SOL,SOL,2026-03-27,2026-02-21,24,-0.057302204692735205,-0.056937322854130466,,-0.168995,1403581.8156705124
59-LIGHTER-SOL-27MAR2026,59,Lighter,SOL,SOL,2026-03-27,2026-02-22,24,-0.06040057235666083,-0.0601367055850201,,-0.217175,1532220.0423153176
59-LIGHTER-SOL-27MAR2026,59,Lighter,SOL,SOL,2026-03-27,2026-02-23,24,-0.061643169289255915,-0.061096553851230744,,-0.07592,1305796.195724008
59-LIGHTER-SOL-27MAR2026,59,Lighter,SOL,SOL,2026-03-27,2026-02-24,24,-0.05832966989881034,-0.05775017483461009,,-0.04015,1222147.3689744193
59-LIGHTER-SOL-27MAR2026,59,Lighter,SOL,SOL,2026-03-27,2026-02-25,24,-0.03828922935859893,-0.037773263136870315,,0.04891,1485419.4269820955
59-LIGHTER-SOL-27MAR2026,59,Lighter,SOL,SOL,2026-03-27,2026-02-26,24,-0.0376004349456469,-0.03755800878139429,,0.021535000000000002,1810171.7527550021
59-LIGHTER-SOL-27MAR2026,59,Lighter,SOL,SOL,2026-03-27,2026-02-27,24,-0.026175392104557656,-0.025711226287423783,,-0.006934999999999999,2247692.353530401
59-LIGHTER-SOL-27MAR2026,59,Lighter,SOL,SOL,2026-03-27,2026-02-28,24,-0.03062820240669337,-0.030449000292241176,,-0.156585,1922997.5126501278
59-LIGHTER-SOL-27MAR2026,59,Lighter,SOL,SOL,2026-03-27,2026-03-01,24,-0.03324337806249403,-0.03310077313983493,,0.07446,2035959.1777616066
59-LIGHTER-SOL-27MAR2026,59,Lighter,SOL,SOL,2026-03-27,2026-03-02,24,-0.039109628346643756,-0.03899715314781274,,-0.032485,2504650.384670682
59-LIGHTER-SOL-27MAR2026,59,Lighter,SOL,SOL,2026-03-27,2026-03-03,24,-0.04314577903693228,-0.04303788598304487,,-0.08431499999999999,2803104.445377201
59-LIGHTER-SOL-27MAR2026,59,Lighter,SOL,SOL,2026-03-27,2026-03-04,24,-0.04606672648155949,-0.04569325804575621,,0.052195,3187242.773563001
59-LIGHTER-SOL-27MAR2026,59,Lighter,SOL,SOL,2026-03-27,2026-03-05,24,-0.04772596271484586,-0.04740053962842436,,0.048545000000000005,3839674.8195371456
59-LIGHTER-SOL-27MAR2026,59,Lighter,SOL,SOL,2026-03-27,2026-03-06,24,-0.04502719673734376,-0.04509499996971452,,-0.12191,3806321.698457701
59-LIGHTER-SOL-27MAR2026,59,Lighter,SOL,SOL,2026-03-27,2026-03-07,24,-0.04340144123507486,-0.04304694387024383,,-0.015695,3557952.4624842233
59-LIGHTER-SOL-27MAR2026,59,Lighter,SOL,SOL,2026-03-27,2026-03-08,24,-0.04570249690488615,-0.04567958888705209,,-0.14746,3598083.0347444178
59-LIGHTER-SOL-27MAR2026,59,Lighter,SOL,SOL,2026-03-27,2026-03-09,24,-0.04179758997893205,-0.042008147232547664,,-0.02482,3376676.4341809205
59-LIGHTER-SOL-27MAR2026,59,Lighter,SOL,SOL,2026-03-27,2026-03-10,24,-0.04363308320721976,-0.04355254939718411,,0.08541,3766022.916049938
59-LIGHTER-SOL-27MAR2026,59,Lighter,SOL,SOL,2026-03-27,2026-03-11,24,-0.04934333049249259,-0.049055223368060175,,0.057305,4194574.4242925355
59-LIGHTER-SOL-27MAR2026,59,Lighter,SOL,SOL,2026-03-27,2026-03-12,24,-0.05091644974191683,-0.050747613712253864,,0.001825000000000002,4660550.717439793
59-LIGHTER-SOL-27MAR2026,59,Lighter,SOL,SOL,2026-03-27,2026-03-13,24,-0.04594054848770626,-0.045995306014234426,,0.03869,5225464.610177408
59-LIGHTER-SOL-27MAR2026,59,Lighter,SOL,SOL,2026-03-27,2026-03-14,24,-0.043496109989800386,-0.04335656330822296,,-0.047814999999999996,5217480.630521852
59-LIGHTER-SOL-27MAR2026,59,Lighter,SOL,SOL,2026-03-27,2026-03-15,24,-0.038811955965076785,-0.03883834833373244,,0.05767,5211387.885704373
59-LIGHTER-SOL-27MAR2026,59,Lighter,SOL,SOL,2026-03-27,2026-03-16,24,-0.027900363191431455,-0.027760009381707695,,0.050005,5947005.371543151
59-LIGHTER-SOL-27MAR2026,59,Lighter,SOL,SOL,2026-03-27,2026-03-17,24,-0.028295748250485146,-0.027694586529247407,,-0.04088,6221705.6203011
59-LIGHTER-SOL-27MAR2026,59,Lighter,SOL,SOL,2026-03-27,2026-03-18,24,-0.0317280271779363,-0.03180217589124092,,0.04526,5931539.381144483
59-LIGHTER-SOL-27MAR2026,59,Lighter,SOL,SOL,2026-03-27,2026-03-19,24,-0.02661140264112458,-0.026368802615671077,,0.03796,6972847.716670225
59-LIGHTER-SOL-27MAR2026,59,Lighter,SOL,SOL,2026-03-27,2026-03-20,24,-0.0354259699724996,-0.03490572246835375,,-0.06643,6742379.353149938
59-LIGHTER-SOL-27MAR2026,59,Lighter,SOL,SOL,2026-03-27,2026-03-21,24,-0.03417375230800032,-0.03361576577533049,,-0.05621,6501995.305981864
59-LIGHTER-SOL-27MAR2026,59,Lighter,SOL,SOL,2026-03-27,2026-03-22,24,-0.05222966258270276,-0.05233999865714181,,-0.144905,6777402.076834843
59-LIGHTER-SOL-27MAR2026,59,Lighter,SOL,SOL,2026-03-27,2026-03-23,24,-0.06344314171040479,-0.06379510632518508,,-0.109135,5294659.208408825
59-LIGHTER-SOL-27MAR2026,59,Lighter,SOL,SOL,2026-03-27,2026-03-24,24,-0.06281227790400894,-0.062351184302823416,,-0.06935000000000001,5910591.20126987
59-LIGHTER-SOL-27MAR2026,59,Lighter,SOL,SOL,2026-03-27,2026-03-25,24,-0.03922690887985939,-0.03959446726806675,,0.04526,7966825.675623217
59-LIGHTER-SOL-27MAR2026,59,Lighter,SOL,SOL,2026-03-27,2026-03-26,24,-0.07154944531385286,-0.07122132681827084,,-0.10511999999999999,6797545.856360716
6-HYPERLIQUID-BTC-31OCT2025,6,Hyperliquid,BTC,BTC,2025-10-31,2025-09-09,7,0.08003999738290433,0.08003999738290433,,0.0,0.0
6-HYPERLIQUID-BTC-31OCT2025,6,Hyperliquid,BTC,BTC,2025-10-31,2025-09-10,24,0.09086622485495464,0.08844720217441261,0.09627933859097978,0.073,0.6233240632347409
6-HYPERLIQUID-BTC-31OCT2025,6,Hyperliquid,BTC,BTC,2025-10-31,2025-09-11,24,0.09439067267540546,0.09439067267540546,0.09439067267540546,0.1095,1.0256983941166986
6-HYPERLIQUID-BTC-31OCT2025,6,Hyperliquid,BTC,BTC,2025-10-31,2025-09-12,24,0.09646466613971116,0.09653663852995538,0.09649148856572402,0.1095,8.105036102108672
6-HYPERLIQUID-BTC-31OCT2025,6,Hyperliquid,BTC,BTC,2025-10-31,2025-09-13,24,0.10010543686530798,0.10009169081862133,0.10010543686530798,0.1095,11.520643234578722
6-HYPERLIQUID-BTC-31OCT2025,6,Hyperliquid,BTC,BTC,2025-10-31,2025-09-14,24,0.10339224957286865,0.1035781398204259,0.10361343347668496,0.1095,13.819965752570319
6-HYPERLIQUID-BTC-31OCT2025,6,Hyperliquid,BTC,BTC,2025-10-31,2025-09-15,24,0.10940871767709981,0.10945157375941474,0.10945485738587236,0.1095,15.677301915290661
6-HYPERLIQUID-BTC-31OCT2025,6,Hyperliquid,BTC,BTC,2025-10-31,2025-09-16,24,0.1099628656448835,0.1099628656448835,0.1099628656448835,0.1095,15.453996075059784
6-HYPERLIQUID-BTC-31OCT2025,6,Hyperliquid,BTC,BTC,2025-10-31,2025-09-17,24,0.10815901922836459,0.10828265147030604,0.1082283084299201,0.080347085,32.93665166624245
6-HYPERLIQUID-BTC-31OCT2025,6,Hyperliquid,BTC,BTC,2025-10-31,2025-09-18,24,0.10885706794886686,0.10885364283308396,0.10885706794886686,0.1095,38.459191913236964
6-HYPERLIQUID-BTC-31OCT2025,6,Hyperliquid,BTC,BTC,2025-10-31,2025-09-19,24,0.10915383087342963,0.10915383087342963,0.10915383087342963,0.1095,36.607822295919085
6-HYPERLIQUID-BTC-31OCT2025,6,Hyperliquid,BTC,BTC,2025-10-31,2025-09-20,24,0.10918618200225477,0.10918522687368946,0.10918618200225477,0.1095,36.269775935526916
6-HYPERLIQUID-BTC-31OCT2025,6,Hyperliquid,BTC,BTC,2025-10-31,2025-09-21,24,0.10898747766919724,0.10898747766919724,0.10898747766919724,0.1095,38.25472914613602
6-HYPERLIQUID-BTC-31OCT2025,6,Hyperliquid,BTC,BTC,2025-10-31,2025-09-22,24,0.10877034057237438,0.10853481919723597,0.10858560725804477,0.1095,39.10256274117599
6-HYPERLIQUID-BTC-31OCT2025,6,Hyperliquid,BTC,BTC,2025-10-31,2025-09-23,24,0.10837772165612079,0.10829459586693652,0.10829921006684472,0.1095,38.940492749751364
6-HYPERLIQUID-BTC-31OCT2025,6,Hyperliquid,BTC,BTC,2025-10-31,2025-09-24,24,0.10836387536489818,0.108354637729432,0.10835002029705564,0.1095,37.182533820533216
6-HYPERLIQUID-BTC-31OCT2025,6,Hyperliquid,BTC,BTC,2025-10-31,2025-09-25,24,0.10769942088764917,0.10759827854483221,0.1076487688433219,0.084430924,38.10743128272703
6-HYPERLIQUID-BTC-31OCT2025,6,Hyperliquid,BTC,BTC,2025-10-31,2025-09-26,24,0.1067123081596198,0.1067034212105405,0.10668013923174707,0.090076306,36.966294189785266
6-HYPERLIQUID-BTC-31OCT2025,6,Hyperliquid,BTC,BTC,2025-10-31,2025-09-27,24,0.10545086054776798,0.10524801009602243,0.10545086054776798,0.07769039600000001,37.799224629097544
6-HYPERLIQUID-BTC-31OCT2025,6,Hyperliquid,BTC,BTC,2025-10-31,2025-09-28,24,0.10507633959581392,0.10522937408043281,0.10514991161726807,0.0458424305,43.31874977012159
6-HYPERLIQUID-BTC-31OCT2025,6,Hyperliquid,BTC,BTC,2025-10-31,2025-09-29,24,0.10218425284767896,0.10228026443422689,0.1022301243234837,0.072804944,49.08628107913506
6-HYPERLIQUID-BTC-31OCT2025,6,Hyperliquid,BTC,BTC,2025-10-31,2025-09-30,24,0.10232149026200947,0.10232329703263641,0.10232149026200947,0.092038838,49.79912075702281
6-HYPERLIQUID-BTC-31OCT2025,6,Hyperliquid,BTC,BTC,2025-10-31,2025-10-01,24,0.10242720242215762,0.10242288281913903,0.10242720242215762,0.109004841,56.38239561906837
6-HYPERLIQUID-BTC-31OCT2025,6,Hyperliquid,BTC,BTC,2025-10-31,2025-10-02,24,0.10332323228116935,0.10337385547597701,0.10316691960893391,0.0956576305,61.892402111815414
6-HYPERLIQUID-BTC-31OCT2025,6,Hyperliquid,BTC,BTC,2025-10-31,2025-10-03,24,0.10314847248952226,0.1031485265474592,0.10314847248952226,0.1095,62.241846604086106
6-HYPERLIQUID-BTC-31OCT2025,6,Hyperliquid,BTC,BTC,2025-10-31,2025-10-04,24,0.1030243419557549,0.10302442618743994,0.1030243419557549,0.1095,62.989886085804265
6-HYPERLIQUID-BTC-31OCT2025,6,Hyperliquid,BTC,BTC,2025-10-31,2025-10-05,24,0.11101051850405426,0.11099338080421826,0.11101517391393113,0.18212306450000001,67.1878169252035
6-HYPERLIQUID-BTC-31OCT2025,6,Hyperliquid,BTC,BTC,2025-10-31,2025-10-06,24,0.12023809073493723,0.12025666476256651,0.1201960363735091,0.2377266535,76.15167714438847
6-HYPERLIQUID-BTC-31OCT2025,6,Hyperliquid,BTC,BTC,2025-10-31,2025-10-07,24,0.11510718099193605,0.11489379002982891,0.11500946110718253,0.1397935765,76.29780783570341
6-HYPERLIQUID-BTC-31OCT2025,6,Hyperliquid,BTC,BTC,2025-10-31,2025-10-08,24,0.11144985819084702,0.11116176564044399,0.1112855523658216,0.119951994,67.53337512305679
6-HYPERLIQUID-BTC-31OCT2025,6,Hyperliquid,BTC,BTC,2025-10-31,2025-10-09,24,0.11001247229621684,0.11000256937163289,0.10997565637329855,0.100363466,73.42539313431384
6-HYPERLIQUID-BTC-31OCT2025,6,Hyperliquid,BTC,BTC,2025-10-31,2025-10-10,24,0.10063159884407924,0.10088369219998644,0.10074156174577269,0.034695367,78.37870235043648
6-HYPERLIQUID-BTC-31OCT2025,6,Hyperliquid,BTC,BTC,2025-10-31,2025-10-11,24,0.09678518055560924,0.096686512616858,0.09678518055560924,0.13463899175000002,73.0433044851338
6-HYPERLIQUID-BTC-31OCT2025,6,Hyperliquid,BTC,BTC,2025-10-31,2025-10-12,24,0.0961411495733586,0.09611833870040075,0.09613575039858145,0.069229477,75.47080851714863
6-HYPERLIQUID-BTC-31OCT2025,6,Hyperliquid,BTC,BTC,2025-10-31,2025-10-13,24,0.09978469254197912,0.09956940416633252,0.10003728418196134,0.09769874699999999,77.44896073051298
6-HYPERLIQUID-BTC-31OCT2025,6,Hyperliquid,BTC,BTC,2025-10-31,2025-10-14,24,0.09338500010026203,0.09320295279495856,0.09322963427213066,0.020124932,77.93983693330945
6-HYPERLIQUID-BTC-31OCT2025,6,Hyperliquid,BTC,BTC,2025-10-31,2025-10-15,24,0.09962926683732358,0.09915641201308743,0.09924924347278961,0.1095,74.32213593758678
6-HYPERLIQUID-BTC-31OCT2025,6,Hyperliquid,BTC,BTC,2025-10-31,2025-10-16,24,0.09721988544429878,0.09701636628837716,0.0969968733852764,0.10732076750000001,73.12163139509752
6-HYPERLIQUID-BTC-31OCT2025,6,Hyperliquid,BTC,BTC,2025-10-31,2025-10-17,24,0.09835356601356444,0.09836147996203727,0.09835356601356444,0.1095,74.07644309773538
6-HYPERLIQUID-BTC-31OCT2025,6,Hyperliquid,BTC,BTC,2025-10-31,2025-10-18,24,0.09899666416330287,0.09898583252259853,0.09899666416330287,0.1095,74.14434465184439
6-HYPERLIQUID-BTC-31OCT2025,6,Hyperliquid,BTC,BTC,2025-10-31,2025-10-19,24,0.09663930786326712,0.09663782607653802,0.09657570353128288,0.061722084,75.89695682307114
6-HYPERLIQUID-BTC-31OCT2025,6,Hyperliquid,BTC,BTC,2025-10-31,2025-10-20,24,0.09198674402907621,0.09179827681564114,0.09197775534311962,0.06303568250000001,81.87686197653348
6-HYPERLIQUID-BTC-31OCT2025,6,Hyperliquid,BTC,BTC,2025-10-31,2025-10-21,24,0.08489803789465122,0.08485783419729692,0.08482106193753268,0.028835073,102.71257362283775
6-HYPERLIQUID-BTC-31OCT2025,6,Hyperliquid,BTC,BTC,2025-10-31,2025-10-22,24,0.07659642946393437,0.07659346471183484,0.07659642946393437,0.081482819,109.03777654640201
6-HYPERLIQUID-BTC-31OCT2025,6,Hyperliquid,BTC,BTC,2025-10-31,2025-10-23,24,0.08809065494045391,0.08795385347323864,0.0880770143291979,0.1095,86.78839296848408
6-HYPERLIQUID-BTC-31OCT2025,6,Hyperliquid,BTC,BTC,2025-10-31,2025-10-24,24,0.09123560448426594,0.09108104852595246,0.09110932542512894,0.1095,76.40159757434883
6-HYPERLIQUID-BTC-31OCT2025,6,Hyperliquid,BTC,BTC,2025-10-31,2025-10-25,24,0.09433777638861057,0.09433596408346723,0.09433777638861057,0.1095,74.6195339745121
6-HYPERLIQUID-BTC-31OCT2025,6,Hyperliquid,BTC,BTC,2025-10-31,2025-10-26,24,0.0949783062388481,0.09494732939265998,0.09495551407808182,0.1095,77.57099813735532
6-HYPERLIQUID-BTC-31OCT2025,6,Hyperliquid,BTC,BTC,2025-10-31,2025-10-27,24,0.10803414556974571,0.10803831038605723,0.10802980968744695,0.1372539065,89.98317451782789
6-HYPERLIQUID-BTC-31OCT2025,6,Hyperliquid,BTC,BTC,2025-10-31,2025-10-28,24,0.10752480649248296,0.10749168282273175,0.10748796219233091,0.1095,88.86419491702308
6-HYPERLIQUID-BTC-31OCT2025,6,Hyperliquid,BTC,BTC,2025-10-31,2025-10-29,24,0.10569240127302724,0.10578391704809557,0.1057016259852675,0.111317408,81.9516397079962
6-HYPERLIQUID-BTC-31OCT2025,6,Hyperliquid,BTC,BTC,2025-10-31,2025-10-30,24,0.10798352138984402,0.10794776932326174,0.10799277493933772,0.1183781505,80.58548574991059
60-HYPERLIQUID-BTC-27MAR2026,60,Hyperliquid,BTC,BTC,2026-03-27,2026-02-24,14,0.060031412955532215,0.060031412955532215,,0.0,0.0
60-HYPERLIQUID-BTC-27MAR2026,60,Hyperliquid,BTC,BTC,2026-03-27,2026-02-25,24,0.05996352790824359,0.060031412955532215,0.06,0.029661557529411766,26137.093644112498
60-HYPERLIQUID-BTC-27MAR2026,60,Hyperliquid,BTC,BTC,2026-03-27,2026-02-26,24,0.05454518324873101,0.05449310038021473,0.05451347941340473,0.044297495,463136.15649725724
60-HYPERLIQUID-BTC-27MAR2026,60,Hyperliquid,BTC,BTC,2026-03-27,2026-02-27,24,0.052869275101729264,0.052898032955676466,0.052856426069356845,0.0519735545,752479.9989323422
60-HYPERLIQUID-BTC-27MAR2026,60,Hyperliquid,BTC,BTC,2026-03-27,2026-02-28,24,0.039799758278258685,0.03967256947849236,0.039773908586135644,-0.085321889,1226850.032867783
60-HYPERLIQUID-BTC-27MAR2026,60,Hyperliquid,BTC,BTC,2026-03-27,2026-03-01,24,0.04939235277023776,0.04941713578394177,0.04941856692866858,0.0046548085,1090725.0876842022
60-HYPERLIQUID-BTC-27MAR2026,60,Hyperliquid,BTC,BTC,2026-03-27,2026-03-02,24,0.04467850522393376,0.04471438160369693,0.04457413500697955,-0.036573949,1370084.29955663
60-HYPERLIQUID-BTC-27MAR2026,60,Hyperliquid,BTC,BTC,2026-03-27,2026-03-03,24,0.047199125871425496,0.04713124474833131,0.04712935234619701,0.048171313,1357718.4642922778
60-HYPERLIQUID-BTC-27MAR2026,60,Hyperliquid,BTC,BTC,2026-03-27,2026-03-04,24,0.043041127794287176,0.0431920200863271,0.042990350105533516,-0.063072949,1337449.4168104448
60-HYPERLIQUID-BTC-27MAR2026,60,Hyperliquid,BTC,BTC,2026-03-27,2026-03-05,24,0.03820207414856574,0.038088308072253656,0.03821070928885714,-0.016683566,2231302.0081125996
60-HYPERLIQUID-BTC-27MAR2026,60,Hyperliquid,BTC,BTC,2026-03-27,2026-03-06,24,0.04111566614029146,0.04109940915826527,0.04111566614029146,0.07975636900000001,2407489.1418969478
60-HYPERLIQUID-BTC-27MAR2026,60,Hyperliquid,BTC,BTC,2026-03-27,2026-03-07,24,0.03899407865859232,0.039007821174068286,0.03899407865859232,0.049158054,2492178.3690793267
60-HYPERLIQUID-BTC-27MAR2026,60,Hyperliquid,BTC,BTC,2026-03-27,2026-03-08,24,0.040139090766062875,0.040085540505418994,0.04013786772067645,0.020348239,2632454.0894694007
60-HYPERLIQUID-BTC-27MAR2026,60,Hyperliquid,BTC,BTC,2026-03-27,2026-03-09,24,0.03999261923274872,0.04002712912429467,0.04000124347681004,-0.011239737,2532615.2874798253
60-HYPERLIQUID-BTC-27MAR2026,60,Hyperliquid,BTC,BTC,2026-03-27,2026-03-10,24,0.03785342608451488,0.03792332223346245,0.03777054269005342,-0.053556085,2714709.3121114722
60-HYPERLIQUID-BTC-27MAR2026,60,Hyperliquid,BTC,BTC,2026-03-27,2026-03-11,24,0.033952821835623655,0.03396496377378902,0.03388756743115865,-0.0975878965,3043332.886818253
60-HYPERLIQUID-BTC-27MAR2026,60,Hyperliquid,BTC,BTC,2026-03-27,2026-03-12,24,0.026395376321385066,0.02641756203268285,0.02631412296454208,-0.12006269850000001,3547251.630065514
60-HYPERLIQUID-BTC-27MAR2026,60,Hyperliquid,BTC,BTC,2026-03-27,2026-03-13,24,0.041545856263247374,0.041559291826969096,0.04153917254787639,0.085316925,3810824.563233942
60-HYPERLIQUID-BTC-27MAR2026,60,Hyperliquid,BTC,BTC,2026-03-27,2026-03-14,24,0.03073141505668817,0.030752540672514147,0.030713775761626955,-0.038032708,4078619.756123831
60-HYPERLIQUID-BTC-27MAR2026,60,Hyperliquid,BTC,BTC,2026-03-27,2026-03-15,24,0.029829046317182473,0.02985986824287154,0.029829046317182473,-0.003213715499999999,4184738.5653574634
60-HYPERLIQUID-BTC-27MAR2026,60,Hyperliquid,BTC,BTC,2026-03-27,2026-03-16,24,0.03577036269329574,0.035599655422749114,0.03577036269329574,0.043567349000000005,3792997.382229926
60-HYPERLIQUID-BTC-27MAR2026,60,Hyperliquid,BTC,BTC,2026-03-27,2026-03-17,24,0.03481921497188711,0.03454598921498573,0.0347928883229053,0.033894411,4549122.607078
60-HYPERLIQUID-BTC-27MAR2026,60,Hyperliquid,BTC,BTC,2026-03-27,2026-03-18,24,0.03299173495280897,0.03291138069513401,0.03299173495280897,0.0139585855,5069217.115094974
60-HYPERLIQUID-BTC-27MAR2026,60,Hyperliquid,BTC,BTC,2026-03-27,2026-03-19,24,0.025701359695539355,0.025759544197308387,0.025701359695539355,-0.0373073435,4994448.309849198
60-HYPERLIQUID-BTC-27MAR2026,60,Hyperliquid,BTC,BTC,2026-03-27,2026-03-20,24,0.03676620124814206,0.03678678125366524,0.03676620124814206,0.0771086225,4759417.689726963
60-HYPERLIQUID-BTC-27MAR2026,60,Hyperliquid,BTC,BTC,2026-03-27,2026-03-21,24,0.02926289638406933,0.029192369189859905,0.02926289638406933,0.0160367495,5253807.077212087
60-HYPERLIQUID-BTC-27MAR2026,60,Hyperliquid,BTC,BTC,2026-03-27,2026-03-22,24,0.007060364529446441,0.006929190763491273,0.023655349625472104,-0.10967023599999999,6187197.985869061
60-HYPERLIQUID-BTC-27MAR2026,60,Hyperliquid,BTC,BTC,2026-03-27,2026-03-23,24,0.01733683150928537,0.017089792802272633,0.023397203717730748,0.01301736,5961376.635116595
60-HYPERLIQUID-BTC-27MAR2026,60,Hyperliquid,BTC,BTC,2026-03-27,2026-03-24,24,0.02166387850157114,0.02156608301203047,0.02868684189148296,0.046303243,5972731.175999611
60-HYPERLIQUID-BTC-27MAR2026,60,Hyperliquid,BTC,BTC,2026-03-27,2026-03-25,24,0.05597976727733583,0.05599844085679057,0.056019922971638325,0.0985423715,4591144.358974783
60-HYPERLIQUID-BTC-27MAR2026,60,Hyperliquid,BTC,BTC,2026-03-27,2026-03-26,24,0.05380569549196013,0.05343220908834225,0.059008860695439314,0.054800808,5008470.655972275
61-HYPERLIQUID-BTC-27MAR2026,61,Hyperliquid,BTC,BTC,2026-03-27,2026-02-24,14,0.060031412955532215,0.060031412955532215,,0.0,0.0
61-HYPERLIQUID-BTC-27MAR2026,61,Hyperliquid,BTC,BTC,2026-03-27,2026-02-25,24,0.05996352790824359,0.060031412955532215,0.06,0.029661557529411766,0.435618225
61-HYPERLIQUID-BTC-27MAR2026,61,Hyperliquid,BTC,BTC,2026-03-27,2026-02-26,24,0.05161222620959841,0.05163942459419912,0.05169649534153622,0.044297495,11.601325863164709
61-HYPERLIQUID-BTC-27MAR2026,61,Hyperliquid,BTC,BTC,2026-03-27,2026-02-27,24,0.052761774035929264,0.052791475776293895,0.052761774035929264,0.0519735545,24.28317124358901
61-HYPERLIQUID-BTC-27MAR2026,61,Hyperliquid,BTC,BTC,2026-03-27,2026-02-28,24,0.04034757823297137,0.040329933242492275,0.04034757823297137,-0.085321889,47.49350209948093
61-HYPERLIQUID-BTC-27MAR2026,61,Hyperliquid,BTC,BTC,2026-03-27,2026-03-01,24,0.048963427707663425,0.04904619658369331,0.04896932791693223,0.0046548085,61.957808599946766
61-HYPERLIQUID-BTC-27MAR2026,61,Hyperliquid,BTC,BTC,2026-03-27,2026-03-02,24,0.045979689087749916,0.04602487545819803,0.04598383504062887,-0.036573949,62.95398380095875
61-HYPERLIQUID-BTC-27MAR2026,61,Hyperliquid,BTC,BTC,2026-03-27,2026-03-03,24,0.04697202541971642,0.046996945395749466,0.046950353035386916,0.048171313,72.79382620871785
61-HYPERLIQUID-BTC-27MAR2026,61,Hyperliquid,BTC,BTC,2026-03-27,2026-03-04,24,0.04336938936192669,0.04344056317294321,0.04336068488286018,-0.063072949,82.07423704271842
61-HYPERLIQUID-BTC-27MAR2026,61,Hyperliquid,BTC,BTC,2026-03-27,2026-03-05,24,0.03889280792255765,0.038836222194490906,0.03889280792255765,-0.016683566,88.57626693955336
61-HYPERLIQUID-BTC-27MAR2026,61,Hyperliquid,BTC,BTC,2026-03-27,2026-03-06,24,0.039405568614111604,0.03944431668645804,0.039405568614111604,0.07975636900000001,84.08765490354058
61-HYPERLIQUID-BTC-27MAR2026,61,Hyperliquid,BTC,BTC,2026-03-27,2026-03-07,24,0.039647749497895325,0.039702914788020474,0.039647749497895325,0.049158054,95.9144948197092
61-HYPERLIQUID-BTC-27MAR2026,61,Hyperliquid,BTC,BTC,2026-03-27,2026-03-08,24,0.03943994373775252,0.03957026800995559,0.03943994373775252,0.020348239,95.69419288479975
61-HYPERLIQUID-BTC-27MAR2026,61,Hyperliquid,BTC,BTC,2026-03-27,2026-03-09,24,0.03970733184177445,0.03970630113510992,0.03974088857438877,-0.011239737,98.52632718045889
61-HYPERLIQUID-BTC-27MAR2026,61,Hyperliquid,BTC,BTC,2026-03-27,2026-03-10,24,0.03822539021196173,0.03835283620816098,0.038214211902569094,-0.053556085,106.2843339427359
61-HYPERLIQUID-BTC-27MAR2026,61,Hyperliquid,BTC,BTC,2026-03-27,2026-03-11,24,0.03430143874509066,0.03417414564921686,0.0343085936093839,-0.0975878965,121.47249543508143
61-HYPERLIQUID-BTC-27MAR2026,61,Hyperliquid,BTC,BTC,2026-03-27,2026-03-12,24,0.026583809169721032,0.026726969751473175,0.02662209349035667,-0.12006269850000001,146.02462625008152
61-HYPERLIQUID-BTC-27MAR2026,61,Hyperliquid,BTC,BTC,2026-03-27,2026-03-13,24,0.04268111560056461,0.042578704303069564,0.042705226280063714,0.085316925,145.91313579125895
61-HYPERLIQUID-BTC-27MAR2026,61,Hyperliquid,BTC,BTC,2026-03-27,2026-03-14,24,0.030759535041966966,0.03084520021860696,0.030759535041966966,-0.038032708,181.2196016689052
61-HYPERLIQUID-BTC-27MAR2026,61,Hyperliquid,BTC,BTC,2026-03-27,2026-03-15,24,0.02922052073688088,0.029303556040001403,0.02922052073688088,-0.003213715499999999,176.6698528373755
61-HYPERLIQUID-BTC-27MAR2026,61,Hyperliquid,BTC,BTC,2026-03-27,2026-03-16,24,0.03528255280345378,0.0351682898066302,0.03528255280345378,0.043567349000000005,168.87312033343147
61-HYPERLIQUID-BTC-27MAR2026,61,Hyperliquid,BTC,BTC,2026-03-27,2026-03-17,24,0.03418884668398981,0.03419466337288666,0.03418884668398981,0.033894411,201.30260168609254
61-HYPERLIQUID-BTC-27MAR2026,61,Hyperliquid,BTC,BTC,2026-03-27,2026-03-18,24,0.032127765471423035,0.032296647921717166,0.032127765471423035,0.0139585855,205.32260481804914
61-HYPERLIQUID-BTC-27MAR2026,61,Hyperliquid,BTC,BTC,2026-03-27,2026-03-19,24,0.024417889819913857,0.024502057965089277,0.025589900799799815,-0.0373073435,229.67293122524222
61-HYPERLIQUID-BTC-27MAR2026,61,Hyperliquid,BTC,BTC,2026-03-27,2026-03-20,24,0.037122122877125616,0.03700305267488644,0.03711345632934817,0.0771086225,281.784757921683
61-HYPERLIQUID-BTC-27MAR2026,61,Hyperliquid,BTC,BTC,2026-03-27,2026-03-21,24,0.02859987039955945,0.028635368582089694,0.028639448449060644,0.0160367495,283.1412158730923
61-HYPERLIQUID-BTC-27MAR2026,61,Hyperliquid,BTC,BTC,2026-03-27,2026-03-22,24,0.0064496559956747366,0.006455052246281276,0.02375068316679259,-0.10967023599999999,301.55260314507035
61-HYPERLIQUID-BTC-27MAR2026,61,Hyperliquid,BTC,BTC,2026-03-27,2026-03-23,24,0.01681092893438835,0.017026251489167282,0.022588821038795632,0.01301736,319.61200787158447
61-HYPERLIQUID-BTC-27MAR2026,61,Hyperliquid,BTC,BTC,2026-03-27,2026-03-24,24,0.022088870707450414,0.02160380028780104,0.030766012353176303,0.046303243,342.1870750539227
61-HYPERLIQUID-BTC-27MAR2026,61,Hyperliquid,BTC,BTC,2026-03-27,2026-03-25,24,0.05603094665509887,0.055926340567612275,0.05603094665509887,0.0985423715,299.98539737111156
61-HYPERLIQUID-BTC-27MAR2026,61,Hyperliquid,BTC,BTC,2026-03-27,2026-03-26,24,0.05452800370433,0.05323168134464067,0.05794932732213434,0.054800808,298.1959256125528
62-GATE-BTCUSDT-27MAR2026,62,Gate,BTC,BTCUSDT,2026-03-27,2026-02-24,14,0.020098817511217865,0.020098817511217865,,0.0,0.0
62-GATE-BTCUSDT-27MAR2026,62,Gate,BTC,BTCUSDT,2026-03-27,2026-02-25,24,0.019767462142640774,0.01949135798280369,,-0.009170625,0.0
62-GATE-BTCUSDT-27MAR2026,62,Gate,BTC,BTCUSDT,2026-03-27,2026-02-26,24,0.018950502654882063,0.018549254873505196,,0.025139375000000002,0.7222856348039216
62-GATE-BTCUSDT-27MAR2026,62,Gate,BTC,BTCUSDT,2026-03-27,2026-02-27,24,0.015402554553394824,0.015603580265460956,,0.0045625,4.674792248698633
62-GATE-BTCUSDT-27MAR2026,62,Gate,BTC,BTCUSDT,2026-03-27,2026-02-28,24,0.00956013692614165,0.009763693713801593,,-0.042294375,11.532374743520544
62-GATE-BTCUSDT-27MAR2026,62,Gate,BTC,BTCUSDT,2026-03-27,2026-03-01,24,0.012559875835841923,0.01283899513503109,,0.029245624999999997,10.066589249702835
62-GATE-BTCUSDT-27MAR2026,62,Gate,BTC,BTCUSDT,2026-03-27,2026-03-02,24,0.01455198133333411,0.015122789827285092,,0.0195275,8.538661692918732
62-GATE-BTCUSDT-27MAR2026,62,Gate,BTC,BTCUSDT,2026-03-27,2026-03-03,24,0.013281476789552412,0.01354172985372433,,0.003923750000000001,9.990508573836932
62-GATE-BTCUSDT-27MAR2026,62,Gate,BTC,BTCUSDT,2026-03-27,2026-03-04,24,0.015134154780068606,0.015352868000445885,,0.020531249999999997,12.325915262900892
62-GATE-BTCUSDT-27MAR2026,62,Gate,BTC,BTCUSDT,2026-03-27,2026-03-05,24,0.015170028911431934,0.015404986023074253,,-0.0009125000000000001,9.33063851575035
62-GATE-BTCUSDT-27MAR2026,62,Gate,BTC,BTCUSDT,2026-03-27,2026-03-06,24,0.015309479279186721,0.015518800099658099,,0.013459375,8.511853058860334
62-GATE-BTCUSDT-27MAR2026,62,Gate,BTC,BTCUSDT,2026-03-27,2026-03-07,24,0.014533553067940153,0.014216495356235662,,-0.01450875,9.016322772520736
62-GATE-BTCUSDT-27MAR2026,62,Gate,BTC,BTCUSDT,2026-03-27,2026-03-08,24,0.013443543979804096,0.013245179813156113,,-0.037184375,7.4475459357438885
62-GATE-BTCUSDT-27MAR2026,62,Gate,BTC,BTCUSDT,2026-03-27,2026-03-09,24,0.012810411386654475,0.012595024500374747,,-0.02564125,6.459709469193732
62-GATE-BTCUSDT-27MAR2026,62,Gate,BTC,BTCUSDT,2026-03-27,2026-03-10,24,0.010559453158683793,0.010925705420891108,,-0.0025550000000000013,6.650807258250658
62-GATE-BTCUSDT-27MAR2026,62,Gate,BTC,BTCUSDT,2026-03-27,2026-03-11,24,0.01111099869837299,0.011089934412520422,,0.008623125,9.352842524395376
62-GATE-BTCUSDT-27MAR2026,62,Gate,BTC,BTCUSDT,2026-03-27,2026-03-12,24,0.008490491568502189,0.008502871098797165,,-0.02418125,11.793274830157657
62-GATE-BTCUSDT-27MAR2026,62,Gate,BTC,BTCUSDT,2026-03-27,2026-03-13,24,0.00819161600755542,0.007737934867308682,,0.0065699999999999995,11.703076345012883
62-GATE-BTCUSDT-27MAR2026,62,Gate,BTC,BTCUSDT,2026-03-27,2026-03-14,24,0.008086597883638073,0.007628761858785765,,-0.011360625,11.78201051293828
62-GATE-BTCUSDT-27MAR2026,62,Gate,BTC,BTCUSDT,2026-03-27,2026-03-15,24,0.006221621822497587,0.005607506734744333,,-0.037138750000000005,13.178999057810076
62-GATE-BTCUSDT-27MAR2026,62,Gate,BTC,BTCUSDT,2026-03-27,2026-03-16,24,0.008192735870850565,0.008432971592554813,,0.0063875,14.18017980756659
62-GATE-BTCUSDT-27MAR2026,62,Gate,BTC,BTCUSDT,2026-03-27,2026-03-17,24,0.009890254462299432,0.010092565762731903,,0.033397500000000004,13.38858262743116
62-GATE-BTCUSDT-27MAR2026,62,Gate,BTC,BTCUSDT,2026-03-27,2026-03-18,24,0.008645004869453866,0.008058498693702872,,-0.043754375000000005,10.819463702566155
62-GATE-BTCUSDT-27MAR2026,62,Gate,BTC,BTCUSDT,2026-03-27,2026-03-19,24,0.006597361768457097,0.006496727033364894,,-0.048864374999999995,12.374402036724197
62-GATE-BTCUSDT-27MAR2026,62,Gate,BTC,BTCUSDT,2026-03-27,2026-03-20,24,0.005724592552719867,0.006319728250133428,,-0.023542499999999997,12.11887895980112
62-GATE-BTCUSDT-27MAR2026,62,Gate,BTC,BTCUSDT,2026-03-27,2026-03-21,24,0.005785320050811154,0.006319728250133428,,0.020120625,12.11887895980112
62-GATE-BTCUSDT-27MAR2026,62,Gate,BTC,BTCUSDT,2026-03-27,2026-03-22,24,0.005774865133010699,0.006043453336001428,,-0.0219,12.304341148936537
62-GATE-BTCUSDT-27MAR2026,62,Gate,BTC,BTCUSDT,2026-03-27,2026-03-23,24,0.005462539457077084,0.005170263557846452,,-0.012455625,14.638191031038255
62-GATE-BTCUSDT-27MAR2026,62,Gate,BTC,BTCUSDT,2026-03-27,2026-03-24,24,0.011322885948977854,0.011326653871226501,,0.04717625,16.34280687706675
62-GATE-BTCUSDT-27MAR2026,62,Gate,BTC,BTCUSDT,2026-03-27,2026-03-25,24,0.02143764738380416,0.023131130810190793,,0.043480625,20.17532884890346
62-GATE-BTCUSDT-27MAR2026,62,Gate,BTC,BTCUSDT,2026-03-27,2026-03-26,24,0.02168999381870117,0.021554972913219454,,0.044484375,27.509484795700057
63-GATE-ETHUSDT-27MAR2026,63,Gate,ETH,ETHUSDT,2026-03-27,2026-02-24,14,0.015011180305521054,0.015011180305521054,,0.0,0.0
63-GATE-ETHUSDT-27MAR2026,63,Gate,ETH,ETHUSDT,2026-03-27,2026-02-25,24,0.014681477537527889,0.014406750418593232,,-0.004486458333333333,0.0
63-GATE-ETHUSDT-27MAR2026,63,Gate,ETH,ETHUSDT,2026-03-27,2026-02-26,24,0.013597819829340102,0.01321980854071726,,0.043389375,15.801157166666668
63-GATE-ETHUSDT-27MAR2026,63,Gate,ETH,ETHUSDT,2026-03-27,2026-02-27,24,0.013275097307891753,0.01291678295716539,,-0.020075,193.45694331142113
63-GATE-ETHUSDT-27MAR2026,63,Gate,ETH,ETHUSDT,2026-03-27,2026-02-28,24,4.491068663328707e-05,0.0001701257420464957,,-0.127339375,827.181573026755
63-GATE-ETHUSDT-27MAR2026,63,Gate,ETH,ETHUSDT,2026-03-27,2026-03-01,24,0.008315692545232994,0.008350606650380179,,0.0439825,844.7104621306898
63-GATE-ETHUSDT-27MAR2026,63,Gate,ETH,ETHUSDT,2026-03-27,2026-03-02,24,0.010683828547961424,0.01028594285538332,,-0.007071875000000002,873.1988039719986
63-GATE-ETHUSDT-27MAR2026,63,Gate,ETH,ETHUSDT,2026-03-27,2026-03-03,24,0.010281716574086108,0.010007718240135929,,0.018204375,964.5308296403781
63-GATE-ETHUSDT-27MAR2026,63,Gate,ETH,ETHUSDT,2026-03-27,2026-03-04,24,0.010097019238933599,0.010286153186220582,,-0.015740624999999998,1023.2208781335544
63-GATE-ETHUSDT-27MAR2026,63,Gate,ETH,ETHUSDT,2026-03-27,2026-03-05,24,0.011189045034339512,0.011200948063583814,,0.00538375,1067.1200922999685
63-GATE-ETHUSDT-27MAR2026,63,Gate,ETH,ETHUSDT,2026-03-27,2026-03-06,24,0.010467819325553816,0.01055801056379088,,0.013368125,1476.0889877501943
63-GATE-ETHUSDT-27MAR2026,63,Gate,ETH,ETHUSDT,2026-03-27,2026-03-07,24,0.009848903354483655,0.009698497513420596,,-0.009535625,1875.493888874239
63-GATE-ETHUSDT-27MAR2026,63,Gate,ETH,ETHUSDT,2026-03-27,2026-03-08,24,0.008582294041039813,0.008552906250478737,,-0.027968125,1887.6372712809734
63-GATE-ETHUSDT-27MAR2026,63,Gate,ETH,ETHUSDT,2026-03-27,2026-03-09,24,0.00962580997997186,0.009456881858203951,,-0.038826875000000004,1720.7815268370775
63-GATE-ETHUSDT-27MAR2026,63,Gate,ETH,ETHUSDT,2026-03-27,2026-03-10,24,0.010580614521700475,0.010633790472553854,,0.051465000000000004,1156.6485616585608
63-GATE-ETHUSDT-27MAR2026,63,Gate,ETH,ETHUSDT,2026-03-27,2026-03-11,24,0.011311242352936436,0.010937893438700151,,0.04772375,1033.7614508293475
63-GATE-ETHUSDT-27MAR2026,63,Gate,ETH,ETHUSDT,2026-03-27,2026-03-12,24,0.010999515295936147,0.011018406410768296,,0.01505625,1133.1848747629267
63-GATE-ETHUSDT-27MAR2026,63,Gate,ETH,ETHUSDT,2026-03-27,2026-03-13,24,0.012730516730564254,0.012545223660191647,,0.04735875,1173.1497556075262
63-GATE-ETHUSDT-27MAR2026,63,Gate,ETH,ETHUSDT,2026-03-27,2026-03-14,24,0.013519639899128385,0.013139493401060158,,0.0085775,1132.8223458744521
63-GATE-ETHUSDT-27MAR2026,63,Gate,ETH,ETHUSDT,2026-03-27,2026-03-15,24,0.013937865915032875,0.01453002836055234,,0.0003649999999999994,1158.6171962385147
63-GATE-ETHUSDT-27MAR2026,63,Gate,ETH,ETHUSDT,2026-03-27,2026-03-16,24,0.015672073005303672,0.016172585982781096,,0.0140525,756.0725371960807
63-GATE-ETHUSDT-27MAR2026,63,Gate,ETH,ETHUSDT,2026-03-27,2026-03-17,24,0.014172463552268566,0.014064645517922534,,-0.011086875000000001,660.9000387943013
63-GATE-ETHUSDT-27MAR2026,63,Gate,ETH,ETHUSDT,2026-03-27,2026-03-18,24,0.014569769837156514,0.01441115389679658,,-0.0104025,663.3191557588193
63-GATE-ETHUSDT-27MAR2026,63,Gate,ETH,ETHUSDT,2026-03-27,2026-03-19,24,0.01468413633957164,0.01479995576007101,,-0.0002737499999999995,654.3311652685192
63-GATE-ETHUSDT-27MAR2026,63,Gate,ETH,ETHUSDT,2026-03-27,2026-03-20,24,0.015003371411336563,0.0152694623115551,,-0.012638125,628.1386200167007
63-GATE-ETHUSDT-27MAR2026,63,Gate,ETH,ETHUSDT,2026-03-27,2026-03-21,24,0.015382849715809006,0.015662478905488445,,0.01304875,630.1083643205027
63-GATE-ETHUSDT-27MAR2026,63,Gate,ETH,ETHUSDT,2026-03-27,2026-03-22,24,0.010031684842720155,0.010294735042129535,,-0.01752,574.5055471360382
63-GATE-ETHUSDT-27MAR2026,63,Gate,ETH,ETHUSDT,2026-03-27,2026-03-23,24,0.011257213984346067,0.011218325802595089,,0.019983749999999998,1352.259942725231
63-GATE-ETHUSDT-27MAR2026,63,Gate,ETH,ETHUSDT,2026-03-27,2026-03-24,24,0.015116782433017985,0.015010485221821773,,0.025778125,687.1899400999702
63-GATE-ETHUSDT-27MAR2026,63,Gate,ETH,ETHUSDT,2026-03-27,2026-03-25,24,0.017002675021454864,0.017539146424841414,,0.011634375,1041.5260201012507
63-GATE-ETHUSDT-27MAR2026,63,Gate,ETH,ETHUSDT,2026-03-27,2026-03-26,24,0.030216627074314873,0.03045755460619808,,0.04599,1257.3187894878988
64-HYPERLIQUID-xyzGOLD-27MAR2026,64,Hyperliquid,XAU,xyzGOLD,2026-03-27,2026-02-24,14,0.11004148676193103,0.11004148676193103,,0.0,0.0
64-HYPERLIQUID-xyzGOLD-27MAR2026,64,Hyperliquid,XAU,xyzGOLD,2026-03-27,2026-02-25,24,0.10996753510333067,0.11004148676193103,0.11,0.09589445752941177,7892.56809970125
64-HYPERLIQUID-xyzGOLD-27MAR2026,64,Hyperliquid,XAU,xyzGOLD,2026-03-27,2026-02-26,24,0.10796714471099873,0.10799542141999509,0.10797872955466357,0.05922497299999999,30402.401185693834
64-HYPERLIQUID-xyzGOLD-27MAR2026,64,Hyperliquid,XAU,xyzGOLD,2026-03-27,2026-02-27,24,0.107417957058159,0.10735632059088823,0.10741795705815903,0.1709216525,581130.2377399213
64-HYPERLIQUID-xyzGOLD-27MAR2026,64,Hyperliquid,XAU,xyzGOLD,2026-03-27,2026-02-28,24,0.12401376793929479,0.12336096790324808,0.1233490278874785,0.23636888999999997,973289.5544550751
64-HYPERLIQUID-xyzGOLD-27MAR2026,64,Hyperliquid,XAU,xyzGOLD,2026-03-27,2026-03-01,24,0.12371875628394136,0.12352003521347706,0.12370388646272755,0.24245584900000003,801660.7894416781
64-HYPERLIQUID-xyzGOLD-27MAR2026,64,Hyperliquid,XAU,xyzGOLD,2026-03-27,2026-03-02,24,0.11585451591865775,0.11591288617055484,0.1160761158698651,-0.014501012,636751.0276203983
64-HYPERLIQUID-xyzGOLD-27MAR2026,64,Hyperliquid,XAU,xyzGOLD,2026-03-27,2026-03-03,24,0.09930426450385078,0.0992734528069325,0.09952539927865843,-0.07003163750000001,525447.777534364
64-HYPERLIQUID-xyzGOLD-27MAR2026,64,Hyperliquid,XAU,xyzGOLD,2026-03-27,2026-03-04,24,0.09676902850136275,0.09698883855073624,0.09698835585432906,-0.041229086,515058.3731050643
64-HYPERLIQUID-xyzGOLD-27MAR2026,64,Hyperliquid,XAU,xyzGOLD,2026-03-27,2026-03-05,24,0.10271584164243996,0.10269708673832217,0.1026882237231083,-0.0316745905,570360.4698321077
64-HYPERLIQUID-xyzGOLD-27MAR2026,64,Hyperliquid,XAU,xyzGOLD,2026-03-27,2026-03-06,24,0.10516236594017425,0.10528977838323555,0.10523154590619843,-0.058549066000000004,741040.5797606694
64-HYPERLIQUID-xyzGOLD-27MAR2026,64,Hyperliquid,XAU,xyzGOLD,2026-03-27,2026-03-07,24,0.11200938231038633,0.11196134597119117,0.1120186444575414,0.0160479185,973465.0035035843
64-HYPERLIQUID-xyzGOLD-27MAR2026,64,Hyperliquid,XAU,xyzGOLD,2026-03-27,2026-03-08,24,0.1158353347877229,0.11583014060860396,0.11585074987100687,0.022692561,1259014.7679122153
64-HYPERLIQUID-xyzGOLD-27MAR2026,64,Hyperliquid,XAU,xyzGOLD,2026-03-27,2026-03-09,24,0.1095768987795267,0.10975124099083572,0.10955231267212161,-0.037130646999999996,2171125.8185154735
64-HYPERLIQUID-xyzGOLD-27MAR2026,64,Hyperliquid,XAU,xyzGOLD,2026-03-27,2026-03-10,24,0.09158246977984441,0.09155475650062239,0.09158622490861158,-0.041072282,2946075.959757289
64-HYPERLIQUID-xyzGOLD-27MAR2026,64,Hyperliquid,XAU,xyzGOLD,2026-03-27,2026-03-11,24,0.07480069215316933,0.07495366021550388,0.07478549400795882,-0.0211898925,3113732.1465907306
64-HYPERLIQUID-xyzGOLD-27MAR2026,64,Hyperliquid,XAU,xyzGOLD,2026-03-27,2026-03-12,24,0.07651140142653114,0.07638933774675268,0.076486149579711,-0.069150272,2966183.4004071783
64-HYPERLIQUID-xyzGOLD-27MAR2026,64,Hyperliquid,XAU,xyzGOLD,2026-03-27,2026-03-13,24,0.08046158031524282,0.08066100530342311,0.08187943873736231,-0.0320834635,2274146.369364509
64-HYPERLIQUID-xyzGOLD-27MAR2026,64,Hyperliquid,XAU,xyzGOLD,2026-03-27,2026-03-14,24,0.09724886663365884,0.09739849084428355,0.09724886663365884,0.062173516000000005,1462094.2119353618
64-HYPERLIQUID-xyzGOLD-27MAR2026,64,Hyperliquid,XAU,xyzGOLD,2026-03-27,2026-03-15,24,0.07954091097618558,0.08136765377520504,0.08819805295301657,0.016839384500000002,1505549.5479402198
64-HYPERLIQUID-xyzGOLD-27MAR2026,64,Hyperliquid,XAU,xyzGOLD,2026-03-27,2026-03-16,24,0.0262348531162323,0.025964399651197356,,-0.0816008965,1585734.063139623
64-HYPERLIQUID-xyzGOLD-27MAR2026,64,Hyperliquid,XAU,xyzGOLD,2026-03-27,2026-03-17,24,0.01089423451807367,0.01081190136611157,,-0.069218746,1624499.5480394817
64-HYPERLIQUID-xyzGOLD-27MAR2026,64,Hyperliquid,XAU,xyzGOLD,2026-03-27,2026-03-18,24,0.017390361165917415,0.016784132898365976,,0.0055096385,1588269.560160525
64-HYPERLIQUID-xyzGOLD-27MAR2026,64,Hyperliquid,XAU,xyzGOLD,2026-03-27,2026-03-19,24,0.049573261806577805,0.04932674921860886,0.07213113222611621,0.25925198099999996,1452591.1935521693
64-HYPERLIQUID-xyzGOLD-27MAR2026,64,Hyperliquid,XAU,xyzGOLD,2026-03-27,2026-03-20,24,0.08848917514596427,0.08806532570705704,0.08843316946650603,0.264009537,1292901.6990569346
64-HYPERLIQUID-xyzGOLD-27MAR2026,64,Hyperliquid,XAU,xyzGOLD,2026-03-27,2026-03-21,24,0.09332313165668109,0.093353092966394,0.09332313165668109,0.060655152500000004,1029798.3930532924
64-HYPERLIQUID-xyzGOLD-27MAR2026,64,Hyperliquid,XAU,xyzGOLD,2026-03-27,2026-03-22,24,0.06207237502114483,0.06085933187457665,0.07313338202424723,-0.074549352,1419344.1650201913
64-HYPERLIQUID-xyzGOLD-27MAR2026,64,Hyperliquid,XAU,xyzGOLD,2026-03-27,2026-03-23,24,0.11432344612941031,0.11330655205940553,0.11432344612941031,0.380118081,2050476.4796206786
64-HYPERLIQUID-xyzGOLD-27MAR2026,64,Hyperliquid,XAU,xyzGOLD,2026-03-27,2026-03-24,24,0.12983561492601112,0.1308129520177692,0.12983561492601112,0.1186060565,1304262.6380079475
64-HYPERLIQUID-xyzGOLD-27MAR2026,64,Hyperliquid,XAU,xyzGOLD,2026-03-27,2026-03-25,24,0.10657938398367216,0.10694106907559654,0.11726161529036966,0.0591635435,1444828.7257053582
64-HYPERLIQUID-xyzGOLD-27MAR2026,64,Hyperliquid,XAU,xyzGOLD,2026-03-27,2026-03-26,24,0.07070061769498671,0.07098049621325843,0.16214060202892094,0.0056122765,1672578.1416220216
65-BINANCE-XAUUSDT-27MAR2026,65,Binance,XAU,XAUUSDT,2026-03-27,2026-02-24,14,0.16008849108146542,0.16008849108146542,,0.0,0.0
65-BINANCE-XAUUSDT-27MAR2026,65,Binance,XAU,XAUUSDT,2026-03-27,2026-02-25,24,0.16001106138518317,0.16008849108146542,0.16,0.0020014166666666665,5226.6640480425
65-BINANCE-XAUUSDT-27MAR2026,65,Binance,XAU,XAUUSDT,2026-03-27,2026-02-26,24,0.13319463199715623,0.13326528823932154,0.13319463199715623,0.0,24230.566794639937
65-BINANCE-XAUUSDT-27MAR2026,65,Binance,XAU,XAUUSDT,2026-03-27,2026-02-27,24,0.13857749909680278,0.13871293314318633,0.13857749909680278,0.0,62712.412147200164
65-BINANCE-XAUUSDT-27MAR2026,65,Binance,XAU,XAUUSDT,2026-03-27,2026-02-28,24,0.2735063237785197,0.2745760342889438,0.27350632377851974,3.5199477624999997,686477.7691546902
65-BINANCE-XAUUSDT-27MAR2026,65,Binance,XAU,XAUUSDT,2026-03-27,2026-03-01,24,0.32014832747906347,0.3221904113131096,0.3201249627056513,3.7350741999999997,1240324.6514570983
65-BINANCE-XAUUSDT-27MAR2026,65,Binance,XAU,XAUUSDT,2026-03-27,2026-03-02,24,0.10222751550926971,0.10136611232375577,0.1022470492363838,1.7380049875,2515118.7234306135
65-BINANCE-XAUUSDT-27MAR2026,65,Binance,XAU,XAUUSDT,2026-03-27,2026-03-03,24,0.09155492838236678,0.09145534223557665,0.09155492838236678,0.0,2534622.9473419874
65-BINANCE-XAUUSDT-27MAR2026,65,Binance,XAU,XAUUSDT,2026-03-27,2026-03-04,24,0.08714495999660667,0.08719500154436821,0.08715919596285182,0.0,2492875.0329470327
65-BINANCE-XAUUSDT-27MAR2026,65,Binance,XAU,XAUUSDT,2026-03-27,2026-03-05,24,0.08870653701503901,0.08878932891560735,0.08870653701503901,-0.02383085,2524654.1583461384
65-BINANCE-XAUUSDT-27MAR2026,65,Binance,XAU,XAUUSDT,2026-03-27,2026-03-06,24,0.10274521273170349,0.10278675603299646,0.10274521273170349,-0.1020968875,3619453.2940999507
65-BINANCE-XAUUSDT-27MAR2026,65,Binance,XAU,XAUUSDT,2026-03-27,2026-03-07,24,0.12028738148314506,0.12061350853954128,0.12029899423577672,-0.1206918125,3743069.8746334445
65-BINANCE-XAUUSDT-27MAR2026,65,Binance,XAU,XAUUSDT,2026-03-27,2026-03-08,24,0.07595315040223548,0.07774736659296694,0.10323407547717224,-0.3038323875,3231456.324029693
65-BINANCE-XAUUSDT-27MAR2026,65,Binance,XAU,XAUUSDT,2026-03-27,2026-03-09,24,0.05510430708381497,0.05476206385966236,,-0.0400012625,2907396.7299653185
65-BINANCE-XAUUSDT-27MAR2026,65,Binance,XAU,XAUUSDT,2026-03-27,2026-03-10,24,0.06268590716815424,0.06505053556651247,,0.0,2891375.409918847
65-BINANCE-XAUUSDT-27MAR2026,65,Binance,XAU,XAUUSDT,2026-03-27,2026-03-11,24,0.0670184341272364,0.06849988173829145,0.070000000007,0.0,2892166.245413406
65-BINANCE-XAUUSDT-27MAR2026,65,Binance,XAU,XAUUSDT,2026-03-27,2026-03-12,24,0.0700798133176606,0.0702102559404209,0.0710811634567229,-0.00115705,2821964.727119248
65-BINANCE-XAUUSDT-27MAR2026,65,Binance,XAU,XAUUSDT,2026-03-27,2026-03-13,24,0.08945139146544268,0.08990785114473765,0.10734940330574266,0.110545725,2509299.189322682
65-BINANCE-XAUUSDT-27MAR2026,65,Binance,XAU,XAUUSDT,2026-03-27,2026-03-14,24,0.13337159411901728,0.13327572213184227,0.13337159411901728,0.077498625,1881831.9221049983
65-BINANCE-XAUUSDT-27MAR2026,65,Binance,XAU,XAUUSDT,2026-03-27,2026-03-15,24,0.07181759786694662,0.072898004915704,0.09810417690190686,-0.483174225,1707926.506424364
65-BINANCE-XAUUSDT-27MAR2026,65,Binance,XAU,XAUUSDT,2026-03-27,2026-03-16,24,0.04763958736362451,0.050774690932664464,,-0.113181025,1682796.707030916
65-BINANCE-XAUUSDT-27MAR2026,65,Binance,XAU,XAUUSDT,2026-03-27,2026-03-17,24,0.04809130065177513,0.050180063834065196,,0.0,1754526.2065405482
65-BINANCE-XAUUSDT-27MAR2026,65,Binance,XAU,XAUUSDT,2026-03-27,2026-03-18,24,0.0516509065693383,0.05311202952163641,0.070000000007,0.08390346249999998,1783038.9874024761
65-BINANCE-XAUUSDT-27MAR2026,65,Binance,XAU,XAUUSDT,2026-03-27,2026-03-19,24,0.08342417020846639,0.08333624333297236,0.08672262323147051,0.29866855,2009154.6845195263
65-BINANCE-XAUUSDT-27MAR2026,65,Binance,XAU,XAUUSDT,2026-03-27,2026-03-20,24,0.11760453165731484,0.11740414771769599,0.11760453165731484,0.5586151625,2749147.9650435555
65-BINANCE-XAUUSDT-27MAR2026,65,Binance,XAU,XAUUSDT,2026-03-27,2026-03-21,24,0.16123068276861677,0.1614441505109167,0.16123068276861677,0.4607988125,2735068.7532351892
65-BINANCE-XAUUSDT-27MAR2026,65,Binance,XAU,XAUUSDT,2026-03-27,2026-03-22,24,0.12376456311452226,0.12407679858156621,0.12652407515022454,-0.21131857499999998,7388864.618191175
65-BINANCE-XAUUSDT-27MAR2026,65,Binance,XAU,XAUUSDT,2026-03-27,2026-03-23,24,0.15846973454817762,0.15984054519301272,0.15846973454817762,0.4421673875,12168532.140498511
65-BINANCE-XAUUSDT-27MAR2026,65,Binance,XAU,XAUUSDT,2026-03-27,2026-03-24,24,0.10665827107991105,0.10738802088370253,0.11029410142859408,0.12033319999999999,12056829.33881629
65-BINANCE-XAUUSDT-27MAR2026,65,Binance,XAU,XAUUSDT,2026-03-27,2026-03-25,24,0.09442254249758629,0.09486343466154151,0.09442254249758629,0.035623999999999996,11901789.87239516
65-BINANCE-XAUUSDT-27MAR2026,65,Binance,XAU,XAUUSDT,2026-03-27,2026-03-26,24,0.04019883313576693,0.04282086642510774,0.0868487602945236,0.0044457,11745606.493375136
66-BINANCE-XAGUSDT-27MAR2026,66,Binance,XAG,XAGUSDT,2026-03-27,2026-02-24,14,0.3000379290298189,0.3000379290298189,,0.0,0.0
66-BINANCE-XAGUSDT-27MAR2026,66,Binance,XAG,XAGUSDT,2026-03-27,2026-02-25,24,0.3000047411287274,0.3000379290298189,0.3,0.0007482499999999999,2535.7941857325
66-BINANCE-XAGUSDT-27MAR2026,66,Binance,XAG,XAGUSDT,2026-03-27,2026-02-26,24,0.18686255718245856,0.18722860509797248,0.18684976890456853,-0.13223037499999998,49245.192367958116
66-BINANCE-XAGUSDT-27MAR2026,66,Binance,XAG,XAGUSDT,2026-03-27,2026-02-27,24,0.17020681523257383,0.17032327778716783,0.17023672499694723,-0.2083493,364233.5465205176
66-BINANCE-XAGUSDT-27MAR2026,66,Binance,XAG,XAGUSDT,2026-03-27,2026-02-28,24,0.3024803207375646,0.3052785629138571,0.3024803207375646,3.0484581,857186.8233546059
66-BINANCE-XAGUSDT-27MAR2026,66,Binance,XAG,XAGUSDT,2026-03-27,2026-03-01,24,0.2986907543672304,0.2992207383725218,0.29868534822992876,3.8080139749999997,1124721.0357145446
66-BINANCE-XAGUSDT-27MAR2026,66,Binance,XAG,XAGUSDT,2026-03-27,2026-03-02,24,0.146129373691566,0.14615850221155258,0.14621345531548238,2.23429275,1616548.6783493108
66-BINANCE-XAGUSDT-27MAR2026,66,Binance,XAG,XAGUSDT,2026-03-27,2026-03-03,24,0.14476582995243126,0.1439415081243866,0.14476582995243126,0.26936908750000005,1873443.2490791427
66-BINANCE-XAGUSDT-27MAR2026,66,Binance,XAG,XAGUSDT,2026-03-27,2026-03-04,24,0.1461180827430773,0.14602520411739545,0.14615404325095896,0.08466631250000001,1861164.4111545617
66-BINANCE-XAGUSDT-27MAR2026,66,Binance,XAG,XAGUSDT,2026-03-27,2026-03-05,24,0.16103200342185942,0.160960151771993,0.161051955396774,-0.02857585,1993372.3493952195
66-BINANCE-XAGUSDT-27MAR2026,66,Binance,XAG,XAGUSDT,2026-03-27,2026-03-06,24,0.18583441291797095,0.18406411884727558,0.18581466414515044,-0.22947458750000002,2132780.3883488225
66-BINANCE-XAGUSDT-27MAR2026,66,Binance,XAG,XAGUSDT,2026-03-27,2026-03-07,24,0.2482958369202064,0.24872866852454142,0.24824447336982172,-0.15663701249999998,2213766.5143867214
66-BINANCE-XAGUSDT-27MAR2026,66,Binance,XAG,XAGUSDT,2026-03-27,2026-03-08,24,0.14997644185115924,0.15190016773629422,0.15388866069604928,-0.1766171125,2260918.6031822446
66-BINANCE-XAGUSDT-27MAR2026,66,Binance,XAG,XAGUSDT,2026-03-27,2026-03-09,24,0.11675024964849044,0.11693517082024568,0.11675024964849044,0.048315962500000004,2053451.6794150223
66-BINANCE-XAGUSDT-27MAR2026,66,Binance,XAG,XAGUSDT,2026-03-27,2026-03-10,24,0.11046638367723431,0.11050275610279155,0.11050027247881512,0.0257544,2008008.2955606198
66-BINANCE-XAGUSDT-27MAR2026,66,Binance,XAG,XAGUSDT,2026-03-27,2026-03-11,24,0.12163780927153733,0.12146868808332488,0.12148506065424214,0.0,1984529.408721844
66-BINANCE-XAGUSDT-27MAR2026,66,Binance,XAG,XAGUSDT,2026-03-27,2026-03-12,24,0.11051366775545274,0.11033265298954477,0.11051366775545274,-0.1653523,2063022.8699870575
66-BINANCE-XAGUSDT-27MAR2026,66,Binance,XAG,XAGUSDT,2026-03-27,2026-03-13,24,0.12002923230539787,0.1200116503892792,0.12002923230539787,0.0,2121310.0023803785
66-BINANCE-XAGUSDT-27MAR2026,66,Binance,XAG,XAGUSDT,2026-03-27,2026-03-14,24,0.12881903750349147,0.12903750020059118,0.12881903750349147,0.038839649999999996,2168837.5911907037
66-BINANCE-XAGUSDT-27MAR2026,66,Binance,XAG,XAGUSDT,2026-03-27,2026-03-15,24,0.09534652134556937,0.09681316993705295,0.10815081488495011,-0.48092035000000005,2147037.1820304827
66-BINANCE-XAGUSDT-27MAR2026,66,Binance,XAG,XAGUSDT,2026-03-27,2026-03-16,24,0.07396540104504819,0.07518225107677398,0.07626622658572202,-0.12822815,2190064.0504782344
66-BINANCE-XAGUSDT-27MAR2026,66,Binance,XAG,XAGUSDT,2026-03-27,2026-03-17,24,0.06459548366631639,0.06922618620382061,0.07004730065075258,0.0213716625,2223512.731086751
66-BINANCE-XAGUSDT-27MAR2026,66,Binance,XAG,XAGUSDT,2026-03-27,2026-03-18,24,0.08647292911560135,0.08628369819913399,0.08646383810243922,0.08958012500000001,2220915.496265702
66-BINANCE-XAGUSDT-27MAR2026,66,Binance,XAG,XAGUSDT,2026-03-27,2026-03-19,24,0.1768361719523425,0.1768305622640647,0.1768361719523425,0.8306378,2044673.5203203245
66-BINANCE-XAGUSDT-27MAR2026,66,Binance,XAG,XAGUSDT,2026-03-27,2026-03-20,24,0.246616935200759,0.2446328870123661,0.246616935200759,0.4784082375,1983789.081617346
66-BINANCE-XAGUSDT-27MAR2026,66,Binance,XAG,XAGUSDT,2026-03-27,2026-03-21,24,0.2972026248586317,0.29582672243406993,0.2972026248586317,0.42816051250000003,1961237.194489353
66-BINANCE-XAGUSDT-27MAR2026,66,Binance,XAG,XAGUSDT,2026-03-27,2026-03-22,24,0.14978109195397596,0.1484432685633224,0.17781110400454977,-0.08355945000000002,2067397.9660282768
66-BINANCE-XAGUSDT-27MAR2026,66,Binance,XAG,XAGUSDT,2026-03-27,2026-03-23,24,0.14012192435478443,0.14060510257893585,0.14012192435478443,0.425157475,2044898.6274587137
66-BINANCE-XAGUSDT-27MAR2026,66,Binance,XAG,XAGUSDT,2026-03-27,2026-03-24,24,0.17797465664829712,0.18078945463786264,0.17797465664829712,0.256198975,2010790.6592249537
66-BINANCE-XAGUSDT-27MAR2026,66,Binance,XAG,XAGUSDT,2026-03-27,2026-03-25,24,0.1435954580146656,0.14492686608617958,0.1435954580146656,0.10857381249999999,2021165.136272685
66-BINANCE-XAGUSDT-27MAR2026,66,Binance,XAG,XAGUSDT,2026-03-27,2026-03-26,24,0.15062129420688752,0.1526582317206645,0.1397777241008014,0.129328625,2071616.4556961926
67-HYPERLIQUID-HYPE-27MAR2026,67,Hyperliquid,HYPE,HYPE,2026-03-27,2026-03-03,18,0.05986481111090412,0.06003141295553221,0.06,0.099473012,20052.267610564442
67-HYPERLIQUID-HYPE-27MAR2026,67,Hyperliquid,HYPE,HYPE,2026-03-27,2026-03-04,24,0.06032479640981781,0.06040030156758782,0.06038055763561917,-0.05641699149999999,487603.7179864701
67-HYPERLIQUID-HYPE-27MAR2026,67,Hyperliquid,HYPE,HYPE,2026-03-27,2026-03-05,24,0.06697365015065335,0.06699085277647156,0.06693802395377667,0.1095,906131.3416523136
67-HYPERLIQUID-HYPE-27MAR2026,67,Hyperliquid,HYPE,HYPE,2026-03-27,2026-03-06,24,0.07295871648259948,0.07288461823728028,0.07294090338416115,0.1095,900176.3711372489
67-HYPERLIQUID-HYPE-27MAR2026,67,Hyperliquid,HYPE,HYPE,2026-03-27,2026-03-07,24,0.07576431338228544,0.07572879428704275,0.07576431338228544,0.1095,900838.9135624071
67-HYPERLIQUID-HYPE-27MAR2026,67,Hyperliquid,HYPE,HYPE,2026-03-27,2026-03-08,24,0.07879959805875586,0.07879959805875586,0.07879959805875586,0.1095,858595.7890156169
67-HYPERLIQUID-HYPE-27MAR2026,67,Hyperliquid,HYPE,HYPE,2026-03-27,2026-03-09,24,0.07597231132250355,0.07595979422972975,0.07597231132250355,0.0599607035,901032.4753568164
67-HYPERLIQUID-HYPE-27MAR2026,67,Hyperliquid,HYPE,HYPE,2026-03-27,2026-03-10,24,0.06535128683926729,0.06547894385016241,0.06533761186924082,-0.0118561125,1007416.5785182657
67-HYPERLIQUID-HYPE-27MAR2026,67,Hyperliquid,HYPE,HYPE,2026-03-27,2026-03-11,24,0.06103218832036552,0.06117286389887283,0.06103180256556387,-0.088251379,1269283.5845837996
67-HYPERLIQUID-HYPE-27MAR2026,67,Hyperliquid,HYPE,HYPE,2026-03-27,2026-03-12,24,0.05419670025460543,0.05417726776323423,0.05412699551515029,-0.08746772400000001,1599993.9968397317
67-HYPERLIQUID-HYPE-27MAR2026,67,Hyperliquid,HYPE,HYPE,2026-03-27,2026-03-13,24,0.05013068043210861,0.050230662681955585,0.05010241356507248,-0.005083683499999999,1787441.7564261428
67-HYPERLIQUID-HYPE-27MAR2026,67,Hyperliquid,HYPE,HYPE,2026-03-27,2026-03-14,24,0.04333609494355611,0.04338666819326009,0.04325930101164422,-0.009213658500000001,1754173.219644499
67-HYPERLIQUID-HYPE-27MAR2026,67,Hyperliquid,HYPE,HYPE,2026-03-27,2026-03-15,24,0.056105407242844886,0.056088852107341276,0.05607003839539861,0.098645265,1446279.7025076312
67-HYPERLIQUID-HYPE-27MAR2026,67,Hyperliquid,HYPE,HYPE,2026-03-27,2026-03-16,24,0.05717342415766779,0.05696493850790283,0.05712096145113916,0.094773783,1724035.6739542738
67-HYPERLIQUID-HYPE-27MAR2026,67,Hyperliquid,HYPE,HYPE,2026-03-27,2026-03-17,24,0.07294717815511821,0.07292218771069008,0.07294717815511821,0.111967327,1898611.4080143
67-HYPERLIQUID-HYPE-27MAR2026,67,Hyperliquid,HYPE,HYPE,2026-03-27,2026-03-18,24,0.08624412883095976,0.08624665093507651,0.0862894881159696,0.11833011650000001,1952957.0615624497
67-HYPERLIQUID-HYPE-27MAR2026,67,Hyperliquid,HYPE,HYPE,2026-03-27,2026-03-19,24,0.08957661100366228,0.08958247909517898,0.08957661100366228,0.1155216605,1848383.9879129005
67-HYPERLIQUID-HYPE-27MAR2026,67,Hyperliquid,HYPE,HYPE,2026-03-27,2026-03-20,24,0.09218831880722365,0.09216806777251489,0.09218831880722365,0.112457011,1840054.2864263922
67-HYPERLIQUID-HYPE-27MAR2026,67,Hyperliquid,HYPE,HYPE,2026-03-27,2026-03-21,24,0.0956689214747065,0.09553591573225306,0.0956689214747065,0.1095,1837484.1820731072
67-HYPERLIQUID-HYPE-27MAR2026,67,Hyperliquid,HYPE,HYPE,2026-03-27,2026-03-22,24,0.09620559864157241,0.09614535665208297,0.09620559864157241,0.1095,1759663.6939370383
67-HYPERLIQUID-HYPE-27MAR2026,67,Hyperliquid,HYPE,HYPE,2026-03-27,2026-03-23,24,0.09702404345129727,0.0970428419798564,0.09702404345129727,0.1095,1638526.8648367682
67-HYPERLIQUID-HYPE-27MAR2026,67,Hyperliquid,HYPE,HYPE,2026-03-27,2026-03-24,24,0.09674324936212571,0.09747739346472663,0.09673434054461166,0.10797331449999999,1516118.3652643282
67-HYPERLIQUID-HYPE-27MAR2026,67,Hyperliquid,HYPE,HYPE,2026-03-27,2026-03-25,24,0.10171096909982452,0.10173390898169893,0.10173390898169893,0.1086922915,1431294.1187834758
67-HYPERLIQUID-HYPE-27MAR2026,67,Hyperliquid,HYPE,HYPE,2026-03-27,2026-03-26,24,0.09233600694595541,0.09242324272297285,0.09233207869233316,0.1088544975,1400084.8353993595
68-BYBIT-HYPEUSDT-27MAR2026,68,Bybit,HYPE,HYPEUSDT,2026-03-27,2026-03-03,18,0.04003647073479697,0.04008143974314884,0.04,0.071103825,21873.171203453334
68-BYBIT-HYPEUSDT-27MAR2026,68,Bybit,HYPE,HYPEUSDT,2026-03-27,2026-03-04,24,0.03585010867390588,0.03586136437745672,0.035777466762815256,-0.017128537499999996,223700.1280235535
68-BYBIT-HYPEUSDT-27MAR2026,68,Bybit,HYPE,HYPEUSDT,2026-03-27,2026-03-05,24,0.03669583961929724,0.03641600508685037,0.036632600723809035,0.0091532875,345564.02658130554
68-BYBIT-HYPEUSDT-27MAR2026,68,Bybit,HYPE,HYPEUSDT,2026-03-27,2026-03-06,24,0.046653647706957506,0.0464970102427765,0.046644896497304585,0.09871014374999999,387747.4997801849
68-BYBIT-HYPEUSDT-27MAR2026,68,Bybit,HYPE,HYPEUSDT,2026-03-27,2026-03-07,24,0.04831282280513042,0.04843295827150267,0.0483976952711542,0.07966718125,398089.7588422251
68-BYBIT-HYPEUSDT-27MAR2026,68,Bybit,HYPE,HYPEUSDT,2026-03-27,2026-03-08,24,0.04645473344975019,0.04648512794457719,0.046563708032880874,-0.03129099375,460929.76679937105
68-BYBIT-HYPEUSDT-27MAR2026,68,Bybit,HYPE,HYPEUSDT,2026-03-27,2026-03-09,24,0.0473054861816438,0.047222140561175054,0.047258448076398445,0.01403425,689780.5971813613
68-BYBIT-HYPEUSDT-27MAR2026,68,Bybit,HYPE,HYPEUSDT,2026-03-27,2026-03-10,24,0.0433307715560802,0.043377081220589524,0.0433178456870359,-0.078183,771183.6713911571
68-BYBIT-HYPEUSDT-27MAR2026,68,Bybit,HYPE,HYPEUSDT,2026-03-27,2026-03-11,24,0.03758064380946129,0.03758790801703763,0.037634377876821244,-0.04857556875,925812.5065236717
68-BYBIT-HYPEUSDT-27MAR2026,68,Bybit,HYPE,HYPEUSDT,2026-03-27,2026-03-12,24,0.02842099547161309,0.02850810609630891,0.028361016474218848,-0.13564358125,1149480.7891731986
68-BYBIT-HYPEUSDT-27MAR2026,68,Bybit,HYPE,HYPEUSDT,2026-03-27,2026-03-13,24,0.023015911247799448,0.023007530285452767,0.02301190497694887,-0.10610778124999999,1187851.3974112836
68-BYBIT-HYPEUSDT-27MAR2026,68,Bybit,HYPE,HYPEUSDT,2026-03-27,2026-03-14,24,0.023902705196917413,0.02369461372510098,0.023716566740287114,-0.0096679375,1294922.2672876203
68-BYBIT-HYPEUSDT-27MAR2026,68,Bybit,HYPE,HYPEUSDT,2026-03-27,2026-03-15,24,0.02728069982711097,0.027402655912889717,0.02726786896983019,0.033363281249999995,1204090.9996692708
68-BYBIT-HYPEUSDT-27MAR2026,68,Bybit,HYPE,HYPEUSDT,2026-03-27,2026-03-16,24,0.034039202777190955,0.03393489281805004,0.034039202777190955,0.10688203750000001,1341840.2387849477
68-BYBIT-HYPEUSDT-27MAR2026,68,Bybit,HYPE,HYPEUSDT,2026-03-27,2026-03-17,24,0.043046384722020464,0.04290406837176927,0.04304743186375185,0.1095,1457424.7673065308
68-BYBIT-HYPEUSDT-27MAR2026,68,Bybit,HYPE,HYPEUSDT,2026-03-27,2026-03-18,24,0.040782884915163437,0.040674903495021716,0.04076650751025315,0.0734042375,1172698.8821487546
68-BYBIT-HYPEUSDT-27MAR2026,68,Bybit,HYPE,HYPEUSDT,2026-03-27,2026-03-19,24,0.03288010730942916,0.0329222106748236,0.03284275598521875,-0.0969686375,1322397.3881392383
68-BYBIT-HYPEUSDT-27MAR2026,68,Bybit,HYPE,HYPEUSDT,2026-03-27,2026-03-20,24,0.034882553737301536,0.03508749100007234,0.034801979387316995,0.03395549375,1233239.371647463
68-BYBIT-HYPEUSDT-27MAR2026,68,Bybit,HYPE,HYPEUSDT,2026-03-27,2026-03-21,24,0.02957124392811643,0.02980060810676928,0.029650453287257753,-0.024546706249999998,1214859.258501991
68-BYBIT-HYPEUSDT-27MAR2026,68,Bybit,HYPE,HYPEUSDT,2026-03-27,2026-03-22,24,0.03329937198811913,0.03303173490026028,0.0330975046030852,0.051936762500000004,1122691.6687765208
68-BYBIT-HYPEUSDT-27MAR2026,68,Bybit,HYPE,HYPEUSDT,2026-03-27,2026-03-23,24,0.04560556410250988,0.04572865388539953,0.04573428560723064,0.07247166249999999,1054321.2237597515
68-BYBIT-HYPEUSDT-27MAR2026,68,Bybit,HYPE,HYPEUSDT,2026-03-27,2026-03-24,24,0.025766420971781116,0.02649888265959359,0.030439948952573386,-0.00821751875,1610231.6337033792
68-BYBIT-HYPEUSDT-27MAR2026,68,Bybit,HYPE,HYPEUSDT,2026-03-27,2026-03-25,24,0.03735393775722617,0.03743462330420481,0.04202065359662139,0.02382765625,1390789.3180169966
68-BYBIT-HYPEUSDT-27MAR2026,68,Bybit,HYPE,HYPEUSDT,2026-03-27,2026-03-26,24,0.027340427457876765,0.02727711450808137,0.029224575291953186,-0.00666079375,1884173.1643558927
69-BINANCE-BNBUSDT-27MAR2026,69,Binance,BNB,BNBUSDT,2026-03-27,2026-03-03,18,0.004836585955968212,0.005012395237031202,,0.0,0.0
69-BINANCE-BNBUSDT-27MAR2026,69,Binance,BNB,BNBUSDT,2026-03-27,2026-03-04,24,0.0040581721767495365,0.004309185461876806,,0.0,4628.4650760891145
69-BINANCE-BNBUSDT-27MAR2026,69,Binance,BNB,BNBUSDT,2026-03-27,2026-03-05,24,0.003602312038589546,0.0033431599343961872,,0.0,30096.125103989936
69-BINANCE-BNBUSDT-27MAR2026,69,Binance,BNB,BNBUSDT,2026-03-27,2026-03-06,24,0.002872879224282202,0.002536509287101299,,0.0,55585.28743873994
69-BINANCE-BNBUSDT-27MAR2026,69,Binance,BNB,BNBUSDT,2026-03-27,2026-03-07,24,0.0023444436737310964,0.002156580304760894,,0.0,63938.62077207328
69-BINANCE-BNBUSDT-27MAR2026,69,Binance,BNB,BNBUSDT,2026-03-27,2026-03-08,24,0.001572094749919769,0.0016972298054538902,,0.0,75619.66243873995
69-BINANCE-BNBUSDT-27MAR2026,69,Binance,BNB,BNBUSDT,2026-03-27,2026-03-09,24,0.0015512244040139635,0.001701403248289937,,0.0,75620.28743873995
69-BINANCE-BNBUSDT-27MAR2026,69,Binance,BNB,BNBUSDT,2026-03-27,2026-03-10,24,0.0015971118280007262,0.0017681883505137918,,0.0,75901.71039840662
69-BINANCE-BNBUSDT-27MAR2026,69,Binance,BNB,BNBUSDT,2026-03-27,2026-03-11,24,0.0015824638832794662,0.0015470213334579546,,0.0,255117.61834417746
69-BINANCE-BNBUSDT-27MAR2026,69,Binance,BNB,BNBUSDT,2026-03-27,2026-03-12,24,0.001396796790384866,0.0014051284483260881,,0.0,160862.22890636077
69-BINANCE-BNBUSDT-27MAR2026,69,Binance,BNB,BNBUSDT,2026-03-27,2026-03-13,24,0.0009963304769776673,0.0009504588992863415,,0.0,137211.53358673994
69-BINANCE-BNBUSDT-27MAR2026,69,Binance,BNB,BNBUSDT,2026-03-27,2026-03-14,24,0.0009775722964241664,0.0007127816346593178,,0.0,140093.97031136494
69-BINANCE-BNBUSDT-27MAR2026,69,Binance,BNB,BNBUSDT,2026-03-27,2026-03-15,24,0.0005501988012595671,7.500562518750225e-05,,0.0,182758.9921273297
69-BINANCE-BNBUSDT-27MAR2026,69,Binance,BNB,BNBUSDT,2026-03-27,2026-03-16,24,0.0003792417810739923,0.00037507188395910176,,0.0,210263.46491832542
69-BINANCE-BNBUSDT-27MAR2026,69,Binance,BNB,BNBUSDT,2026-03-27,2026-03-17,24,0.00035006375775065954,0.000500112515001313,,0.0,179633.09433875015
69-BINANCE-BNBUSDT-27MAR2026,69,Binance,BNB,BNBUSDT,2026-03-27,2026-03-18,24,0.00015420115023994537,0.00044188111101715156,,0.0,140033.77565320354
69-BINANCE-BNBUSDT-27MAR2026,69,Binance,BNB,BNBUSDT,2026-03-27,2026-03-19,24,-0.0007713372376659854,-0.0006504990592678528,,-0.037073049999999996,218073.87069768904
69-BINANCE-BNBUSDT-27MAR2026,69,Binance,BNB,BNBUSDT,2026-03-27,2026-03-20,24,-0.007718861599046732,-0.007376687321661911,,-0.046457200000000004,143547.88409241333
69-BINANCE-BNBUSDT-27MAR2026,69,Binance,BNB,BNBUSDT,2026-03-27,2026-03-21,24,-0.006966074611965794,-0.006911858502597936,,0.0,143065.96829544357
69-BINANCE-BNBUSDT-27MAR2026,69,Binance,BNB,BNBUSDT,2026-03-27,2026-03-22,24,-0.008412070127835436,-0.00823563047742919,,-0.023276050000000003,128143.40579544356
69-BINANCE-BNBUSDT-27MAR2026,69,Binance,BNB,BNBUSDT,2026-03-27,2026-03-23,24,-0.009044997167007112,-0.009280122257494609,,-0.01958225,115968.09650057174
69-BINANCE-BNBUSDT-27MAR2026,69,Binance,BNB,BNBUSDT,2026-03-27,2026-03-24,24,-0.008298695844791362,-0.008838611891859,,0.0,115968.09650057174
69-BINANCE-BNBUSDT-27MAR2026,69,Binance,BNB,BNBUSDT,2026-03-27,2026-03-25,24,-0.008435247898227725,-0.00816633856914021,,0.0,116034.7631672384
69-BINANCE-BNBUSDT-27MAR2026,69,Binance,BNB,BNBUSDT,2026-03-27,2026-03-26,24,-0.008958183882339536,-0.008540788914832844,,0.0,676817.3532727024
7-HYPERLIQUID-ETH-31OCT2025,7,Hyperliquid,ETH,ETH,2025-10-31,2025-09-09,7,0.08003999738290433,0.08003999738290433,,0.0,0.0
7-HYPERLIQUID-ETH-31OCT2025,7,Hyperliquid,ETH,ETH,2025-10-31,2025-09-10,24,0.0913695241298681,0.08930104849693982,0.09703428750334997,0.073,17.091842313743022
7-HYPERLIQUID-ETH-31OCT2025,7,Hyperliquid,ETH,ETH,2025-10-31,2025-09-11,24,0.09338360117919269,0.09338360117919269,0.09338360117919269,0.1095,29.748519277106563
7-HYPERLIQUID-ETH-31OCT2025,7,Hyperliquid,ETH,ETH,2025-10-31,2025-09-12,24,0.09717308943533559,0.09720762054312759,0.09717765635554487,0.1095,615.4419038966313
7-HYPERLIQUID-ETH-31OCT2025,7,Hyperliquid,ETH,ETH,2025-10-31,2025-09-13,24,0.10411999984429905,0.1041536593136748,0.10413828029350523,0.13179489349999998,1240.0028572098188
7-HYPERLIQUID-ETH-31OCT2025,7,Hyperliquid,ETH,ETH,2025-10-31,2025-09-14,24,0.11657922303603929,0.11676447870137768,0.11649573903853144,0.14699863999999999,1463.8045155500758
7-HYPERLIQUID-ETH-31OCT2025,7,Hyperliquid,ETH,ETH,2025-10-31,2025-09-15,24,0.1244449260925266,0.12442017658832082,0.12439590120864437,0.1394842755,1575.4059224640698
7-HYPERLIQUID-ETH-31OCT2025,7,Hyperliquid,ETH,ETH,2025-10-31,2025-09-16,24,0.12246464104187228,0.1222312956765952,0.1222104740420536,0.10971932849999999,1528.5898110797013
7-HYPERLIQUID-ETH-31OCT2025,7,Hyperliquid,ETH,ETH,2025-10-31,2025-09-17,24,0.1178873388581057,0.11774111974578398,0.11765041358203597,0.1095,1507.2466552997694
7-HYPERLIQUID-ETH-31OCT2025,7,Hyperliquid,ETH,ETH,2025-10-31,2025-09-18,24,0.11683002479595689,0.11680746102797013,0.11678187861840839,0.1095,1593.1937444310597
7-HYPERLIQUID-ETH-31OCT2025,7,Hyperliquid,ETH,ETH,2025-10-31,2025-09-19,24,0.1156800958063131,0.11569014314729364,0.11563030656251981,0.11385594650000001,1645.404475557593
7-HYPERLIQUID-ETH-31OCT2025,7,Hyperliquid,ETH,ETH,2025-10-31,2025-09-20,24,0.11352625585227788,0.11366633601525461,0.11369346330005999,0.1095,1651.1407912962768
7-HYPERLIQUID-ETH-31OCT2025,7,Hyperliquid,ETH,ETH,2025-10-31,2025-09-21,24,0.10852021689371742,0.10848937842462682,0.10853410199035503,0.1095,2173.225935103574
7-HYPERLIQUID-ETH-31OCT2025,7,Hyperliquid,ETH,ETH,2025-10-31,2025-09-22,24,0.10584370582097825,0.10571562984209128,0.10578850447102188,0.062748099,2813.0400299550315
7-HYPERLIQUID-ETH-31OCT2025,7,Hyperliquid,ETH,ETH,2025-10-31,2025-09-23,24,0.10020306743726211,0.10018736257462367,0.10009304248355692,0.011981088499999999,3389.6175707114867
7-HYPERLIQUID-ETH-31OCT2025,7,Hyperliquid,ETH,ETH,2025-10-31,2025-09-24,24,0.08671812767528876,0.0871588402689465,0.08689064477108104,0.037836812500000004,4393.214152593277
7-HYPERLIQUID-ETH-31OCT2025,7,Hyperliquid,ETH,ETH,2025-10-31,2025-09-25,24,0.08779362514433738,0.08781098504351055,0.08774843804318207,0.0640138095,3645.328676089508
7-HYPERLIQUID-ETH-31OCT2025,7,Hyperliquid,ETH,ETH,2025-10-31,2025-09-26,24,0.07757284356500034,0.07760188252494166,0.0776717381700217,-0.026215103,3731.137974071198
7-HYPERLIQUID-ETH-31OCT2025,7,Hyperliquid,ETH,ETH,2025-10-31,2025-09-27,24,0.08430268861249247,0.08434351497120501,0.08440344252282152,0.1009319535,3872.491494436415
7-HYPERLIQUID-ETH-31OCT2025,7,Hyperliquid,ETH,ETH,2025-10-31,2025-09-28,24,0.08749569952658408,0.0874929889608988,0.08757267060053675,0.09089686250000001,3899.3551140449126
7-HYPERLIQUID-ETH-31OCT2025,7,Hyperliquid,ETH,ETH,2025-10-31,2025-09-29,24,0.07691154529088888,0.07689633500370165,0.07696091844883272,0.008370471999999999,4480.623508289108
7-HYPERLIQUID-ETH-31OCT2025,7,Hyperliquid,ETH,ETH,2025-10-31,2025-09-30,24,0.07771886192165345,0.07812891060527276,0.07834293211638207,0.0901210185,5153.268149367846
7-HYPERLIQUID-ETH-31OCT2025,7,Hyperliquid,ETH,ETH,2025-10-31,2025-10-01,24,0.09249540534223273,0.09257805461368356,0.09245905764836355,0.10814238250000001,4425.1510697356925
7-HYPERLIQUID-ETH-31OCT2025,7,Hyperliquid,ETH,ETH,2025-10-31,2025-10-02,24,0.09682375635530399,0.09682827472767878,0.09682145005909926,0.1095,4165.299514413379
7-HYPERLIQUID-ETH-31OCT2025,7,Hyperliquid,ETH,ETH,2025-10-31,2025-10-03,24,0.10584592070789432,0.10564539640095783,0.1057215613092286,0.1095,3967.6798579019965
7-HYPERLIQUID-ETH-31OCT2025,7,Hyperliquid,ETH,ETH,2025-10-31,2025-10-04,24,0.10663344075680357,0.10663344075680357,0.10663344075680357,0.1095,3926.2612447593146
7-HYPERLIQUID-ETH-31OCT2025,7,Hyperliquid,ETH,ETH,2025-10-31,2025-10-05,24,0.10606120189408456,0.10603893777022273,0.10606120189408456,0.1095,3960.9518305456763
7-HYPERLIQUID-ETH-31OCT2025,7,Hyperliquid,ETH,ETH,2025-10-31,2025-10-06,24,0.11073084168881825,0.11071708836326877,0.11073547484678996,0.125870031,4002.39487340233
7-HYPERLIQUID-ETH-31OCT2025,7,Hyperliquid,ETH,ETH,2025-10-31,2025-10-07,24,0.10960846913085591,0.10961614332231728,0.10960846913085591,0.120324951,4098.271551511666
7-HYPERLIQUID-ETH-31OCT2025,7,Hyperliquid,ETH,ETH,2025-10-31,2025-10-08,24,0.11030623524633469,0.11017194560683702,0.11019523384945688,0.1456193415,4311.568664051056
7-HYPERLIQUID-ETH-31OCT2025,7,Hyperliquid,ETH,ETH,2025-10-31,2025-10-09,24,0.10926046718087883,0.10927433749729998,0.10926046718087883,0.11003600250000001,4540.994880327681
7-HYPERLIQUID-ETH-31OCT2025,7,Hyperliquid,ETH,ETH,2025-10-31,2025-10-10,24,0.10277653567344913,0.10297438084824706,0.10277653567344913,0.034370298,5035.982862454872
7-HYPERLIQUID-ETH-31OCT2025,7,Hyperliquid,ETH,ETH,2025-10-31,2025-10-11,24,0.07708105226956956,0.07706760972232542,0.07656978442886025,-0.23401838125,5922.686300914443
7-HYPERLIQUID-ETH-31OCT2025,7,Hyperliquid,ETH,ETH,2025-10-31,2025-10-12,24,0.08097036167739234,0.0808318334862741,0.08038863710614803,0.004620608000000001,5869.6070797406655
7-HYPERLIQUID-ETH-31OCT2025,7,Hyperliquid,ETH,ETH,2025-10-31,2025-10-13,24,0.08711135860555731,0.08695244278183743,0.08689382791852963,0.08747429400000001,5639.239589045271
7-HYPERLIQUID-ETH-31OCT2025,7,Hyperliquid,ETH,ETH,2025-10-31,2025-10-14,24,0.08444286589575728,0.08446329946735358,0.08444286589575728,0.084690512,5601.490150282822
7-HYPERLIQUID-ETH-31OCT2025,7,Hyperliquid,ETH,ETH,2025-10-31,2025-10-15,24,0.08732111465669362,0.08744384832458574,0.08744008384628936,0.08850614899999999,5557.268583481605
7-HYPERLIQUID-ETH-31OCT2025,7,Hyperliquid,ETH,ETH,2025-10-31,2025-10-16,24,0.08333582342959132,0.08341248192998524,0.08329524980672831,0.0245206635,5464.683557039127
7-HYPERLIQUID-ETH-31OCT2025,7,Hyperliquid,ETH,ETH,2025-10-31,2025-10-17,24,0.08142224738899936,0.08139899688988787,0.08143582558714602,0.065320619,5388.07968934277
7-HYPERLIQUID-ETH-31OCT2025,7,Hyperliquid,ETH,ETH,2025-10-31,2025-10-18,24,0.08375903758062181,0.08366695735117767,0.08372297455100292,0.10665730699999999,5196.946036094263
7-HYPERLIQUID-ETH-31OCT2025,7,Hyperliquid,ETH,ETH,2025-10-31,2025-10-19,24,0.08083578466684047,0.08080437446893686,0.08078392919171971,0.001415981,5273.375879609921
7-HYPERLIQUID-ETH-31OCT2025,7,Hyperliquid,ETH,ETH,2025-10-31,2025-10-20,24,0.0793634250974763,0.0793417449860821,0.07938164079925168,0.067578874,5794.816906544368
7-HYPERLIQUID-ETH-31OCT2025,7,Hyperliquid,ETH,ETH,2025-10-31,2025-10-21,24,0.08403039065092786,0.0840758008586243,0.08403039065092786,0.10352436599999999,5532.44665276774
7-HYPERLIQUID-ETH-31OCT2025,7,Hyperliquid,ETH,ETH,2025-10-31,2025-10-22,24,0.07225480423496582,0.07248934855156447,0.0720023001613181,0.0011290910000000005,5807.830235478482
7-HYPERLIQUID-ETH-31OCT2025,7,Hyperliquid,ETH,ETH,2025-10-31,2025-10-23,24,0.07465999223111043,0.07455723697432291,0.07460671034231336,0.0813128385,5103.166153478933
7-HYPERLIQUID-ETH-31OCT2025,7,Hyperliquid,ETH,ETH,2025-10-31,2025-10-24,24,0.08478537398065182,0.08477519199426387,0.08478537398065182,0.1095,3917.2938901465313
7-HYPERLIQUID-ETH-31OCT2025,7,Hyperliquid,ETH,ETH,2025-10-31,2025-10-25,24,0.08616035491129087,0.08618200204263722,0.08616035491129087,0.1095,3730.983626116263
7-HYPERLIQUID-ETH-31OCT2025,7,Hyperliquid,ETH,ETH,2025-10-31,2025-10-26,24,0.09025218523373724,0.0902167798413609,0.09025218523373724,0.1095,3714.171510598206
7-HYPERLIQUID-ETH-31OCT2025,7,Hyperliquid,ETH,ETH,2025-10-31,2025-10-27,24,0.10574976661426444,0.10571187565550871,0.10574976661426444,0.1095,3594.038289224138
7-HYPERLIQUID-ETH-31OCT2025,7,Hyperliquid,ETH,ETH,2025-10-31,2025-10-28,24,0.10539877239285961,0.10524107837906314,0.10524724526221828,0.1087543415,3403.21890626106
7-HYPERLIQUID-ETH-31OCT2025,7,Hyperliquid,ETH,ETH,2025-10-31,2025-10-29,24,0.08669696082708776,0.08689286905800696,0.08660302695399187,0.038512172,3285.984048712247
7-HYPERLIQUID-ETH-31OCT2025,7,Hyperliquid,ETH,ETH,2025-10-31,2025-10-30,24,0.09963577184689426,0.0996443213108521,0.10030175150544828,0.1095,2815.311121805616
70-LIGHTER-BNB-27MAR2026,70,Lighter,BNB,BNB,2026-03-27,2026-03-03,18,0.027826754028953918,0.028086500062859968,,-0.15816666666666668,0.0
70-LIGHTER-BNB-27MAR2026,70,Lighter,BNB,BNB,2026-03-27,2026-03-04,24,0.0254270664733037,0.02515083669590934,,-0.032485,220581.92530388254
70-LIGHTER-BNB-27MAR2026,70,Lighter,BNB,BNB,2026-03-27,2026-03-05,24,0.0225120655020254,0.022777070180187334,,0.08869500000000001,448249.43450918
70-LIGHTER-BNB-27MAR2026,70,Lighter,BNB,BNB,2026-03-27,2026-03-06,24,0.02093739202801476,0.021721786037853758,,-0.019344999999999998,394830.569661364
70-LIGHTER-BNB-27MAR2026,70,Lighter,BNB,BNB,2026-03-27,2026-03-07,24,0.014950510918931367,0.014180490475975034,,-0.05475,332669.50161337253
70-LIGHTER-BNB-27MAR2026,70,Lighter,BNB,BNB,2026-03-27,2026-03-08,24,0.011282548331366327,0.011205938904092343,,-0.15512499999999999,386603.13214216614
70-LIGHTER-BNB-27MAR2026,70,Lighter,BNB,BNB,2026-03-27,2026-03-09,24,0.009750127186537096,0.009421274343214934,,0.008760000000000002,528416.6891430474
70-LIGHTER-BNB-27MAR2026,70,Lighter,BNB,BNB,2026-03-27,2026-03-10,24,0.010486107322970305,0.010206368373526132,,0.045625,579258.4548125864
70-LIGHTER-BNB-27MAR2026,70,Lighter,BNB,BNB,2026-03-27,2026-03-11,24,0.009665140512609883,0.009344818165120115,,-0.015329999999999998,729205.995257273
70-LIGHTER-BNB-27MAR2026,70,Lighter,BNB,BNB,2026-03-27,2026-03-12,24,0.010889853198203915,0.011184418985316615,,0.06643,626145.4879252563
70-LIGHTER-BNB-27MAR2026,70,Lighter,BNB,BNB,2026-03-27,2026-03-13,24,0.016352637986400447,0.016600716139033304,,0.10512,756466.6239582988
70-LIGHTER-BNB-27MAR2026,70,Lighter,BNB,BNB,2026-03-27,2026-03-14,24,0.023359693576471358,0.02378921137704069,,0.060955,797097.7302851191
70-LIGHTER-BNB-27MAR2026,70,Lighter,BNB,BNB,2026-03-27,2026-03-15,24,0.02159101067351389,0.02155931465895863,,0.05621,718308.4889790878
70-LIGHTER-BNB-27MAR2026,70,Lighter,BNB,BNB,2026-03-27,2026-03-16,24,0.039997555458931744,0.0406220842673996,,0.10512,1008164.7443511136
70-LIGHTER-BNB-27MAR2026,70,Lighter,BNB,BNB,2026-03-27,2026-03-17,24,0.035958879284989996,0.03601996809176971,,-0.0018249999999999968,1048029.024776143
70-LIGHTER-BNB-27MAR2026,70,Lighter,BNB,BNB,2026-03-27,2026-03-18,24,0.010146910838317086,0.010013941700334329,,-0.14892,1143729.4489553606
70-LIGHTER-BNB-27MAR2026,70,Lighter,BNB,BNB,2026-03-27,2026-03-19,24,0.010592587110095912,0.010505217045285883,,-0.04891,1215077.2927567754
70-LIGHTER-BNB-27MAR2026,70,Lighter,BNB,BNB,2026-03-27,2026-03-20,24,0.011572907292169062,0.012104154812356958,,-0.07518999999999999,1135126.7644945357
70-LIGHTER-BNB-27MAR2026,70,Lighter,BNB,BNB,2026-03-27,2026-03-21,24,0.0368110146836646,0.038039586074175936,,0.10512,1184553.6883961305
70-LIGHTER-BNB-27MAR2026,70,Lighter,BNB,BNB,2026-03-27,2026-03-22,24,0.027518524406803274,0.02755985456574601,,0.050735,630012.0085048728
70-LIGHTER-BNB-27MAR2026,70,Lighter,BNB,BNB,2026-03-27,2026-03-23,24,0.03356646344843731,0.03511131467562012,,0.096725,602463.4456632468
70-LIGHTER-BNB-27MAR2026,70,Lighter,BNB,BNB,2026-03-27,2026-03-24,24,0.04509825103033349,0.046416505250149814,,0.10512,744093.0530345798
70-LIGHTER-BNB-27MAR2026,70,Lighter,BNB,BNB,2026-03-27,2026-03-25,24,0.05647149229254531,0.05771464085168219,,0.10512,804405.3562151655
70-LIGHTER-BNB-27MAR2026,70,Lighter,BNB,BNB,2026-03-27,2026-03-26,24,0.06879667174047896,0.06956399142977746,,0.10512,797789.820008044
71-BINANCE-XRPUSDT-27MAR2026,71,Binance,XRP,XRPUSDT,2026-03-27,2026-03-03,18,-0.0202944586885578,-0.019996815279697856,,-0.08920113333333334,0.0
71-BINANCE-XRPUSDT-27MAR2026,71,Binance,XRP,XRPUSDT,2026-03-27,2026-03-04,24,-0.021420175708797243,-0.021355713825865635,,0.013719437499999999,55771.56778954849
71-BINANCE-XRPUSDT-27MAR2026,71,Binance,XRP,XRPUSDT,2026-03-27,2026-03-05,24,-0.022317970525149385,-0.022051879957888123,,0.02267243125,156663.84464491007
71-BINANCE-XRPUSDT-27MAR2026,71,Binance,XRP,XRPUSDT,2026-03-27,2026-03-06,24,-0.02636209614624863,-0.026588203523124954,,-0.036875037500000006,255187.08285243157
71-BINANCE-XRPUSDT-27MAR2026,71,Binance,XRP,XRPUSDT,2026-03-27,2026-03-07,24,-0.03685493690321761,-0.03696228202555684,,-0.1387264625,484450.42701500515
71-BINANCE-XRPUSDT-27MAR2026,71,Binance,XRP,XRPUSDT,2026-03-27,2026-03-08,24,-0.04584847763659752,-0.04535151833804108,,-0.17739136875000003,533385.4576629566
71-BINANCE-XRPUSDT-27MAR2026,71,Binance,XRP,XRPUSDT,2026-03-27,2026-03-09,24,-0.05292031264491733,-0.052818716065452236,,-0.12301640624999999,644535.7776351526
71-BINANCE-XRPUSDT-27MAR2026,71,Binance,XRP,XRPUSDT,2026-03-27,2026-03-10,24,-0.04453252627213289,-0.04419263339711565,,0.0115495125,554808.00564427
71-BINANCE-XRPUSDT-27MAR2026,71,Binance,XRP,XRPUSDT,2026-03-27,2026-03-11,24,-0.04217271707358718,-0.0420341765386103,,-0.0669145375,441032.9937945621
71-BINANCE-XRPUSDT-27MAR2026,71,Binance,XRP,XRPUSDT,2026-03-27,2026-03-12,24,-0.048143507213496195,-0.048507767035152284,,-0.0900664875,570322.9067300069
71-BINANCE-XRPUSDT-27MAR2026,71,Binance,XRP,XRPUSDT,2026-03-27,2026-03-13,24,-0.042982028455263145,-0.043060278617222066,,0.06039791875,577268.1535626029
71-BINANCE-XRPUSDT-27MAR2026,71,Binance,XRP,XRPUSDT,2026-03-27,2026-03-14,24,-0.045547585737559064,-0.045406165724486615,,-0.054826650000000005,527294.8396093058
71-BINANCE-XRPUSDT-27MAR2026,71,Binance,XRP,XRPUSDT,2026-03-27,2026-03-15,24,-0.04654061675198087,-0.04641483309628546,,0.0022931125000000036,487230.61536566896
71-BINANCE-XRPUSDT-27MAR2026,71,Binance,XRP,XRPUSDT,2026-03-27,2026-03-16,24,-0.034316190238923586,-0.03371552967250192,,0.07503533125,552303.2318124451
71-BINANCE-XRPUSDT-27MAR2026,71,Binance,XRP,XRPUSDT,2026-03-27,2026-03-17,24,-0.034595913886278834,-0.034428074150493516,,0.023060700000000003,637260.5334973247
71-BINANCE-XRPUSDT-27MAR2026,71,Binance,XRP,XRPUSDT,2026-03-27,2026-03-18,24,-0.03442672926211097,-0.03369999591132004,,-0.00984085625,641997.8220434181
71-BINANCE-XRPUSDT-27MAR2026,71,Binance,XRP,XRPUSDT,2026-03-27,2026-03-19,24,-0.028536337465511975,-0.028450805455343123,,0.0388259625,531097.4793998388
71-BINANCE-XRPUSDT-27MAR2026,71,Binance,XRP,XRPUSDT,2026-03-27,2026-03-20,24,-0.02922179731529573,-0.02851179562275011,,-0.0360957625,617768.1258740975
71-BINANCE-XRPUSDT-27MAR2026,71,Binance,XRP,XRPUSDT,2026-03-27,2026-03-21,24,-0.02853218065375838,-0.029271116613962107,,-0.0071024437499999996,611412.5152180091
71-BINANCE-XRPUSDT-27MAR2026,71,Binance,XRP,XRPUSDT,2026-03-27,2026-03-22,24,-0.03264742976137477,-0.033036746377514636,,-0.06229865625,327907.1907351416
71-BINANCE-XRPUSDT-27MAR2026,71,Binance,XRP,XRPUSDT,2026-03-27,2026-03-23,24,-0.025581443544446733,-0.026591898185832855,,0.01767740625,293130.638886
71-BINANCE-XRPUSDT-27MAR2026,71,Binance,XRP,XRPUSDT,2026-03-27,2026-03-24,24,-0.028335105440577407,-0.028223672257440307,,-0.0039972062499999995,243851.0678964375
71-BINANCE-XRPUSDT-27MAR2026,71,Binance,XRP,XRPUSDT,2026-03-27,2026-03-25,24,-0.02165841053375944,-0.020079420989428786,,-0.035483475,376241.21728703164
71-BINANCE-XRPUSDT-27MAR2026,71,Binance,XRP,XRPUSDT,2026-03-27,2026-03-26,24,-0.07762284873960684,-0.07248729091241278,,-0.1075481625,619977.2763252557
72-HYPERLIQUID-XRP-27MAR2026,72,Hyperliquid,XRP,XRP,2026-03-27,2026-03-03,18,-0.00025289302364778145,0.0,,-0.11191313666666668,0.0
72-HYPERLIQUID-XRP-27MAR2026,72,Hyperliquid,XRP,XRP,2026-03-27,2026-03-04,24,-0.007375578252898352,-0.007368008446411383,,0.021394548,206938.6892858592
72-HYPERLIQUID-XRP-27MAR2026,72,Hyperliquid,XRP,XRP,2026-03-27,2026-03-05,24,-0.017773368218104883,-0.018185223261840893,,-0.0162507855,421910.6903959185
72-HYPERLIQUID-XRP-27MAR2026,72,Hyperliquid,XRP,XRP,2026-03-27,2026-03-06,24,-0.02535957529780726,-0.02491716563494394,,-0.1207429855,516444.42914418207
72-HYPERLIQUID-XRP-27MAR2026,72,Hyperliquid,XRP,XRP,2026-03-27,2026-03-07,24,-0.03914216916808388,-0.039256185263491686,,-0.1693844185,672798.547250216
72-HYPERLIQUID-XRP-27MAR2026,72,Hyperliquid,XRP,XRP,2026-03-27,2026-03-08,24,-0.05658121229004139,-0.05602872424832687,,-0.21385536149999998,796914.9906174717
72-HYPERLIQUID-XRP-27MAR2026,72,Hyperliquid,XRP,XRP,2026-03-27,2026-03-09,24,-0.06468472005946156,-0.06439837888448437,,-0.07648611500000001,746363.2378486638
72-HYPERLIQUID-XRP-27MAR2026,72,Hyperliquid,XRP,XRP,2026-03-27,2026-03-10,24,-0.06368219216310687,-0.06326276524565375,,-0.0026205174999999995,527499.3291890746
72-HYPERLIQUID-XRP-27MAR2026,72,Hyperliquid,XRP,XRP,2026-03-27,2026-03-11,24,-0.06809817451821112,-0.06811726071183673,,-0.1050587165,591290.7107344
72-HYPERLIQUID-XRP-27MAR2026,72,Hyperliquid,XRP,XRP,2026-03-27,2026-03-12,24,-0.066193054629174,-0.06570108008137839,,-0.017967636,628469.7844864341
72-HYPERLIQUID-XRP-27MAR2026,72,Hyperliquid,XRP,XRP,2026-03-27,2026-03-13,24,-0.0481780507552142,-0.046934481175570204,,0.0635014225,915692.4927709004
72-HYPERLIQUID-XRP-27MAR2026,72,Hyperliquid,XRP,XRP,2026-03-27,2026-03-14,24,-0.05840300780832403,-0.05801442228619377,,-0.10461089800000001,900865.1916767944
72-HYPERLIQUID-XRP-27MAR2026,72,Hyperliquid,XRP,XRP,2026-03-27,2026-03-15,24,-0.05008738970946718,-0.0488736776336974,,0.08383612,1030122.1755176653
72-HYPERLIQUID-XRP-27MAR2026,72,Hyperliquid,XRP,XRP,2026-03-27,2026-03-16,24,-0.02864866261293375,-0.028358315654953867,,0.09975026599999999,1166424.3484152579
72-HYPERLIQUID-XRP-27MAR2026,72,Hyperliquid,XRP,XRP,2026-03-27,2026-03-17,24,-0.03183767212578626,-0.032538335667710756,,-0.030666679500000002,1396754.593715142
72-HYPERLIQUID-XRP-27MAR2026,72,Hyperliquid,XRP,XRP,2026-03-27,2026-03-18,24,-0.03494977735321516,-0.0355421459213534,,-0.0365909945,775296.973469077
72-HYPERLIQUID-XRP-27MAR2026,72,Hyperliquid,XRP,XRP,2026-03-27,2026-03-19,24,-0.03236238364596144,-0.032704833267955175,,-0.0205120875,694129.9672172687
72-HYPERLIQUID-XRP-27MAR2026,72,Hyperliquid,XRP,XRP,2026-03-27,2026-03-20,24,-0.03700514043243229,-0.038692705662802716,,-0.1284349225,981788.9575474518
72-HYPERLIQUID-XRP-27MAR2026,72,Hyperliquid,XRP,XRP,2026-03-27,2026-03-21,24,-0.04839086617120281,-0.049997921024673785,,-0.09238296,1055319.4539750537
72-HYPERLIQUID-XRP-27MAR2026,72,Hyperliquid,XRP,XRP,2026-03-27,2026-03-22,24,-0.056258349964192884,-0.056190866152638165,,-0.0689023275,958117.5096463979
72-HYPERLIQUID-XRP-27MAR2026,72,Hyperliquid,XRP,XRP,2026-03-27,2026-03-23,24,-0.04473966765681675,-0.045061042549712604,,-0.023435299500000003,559465.6833487614
72-HYPERLIQUID-XRP-27MAR2026,72,Hyperliquid,XRP,XRP,2026-03-27,2026-03-24,24,-0.037095964755643834,-0.03780151876894688,,-0.0320579865,933220.7916644299
72-HYPERLIQUID-XRP-27MAR2026,72,Hyperliquid,XRP,XRP,2026-03-27,2026-03-25,24,-0.04291270301812752,-0.043385748758260345,,-0.025459261,756545.9013906876
72-HYPERLIQUID-XRP-27MAR2026,72,Hyperliquid,XRP,XRP,2026-03-27,2026-03-26,24,-0.07791190634067495,-0.07938886535051999,,-0.149680368,765611.7798209911
73-HYPERLIQUID-xyzCL-27MAR2026,73,Hyperliquid,CLOIL,xyzCL,2026-03-27,2026-03-09,8,0.18001201018385007,0.18009608147080067,0.18,0.560968062,7379.76166897375
73-HYPERLIQUID-xyzCL-27MAR2026,73,Hyperliquid,CLOIL,xyzCL,2026-03-27,2026-03-10,24,0.11605955162863747,0.11555420247106453,0.11609576870931881,0.11533970800000003,660953.1543846141
73-HYPERLIQUID-xyzCL-27MAR2026,73,Hyperliquid,CLOIL,xyzCL,2026-03-27,2026-03-11,24,0.09354584401413372,0.09351448792320312,0.09351205716417028,-0.286484339,859472.4674152714
73-HYPERLIQUID-xyzCL-27MAR2026,73,Hyperliquid,CLOIL,xyzCL,2026-03-27,2026-03-12,24,0.10935059223882128,0.10943454613138943,0.10937847803320382,-0.06349678699999999,899728.3119093993
73-HYPERLIQUID-xyzCL-27MAR2026,73,Hyperliquid,CLOIL,xyzCL,2026-03-27,2026-03-13,24,0.12517365788391466,0.1250331405606562,0.12517365788391469,0.1107479715,890402.1541951745
73-HYPERLIQUID-xyzCL-27MAR2026,73,Hyperliquid,CLOIL,xyzCL,2026-03-27,2026-03-14,24,0.1874850142494783,0.188042445657005,0.19310237063264085,1.1311918669999999,1238914.3966615987
73-HYPERLIQUID-xyzCL-27MAR2026,73,Hyperliquid,CLOIL,xyzCL,2026-03-27,2026-03-15,24,0.14538995389261136,0.1436267218333094,0.15419364275135342,-0.36766669,1155347.1125150796
73-HYPERLIQUID-xyzCL-27MAR2026,73,Hyperliquid,CLOIL,xyzCL,2026-03-27,2026-03-16,24,0.1296472669950532,0.1300617135041425,0.1296472669950532,0.0708771235,1314330.994815162
73-HYPERLIQUID-xyzCL-27MAR2026,73,Hyperliquid,CLOIL,xyzCL,2026-03-27,2026-03-17,24,0.06316855229986112,0.06608804968015235,0.07361732636795204,-0.0565550345,1583657.9326940973
73-HYPERLIQUID-xyzCL-27MAR2026,73,Hyperliquid,CLOIL,xyzCL,2026-03-27,2026-03-18,24,0.05898524036909363,0.05814832185413052,0.07805118198014938,-0.0981972275,1722085.697238909
73-HYPERLIQUID-xyzCL-27MAR2026,73,Hyperliquid,CLOIL,xyzCL,2026-03-27,2026-03-19,24,0.05368029496030279,0.05049370091454264,0.07003182704664783,-0.10576181600000001,1448088.1110551124
73-HYPERLIQUID-xyzCL-27MAR2026,73,Hyperliquid,CLOIL,xyzCL,2026-03-27,2026-03-20,24,0.031105100167350214,0.035998687314327316,0.070000000007,-0.328161718,1405158.9296965476
73-HYPERLIQUID-xyzCL-27MAR2026,73,Hyperliquid,CLOIL,xyzCL,2026-03-27,2026-03-21,24,0.07100425514555446,0.07311877075499176,0.10147602804724916,-0.2556995455,1007126.2843593471
73-HYPERLIQUID-xyzCL-27MAR2026,73,Hyperliquid,CLOIL,xyzCL,2026-03-27,2026-03-22,24,0.11786341894468927,0.11757671349916841,0.12013500014706763,1.1295091074999999,965858.678047219
73-HYPERLIQUID-xyzCL-27MAR2026,73,Hyperliquid,CLOIL,xyzCL,2026-03-27,2026-03-23,24,0.07176761374491164,0.07569139136006613,0.0996612904179779,-0.1796880035,903751.2357388404
73-HYPERLIQUID-xyzCL-27MAR2026,73,Hyperliquid,CLOIL,xyzCL,2026-03-27,2026-03-24,24,0.04090564977116653,0.036619443957319905,,-0.071538102,874260.8441088069
73-HYPERLIQUID-xyzCL-27MAR2026,73,Hyperliquid,CLOIL,xyzCL,2026-03-27,2026-03-25,24,0.016741975203285672,0.015767355547328676,,-0.12399608449999999,843092.133847483
73-HYPERLIQUID-xyzCL-27MAR2026,73,Hyperliquid,CLOIL,xyzCL,2026-03-27,2026-03-26,24,0.0017849912292462217,0.01199912976629273,,-0.184861112,758807.6140691321
74-HYPERLIQUID-ETH-26JUN2026,74,Hyperliquid,ETH,ETH,2026-06-26,2026-03-10,17,0.061010817415822996,0.061091948034495476,0.061000000000000006,0.06508046188235295,4.3319242941176475
74-HYPERLIQUID-ETH-26JUN2026,74,Hyperliquid,ETH,ETH,2026-06-26,2026-03-11,24,0.0488530611015322,0.04885357392604262,0.0488530611015322,-0.006724723499999999,477.26226043267917
74-HYPERLIQUID-ETH-26JUN2026,74,Hyperliquid,ETH,ETH,2026-06-26,2026-03-12,24,0.045745418933547354,0.045927696737134795,0.04557898284650925,-0.026916706,658.2505818272721
74-HYPERLIQUID-ETH-26JUN2026,74,Hyperliquid,ETH,ETH,2026-06-26,2026-03-13,24,0.04886416254036407,0.04881167415548984,0.04877707567834035,0.054626922,672.825878721117
74-HYPERLIQUID-ETH-26JUN2026,74,Hyperliquid,ETH,ETH,2026-06-26,2026-03-14,24,0.050480111965202044,0.050482468060072,0.050480111965202044,0.0424506315,678.1849216961939
74-HYPERLIQUID-ETH-26JUN2026,74,Hyperliquid,ETH,ETH,2026-06-26,2026-03-15,24,0.048851023093459046,0.04893787459185672,0.048851023093459046,0.0768826875,780.5566107218523
74-HYPERLIQUID-ETH-26JUN2026,74,Hyperliquid,ETH,ETH,2026-06-26,2026-03-16,24,0.04928060122963971,0.04924161870530175,0.04928060122963971,0.0120145225,828.7638331504023
74-HYPERLIQUID-ETH-26JUN2026,74,Hyperliquid,ETH,ETH,2026-06-26,2026-03-17,24,0.04816540071705475,0.04816488967704432,0.04816540071705475,-0.038678758,893.3345818332879
74-HYPERLIQUID-ETH-26JUN2026,74,Hyperliquid,ETH,ETH,2026-06-26,2026-03-18,24,0.04839716222372643,0.04837427938387279,0.04839716222372643,0.074959831,980.7916180346048
74-HYPERLIQUID-ETH-26JUN2026,74,Hyperliquid,ETH,ETH,2026-06-26,2026-03-19,24,0.04749632797538792,0.04756789142856845,0.04749632797538792,-0.008357295499999999,960.249161781919
74-HYPERLIQUID-ETH-26JUN2026,74,Hyperliquid,ETH,ETH,2026-06-26,2026-03-20,24,0.04735635290936005,0.047230308420712595,0.04735635290936005,0.0501874635,961.0736504703158
74-HYPERLIQUID-ETH-26JUN2026,74,Hyperliquid,ETH,ETH,2026-06-26,2026-03-21,24,0.047300079858947124,0.0472826843355501,0.047300079858947124,0.0031535635,980.7673695463958
74-HYPERLIQUID-ETH-26JUN2026,74,Hyperliquid,ETH,ETH,2026-06-26,2026-03-22,24,0.04767142641174218,0.04769033152354516,0.04767142641174218,-0.0660379535,1002.3338751717305
74-HYPERLIQUID-ETH-26JUN2026,74,Hyperliquid,ETH,ETH,2026-06-26,2026-03-23,24,0.04707242068577135,0.04704118133176147,0.04707242068577135,-0.0226536155,1004.3652935836648
74-HYPERLIQUID-ETH-26JUN2026,74,Hyperliquid,ETH,ETH,2026-06-26,2026-03-24,24,0.047431790599404215,0.047614399340594214,0.047431790599404215,0.037215545999999995,1013.9553091908832
74-HYPERLIQUID-ETH-26JUN2026,74,Hyperliquid,ETH,ETH,2026-06-26,2026-03-25,24,0.04898235097798357,0.04901976957987957,0.04898235097798357,0.10048085,1019.8546633799797
74-HYPERLIQUID-ETH-26JUN2026,74,Hyperliquid,ETH,ETH,2026-06-26,2026-03-26,24,0.047998982472067686,0.04795711502938781,0.047998982472067686,-0.012082813999999999,1055.0945933633645
74-HYPERLIQUID-ETH-26JUN2026,74,Hyperliquid,ETH,ETH,2026-06-26,2026-03-27,24,0.0446698056483901,0.04464518198544556,0.0446698957558305,-0.036155878,1220.637042012253
74-HYPERLIQUID-ETH-26JUN2026,74,Hyperliquid,ETH,ETH,2026-06-26,2026-03-28,24,0.04350137919177558,0.04350492807323298,0.04350137919177558,0.056138606,1257.2082320176303
74-HYPERLIQUID-ETH-26JUN2026,74,Hyperliquid,ETH,ETH,2026-06-26,2026-03-29,24,0.04463832398287155,0.0446158076880519,0.04463832398287155,0.1056075305,1237.1531801838098
74-HYPERLIQUID-ETH-26JUN2026,74,Hyperliquid,ETH,ETH,2026-06-26,2026-03-30,24,0.04464304137493055,0.04466780772677275,0.04464304137493055,0.0496519355,1231.1570090121045
74-HYPERLIQUID-ETH-26JUN2026,74,Hyperliquid,ETH,ETH,2026-06-26,2026-03-31,24,0.04438701407506846,0.04455405036132897,0.04438701407506846,0.027085007499999997,1232.759708912606
74-HYPERLIQUID-ETH-26JUN2026,74,Hyperliquid,ETH,ETH,2026-06-26,2026-04-01,24,0.04248564911103999,0.042459033826237724,0.04248564911103999,-0.016802665499999998,1259.7946486400458
74-HYPERLIQUID-ETH-26JUN2026,74,Hyperliquid,ETH,ETH,2026-06-26,2026-04-02,24,0.04044697789691379,0.040489173672640884,0.04044697789691379,-0.061874873,1243.729333816793
74-HYPERLIQUID-ETH-26JUN2026,74,Hyperliquid,ETH,ETH,2026-06-26,2026-04-03,24,0.039223507286398514,0.039215788867381404,0.039223507286398514,0.002092143499999999,1198.912284507095
74-HYPERLIQUID-ETH-26JUN2026,74,Hyperliquid,ETH,ETH,2026-06-26,2026-04-04,24,0.039947703971096794,0.03994065138765808,0.039947703971096794,0.0747537885,1151.7597475249202
74-HYPERLIQUID-ETH-26JUN2026,74,Hyperliquid,ETH,ETH,2026-06-26,2026-04-05,24,0.042107204003887434,0.04200301108545493,0.042107204003887434,0.035719119,1152.935049908018
74-HYPERLIQUID-ETH-26JUN2026,74,Hyperliquid,ETH,ETH,2026-06-26,2026-04-06,24,0.04365465935187109,0.043688763274536385,0.04365465935187109,0.0666247275,1114.7572225736492
74-HYPERLIQUID-ETH-26JUN2026,74,Hyperliquid,ETH,ETH,2026-06-26,2026-04-07,24,0.044946038696083344,0.04496379039951547,0.044946038696083344,0.051629104,1095.1366077961916
74-HYPERLIQUID-ETH-26JUN2026,74,Hyperliquid,ETH,ETH,2026-06-26,2026-04-08,24,0.044973053962034375,0.044981205446800156,0.044973053962034375,0.108442084,1111.0960506869676
74-HYPERLIQUID-ETH-26JUN2026,74,Hyperliquid,ETH,ETH,2026-06-26,2026-04-09,24,0.04399193527570867,0.04396910025233872,0.04399193527570867,0.0555555915,1139.4366607531322
74-HYPERLIQUID-ETH-26JUN2026,74,Hyperliquid,ETH,ETH,2026-06-26,2026-04-10,24,0.04367598281843545,0.04367598281843545,0.04367598281843545,0.0944833525,1141.5827763045565
74-HYPERLIQUID-ETH-26JUN2026,74,Hyperliquid,ETH,ETH,2026-06-26,2026-04-11,24,0.04412242862423876,0.0440912287781215,0.04412242862423876,0.079969602,1144.1015556949235
74-HYPERLIQUID-ETH-26JUN2026,74,Hyperliquid,ETH,ETH,2026-06-26,2026-04-12,24,0.04308599491841401,0.04302404076165565,0.04308599491841401,0.014174483,1148.4557087693265
74-HYPERLIQUID-ETH-26JUN2026,74,Hyperliquid,ETH,ETH,2026-06-26,2026-04-13,24,0.04245523212401025,0.04244606723617972,0.04245523212401025,0.051898181999999994,1151.5047314503513
74-HYPERLIQUID-ETH-26JUN2026,74,Hyperliquid,ETH,ETH,2026-06-26,2026-04-14,24,0.04366380755285241,0.043672493601660145,0.04366380755285241,-0.05961355199999999,1153.5704399984834
74-HYPERLIQUID-ETH-26JUN2026,74,Hyperliquid,ETH,ETH,2026-06-26,2026-04-15,24,0.04302726417378921,0.043023759109840326,0.04302726417378921,-0.1250984575,1144.8846898491072
74-HYPERLIQUID-ETH-26JUN2026,74,Hyperliquid,ETH,ETH,2026-06-26,2026-04-16,24,0.038883529182174185,0.0388783271776871,0.038883529182174185,-0.172262553,1302.372307163135
74-HYPERLIQUID-ETH-26JUN2026,74,Hyperliquid,ETH,ETH,2026-06-26,2026-04-17,24,0.03587823656603709,0.03587808580161036,0.03587823656603709,-0.091159334,1383.061048201953
74-HYPERLIQUID-ETH-26JUN2026,74,Hyperliquid,ETH,ETH,2026-06-26,2026-04-18,24,0.033876867433284545,0.0338773421486557,0.033876867433284545,-0.1545036605,1397.4630298170307
74-HYPERLIQUID-ETH-26JUN2026,74,Hyperliquid,ETH,ETH,2026-06-26,2026-04-19,24,0.028411822473226062,0.02842926688818835,0.02846261042309703,-0.16198685399999999,1457.709194424405
74-HYPERLIQUID-ETH-26JUN2026,74,Hyperliquid,ETH,ETH,2026-06-26,2026-04-20,24,0.025308865133677586,0.025297615914436706,0.025308865133677586,-0.0121553395,1537.277489834927
74-HYPERLIQUID-ETH-26JUN2026,74,Hyperliquid,ETH,ETH,2026-06-26,2026-04-21,24,0.024572673746642945,0.024575783106274215,0.02457680580829554,-0.052719395499999995,1551.5511420802115
74-HYPERLIQUID-ETH-26JUN2026,74,Hyperliquid,ETH,ETH,2026-06-26,2026-04-22,24,0.026020769966459564,0.02589601813332856,0.026024902028112157,0.0533031765,1549.2087111794783
74-HYPERLIQUID-ETH-26JUN2026,74,Hyperliquid,ETH,ETH,2026-06-26,2026-04-23,24,0.026960140372826704,0.026956254917477485,0.026960140372826704,-0.0223459205,1536.0835957966503
74-HYPERLIQUID-ETH-26JUN2026,74,Hyperliquid,ETH,ETH,2026-06-26,2026-04-24,24,0.026392235254226015,0.02639452895310439,0.026392235254226015,-0.017462038,1546.912403289244
74-HYPERLIQUID-ETH-26JUN2026,74,Hyperliquid,ETH,ETH,2026-06-26,2026-04-25,24,0.026534838247987313,0.026507371628108956,0.026534838247987313,0.043895264999999996,1583.614521375787
74-HYPERLIQUID-ETH-26JUN2026,74,Hyperliquid,ETH,ETH,2026-06-26,2026-04-26,24,0.026789554840441075,0.02674916952829222,0.0264466295931424,-0.0318235835,1576.4007878078967
74-HYPERLIQUID-ETH-26JUN2026,74,Hyperliquid,ETH,ETH,2026-06-26,2026-04-27,24,0.025725610264428312,0.025739907998901784,0.025725610264428312,0.01013459,1580.5395331236557
74-HYPERLIQUID-ETH-26JUN2026,74,Hyperliquid,ETH,ETH,2026-06-26,2026-04-28,24,0.016492661214519134,0.016606457773432313,0.01710590561400442,-0.0035967829999999997,1523.064094516639
74-HYPERLIQUID-ETH-26JUN2026,74,Hyperliquid,ETH,ETH,2026-06-26,2026-04-29,24,0.022663126188899683,0.022589665323312733,0.022663126188899683,0.08353076100000001,1166.5000988605786
74-HYPERLIQUID-ETH-26JUN2026,74,Hyperliquid,ETH,ETH,2026-06-26,2026-04-30,24,0.023306512195831974,0.02329180892352603,0.023580522214170143,0.026131517999999996,1147.8314316391854
74-HYPERLIQUID-ETH-26JUN2026,74,Hyperliquid,ETH,ETH,2026-06-26,2026-05-01,24,0.025856032718948114,0.025863118118065524,0.025856032718948114,0.0850071495,1159.6453265267048
74-HYPERLIQUID-ETH-26JUN2026,74,Hyperliquid,ETH,ETH,2026-06-26,2026-05-02,24,0.026473660810780727,0.02643028578693987,0.026477944183275374,0.08031321300000001,1179.9078883686482
74-HYPERLIQUID-ETH-26JUN2026,74,Hyperliquid,ETH,ETH,2026-06-26,2026-05-03,24,0.02936809377137571,0.029218357954663297,0.029367933085564762,0.0947249095,1320.0451861780907
74-HYPERLIQUID-ETH-26JUN2026,74,Hyperliquid,ETH,ETH,2026-06-26,2026-05-04,24,0.03192372928083732,0.03192372928083732,0.03192372928083732,0.060697091,1218.357780794934
74-HYPERLIQUID-ETH-26JUN2026,74,Hyperliquid,ETH,ETH,2026-06-26,2026-05-05,24,0.03148362587428167,0.03143760185422382,0.03148362587428167,0.0590980625,1143.9750943148329
74-HYPERLIQUID-ETH-26JUN2026,74,Hyperliquid,ETH,ETH,2026-06-26,2026-05-06,24,0.03166890236952715,0.03167833407258933,0.03166890236952715,0.045204154999999996,1089.4545882502837
74-HYPERLIQUID-ETH-26JUN2026,74,Hyperliquid,ETH,ETH,2026-06-26,2026-05-07,24,0.030363056024869554,0.030359716590722386,0.030363056024869554,0.0565897095,1123.1906611463814
74-HYPERLIQUID-ETH-26JUN2026,74,Hyperliquid,ETH,ETH,2026-06-26,2026-05-08,24,0.03321993224673626,0.03319678936438448,0.03321993224673626,0.09884703700000001,1258.2316179563184
74-HYPERLIQUID-ETH-26JUN2026,74,Hyperliquid,ETH,ETH,2026-06-26,2026-05-09,24,0.036991663790551695,0.036932515999763695,0.036991663790551695,0.10413304,1542.5846809386458
74-HYPERLIQUID-ETH-26JUN2026,74,Hyperliquid,ETH,ETH,2026-06-26,2026-05-10,24,0.03903652016318478,0.039026160963551076,0.03903652016318478,0.1095,1592.468794438046
74-HYPERLIQUID-ETH-26JUN2026,74,Hyperliquid,ETH,ETH,2026-06-26,2026-05-11,24,0.04032507297545671,0.04029968632532167,0.04032507297545671,0.10661763149999999,1644.9941767528264
74-HYPERLIQUID-ETH-26JUN2026,74,Hyperliquid,ETH,ETH,2026-06-26,2026-05-12,24,0.04174686039280747,0.04174686039280747,0.04174686039280747,0.08430795549999999,1696.1716233502411
74-HYPERLIQUID-ETH-26JUN2026,74,Hyperliquid,ETH,ETH,2026-06-26,2026-05-13,24,0.0414732622438335,0.04142587486693224,0.0414732622438335,0.107070049,1667.8186138516696
74-HYPERLIQUID-ETH-26JUN2026,74,Hyperliquid,ETH,ETH,2026-06-26,2026-05-14,24,0.041196970221163275,0.04116127052671395,0.041196970221163275,0.09317508299999999,1717.1015828270702
74-HYPERLIQUID-ETH-26JUN2026,74,Hyperliquid,ETH,ETH,2026-06-26,2026-05-15,24,0.04059219359150823,0.04058862865283438,0.04059219359150823,0.059227017,1756.6312021589827
74-HYPERLIQUID-ETH-26JUN2026,74,Hyperliquid,ETH,ETH,2026-06-26,2026-05-16,24,0.03960932876774741,0.0396006780905775,0.03960932876774741,0.0414963025,1625.468555659052
74-HYPERLIQUID-ETH-26JUN2026,74,Hyperliquid,ETH,ETH,2026-06-26,2026-05-17,17,0.04008143974314884,0.04008143974314884,0.04008143974314884,-0.035391482117647054,1615.0327536579132
75-OKX-ETHUSDT-26JUN2026,75,OKX,ETH,ETHUSDT,2026-06-26,2026-03-10,17,0.01699533549643321,0.0169212191807303,,0.0523698025268625,0.00411764705882353
75-OKX-ETHUSDT-26JUN2026,75,OKX,ETH,ETHUSDT,2026-06-26,2026-03-11,24,0.022473431602918145,0.022524563414621394,,0.08791226277943755,259.103443104845
75-OKX-ETHUSDT-26JUN2026,75,OKX,ETH,ETHUSDT,2026-06-26,2026-03-12,24,0.02478507593852101,0.02457583129414508,,0.03106451276840456,325.12296126350026
75-OKX-ETHUSDT-26JUN2026,75,OKX,ETH,ETHUSDT,2026-06-26,2026-03-13,24,0.025233355020943232,0.025169265925168566,,0.02965400736643881,330.3991145896675
75-OKX-ETHUSDT-26JUN2026,75,OKX,ETH,ETHUSDT,2026-06-26,2026-03-14,24,0.025367938181973138,0.024443549160920907,,0.04630605612061331,326.94312533448993
75-OKX-ETHUSDT-26JUN2026,75,OKX,ETH,ETHUSDT,2026-06-26,2026-03-15,24,0.02526751957010254,0.025459779375250916,,0.011927315585933315,319.1836601989524
75-OKX-ETHUSDT-26JUN2026,75,OKX,ETH,ETHUSDT,2026-06-26,2026-03-16,24,0.02542352251406971,0.025745481625189456,,0.036296670257790625,336.4474647986303
75-OKX-ETHUSDT-26JUN2026,75,OKX,ETH,ETHUSDT,2026-06-26,2026-03-17,24,0.024699537035056715,0.024392134868158166,,0.044999934799118624,342.15558096683895
75-OKX-ETHUSDT-26JUN2026,75,OKX,ETH,ETHUSDT,2026-06-26,2026-03-18,24,0.024706048746141143,0.02452464377060395,,0.03221236138980944,317.45986443091107
75-OKX-ETHUSDT-26JUN2026,75,OKX,ETH,ETHUSDT,2026-06-26,2026-03-19,24,0.025714022952148124,0.025442652365282478,,0.03023590085361425,355.9062449356534
75-OKX-ETHUSDT-26JUN2026,75,OKX,ETH,ETHUSDT,2026-06-26,2026-03-20,24,0.025410664100854366,0.02498582651640752,,-0.008768455717896001,347.4461509178245
75-OKX-ETHUSDT-26JUN2026,75,OKX,ETH,ETHUSDT,2026-06-26,2026-03-21,24,0.025011274658005487,0.02532306822021911,,0.003234832998504937,341.40103365820823
75-OKX-ETHUSDT-26JUN2026,75,OKX,ETH,ETHUSDT,2026-06-26,2026-03-22,24,0.024159768855906805,0.02403851950611365,,-0.04336932002264531,331.4401518774219
75-OKX-ETHUSDT-26JUN2026,75,OKX,ETH,ETHUSDT,2026-06-26,2026-03-23,24,0.02262879607248504,0.022899395748902648,,-0.012996141626764435,251.5249972509993
75-OKX-ETHUSDT-26JUN2026,75,OKX,ETH,ETHUSDT,2026-06-26,2026-03-24,24,0.021964345177595327,0.02186837029899139,,0.028281989752547684,253.4289185503347
75-OKX-ETHUSDT-26JUN2026,75,OKX,ETH,ETHUSDT,2026-06-26,2026-03-25,24,0.019908182799413067,0.019685302530819248,,-0.03399713459028262,250.3883005895375
75-OKX-ETHUSDT-26JUN2026,75,OKX,ETH,ETHUSDT,2026-06-26,2026-03-26,24,0.019419069446654908,0.0193071670494089,,0.06460450170631613,245.65355119442924
75-OKX-ETHUSDT-26JUN2026,75,OKX,ETH,ETHUSDT,2026-06-26,2026-03-27,24,0.01938723027398035,0.01937245090151579,,-0.04682539040760831,247.21824573805893
75-OKX-ETHUSDT-26JUN2026,75,OKX,ETH,ETHUSDT,2026-06-26,2026-03-28,24,0.0170990109225687,0.016712128226281247,,-0.059437081704766935,321.46985524076905
75-OKX-ETHUSDT-26JUN2026,75,OKX,ETH,ETHUSDT,2026-06-26,2026-03-29,24,0.01755186500380641,0.0174755505240666,,0.017178432259661373,347.95793894527964
75-OKX-ETHUSDT-26JUN2026,75,OKX,ETH,ETHUSDT,2026-06-26,2026-03-30,24,0.01755186500380641,0.01783168476285239,,-0.026293796312093626,347.96213497743196
75-OKX-ETHUSDT-26JUN2026,75,OKX,ETH,ETHUSDT,2026-06-26,2026-03-31,24,0.017975954361780552,0.0180268671853506,,0.04304313327105013,358.7264731750458
75-OKX-ETHUSDT-26JUN2026,75,OKX,ETH,ETHUSDT,2026-06-26,2026-04-01,24,0.019115392988057592,0.018735542232742777,,0.021670173814378375,404.6677503518149
75-OKX-ETHUSDT-26JUN2026,75,OKX,ETH,ETHUSDT,2026-06-26,2026-04-02,24,0.01903056481302097,0.01909221141961977,,0.0047253507431585596,425.9811906264702
75-OKX-ETHUSDT-26JUN2026,75,OKX,ETH,ETHUSDT,2026-06-26,2026-04-03,24,0.01806075542615774,0.017043183192052468,,-0.004995213689008437,390.52852483983276
75-OKX-ETHUSDT-26JUN2026,75,OKX,ETH,ETHUSDT,2026-06-26,2026-04-04,24,0.018064996179444102,0.017373928896144992,,0.06482013078664382,390.52852483983276
75-OKX-ETHUSDT-26JUN2026,75,OKX,ETH,ETHUSDT,2026-06-26,2026-04-05,24,0.01806075542615774,0.018366166008422568,,0.03486007027808331,390.52852483983276
75-OKX-ETHUSDT-26JUN2026,75,OKX,ETH,ETHUSDT,2026-06-26,2026-04-06,24,0.018018347890961794,0.017933554009816114,,-0.005665033803615251,398.41627442325097
75-OKX-ETHUSDT-26JUN2026,75,OKX,ETH,ETHUSDT,2026-06-26,2026-04-07,24,0.01806075542615774,0.018366166008422568,,-0.00022136710742156392,399.5668386212125
75-OKX-ETHUSDT-26JUN2026,75,OKX,ETH,ETHUSDT,2026-06-26,2026-04-08,24,0.019090051896341362,0.019555144694271363,,0.08021130979099,404.9647085730148
75-OKX-ETHUSDT-26JUN2026,75,OKX,ETH,ETHUSDT,2026-06-26,2026-04-09,24,0.020564547308525916,0.020940906602628918,,0.058750394060701754,428.6545235530641
75-OKX-ETHUSDT-26JUN2026,75,OKX,ETH,ETHUSDT,2026-06-26,2026-04-10,24,0.021740777319985218,0.02138324361063274,,0.07401205722679838,446.18608112244783
75-OKX-ETHUSDT-26JUN2026,75,OKX,ETH,ETHUSDT,2026-06-26,2026-04-11,24,0.0223562728209465,0.022324289867963514,,-0.009607840562298567,445.4927110910092
75-OKX-ETHUSDT-26JUN2026,75,OKX,ETH,ETHUSDT,2026-06-26,2026-04-12,24,0.02344302112905473,0.023368335773832297,,0.06148256518053582,454.96922888884984
75-OKX-ETHUSDT-26JUN2026,75,OKX,ETH,ETHUSDT,2026-06-26,2026-04-13,24,0.023622083738540148,0.02338108044169976,,0.017847245434291375,456.65810737797375
75-OKX-ETHUSDT-26JUN2026,75,OKX,ETH,ETHUSDT,2026-06-26,2026-04-14,24,0.023455775190971462,0.023270401641058643,,0.06779405673697518,449.69067661458234
75-OKX-ETHUSDT-26JUN2026,75,OKX,ETH,ETHUSDT,2026-06-26,2026-04-15,24,0.02398685698589539,0.02394574166784769,,0.016400506098026253,452.7027710325515
75-OKX-ETHUSDT-26JUN2026,75,OKX,ETH,ETHUSDT,2026-06-26,2026-04-16,24,0.023824694854134455,0.023705399126423846,,-0.037363943299797246,452.78286449560073
75-OKX-ETHUSDT-26JUN2026,75,OKX,ETH,ETHUSDT,2026-06-26,2026-04-17,24,0.02362421260406096,0.0237625961452959,,-0.005559436278750753,453.1057555726225
75-OKX-ETHUSDT-26JUN2026,75,OKX,ETH,ETHUSDT,2026-06-26,2026-04-18,24,0.024548008568774444,0.024379378730846876,,0.06026671055243107,473.8555746664608
75-OKX-ETHUSDT-26JUN2026,75,OKX,ETH,ETHUSDT,2026-06-26,2026-04-19,24,0.02363704234397146,0.024012670292618582,,-0.0888212882247495,479.9188702862273
75-OKX-ETHUSDT-26JUN2026,75,OKX,ETH,ETHUSDT,2026-06-26,2026-04-20,24,0.023163678307664203,0.022856828948562252,,0.004636568944716813,474.94777294907476
75-OKX-ETHUSDT-26JUN2026,75,OKX,ETH,ETHUSDT,2026-06-26,2026-04-21,24,0.023112513730851783,0.02272892901539586,,-0.03832953718826744,478.2676593468077
75-OKX-ETHUSDT-26JUN2026,75,OKX,ETH,ETHUSDT,2026-06-26,2026-04-22,24,0.02313170044715644,0.02340666400746139,,0.006716049804729064,477.93551209042135
75-OKX-ETHUSDT-26JUN2026,75,OKX,ETH,ETHUSDT,2026-06-26,2026-04-23,24,0.023163678307664203,0.023470619728476905,,-0.02993167716823381,477.8472909532015
75-OKX-ETHUSDT-26JUN2026,75,OKX,ETH,ETHUSDT,2026-06-26,2026-04-24,24,0.022907928951713744,0.023021158643820146,,-0.04206134489319712,486.32617219979244
75-OKX-ETHUSDT-26JUN2026,75,OKX,ETH,ETHUSDT,2026-06-26,2026-04-25,24,0.02275447933814347,0.022942434182230558,,0.0397671085297545,494.4699853375376
75-OKX-ETHUSDT-26JUN2026,75,OKX,ETH,ETHUSDT,2026-06-26,2026-04-26,24,0.02275447933814347,0.022907888672797378,,0.019660075178934065,495.9324853375376
75-OKX-ETHUSDT-26JUN2026,75,OKX,ETH,ETHUSDT,2026-06-26,2026-04-27,24,0.022219099023794056,0.021955241854707184,,-0.04570791586412413,549.9601394563487
75-OKX-ETHUSDT-26JUN2026,75,OKX,ETH,ETHUSDT,2026-06-26,2026-04-28,24,0.014351728276810674,0.01464342488804674,,-0.06535090618255775,784.9485398571343
75-OKX-ETHUSDT-26JUN2026,75,OKX,ETH,ETHUSDT,2026-06-26,2026-04-29,24,0.015263184186541004,0.015579377768830173,,0.04879947879398907,600.2047829394613
75-OKX-ETHUSDT-26JUN2026,75,OKX,ETH,ETHUSDT,2026-06-26,2026-04-30,24,0.016503075838652872,0.01688217232879297,,-0.013895344535222,531.07866794937
75-OKX-ETHUSDT-26JUN2026,75,OKX,ETH,ETHUSDT,2026-06-26,2026-05-01,24,0.016128433487139087,0.016136948842761272,,-0.04611982871181481,514.8332489604891
75-OKX-ETHUSDT-26JUN2026,75,OKX,ETH,ETHUSDT,2026-06-26,2026-05-02,24,0.015068331941026046,0.01513177172368372,,-0.023213972739267813,487.7658839790208
75-OKX-ETHUSDT-26JUN2026,75,OKX,ETH,ETHUSDT,2026-06-26,2026-05-03,24,0.015074653923147852,0.015315721725069594,,0.05271599418266232,487.75755064568756
75-OKX-ETHUSDT-26JUN2026,75,OKX,ETH,ETHUSDT,2026-06-26,2026-05-04,24,0.015188898200745789,0.01513810850743344,,0.039064169999476685,490.7700722059447
75-OKX-ETHUSDT-26JUN2026,75,OKX,ETH,ETHUSDT,2026-06-26,2026-05-05,24,0.01510849883952352,0.015264972438667751,,0.007358088662108376,496.5463653264591
75-OKX-ETHUSDT-26JUN2026,75,OKX,ETH,ETHUSDT,2026-06-26,2026-05-06,24,0.015785541709405316,0.01597446602706441,,0.06160416574567663,491.1122232988046
75-OKX-ETHUSDT-26JUN2026,75,OKX,ETH,ETHUSDT,2026-06-26,2026-05-07,24,0.01653060746645936,0.01656871386198476,,0.0397010359347615,482.7780204478354
75-OKX-ETHUSDT-26JUN2026,75,OKX,ETH,ETHUSDT,2026-06-26,2026-05-08,24,0.017997175914972387,0.0187652316172127,,0.06536664986701513,322.8010073890477
75-OKX-ETHUSDT-26JUN2026,75,OKX,ETH,ETHUSDT,2026-06-26,2026-05-09,24,0.018799442840686072,0.019559416413895733,,0.09403864473449125,351.1566659418856
75-OKX-ETHUSDT-26JUN2026,75,OKX,ETH,ETHUSDT,2026-06-26,2026-05-10,24,0.021423977938940603,0.021673257614966107,,0.08977533179332144,557.7922534425167
75-OKX-ETHUSDT-26JUN2026,75,OKX,ETH,ETHUSDT,2026-06-26,2026-05-11,24,0.022343362003105587,0.021941175742327568,,0.08403301276685175,578.5050665789349
75-OKX-ETHUSDT-26JUN2026,75,OKX,ETH,ETHUSDT,2026-06-26,2026-05-12,24,0.022294345916600844,0.022026034856927668,,0.06233758990238288,581.2137409045768
75-OKX-ETHUSDT-26JUN2026,75,OKX,ETH,ETHUSDT,2026-06-26,2026-05-13,24,0.02328343857282716,0.02336038137015162,,0.06671439033787813,627.987144779103
75-OKX-ETHUSDT-26JUN2026,75,OKX,ETH,ETHUSDT,2026-06-26,2026-05-14,24,0.025346702069573637,0.025614622101892165,,0.043812801874060316,645.7896079381667
75-OKX-ETHUSDT-26JUN2026,75,OKX,ETH,ETHUSDT,2026-06-26,2026-05-15,24,0.026301975426623384,0.026272421052607072,,0.061384241231906944,544.2545402084949
75-OKX-ETHUSDT-26JUN2026,75,OKX,ETH,ETHUSDT,2026-06-26,2026-05-16,24,0.026984137901621352,0.027196092912842123,,0.07019222247339256,557.3276039564375
75-OKX-ETHUSDT-26JUN2026,75,OKX,ETH,ETHUSDT,2026-06-26,2026-05-17,17,0.027312755395383477,0.028086500062859968,,0.046675517842482354,607.6241798961374
76-BINANCE-ETHUSDT-26JUN2026,76,Binance,ETH,ETHUSDT,2026-06-26,2026-03-10,17,0.030004902630540578,0.03004167235959494,0.029999999999999995,0.038234823529411766,8.073248214705883
76-BINANCE-ETHUSDT-26JUN2026,76,Binance,ETH,ETHUSDT,2026-06-26,2026-03-11,24,0.02333764721391157,0.02336545809224118,0.023329077898577504,0.0090666,373.8701755727912
76-BINANCE-ETHUSDT-26JUN2026,76,Binance,ETH,ETHUSDT,2026-06-26,2026-03-12,24,0.017272509839811347,0.017260850601507064,0.017272509839811347,-0.025034893750000006,640.1414775384405
76-BINANCE-ETHUSDT-26JUN2026,76,Binance,ETH,ETHUSDT,2026-06-26,2026-03-13,24,0.017632932095049864,0.017679068099024243,0.017619588783129022,0.014047025,664.344980878106
76-BINANCE-ETHUSDT-26JUN2026,76,Binance,ETH,ETHUSDT,2026-06-26,2026-03-14,24,0.016990825911310847,0.016941791608935105,0.016990825911310847,-0.01099790625,662.0880252631188
76-BINANCE-ETHUSDT-26JUN2026,76,Binance,ETH,ETHUSDT,2026-06-26,2026-03-15,24,0.017541646146795535,0.017380031970428856,0.017541646146795535,-0.00283559375,736.3141070405428
76-BINANCE-ETHUSDT-26JUN2026,76,Binance,ETH,ETHUSDT,2026-06-26,2026-03-16,24,0.021499194054743886,0.02140635771338363,0.021499194054743886,0.0884477125,828.5087226814194
76-BINANCE-ETHUSDT-26JUN2026,76,Binance,ETH,ETHUSDT,2026-06-26,2026-03-17,24,0.02086326200573845,0.02094100576822497,0.02086326200573845,0.025835612499999997,899.66791796772
76-BINANCE-ETHUSDT-26JUN2026,76,Binance,ETH,ETHUSDT,2026-06-26,2026-03-18,24,0.02095312461715222,0.02101747032353585,0.02095312461715222,0.005287937499999999,909.0444561496524
76-BINANCE-ETHUSDT-26JUN2026,76,Binance,ETH,ETHUSDT,2026-06-26,2026-03-19,24,0.020429966056281865,0.02042193083905522,0.020429966056281865,-0.00499365625,902.2933421738626
76-BINANCE-ETHUSDT-26JUN2026,76,Binance,ETH,ETHUSDT,2026-06-26,2026-03-20,24,0.017671104161922788,0.017670701094640456,0.017671104161922788,-0.04507658750000001,1116.3208166600484
76-BINANCE-ETHUSDT-26JUN2026,76,Binance,ETH,ETHUSDT,2026-06-26,2026-03-21,24,0.020063877553502064,0.020052418312071826,0.020063877553502064,0.01931260625,1095.7045582642804
76-BINANCE-ETHUSDT-26JUN2026,76,Binance,ETH,ETHUSDT,2026-06-26,2026-03-22,24,0.016330838902716298,0.016445797357390834,0.016330838902716298,-0.02242879375,1265.4392094086327
76-BINANCE-ETHUSDT-26JUN2026,76,Binance,ETH,ETHUSDT,2026-06-26,2026-03-23,24,0.015494355934398534,0.015467991847885694,0.015494355934398534,-0.006664899999999997,1337.822617186903
76-BINANCE-ETHUSDT-26JUN2026,76,Binance,ETH,ETHUSDT,2026-06-26,2026-03-24,24,0.01731384375612955,0.017293607367297122,0.01731384375612955,0.01247935,1330.0418491228659
76-BINANCE-ETHUSDT-26JUN2026,76,Binance,ETH,ETHUSDT,2026-06-26,2026-03-25,24,0.018306159614288667,0.018336523546682467,0.018308368125994245,-0.001832756250000001,1291.2137040682474
76-BINANCE-ETHUSDT-26JUN2026,76,Binance,ETH,ETHUSDT,2026-06-26,2026-03-26,24,0.018506324261519533,0.018587282550442372,0.018506324261519533,-0.007123431249999999,1303.5458178544184
76-BINANCE-ETHUSDT-26JUN2026,76,Binance,ETH,ETHUSDT,2026-06-26,2026-03-27,24,0.01605946306960208,0.016096152900698494,0.01605946306960208,-0.081174175,1446.106710981885
76-BINANCE-ETHUSDT-26JUN2026,76,Binance,ETH,ETHUSDT,2026-06-26,2026-03-28,24,0.014196093558748261,0.014209115429881613,0.014196093558748261,-0.055850931250000006,1480.9619019660634
76-BINANCE-ETHUSDT-26JUN2026,76,Binance,ETH,ETHUSDT,2026-06-26,2026-03-29,24,0.013937959198092256,0.013935498309715138,0.013916946225183302,-0.029504318749999998,1534.6748170541716
76-BINANCE-ETHUSDT-26JUN2026,76,Binance,ETH,ETHUSDT,2026-06-26,2026-03-30,24,0.011511558382711446,0.01148694911639087,0.011511558382711446,0.006277543749999999,1577.3779239295156
76-BINANCE-ETHUSDT-26JUN2026,76,Binance,ETH,ETHUSDT,2026-06-26,2026-03-31,24,0.013460153769623187,0.013357396846829758,0.013460153769623187,0.00612241875,1538.1251561996096
76-BINANCE-ETHUSDT-26JUN2026,76,Binance,ETH,ETHUSDT,2026-06-26,2026-04-01,24,0.01379975244970378,0.013713680218691791,0.01379975244970378,0.030219262499999996,1517.619447803403
76-BINANCE-ETHUSDT-26JUN2026,76,Binance,ETH,ETHUSDT,2026-06-26,2026-04-02,24,0.011318357969975115,0.011410680796179263,0.011318357969975115,-0.10273700625,1545.8169645008957
76-BINANCE-ETHUSDT-26JUN2026,76,Binance,ETH,ETHUSDT,2026-06-26,2026-04-03,24,0.010287881485881535,0.01045400525647146,0.010287881485881535,-0.01496363125,1559.0594590564954
76-BINANCE-ETHUSDT-26JUN2026,76,Binance,ETH,ETHUSDT,2026-06-26,2026-04-04,24,0.010369569159714367,0.01045400525647146,0.010369569159714367,0.01974056875,1557.6427923898289
76-BINANCE-ETHUSDT-26JUN2026,76,Binance,ETH,ETHUSDT,2026-06-26,2026-04-05,24,0.010270104764295513,0.010319308364339178,0.010270104764295513,-0.0023382812500000005,1560.5162782075386
76-BINANCE-ETHUSDT-26JUN2026,76,Binance,ETH,ETHUSDT,2026-06-26,2026-04-06,24,0.011394321792005386,0.011363904936669595,0.011394321792005386,0.03574581875,1498.334944646661
76-BINANCE-ETHUSDT-26JUN2026,76,Binance,ETH,ETHUSDT,2026-06-26,2026-04-07,24,0.011674433013868932,0.011667247531754835,0.011674433013868932,-0.020993887500000002,1487.9775023617624
76-BINANCE-ETHUSDT-26JUN2026,76,Binance,ETH,ETHUSDT,2026-06-26,2026-04-08,24,0.013753006725181224,0.013722379689721101,0.013753006725181224,0.07969775,1494.3172598314093
76-BINANCE-ETHUSDT-26JUN2026,76,Binance,ETH,ETHUSDT,2026-06-26,2026-04-09,24,0.015988230051551967,0.01584836667242522,0.015988230051551967,0.0158528625,1515.8949370864818
76-BINANCE-ETHUSDT-26JUN2026,76,Binance,ETH,ETHUSDT,2026-06-26,2026-04-10,24,0.01635277481771655,0.01635277481771655,0.01635277481771655,0.00503928125,1570.4707479740243
76-BINANCE-ETHUSDT-26JUN2026,76,Binance,ETH,ETHUSDT,2026-06-26,2026-04-11,24,0.013946633486327626,0.013912461092186626,0.013946633486327626,-0.062672325,1621.733839810379
76-BINANCE-ETHUSDT-26JUN2026,76,Binance,ETH,ETHUSDT,2026-06-26,2026-04-12,24,0.01342252734554917,0.013405394237263836,0.01342252734554917,-0.0018427937500000038,1633.39318729086
76-BINANCE-ETHUSDT-26JUN2026,76,Binance,ETH,ETHUSDT,2026-06-26,2026-04-13,24,0.01344881980791668,0.013443410771261507,0.01344881980791668,0.014580381250000002,1635.4717360495515
76-BINANCE-ETHUSDT-26JUN2026,76,Binance,ETH,ETHUSDT,2026-06-26,2026-04-14,24,0.01717507427034864,0.017175229889372826,0.01717507427034864,0.085521325,1678.7847798230634
76-BINANCE-ETHUSDT-26JUN2026,76,Binance,ETH,ETHUSDT,2026-06-26,2026-04-15,24,0.01691184605678792,0.016873831045981377,0.01691184605678792,0.015018381249999999,1652.743643580848
76-BINANCE-ETHUSDT-26JUN2026,76,Binance,ETH,ETHUSDT,2026-06-26,2026-04-16,24,0.015216978697578548,0.01519322547063272,0.015216978697578548,-0.03702331875,1597.4713982583091
76-BINANCE-ETHUSDT-26JUN2026,76,Binance,ETH,ETHUSDT,2026-06-26,2026-04-17,24,0.01469780121330476,0.0147067454512375,0.01469780121330476,0.01022228125,1562.5788769930307
76-BINANCE-ETHUSDT-26JUN2026,76,Binance,ETH,ETHUSDT,2026-06-26,2026-04-18,24,0.014156271858185868,0.014064414809860334,0.014156271858185868,-0.059698031250000005,1574.0853281634338
76-BINANCE-ETHUSDT-26JUN2026,76,Binance,ETH,ETHUSDT,2026-06-26,2026-04-19,24,0.012908351624448913,0.01283577942420034,0.012908351624448913,-0.1598773,1640.2399538643958
76-BINANCE-ETHUSDT-26JUN2026,76,Binance,ETH,ETHUSDT,2026-06-26,2026-04-20,24,0.012071985254556978,0.012274414833193711,0.012071985254556978,-0.016418612500000002,1785.3745885868336
76-BINANCE-ETHUSDT-26JUN2026,76,Binance,ETH,ETHUSDT,2026-06-26,2026-04-21,24,0.012071985254556978,0.012274414833193711,0.012071985254556978,-0.0409429625,1784.092203983313
76-BINANCE-ETHUSDT-26JUN2026,76,Binance,ETH,ETHUSDT,2026-06-26,2026-04-22,24,0.013696809797512241,0.013669712007253866,0.01371682812114444,0.05195729375,1744.9567106080376
76-BINANCE-ETHUSDT-26JUN2026,76,Binance,ETH,ETHUSDT,2026-06-26,2026-04-23,24,0.013020489784477333,0.013135832917243727,0.013020489784477333,0.0135734375,1937.2295584688381
76-BINANCE-ETHUSDT-26JUN2026,76,Binance,ETH,ETHUSDT,2026-06-26,2026-04-24,24,0.010863269039020856,0.010997875603143775,0.010863269039020856,-0.08031825,2075.7344644734376
76-BINANCE-ETHUSDT-26JUN2026,76,Binance,ETH,ETHUSDT,2026-06-26,2026-04-25,24,0.006554631583029862,0.006932689738629136,0.010021076091867542,-0.0435198625,2050.845088701429
76-BINANCE-ETHUSDT-26JUN2026,76,Binance,ETH,ETHUSDT,2026-06-26,2026-04-26,24,0.004658645666050454,0.004903555111281643,,-0.022274581249999998,2033.97530174041
76-BINANCE-ETHUSDT-26JUN2026,76,Binance,ETH,ETHUSDT,2026-06-26,2026-04-27,24,0.002089170573308752,0.002228464191372148,,-0.07847545625,2197.2968694156707
76-BINANCE-ETHUSDT-26JUN2026,76,Binance,ETH,ETHUSDT,2026-06-26,2026-04-28,24,-0.0009548911170059581,-0.0007585312085205314,,-0.10478876250000001,2163.197299376771
76-BINANCE-ETHUSDT-26JUN2026,76,Binance,ETH,ETHUSDT,2026-06-26,2026-04-29,24,0.005712266002940059,0.005531537765765822,0.011641147222911517,0.04268811875,2331.9436986068235
76-BINANCE-ETHUSDT-26JUN2026,76,Binance,ETH,ETHUSDT,2026-06-26,2026-04-30,24,0.0017846533928528013,0.0014770287820762829,,-0.06162158125,2119.3894891599707
76-BINANCE-ETHUSDT-26JUN2026,76,Binance,ETH,ETHUSDT,2026-06-26,2026-05-01,24,0.0007253242794169819,0.0007003263725156132,,-0.031777812499999995,2047.4646074322084
76-BINANCE-ETHUSDT-26JUN2026,76,Binance,ETH,ETHUSDT,2026-06-26,2026-05-02,24,0.0015136970314071066,0.0015092587102814158,,-0.01774584375,1988.5550052330875
76-BINANCE-ETHUSDT-26JUN2026,76,Binance,ETH,ETHUSDT,2026-06-26,2026-05-03,24,0.009041864217051719,0.008934989871544606,0.013345282682930688,0.03466450625,2162.4093556423595
76-BINANCE-ETHUSDT-26JUN2026,76,Binance,ETH,ETHUSDT,2026-06-26,2026-05-04,24,0.01373980419005986,0.013732399352119569,0.01373980419005986,0.05060177500000001,2349.4429999886047
76-BINANCE-ETHUSDT-26JUN2026,76,Binance,ETH,ETHUSDT,2026-06-26,2026-05-05,24,0.011352717594060169,0.011334435608302664,0.011352717594060169,-0.03685815625,2221.8179707497243
76-BINANCE-ETHUSDT-26JUN2026,76,Binance,ETH,ETHUSDT,2026-06-26,2026-05-06,24,0.010703015390869876,0.010702434111312208,0.010703015390869876,-0.0612387875,2223.7463927032454
76-BINANCE-ETHUSDT-26JUN2026,76,Binance,ETH,ETHUSDT,2026-06-26,2026-05-07,24,0.00611636106348216,0.006766243604636564,0.01068292327109752,-0.08393676875,2105.399576561164
76-BINANCE-ETHUSDT-26JUN2026,76,Binance,ETH,ETHUSDT,2026-06-26,2026-05-08,24,0.006149180453359489,0.006467858671342062,0.010049914580074619,-0.026627206249999997,2001.1523874741822
76-BINANCE-ETHUSDT-26JUN2026,76,Binance,ETH,ETHUSDT,2026-06-26,2026-05-09,24,0.011535776641452665,0.011490540197292974,0.011536313768056935,0.0648176125,2305.067067836812
76-BINANCE-ETHUSDT-26JUN2026,76,Binance,ETH,ETHUSDT,2026-06-26,2026-05-10,24,0.019965291635446414,0.01986486711179151,0.019905825597845078,0.09211778749999999,2703.2622634866243
76-BINANCE-ETHUSDT-26JUN2026,76,Binance,ETH,ETHUSDT,2026-06-26,2026-05-11,24,0.019790544778296514,0.01964004196413352,0.019663182160078015,0.04829999375,2573.407961431822
76-BINANCE-ETHUSDT-26JUN2026,76,Binance,ETH,ETHUSDT,2026-06-26,2026-05-12,24,0.019160791525455596,0.019155977346036426,0.019159301893181706,0.03115229375,2531.808736166455
76-BINANCE-ETHUSDT-26JUN2026,76,Binance,ETH,ETHUSDT,2026-06-26,2026-05-13,24,0.020237291586653796,0.02020567620250907,0.020237291586653796,0.026792368750000004,2562.9138239771514
76-BINANCE-ETHUSDT-26JUN2026,76,Binance,ETH,ETHUSDT,2026-06-26,2026-05-14,24,0.019901516744488618,0.01993000273944875,0.019905384888722625,0.05470939375,2654.8350658837785
76-BINANCE-ETHUSDT-26JUN2026,76,Binance,ETH,ETHUSDT,2026-06-26,2026-05-15,24,0.020702798314101347,0.020702798314101347,0.020702798314101347,0.005148781250000001,2751.02880960131
76-BINANCE-ETHUSDT-26JUN2026,76,Binance,ETH,ETHUSDT,2026-06-26,2026-05-16,24,0.02150902547128805,0.021511705812888277,0.02150902547128805,0.06361995625,2754.427658883249
76-BINANCE-ETHUSDT-26JUN2026,76,Binance,ETH,ETHUSDT,2026-06-26,2026-05-17,17,0.02304868975081397,0.022959025117682014,0.02304868975081397,0.0661096588235294,2803.0304098116444
77-HYPERLIQUID-xyzSILVER-27MAR2026,77,Hyperliquid,XAG,xyzSILVER,2026-03-27,2026-03-10,17,0.09995245574750855,0.10005220402916593,0.0999332921128401,0.008434797882352943,14224.311329708824
77-HYPERLIQUID-xyzSILVER-27MAR2026,77,Hyperliquid,XAG,xyzSILVER,2026-03-27,2026-03-11,24,0.10293108471657886,0.10293430243328622,0.10293108471657886,0.027806941,71565.09430120164
77-HYPERLIQUID-xyzSILVER-27MAR2026,77,Hyperliquid,XAG,xyzSILVER,2026-03-27,2026-03-12,24,0.08387039300923148,0.08392565771638423,0.08387039300923148,-0.0335152855,266014.2255780305
77-HYPERLIQUID-xyzSILVER-27MAR2026,77,Hyperliquid,XAG,xyzSILVER,2026-03-27,2026-03-13,24,0.07408176653269327,0.07403711308588702,0.07408176653269327,0.041858419,319790.7507323906
77-HYPERLIQUID-xyzSILVER-27MAR2026,77,Hyperliquid,XAG,xyzSILVER,2026-03-27,2026-03-14,24,0.09001654745780598,0.09003496392641246,0.09001654745780598,0.044363341,241679.2960235035
77-HYPERLIQUID-xyzSILVER-27MAR2026,77,Hyperliquid,XAG,xyzSILVER,2026-03-27,2026-03-15,24,0.08341159070993774,0.083558620660804,0.08341159070993774,-0.0243872195,331789.7388161884
77-HYPERLIQUID-xyzSILVER-27MAR2026,77,Hyperliquid,XAG,xyzSILVER,2026-03-27,2026-03-16,24,0.07288871348776003,0.07289010735799353,0.07288871348776003,0.0374802075,461196.0120066823
77-HYPERLIQUID-xyzSILVER-27MAR2026,77,Hyperliquid,XAG,xyzSILVER,2026-03-27,2026-03-17,24,0.07038696813255557,0.0703547607832635,0.07038696813255557,0.0687993975,475748.739785741
77-HYPERLIQUID-xyzSILVER-27MAR2026,77,Hyperliquid,XAG,xyzSILVER,2026-03-27,2026-03-18,24,0.0733047004513664,0.07247606163619931,0.0733047004513664,0.1298841915,453034.22253031214
77-HYPERLIQUID-xyzSILVER-27MAR2026,77,Hyperliquid,XAG,xyzSILVER,2026-03-27,2026-03-19,24,0.10994782927992201,0.10995050681375507,0.10994782927992201,0.2774006935,282667.7328672853
77-HYPERLIQUID-xyzSILVER-27MAR2026,77,Hyperliquid,XAG,xyzSILVER,2026-03-27,2026-03-20,24,0.10999055549804376,0.10990356922358972,0.10999055549804376,0.1576906215,332976.9991927897
77-HYPERLIQUID-xyzSILVER-27MAR2026,77,Hyperliquid,XAG,xyzSILVER,2026-03-27,2026-03-21,24,0.11136258099604533,0.11173786545435412,0.11136258099604533,0.057427129,312515.177341785
77-HYPERLIQUID-xyzSILVER-27MAR2026,77,Hyperliquid,XAG,xyzSILVER,2026-03-27,2026-03-22,24,0.09335819287761403,0.09345082918713972,0.09335819287761403,-0.0425986025,354214.5401196217
77-HYPERLIQUID-xyzSILVER-27MAR2026,77,Hyperliquid,XAG,xyzSILVER,2026-03-27,2026-03-23,24,0.0854567664883053,0.08570872796232637,0.08540336458629494,0.27622349549999997,277813.3642571676
77-HYPERLIQUID-xyzSILVER-27MAR2026,77,Hyperliquid,XAG,xyzSILVER,2026-03-27,2026-03-24,24,0.0893114562446131,0.08882277596296446,0.0893114562446131,0.0916536535,323701.8418614842
77-HYPERLIQUID-xyzSILVER-27MAR2026,77,Hyperliquid,XAG,xyzSILVER,2026-03-27,2026-03-25,24,0.07656615979018412,0.07639343358445981,0.07656615979018412,0.0812859015,249848.8560756559
77-HYPERLIQUID-xyzSILVER-27MAR2026,77,Hyperliquid,XAG,xyzSILVER,2026-03-27,2026-03-26,24,0.05141250843524258,0.05815689824379023,0.0795749652333401,0.051659070499999994,231472.25956353996
78-BINANCE-BTCUSDT-26JUN2026,78,Binance,BTC,BTCUSDT,2026-06-26,2026-03-10,17,0.0379531608787654,0.03796191086788172,0.03796568233929132,0.014174452941176469,0.1758000794117647
78-BINANCE-BTCUSDT-26JUN2026,78,Binance,BTC,BTCUSDT,2026-06-26,2026-03-11,24,0.028872070285378904,0.02911792457563726,0.02894019812763499,-0.0773170375,6.085587585457699
78-BINANCE-BTCUSDT-26JUN2026,78,Binance,BTC,BTCUSDT,2026-06-26,2026-03-12,24,0.023688899002668087,0.02374013269715118,0.023688899002668087,-0.07438836875,10.773658564447112
78-BINANCE-BTCUSDT-26JUN2026,78,Binance,BTC,BTCUSDT,2026-06-26,2026-03-13,24,0.021982743245273998,0.021988298715350647,0.021982743245273998,-2.5093749999999146e-05,12.219482998337568
78-BINANCE-BTCUSDT-26JUN2026,78,Binance,BTC,BTCUSDT,2026-06-26,2026-03-14,24,0.021043464886732977,0.021058286493663092,0.021043464886732977,-0.03172351875,12.009858587113952
78-BINANCE-BTCUSDT-26JUN2026,78,Binance,BTC,BTCUSDT,2026-06-26,2026-03-15,24,0.019155883069307305,0.01914624223018266,0.019155883069307305,-0.024176687500000002,13.045595401196481
78-BINANCE-BTCUSDT-26JUN2026,78,Binance,BTC,BTCUSDT,2026-06-26,2026-03-16,24,0.020762615240338837,0.020694512504455795,0.020762615240338837,0.042878375,15.586920584797182
78-BINANCE-BTCUSDT-26JUN2026,78,Binance,BTC,BTCUSDT,2026-06-26,2026-03-17,24,0.02161686666197334,0.02156625150515422,0.02161686666197334,-0.011368381249999998,17.571185314019417
78-BINANCE-BTCUSDT-26JUN2026,78,Binance,BTC,BTCUSDT,2026-06-26,2026-03-18,24,0.020307218757655517,0.020307218757655517,0.020307218757655517,-0.0343966875,18.432118879745094
78-BINANCE-BTCUSDT-26JUN2026,78,Binance,BTC,BTCUSDT,2026-06-26,2026-03-19,24,0.019996815279697856,0.019996815279697856,0.019996815279697856,-0.00959721875,18.528910177548187
78-BINANCE-BTCUSDT-26JUN2026,78,Binance,BTC,BTCUSDT,2026-06-26,2026-03-20,24,0.019996815279697856,0.019996815279697856,0.019996815279697856,0.004867275,18.52266017754819
78-BINANCE-BTCUSDT-26JUN2026,78,Binance,BTC,BTCUSDT,2026-06-26,2026-03-21,24,0.019996815279697856,0.019996815279697856,0.019996815279697856,-0.0047541250000000005,18.52266017754819
78-BINANCE-BTCUSDT-26JUN2026,78,Binance,BTC,BTCUSDT,2026-06-26,2026-03-22,24,0.019687117399609107,0.019686644751527236,0.019687117399609107,-0.0345463375,18.678781267309454
78-BINANCE-BTCUSDT-26JUN2026,78,Binance,BTC,BTCUSDT,2026-06-26,2026-03-23,24,0.019258417069822214,0.01925765597939916,0.019258417069822214,-0.02064668125,18.960456872630026
78-BINANCE-BTCUSDT-26JUN2026,78,Binance,BTC,BTCUSDT,2026-06-26,2026-03-24,24,0.019147030722899944,0.019215143173678423,0.019147030722899944,0.0386827,18.820910027874962
78-BINANCE-BTCUSDT-26JUN2026,78,Binance,BTC,BTCUSDT,2026-06-26,2026-03-25,24,0.019287436933708706,0.019257612665175932,0.019287436933708702,0.02882359375,18.79966375738482
78-BINANCE-BTCUSDT-26JUN2026,78,Binance,BTC,BTCUSDT,2026-06-26,2026-03-26,24,0.019482709549821967,0.019480811228128985,0.019482709549821967,0.009406050000000001,21.132886190180244
78-BINANCE-BTCUSDT-26JUN2026,78,Binance,BTC,BTCUSDT,2026-06-26,2026-03-27,24,0.01889798787725093,0.018884522434880684,0.019048568431690793,-0.0319256375,24.985140212241376
78-BINANCE-BTCUSDT-26JUN2026,78,Binance,BTC,BTCUSDT,2026-06-26,2026-03-28,24,0.012897831572538739,0.012899375286850654,0.012897831572538739,-0.060493275000000006,28.96597363869765
78-BINANCE-BTCUSDT-26JUN2026,78,Binance,BTC,BTCUSDT,2026-06-26,2026-03-29,24,0.013338594302109241,0.013338216757453154,0.013338594302109241,-0.0050050625,28.305712627019194
78-BINANCE-BTCUSDT-26JUN2026,78,Binance,BTC,BTCUSDT,2026-06-26,2026-03-30,24,0.015705025513664834,0.015682292037673056,0.015705025513664834,0.006533043749999999,26.437365191316555
78-BINANCE-BTCUSDT-26JUN2026,78,Binance,BTC,BTCUSDT,2026-06-26,2026-03-31,24,0.015899690110198872,0.015894525695257723,0.015899690110198872,-0.01506674375,26.666650607265513
78-BINANCE-BTCUSDT-26JUN2026,78,Binance,BTC,BTCUSDT,2026-06-26,2026-04-01,24,0.01582349382418189,0.01582349382418189,0.01582349382418189,-0.013689325,26.922567282064776
78-BINANCE-BTCUSDT-26JUN2026,78,Binance,BTC,BTCUSDT,2026-06-26,2026-04-02,24,0.01578963558044386,0.01582349382418189,0.01578963558044386,-0.0074282062500000004,30.780900615398107
78-BINANCE-BTCUSDT-26JUN2026,78,Binance,BTC,BTCUSDT,2026-06-26,2026-04-03,24,0.015721919092967798,0.01582349382418189,0.015721919092967798,-0.00747383125,32.0309006153981
78-BINANCE-BTCUSDT-26JUN2026,78,Binance,BTC,BTCUSDT,2026-06-26,2026-04-04,24,0.015721919092967798,0.01582349382418189,0.015721919092967798,0.034180425,32.0309006153981
78-BINANCE-BTCUSDT-26JUN2026,78,Binance,BTC,BTCUSDT,2026-06-26,2026-04-05,24,0.01567113680571643,0.015721924171323478,0.01567113680571643,0.029485612499999998,31.939836455473465
78-BINANCE-BTCUSDT-26JUN2026,78,Binance,BTC,BTCUSDT,2026-06-26,2026-04-06,24,0.0170263782043158,0.017000984521427634,0.0170263782043158,0.0482648625,31.72448133224565
78-BINANCE-BTCUSDT-26JUN2026,78,Binance,BTC,BTCUSDT,2026-06-26,2026-04-07,24,0.017662193737185854,0.017660214026143612,0.017662193737185854,0.0361705875,31.806560395375072
78-BINANCE-BTCUSDT-26JUN2026,78,Binance,BTC,BTCUSDT,2026-06-26,2026-04-08,24,0.019588908338001504,0.019588908338001504,0.019588908338001504,0.043979306249999996,31.414257191742223
78-BINANCE-BTCUSDT-26JUN2026,78,Binance,BTC,BTCUSDT,2026-06-26,2026-04-09,24,0.019189857010794866,0.01921086126831495,0.019189857010794866,0.014089912500000001,31.746797553643578
78-BINANCE-BTCUSDT-26JUN2026,78,Binance,BTC,BTCUSDT,2026-06-26,2026-04-10,24,0.019422430093223014,0.019414819781710026,0.019422430093223014,0.0025810062499999997,33.98167213012865
78-BINANCE-BTCUSDT-26JUN2026,78,Binance,BTC,BTCUSDT,2026-06-26,2026-04-11,24,0.01999689956470189,0.019996815279697856,0.01999689956470189,-0.0711458,40.60643769545102
78-BINANCE-BTCUSDT-26JUN2026,78,Binance,BTC,BTCUSDT,2026-06-26,2026-04-12,24,0.019105233445990757,0.01910478645560881,0.019105233445990757,-0.047214575,42.72277102878436
78-BINANCE-BTCUSDT-26JUN2026,78,Binance,BTC,BTCUSDT,2026-06-26,2026-04-13,24,0.018914912167858067,0.018917737595282577,0.018914912167858067,-0.0189498875,42.942611983417386
78-BINANCE-BTCUSDT-26JUN2026,78,Binance,BTC,BTCUSDT,2026-06-26,2026-04-14,24,0.018573410848081704,0.01840865586469635,0.018573410848081704,-0.03057924375,42.17925143332405
78-BINANCE-BTCUSDT-26JUN2026,78,Binance,BTC,BTCUSDT,2026-06-26,2026-04-15,24,0.018184518995671237,0.018349197057225826,0.018184518995671237,-0.07777921875,41.19049369000614
78-BINANCE-BTCUSDT-26JUN2026,78,Binance,BTC,BTCUSDT,2026-06-26,2026-04-16,24,0.017708685869778945,0.017670715432845922,0.017708685869778945,-0.033214087499999996,39.818850346136095
78-BINANCE-BTCUSDT-26JUN2026,78,Binance,BTC,BTCUSDT,2026-06-26,2026-04-17,24,0.017359979954445316,0.01736297868467708,0.017359979954445316,-0.013287824999999998,36.889291209023604
78-BINANCE-BTCUSDT-26JUN2026,78,Binance,BTC,BTCUSDT,2026-06-26,2026-04-18,24,0.017408559962090776,0.017450081838955234,0.017408559962090776,-0.07497601875,36.97141674616804
78-BINANCE-BTCUSDT-26JUN2026,78,Binance,BTC,BTCUSDT,2026-06-26,2026-04-19,24,0.01717092195333293,0.017272057531425817,0.017174202038838727,-0.0982899375,38.84704297573047
78-BINANCE-BTCUSDT-26JUN2026,78,Binance,BTC,BTCUSDT,2026-06-26,2026-04-20,24,0.016463644613942317,0.0164444769272153,0.016481176836626525,-0.048652218750000004,39.37159014927192
78-BINANCE-BTCUSDT-26JUN2026,78,Binance,BTC,BTCUSDT,2026-06-26,2026-04-21,24,0.015239809360441767,0.015286134260265849,0.01525673255832414,-0.06502794375,41.24589768448278
78-BINANCE-BTCUSDT-26JUN2026,78,Binance,BTC,BTCUSDT,2026-06-26,2026-04-22,24,0.01543418411024622,0.01548496216612693,0.015696529218804083,0.0005014187500000007,41.10528049134904
78-BINANCE-BTCUSDT-26JUN2026,78,Binance,BTC,BTCUSDT,2026-06-26,2026-04-23,24,0.015714063526598872,0.015603434705983856,0.015722526817986773,-0.06342103125,41.16587317214285
78-BINANCE-BTCUSDT-26JUN2026,78,Binance,BTC,BTCUSDT,2026-06-26,2026-04-24,24,0.014732160989169294,0.014842159369286338,0.014823981155208716,-0.055804849999999996,42.67373409709099
78-BINANCE-BTCUSDT-26JUN2026,78,Binance,BTC,BTCUSDT,2026-06-26,2026-04-25,24,0.012101156229203663,0.012174503465388927,0.01218077554740446,-0.04632808124999999,46.08000704548075
78-BINANCE-BTCUSDT-26JUN2026,78,Binance,BTC,BTCUSDT,2026-06-26,2026-04-26,24,0.010522676504436994,0.01045400525647146,0.01055814329411627,-0.0005392875000000001,48.17892550790435
78-BINANCE-BTCUSDT-26JUN2026,78,Binance,BTC,BTCUSDT,2026-06-26,2026-04-27,24,0.011183254525688281,0.011203893960912875,0.011183254525688281,-0.04874164375,46.761599475827616
78-BINANCE-BTCUSDT-26JUN2026,78,Binance,BTC,BTCUSDT,2026-06-26,2026-04-28,24,0.011265981180377922,0.011262841082822148,0.011265981180377922,-0.011964700000000002,46.392501977665766
78-BINANCE-BTCUSDT-26JUN2026,78,Binance,BTC,BTCUSDT,2026-06-26,2026-04-29,24,0.011761976476487648,0.011878047587214306,0.011761976476487648,0.00819379375,44.772984784668914
78-BINANCE-BTCUSDT-26JUN2026,78,Binance,BTC,BTCUSDT,2026-06-26,2026-04-30,24,0.010098020793136455,0.010138771814454427,0.010779394329548529,-0.02975343125,46.621034108412864
78-BINANCE-BTCUSDT-26JUN2026,78,Binance,BTC,BTCUSDT,2026-06-26,2026-05-01,24,0.010034089659585743,0.00996603934723136,0.010675341767567669,-0.031642306249999995,45.78275131409862
78-BINANCE-BTCUSDT-26JUN2026,78,Binance,BTC,BTCUSDT,2026-06-26,2026-05-02,24,0.010050449180008419,0.010045989575709619,0.010436653582134572,-0.03117236875,46.023556820647116
78-BINANCE-BTCUSDT-26JUN2026,78,Binance,BTC,BTCUSDT,2026-06-26,2026-05-03,24,0.008632812014007871,0.008716792836036316,0.010000000000999999,0.00434213125,46.587230846020596
78-BINANCE-BTCUSDT-26JUN2026,78,Binance,BTC,BTCUSDT,2026-06-26,2026-05-04,24,0.010230944738140683,0.010184597161019944,0.010230944738140683,0.0053613937499999995,46.30385289837182
78-BINANCE-BTCUSDT-26JUN2026,78,Binance,BTC,BTCUSDT,2026-06-26,2026-05-05,24,0.009553849461174805,0.009511817217544976,0.010191329817092478,-0.0460411,46.59177186373696
78-BINANCE-BTCUSDT-26JUN2026,78,Binance,BTC,BTCUSDT,2026-06-26,2026-05-06,24,0.007370730401049006,0.0073140362165096985,,-0.071611175,47.17039601503032
78-BINANCE-BTCUSDT-26JUN2026,78,Binance,BTC,BTCUSDT,2026-06-26,2026-05-07,24,0.007681823769348766,0.007612539979665282,,-0.04938723750000001,46.50473929031176
78-BINANCE-BTCUSDT-26JUN2026,78,Binance,BTC,BTCUSDT,2026-06-26,2026-05-08,24,0.010182055827101051,0.01016804748146781,0.010633046263984914,-0.024517050000000002,47.22590963957427
78-BINANCE-BTCUSDT-26JUN2026,78,Binance,BTC,BTCUSDT,2026-06-26,2026-05-09,24,0.010656125111549135,0.01066463084185071,0.010656125111549135,0.003816531249999998,47.105333126991106
78-BINANCE-BTCUSDT-26JUN2026,78,Binance,BTC,BTCUSDT,2026-06-26,2026-05-10,24,0.011240991908906527,0.011229042962190532,0.011240991908906527,0.03728520625,42.60356877432128
78-BINANCE-BTCUSDT-26JUN2026,78,Binance,BTC,BTCUSDT,2026-06-26,2026-05-11,24,0.011734695387105629,0.011785281278840022,0.011734695387105629,0.04780085625,42.041317629617964
78-BINANCE-BTCUSDT-26JUN2026,78,Binance,BTC,BTCUSDT,2026-06-26,2026-05-12,24,0.01163353793601108,0.011614431049903331,0.01163353793601108,0.03440353125,42.273356507773926
78-BINANCE-BTCUSDT-26JUN2026,78,Binance,BTC,BTCUSDT,2026-06-26,2026-05-13,24,0.015237936644325578,0.015195436179852306,0.015237936644325578,0.04767675625,68.6721663299129
78-BINANCE-BTCUSDT-26JUN2026,78,Binance,BTC,BTCUSDT,2026-06-26,2026-05-14,24,0.021950969868756217,0.022026898022891383,0.022027797359352452,0.03889759375,113.0542430804739
78-BINANCE-BTCUSDT-26JUN2026,78,Binance,BTC,BTCUSDT,2026-06-26,2026-05-15,24,0.023283355733451847,0.023206612615209305,0.023283355733451847,-0.0155699875,121.60327924178608
78-BINANCE-BTCUSDT-26JUN2026,78,Binance,BTC,BTCUSDT,2026-06-26,2026-05-16,24,0.024528976436908326,0.024494576642625318,0.024528976436908326,0.030138506250000002,121.04805313114834
78-BINANCE-BTCUSDT-26JUN2026,78,Binance,BTC,BTCUSDT,2026-06-26,2026-05-17,17,0.024528976436908326,0.024494576642625318,0.024528976436908326,0.030053885294117646,121.04805313114834
79-HYPERLIQUID-xyzBRENTOIL-27MAR2026,79,Hyperliquid,BRENTOIL,xyzBRENTOIL,2026-03-27,2026-03-10,8,0.11004148676193103,0.11004148676193103,,-0.749481291,0.0
79-HYPERLIQUID-xyzBRENTOIL-27MAR2026,79,Hyperliquid,BRENTOIL,xyzBRENTOIL,2026-03-27,2026-03-11,24,0.10229837501294321,0.10064923070446484,,-0.323167496,326022.46752904786
79-HYPERLIQUID-xyzBRENTOIL-27MAR2026,79,Hyperliquid,BRENTOIL,xyzBRENTOIL,2026-03-27,2026-03-12,24,0.05256466369707433,0.04980704375078402,,-0.850345829,315063.6591130672
79-HYPERLIQUID-xyzBRENTOIL-27MAR2026,79,Hyperliquid,BRENTOIL,xyzBRENTOIL,2026-03-27,2026-03-13,24,0.10247460342325604,0.10371428674698735,,0.4776888955,195732.367980988
79-HYPERLIQUID-xyzBRENTOIL-27MAR2026,79,Hyperliquid,BRENTOIL,xyzBRENTOIL,2026-03-27,2026-03-14,24,0.20459840099041182,0.20706582731924517,,1.5174676074999998,336234.213863658
79-HYPERLIQUID-xyzBRENTOIL-27MAR2026,79,Hyperliquid,BRENTOIL,xyzBRENTOIL,2026-03-27,2026-03-15,24,0.1541636174178061,0.15643059555370056,,-0.3027548345,314315.01778197597
79-HYPERLIQUID-xyzBRENTOIL-27MAR2026,79,Hyperliquid,BRENTOIL,xyzBRENTOIL,2026-03-27,2026-03-16,24,0.16375496947253174,0.16405314406831575,,0.8028280485,340504.3906986445
79-HYPERLIQUID-xyzBRENTOIL-27MAR2026,79,Hyperliquid,BRENTOIL,xyzBRENTOIL,2026-03-27,2026-03-17,24,0.13219411376553616,0.12917404653451373,,0.132408787,341814.5304943471
79-HYPERLIQUID-xyzBRENTOIL-27MAR2026,79,Hyperliquid,BRENTOIL,xyzBRENTOIL,2026-03-27,2026-03-18,24,0.1310848678993693,0.1314359887478138,,0.1609278065,338652.7153143181
79-HYPERLIQUID-xyzBRENTOIL-27MAR2026,79,Hyperliquid,BRENTOIL,xyzBRENTOIL,2026-03-27,2026-03-19,24,0.1704864507042758,0.17687933124217425,,0.716003418,492183.05927603034
79-HYPERLIQUID-xyzBRENTOIL-27MAR2026,79,Hyperliquid,BRENTOIL,xyzBRENTOIL,2026-03-27,2026-03-20,24,0.16040250145548798,0.1613296446445696,,0.061968568500000015,519930.96337136254
79-HYPERLIQUID-xyzBRENTOIL-27MAR2026,79,Hyperliquid,BRENTOIL,xyzBRENTOIL,2026-03-27,2026-03-21,24,0.10318425199616792,0.09551021330825482,,-0.289028462,421174.8895495795
79-HYPERLIQUID-xyzBRENTOIL-27MAR2026,79,Hyperliquid,BRENTOIL,xyzBRENTOIL,2026-03-27,2026-03-22,24,0.18266461825564395,0.18395282726364556,,1.4088344095,389510.23970471084
79-HYPERLIQUID-xyzBRENTOIL-27MAR2026,79,Hyperliquid,BRENTOIL,xyzBRENTOIL,2026-03-27,2026-03-23,24,0.17361625363133962,0.19077431774382644,,0.290867843,380613.53361193213
79-HYPERLIQUID-xyzBRENTOIL-27MAR2026,79,Hyperliquid,BRENTOIL,xyzBRENTOIL,2026-03-27,2026-03-24,24,0.04788288807453178,0.06738026163285887,,0.047817117,390496.1639847393
79-HYPERLIQUID-xyzBRENTOIL-27MAR2026,79,Hyperliquid,BRENTOIL,xyzBRENTOIL,2026-03-27,2026-03-25,24,0.06603407841211116,0.06860722207633105,,0.056893791,361864.62566228095
79-HYPERLIQUID-xyzBRENTOIL-27MAR2026,79,Hyperliquid,BRENTOIL,xyzBRENTOIL,2026-03-27,2026-03-26,24,-0.017124393226970177,-0.011296396670671628,,-0.1847497505,382206.7783367934
8-BINANCE-BTCUSDT-31OCT2025,8,Binance,BTC,BTCUSDT,2025-10-31,2025-09-16,19,0.07001116738417468,0.07004243605986377,0.07,0.0583416,1.4736842105263157
8-BINANCE-BTCUSDT-31OCT2025,8,Binance,BTC,BTCUSDT,2025-10-31,2025-09-17,24,0.06996502991389725,0.07004243605986377,0.07,0.07934050625,2.0
8-BINANCE-BTCUSDT-31OCT2025,8,Binance,BTC,BTCUSDT,2025-10-31,2025-09-18,24,0.06993543984104106,0.07004243605986377,0.07,0.06693689375,2.0
8-BINANCE-BTCUSDT-31OCT2025,8,Binance,BTC,BTCUSDT,2025-10-31,2025-09-19,24,0.06823861010282815,0.06832480826939163,0.06816657725286171,0.025586499999999998,11.67884424749513
8-BINANCE-BTCUSDT-31OCT2025,8,Binance,BTC,BTCUSDT,2025-10-31,2025-09-20,24,0.06527564668164061,0.06517384734733901,0.06515611156554928,0.012803287500000001,21.089730610320924
8-BINANCE-BTCUSDT-31OCT2025,8,Binance,BTC,BTCUSDT,2025-10-31,2025-09-21,24,0.061640376994359036,0.06205578457227386,0.06202967977796234,0.0014216750000000007,25.982564684811976
8-BINANCE-BTCUSDT-31OCT2025,8,Binance,BTC,BTCUSDT,2025-10-31,2025-09-22,24,0.06222887398309756,0.06226872256181793,0.06245038468587602,0.04784785,23.6214246642474
8-BINANCE-BTCUSDT-31OCT2025,8,Binance,BTC,BTCUSDT,2025-10-31,2025-09-23,24,0.06539457330488878,0.06537681299212873,0.06552319123989497,0.07771945000000001,20.97974325659153
8-BINANCE-BTCUSDT-31OCT2025,8,Binance,BTC,BTCUSDT,2025-10-31,2025-09-24,24,0.06717754261530877,0.06717063144344015,0.06717309690464575,0.06303915,22.574255561898028
8-BINANCE-BTCUSDT-31OCT2025,8,Binance,BTC,BTCUSDT,2025-10-31,2025-09-25,24,0.06755217378271945,0.06702066107935452,0.06755217378271945,0.0382729875,22.379160226232838
8-BINANCE-BTCUSDT-31OCT2025,8,Binance,BTC,BTCUSDT,2025-10-31,2025-09-26,24,0.07067571774332444,0.07067571774332444,0.07066902632035375,0.056390675,20.552621318106073
8-BINANCE-BTCUSDT-31OCT2025,8,Binance,BTC,BTCUSDT,2025-10-31,2025-09-27,24,0.06794128181720802,0.06785668384052791,0.06774527337343379,0.04096349375,27.488684651326896
8-BINANCE-BTCUSDT-31OCT2025,8,Binance,BTC,BTCUSDT,2025-10-31,2025-09-28,24,0.06601962568911453,0.06601962568911453,0.06601962568911453,0.050629150000000005,29.455489959472775
8-BINANCE-BTCUSDT-31OCT2025,8,Binance,BTC,BTCUSDT,2025-10-31,2025-09-29,24,0.06502484618866765,0.06503405549547799,0.06502484618866765,0.015700931249999998,29.670350215743387
8-BINANCE-BTCUSDT-31OCT2025,8,Binance,BTC,BTCUSDT,2025-10-31,2025-09-30,24,0.06490979546031313,0.06488317715211633,0.06490979546031313,0.03836515,28.01049717214872
8-BINANCE-BTCUSDT-31OCT2025,8,Binance,BTC,BTCUSDT,2025-10-31,2025-10-01,24,0.06598834242715158,0.06599070250562945,0.06598834242715158,0.057980250000000004,30.636784384326262
8-BINANCE-BTCUSDT-31OCT2025,8,Binance,BTC,BTCUSDT,2025-10-31,2025-10-02,24,0.06930644789342114,0.06930283516339175,0.06930644789342114,0.09995205624999999,36.91010279726694
8-BINANCE-BTCUSDT-31OCT2025,8,Binance,BTC,BTCUSDT,2025-10-31,2025-10-03,24,0.0722812904183186,0.07227635103615175,0.0722812904183186,0.10902139374999999,41.111894547724354
8-BINANCE-BTCUSDT-31OCT2025,8,Binance,BTC,BTCUSDT,2025-10-31,2025-10-04,24,0.07586752865922058,0.07586465969109998,0.07586752865922058,0.10410894999999999,47.55301685938872
8-BINANCE-BTCUSDT-31OCT2025,8,Binance,BTC,BTCUSDT,2025-10-31,2025-10-05,24,0.0783480598426688,0.07838316432615902,0.07835665701729784,0.10240896249999999,53.20126045713848
8-BINANCE-BTCUSDT-31OCT2025,8,Binance,BTC,BTCUSDT,2025-10-31,2025-10-06,24,0.0757737303606135,0.07577783695872076,0.07572912274540526,0.08642424375,58.9405037653313
8-BINANCE-BTCUSDT-31OCT2025,8,Binance,BTC,BTCUSDT,2025-10-31,2025-10-07,24,0.0772674953181198,0.07715685918747107,0.07718682883967519,0.09036168124999999,57.2553740563099
8-BINANCE-BTCUSDT-31OCT2025,8,Binance,BTC,BTCUSDT,2025-10-31,2025-10-08,24,0.07636967961947976,0.07636091501535824,0.07636967961947976,0.06583778750000001,48.99860258291375
8-BINANCE-BTCUSDT-31OCT2025,8,Binance,BTC,BTCUSDT,2025-10-31,2025-10-09,24,0.07630312711059817,0.07619257027780187,0.07615996394355379,0.03154193125,49.6755171352245
8-BINANCE-BTCUSDT-31OCT2025,8,Binance,BTC,BTCUSDT,2025-10-31,2025-10-10,24,0.06949340103478244,0.06942491679004344,0.0696047847058147,0.0209227125,47.777154297190926
8-BINANCE-BTCUSDT-31OCT2025,8,Binance,BTC,BTCUSDT,2025-10-31,2025-10-11,24,0.07046565131364763,0.07037835706410586,0.07054920018546201,0.0749536625,42.66343323663479
8-BINANCE-BTCUSDT-31OCT2025,8,Binance,BTC,BTCUSDT,2025-10-31,2025-10-12,24,0.06319233578799711,0.06302831242206294,0.06296626731157776,-0.0353402125,70.1907874997412
8-BINANCE-BTCUSDT-31OCT2025,8,Binance,BTC,BTCUSDT,2025-10-31,2025-10-13,24,0.057742051579312344,0.05753526640705694,0.0575717861725445,-0.0175355125,77.2670056857833
8-BINANCE-BTCUSDT-31OCT2025,8,Binance,BTC,BTCUSDT,2025-10-31,2025-10-14,24,0.054946942483258356,0.054830397556012433,0.054850662680747085,-0.027567993750000002,80.26965982216122
8-BINANCE-BTCUSDT-31OCT2025,8,Binance,BTC,BTCUSDT,2025-10-31,2025-10-15,24,0.054030312629021617,0.05394827976738681,0.05397353454587617,-0.006633418750000001,81.05315516667791
8-BINANCE-BTCUSDT-31OCT2025,8,Binance,BTC,BTCUSDT,2025-10-31,2025-10-16,24,0.051159898229171864,0.0515720613929927,0.05138352126061783,-0.02763551875,76.69271746290552
8-BINANCE-BTCUSDT-31OCT2025,8,Binance,BTC,BTCUSDT,2025-10-31,2025-10-17,24,0.04778479177812917,0.04779883904885763,0.04780655186730076,-0.00565430625,90.73908744686644
8-BINANCE-BTCUSDT-31OCT2025,8,Binance,BTC,BTCUSDT,2025-10-31,2025-10-18,24,0.03821435943625607,0.03825787846005477,0.03819277055581396,-0.0527507125,115.72883832643794
8-BINANCE-BTCUSDT-31OCT2025,8,Binance,BTC,BTCUSDT,2025-10-31,2025-10-19,24,0.03724075336068042,0.0372896540167325,0.03725075909611725,0.007590175,127.66333531472397
8-BINANCE-BTCUSDT-31OCT2025,8,Binance,BTC,BTCUSDT,2025-10-31,2025-10-20,24,0.040415259935224324,0.04050688691893533,0.040468360767421656,-0.00923221875,121.51567507333516
8-BINANCE-BTCUSDT-31OCT2025,8,Binance,BTC,BTCUSDT,2025-10-31,2025-10-21,24,0.036300015882034874,0.03636262996625081,0.036537500465422305,-0.020221,134.74893859874115
8-BINANCE-BTCUSDT-31OCT2025,8,Binance,BTC,BTCUSDT,2025-10-31,2025-10-22,24,0.03790087287497142,0.038047045905425146,0.03819374687772945,0.01061785,127.04118304541466
8-BINANCE-BTCUSDT-31OCT2025,8,Binance,BTC,BTCUSDT,2025-10-31,2025-10-23,24,0.04729846492095516,0.047331641428527416,0.04740356282812192,0.057444156249999996,113.7918757617661
8-BINANCE-BTCUSDT-31OCT2025,8,Binance,BTC,BTCUSDT,2025-10-31,2025-10-24,24,0.050049825089003,0.050010960720584745,0.05002017658830127,0.030976181250000002,96.26058526055816
8-BINANCE-BTCUSDT-31OCT2025,8,Binance,BTC,BTCUSDT,2025-10-31,2025-10-25,24,0.050960874943948166,0.05083647612246059,0.050960874943948166,0.042999737499999996,108.59373965849875
8-BINANCE-BTCUSDT-31OCT2025,8,Binance,BTC,BTCUSDT,2025-10-31,2025-10-26,24,0.05113515913997465,0.0510272693127336,0.051104390685155036,0.033489662499999996,116.49021527137711
8-BINANCE-BTCUSDT-31OCT2025,8,Binance,BTC,BTCUSDT,2025-10-31,2025-10-27,24,0.06847820284276583,0.06831963031083435,0.06843070265333441,0.0994771,110.6222495923028
8-BINANCE-BTCUSDT-31OCT2025,8,Binance,BTC,BTCUSDT,2025-10-31,2025-10-28,24,0.06524403443697531,0.06511463504618374,0.06521053229989414,0.0634954,127.21438103933617
8-BINANCE-BTCUSDT-31OCT2025,8,Binance,BTC,BTCUSDT,2025-10-31,2025-10-29,24,0.04806981667402573,0.04833356840931257,0.04821737618861932,0.03032283125,150.5275056045218
8-BINANCE-BTCUSDT-31OCT2025,8,Binance,BTC,BTCUSDT,2025-10-31,2025-10-30,24,0.04657125659068812,0.04708231057170743,0.04707936881508327,0.030251656249999998,146.1745611587868
80-HYPERLIQUID-SOL-24APR2026,80,Hyperliquid,SOL,SOL,2026-04-24,2026-03-17,20,-0.04233062221810606,-0.04195522539160982,,-0.045946539450000004,0.0
80-HYPERLIQUID-SOL-24APR2026,80,Hyperliquid,SOL,SOL,2026-04-24,2026-03-18,24,-0.045331382645432204,-0.04519409203969429,,-0.10778209100000001,54386.20587035824
80-HYPERLIQUID-SOL-24APR2026,80,Hyperliquid,SOL,SOL,2026-04-24,2026-03-19,24,-0.04373343075418449,-0.04321290516400591,,-0.05718893,213762.2078350764
80-HYPERLIQUID-SOL-24APR2026,80,Hyperliquid,SOL,SOL,2026-04-24,2026-03-20,24,-0.04246326247038659,-0.042454117423644015,,-0.1032828455,259196.005136437
80-HYPERLIQUID-SOL-24APR2026,80,Hyperliquid,SOL,SOL,2026-04-24,2026-03-21,24,-0.04602055186414159,-0.04562654525641141,,-0.052197409,290443.5485548901
80-HYPERLIQUID-SOL-24APR2026,80,Hyperliquid,SOL,SOL,2026-04-24,2026-03-22,24,-0.051342595082351894,-0.050843596723363305,,-0.25561461,300347.31373844127
80-HYPERLIQUID-SOL-24APR2026,80,Hyperliquid,SOL,SOL,2026-04-24,2026-03-23,24,-0.053986363471458305,-0.054025963812356144,,-0.09614687649999999,416591.6260791854
80-HYPERLIQUID-SOL-24APR2026,80,Hyperliquid,SOL,SOL,2026-04-24,2026-03-24,24,-0.05889487339616006,-0.058958909034479944,,-0.0366087335,529059.9161529276
80-HYPERLIQUID-SOL-24APR2026,80,Hyperliquid,SOL,SOL,2026-04-24,2026-03-25,24,-0.05162053727791339,-0.05175225778373307,,0.031016167,729201.6039291852
80-HYPERLIQUID-SOL-24APR2026,80,Hyperliquid,SOL,SOL,2026-04-24,2026-03-26,24,-0.05644980068115953,-0.05619463412427767,,-0.20276012799999998,723312.8680139672
80-HYPERLIQUID-SOL-24APR2026,80,Hyperliquid,SOL,SOL,2026-04-24,2026-03-27,24,-0.06812117440448207,-0.06822935578700125,,-0.3652574345,835215.8983120243
80-HYPERLIQUID-SOL-24APR2026,80,Hyperliquid,SOL,SOL,2026-04-24,2026-03-28,24,-0.0805348244714091,-0.07987510980389613,,-0.20520383949999998,1219796.52896832
80-HYPERLIQUID-SOL-24APR2026,80,Hyperliquid,SOL,SOL,2026-04-24,2026-03-29,24,-0.09443878110433412,-0.09423562393407976,,-0.297905773,1910619.628826393
80-HYPERLIQUID-SOL-24APR2026,80,Hyperliquid,SOL,SOL,2026-04-24,2026-03-30,24,-0.09297134299684384,-0.09224056841422035,,-0.130995361,2889227.9538153564
80-HYPERLIQUID-SOL-24APR2026,80,Hyperliquid,SOL,SOL,2026-04-24,2026-03-31,24,-0.09303387575197762,-0.09269673136061085,,-0.0578061085,3680751.4961684514
80-HYPERLIQUID-SOL-24APR2026,80,Hyperliquid,SOL,SOL,2026-04-24,2026-04-01,24,-0.08979426245284737,-0.09032850432132529,,-0.045744172500000006,3127323.2186474223
80-HYPERLIQUID-SOL-24APR2026,80,Hyperliquid,SOL,SOL,2026-04-24,2026-04-02,24,-0.09028572004711716,-0.09004800948042013,,-0.028192198499999998,3320235.1280544386
80-HYPERLIQUID-SOL-24APR2026,80,Hyperliquid,SOL,SOL,2026-04-24,2026-04-03,24,-0.07702380435259236,-0.07711865067449239,,0.012514098,3289611.4576841965
80-HYPERLIQUID-SOL-24APR2026,80,Hyperliquid,SOL,SOL,2026-04-24,2026-04-04,24,-0.0656734223954667,-0.06504865374732756,,-0.040573253999999996,3323987.475338197
80-HYPERLIQUID-SOL-24APR2026,80,Hyperliquid,SOL,SOL,2026-04-24,2026-04-05,24,-0.07248793405389709,-0.07238538902296834,,-0.11814604699999999,3276438.4893499925
80-HYPERLIQUID-SOL-24APR2026,80,Hyperliquid,SOL,SOL,2026-04-24,2026-04-06,24,-0.036066726143881456,-0.035613670314753744,,0.0241734755,3172289.146146106
80-HYPERLIQUID-SOL-24APR2026,80,Hyperliquid,SOL,SOL,2026-04-24,2026-04-07,24,-0.042689197544653806,-0.042457267136831005,,-0.0660257625,2610923.5617843946
80-HYPERLIQUID-SOL-24APR2026,80,Hyperliquid,SOL,SOL,2026-04-24,2026-04-08,24,-0.019668475279301236,-0.019447948542997594,,0.095360776,4569900.803778651
80-HYPERLIQUID-SOL-24APR2026,80,Hyperliquid,SOL,SOL,2026-04-24,2026-04-09,24,-0.016939429864794946,-0.016230276286801123,,0.0259897885,4296791.353327346
80-HYPERLIQUID-SOL-24APR2026,80,Hyperliquid,SOL,SOL,2026-04-24,2026-04-10,24,-0.006538784291839867,-0.006645675487751902,,0.023017556999999998,2999031.4181654607
80-HYPERLIQUID-SOL-24APR2026,80,Hyperliquid,SOL,SOL,2026-04-24,2026-04-11,24,-0.002445653310290155,-0.002399816275599424,,0.040282714,2996762.3344430956
80-HYPERLIQUID-SOL-24APR2026,80,Hyperliquid,SOL,SOL,2026-04-24,2026-04-12,24,-0.013708954186641635,-0.013103168775501847,,-0.0473171765,3706590.96651197
80-HYPERLIQUID-SOL-24APR2026,80,Hyperliquid,SOL,SOL,2026-04-24,2026-04-13,24,-0.017875961832676503,-0.017419451166453943,,0.004989805499999999,4178526.7737161065
80-HYPERLIQUID-SOL-24APR2026,80,Hyperliquid,SOL,SOL,2026-04-24,2026-04-14,24,-0.004088097295824432,-0.004193699819682955,,0.038750663,5028000.627383871
80-HYPERLIQUID-SOL-24APR2026,80,Hyperliquid,SOL,SOL,2026-04-24,2026-04-15,24,-0.010602971968187052,-0.010639225782279707,,-0.021584932,3505761.8904258553
80-HYPERLIQUID-SOL-24APR2026,80,Hyperliquid,SOL,SOL,2026-04-24,2026-04-16,24,0.003055385025269076,0.0026140194353799395,,-0.0256227445,3562570.6087530577
80-HYPERLIQUID-SOL-24APR2026,80,Hyperliquid,SOL,SOL,2026-04-24,2026-04-17,24,0.011389909191775521,0.011869133703308546,,0.054624367,3868687.926266761
80-HYPERLIQUID-SOL-24APR2026,80,Hyperliquid,SOL,SOL,2026-04-24,2026-04-18,24,0.002980115027939698,0.0022738607903849887,,-0.0239827995,2931879.0492669414
80-HYPERLIQUID-SOL-24APR2026,80,Hyperliquid,SOL,SOL,2026-04-24,2026-04-19,24,0.016706522808747123,0.016554313946336618,,-0.0202168025,3080394.055938479
80-HYPERLIQUID-SOL-24APR2026,80,Hyperliquid,SOL,SOL,2026-04-24,2026-04-20,24,-0.006667413696211839,-0.006718086695964467,,-0.0321486525,3596552.1226157043
80-HYPERLIQUID-SOL-24APR2026,80,Hyperliquid,SOL,SOL,2026-04-24,2026-04-21,24,0.0026198066778983877,0.0030056716574221663,,-0.0117749365,3468075.5995310843
80-HYPERLIQUID-SOL-24APR2026,80,Hyperliquid,SOL,SOL,2026-04-24,2026-04-22,24,0.021960461737660253,0.021901214091511776,,0.07610885099999999,3639795.299620431
80-HYPERLIQUID-SOL-24APR2026,80,Hyperliquid,SOL,SOL,2026-04-24,2026-04-23,24,0.016001259988214653,0.015915339264330166,,0.0515187645,2564653.2751658964
81-LIGHTER-SOL-24APR2026,81,Lighter,SOL,SOL,2026-04-24,2026-03-17,20,0.014646079587756749,0.015011180305521055,,-0.041172,0.0
81-LIGHTER-SOL-24APR2026,81,Lighter,SOL,SOL,2026-04-24,2026-03-18,24,0.005942875031844614,0.005181146870773563,,0.04526,81224.13893784878
81-LIGHTER-SOL-24APR2026,81,Lighter,SOL,SOL,2026-04-24,2026-03-19,24,-0.001960785747948957,-0.002971131600214631,,0.03796,174689.95874073906
81-LIGHTER-SOL-24APR2026,81,Lighter,SOL,SOL,2026-04-24,2026-03-20,24,-0.005349870982958007,-0.005000534818176469,,-0.06643,218767.71701007066
81-LIGHTER-SOL-24APR2026,81,Lighter,SOL,SOL,2026-04-24,2026-03-21,24,-0.008572328888282925,-0.0084232749750641,,-0.05621,261582.09211125303
81-LIGHTER-SOL-24APR2026,81,Lighter,SOL,SOL,2026-04-24,2026-03-22,24,-0.01659918903863927,-0.016141713103587224,,-0.144905,600600.2315826984
81-LIGHTER-SOL-24APR2026,81,Lighter,SOL,SOL,2026-04-24,2026-03-23,24,-0.023559517694098118,-0.02295918542572396,,-0.109135,755184.7381754204
81-LIGHTER-SOL-24APR2026,81,Lighter,SOL,SOL,2026-04-24,2026-03-24,24,-0.03288044529095092,-0.03264504789411616,,-0.06935000000000001,807430.504745021
81-LIGHTER-SOL-24APR2026,81,Lighter,SOL,SOL,2026-04-24,2026-03-25,24,-0.03424012167599334,-0.034795892202229874,,0.04526,816015.6246832892
81-LIGHTER-SOL-24APR2026,81,Lighter,SOL,SOL,2026-04-24,2026-03-26,24,-0.03500458128730761,-0.03470908877264805,,-0.10511999999999999,824678.9816148345
81-LIGHTER-SOL-24APR2026,81,Lighter,SOL,SOL,2026-04-24,2026-03-27,24,-0.03954954508418246,-0.03936311531960388,,-0.13359000000000001,1093126.8767082763
81-LIGHTER-SOL-24APR2026,81,Lighter,SOL,SOL,2026-04-24,2026-03-28,24,-0.035985466256363674,-0.03625354528261409,,0.10402499999999999,1419447.9081777893
81-LIGHTER-SOL-24APR2026,81,Lighter,SOL,SOL,2026-04-24,2026-03-29,24,-0.04293063246975853,-0.0434755975293091,,-0.13359000000000001,1981247.2944894868
81-LIGHTER-SOL-24APR2026,81,Lighter,SOL,SOL,2026-04-24,2026-03-30,24,-0.05144919883805226,-0.05101688664510514,,-0.145635,1871147.530532031
81-LIGHTER-SOL-24APR2026,81,Lighter,SOL,SOL,2026-04-24,2026-03-31,24,-0.05604074459497425,-0.05548335831096649,,-0.069715,1777973.737660365
81-LIGHTER-SOL-24APR2026,81,Lighter,SOL,SOL,2026-04-24,2026-04-01,24,-0.05273632642062125,-0.05261886029711787,,0.04161,2051657.4077037594
81-LIGHTER-SOL-24APR2026,81,Lighter,SOL,SOL,2026-04-24,2026-04-02,24,-0.04720397604810622,-0.04690970560899909,,0.054384999999999996,2288861.347487829
81-LIGHTER-SOL-24APR2026,81,Lighter,SOL,SOL,2026-04-24,2026-04-03,24,-0.02459822022390973,-0.02374445277800781,,0.10074,3090712.0853643096
81-LIGHTER-SOL-24APR2026,81,Lighter,SOL,SOL,2026-04-24,2026-04-04,24,-0.014798795400887401,-0.01496105524827484,,0.027375,2419823.4703506404
81-LIGHTER-SOL-24APR2026,81,Lighter,SOL,SOL,2026-04-24,2026-04-05,24,-0.021717268960780748,-0.02170970152241269,,-0.10731,2942293.6186839864
81-LIGHTER-SOL-24APR2026,81,Lighter,SOL,SOL,2026-04-24,2026-04-06,24,-0.012317466468928907,-0.011622662301001563,,0.04599,2641594.7425437574
81-LIGHTER-SOL-24APR2026,81,Lighter,SOL,SOL,2026-04-24,2026-04-07,24,-0.022401028168091128,-0.02157528443516575,,-0.016425,2290705.523689547
81-LIGHTER-SOL-24APR2026,81,Lighter,SOL,SOL,2026-04-24,2026-04-08,24,0.00037841726892968124,0.001892293148753683,,0.10512,1544567.0339302646
81-LIGHTER-SOL-24APR2026,81,Lighter,SOL,SOL,2026-04-24,2026-04-09,24,0.011166156392806824,0.011798904146221159,,0.09928,1426610.5253402656
81-LIGHTER-SOL-24APR2026,81,Lighter,SOL,SOL,2026-04-24,2026-04-10,24,0.022377492915902717,0.022744237174952654,,0.10512,1604945.8937166773
81-LIGHTER-SOL-24APR2026,81,Lighter,SOL,SOL,2026-04-24,2026-04-11,24,0.03350527737137899,0.0329917278057867,,0.10512,1817527.4038467053
81-LIGHTER-SOL-24APR2026,81,Lighter,SOL,SOL,2026-04-24,2026-04-12,24,0.035803249303601514,0.03493403350269681,,0.09344000000000001,2095124.6007373205
81-LIGHTER-SOL-24APR2026,81,Lighter,SOL,SOL,2026-04-24,2026-04-13,24,0.034718852877558985,0.0348538087102389,,0.07154,2645065.3750049397
81-LIGHTER-SOL-24APR2026,81,Lighter,SOL,SOL,2026-04-24,2026-04-14,24,0.046376677579452436,0.04630652518382165,,0.06643,2675569.3949463367
81-LIGHTER-SOL-24APR2026,81,Lighter,SOL,SOL,2026-04-24,2026-04-15,24,0.03131652824229458,0.03130975559647108,,0.020440000000000003,2714749.5831634495
81-LIGHTER-SOL-24APR2026,81,Lighter,SOL,SOL,2026-04-24,2026-04-16,24,0.018941178497591457,0.01908247369969392,,0.010585000000000002,2702585.409178633
81-LIGHTER-SOL-24APR2026,81,Lighter,SOL,SOL,2026-04-24,2026-04-17,24,0.022370734656195015,0.02214209195535562,,0.029200000000000004,2470373.2242221055
81-LIGHTER-SOL-24APR2026,81,Lighter,SOL,SOL,2026-04-24,2026-04-18,24,0.011754775872752846,0.012820616392787353,,-0.01606,1745019.7431168251
81-LIGHTER-SOL-24APR2026,81,Lighter,SOL,SOL,2026-04-24,2026-04-19,24,0.020680745832189186,0.020440037417044195,,0.069715,1912340.8001237505
81-LIGHTER-SOL-24APR2026,81,Lighter,SOL,SOL,2026-04-24,2026-04-20,24,0.02918898900304896,0.028212521742323606,,0.10439,2510593.754073729
81-LIGHTER-SOL-24APR2026,81,Lighter,SOL,SOL,2026-04-24,2026-04-21,24,0.04091188235176555,0.040221343708492785,,0.09818500000000001,2328723.1617549686
81-LIGHTER-SOL-24APR2026,81,Lighter,SOL,SOL,2026-04-24,2026-04-22,24,0.04783092898370486,0.046990715508228954,,0.09782,1877643.0942865016
81-LIGHTER-SOL-24APR2026,81,Lighter,SOL,SOL,2026-04-24,2026-04-23,24,0.0324248359439478,0.03316186244990949,,0.04964,1990630.1375169938
82-BINANCE-XRPUSDT-24APR2026,82,Binance,XRP,XRPUSDT,2026-04-24,2026-03-17,20,-0.01832566258652516,-0.017958911179700745,,0.014260732500000001,0.0
82-BINANCE-XRPUSDT-24APR2026,82,Binance,XRP,XRPUSDT,2026-04-24,2026-03-18,24,-0.020278004469664643,-0.020794363859395096,,-0.00984085625,13320.349875541666
82-BINANCE-XRPUSDT-24APR2026,82,Binance,XRP,XRPUSDT,2026-04-24,2026-03-19,24,-0.020277893952420186,-0.0202701033828672,,0.0388259625,22347.90733516715
82-BINANCE-XRPUSDT-24APR2026,82,Binance,XRP,XRPUSDT,2026-04-24,2026-03-20,24,-0.02177296632876054,-0.022218009153889256,,-0.0360957625,30031.050734977234
82-BINANCE-XRPUSDT-24APR2026,82,Binance,XRP,XRPUSDT,2026-04-24,2026-03-21,24,-0.021332505117563714,-0.02180822069864696,,-0.0071024437499999996,27076.23366592987
82-BINANCE-XRPUSDT-24APR2026,82,Binance,XRP,XRPUSDT,2026-04-24,2026-03-22,24,-0.024065822316381102,-0.024195310800200005,,-0.06229865625,30786.34235890885
82-BINANCE-XRPUSDT-24APR2026,82,Binance,XRP,XRPUSDT,2026-04-24,2026-03-23,24,-0.02314464826770617,-0.02308525256790465,,0.01767740625,32220.69319224218
82-BINANCE-XRPUSDT-24APR2026,82,Binance,XRP,XRPUSDT,2026-04-24,2026-03-24,24,-0.02480146946436514,-0.025258698113428197,,-0.0039972062499999995,136029.2340255755
82-BINANCE-XRPUSDT-24APR2026,82,Binance,XRP,XRPUSDT,2026-04-24,2026-03-25,24,-0.025538943233342246,-0.025250323037036258,,-0.035483475,266129.0680013524
82-BINANCE-XRPUSDT-24APR2026,82,Binance,XRP,XRPUSDT,2026-04-24,2026-03-26,24,-0.03547796861597092,-0.03587382454307388,,-0.1075481625,276849.9500916439
82-BINANCE-XRPUSDT-24APR2026,82,Binance,XRP,XRPUSDT,2026-04-24,2026-03-27,24,-0.04260503675564453,-0.04271663003485352,,-0.1008495,374109.66230405023
82-BINANCE-XRPUSDT-24APR2026,82,Binance,XRP,XRPUSDT,2026-04-24,2026-03-28,24,-0.040383897503415166,-0.04000832768746451,,-0.07393120625,344296.78937910113
82-BINANCE-XRPUSDT-24APR2026,82,Binance,XRP,XRPUSDT,2026-04-24,2026-03-29,24,-0.03731566061682406,-0.03725350311231111,,-0.0476607875,295534.61237257946
82-BINANCE-XRPUSDT-24APR2026,82,Binance,XRP,XRPUSDT,2026-04-24,2026-03-30,24,-0.03334996710640854,-0.03365506746677933,,-0.020374300000000005,334845.2323719185
82-BINANCE-XRPUSDT-24APR2026,82,Binance,XRP,XRPUSDT,2026-04-24,2026-03-31,24,-0.038903043965447776,-0.0384747280059862,,-0.07026934375,310184.3835360353
82-BINANCE-XRPUSDT-24APR2026,82,Binance,XRP,XRPUSDT,2026-04-24,2026-04-01,24,-0.03069944968086429,-0.029738292755478127,,0.0676153375,185008.00741659044
82-BINANCE-XRPUSDT-24APR2026,82,Binance,XRP,XRPUSDT,2026-04-24,2026-04-02,24,-0.03688958269271988,-0.036989822247651044,,-0.108655025,203752.41285517593
82-BINANCE-XRPUSDT-24APR2026,82,Binance,XRP,XRPUSDT,2026-04-24,2026-04-03,24,-0.03851000463766415,-0.038127842092721916,,-0.011172193749999998,191313.50740889544
82-BINANCE-XRPUSDT-24APR2026,82,Binance,XRP,XRPUSDT,2026-04-24,2026-04-04,24,-0.03107295791644825,-0.03178976653976735,,-0.042044806250000004,146328.33800586464
82-BINANCE-XRPUSDT-24APR2026,82,Binance,XRP,XRPUSDT,2026-04-24,2026-04-05,24,-0.04861262131257036,-0.049615418617178476,,-0.1472127125,180319.63536502677
82-BINANCE-XRPUSDT-24APR2026,82,Binance,XRP,XRPUSDT,2026-04-24,2026-04-06,24,-0.024983574446835747,-0.024560810146389816,,0.04482428125000001,221297.55105019212
82-BINANCE-XRPUSDT-24APR2026,82,Binance,XRP,XRPUSDT,2026-04-24,2026-04-07,24,-0.037994173748542616,-0.03764390982707492,,-0.022226675,294608.38803946035
82-BINANCE-XRPUSDT-24APR2026,82,Binance,XRP,XRPUSDT,2026-04-24,2026-04-08,24,-0.025688952363612207,-0.02470430157578264,,0.08550809375,339203.92740735173
82-BINANCE-XRPUSDT-24APR2026,82,Binance,XRP,XRPUSDT,2026-04-24,2026-04-09,24,-0.029531042147751898,-0.02972776014555917,,-0.032738675,264844.2834273235
82-BINANCE-XRPUSDT-24APR2026,82,Binance,XRP,XRPUSDT,2026-04-24,2026-04-10,24,-0.028300542940445608,-0.02775795413841259,,0.032940793749999996,219424.37496208725
82-BINANCE-XRPUSDT-24APR2026,82,Binance,XRP,XRPUSDT,2026-04-24,2026-04-11,24,-0.024182021744136015,-0.024246197776952843,,-0.0031882749999999995,236395.9523280413
82-BINANCE-XRPUSDT-24APR2026,82,Binance,XRP,XRPUSDT,2026-04-24,2026-04-12,24,-0.03088015812077517,-0.032884087830537735,,-0.05350489375,262599.54772731836
82-BINANCE-XRPUSDT-24APR2026,82,Binance,XRP,XRPUSDT,2026-04-24,2026-04-13,24,-0.028232653520554218,-0.026033126543606216,,0.0010776624999999992,187456.31767224715
82-BINANCE-XRPUSDT-24APR2026,82,Binance,XRP,XRPUSDT,2026-04-24,2026-04-14,24,-0.01839904437623185,-0.017806675604299247,,0.08366484375,264241.7012432265
82-BINANCE-XRPUSDT-24APR2026,82,Binance,XRP,XRPUSDT,2026-04-24,2026-04-15,24,-0.015680508620812723,-0.01564981873654477,,0.01833075625,269837.79216689145
82-BINANCE-XRPUSDT-24APR2026,82,Binance,XRP,XRPUSDT,2026-04-24,2026-04-16,24,-0.0025789770348974158,-0.002727016492982957,,0.044567868749999996,295109.80842215236
82-BINANCE-XRPUSDT-24APR2026,82,Binance,XRP,XRPUSDT,2026-04-24,2026-04-17,24,0.0002168450847190923,-0.0007333677133394397,,0.038447274999999996,327504.29126251116
82-BINANCE-XRPUSDT-24APR2026,82,Binance,XRP,XRPUSDT,2026-04-24,2026-04-18,24,0.0013011332253505703,0.004108313580940157,,0.044109793749999994,336689.36224597803
82-BINANCE-XRPUSDT-24APR2026,82,Binance,XRP,XRPUSDT,2026-04-24,2026-04-19,24,0.0013011332253505703,0.0038076301587785864,,0.0111498375,336687.4940246216
82-BINANCE-XRPUSDT-24APR2026,82,Binance,XRP,XRPUSDT,2026-04-24,2026-04-20,24,0.0015098367449296057,0.000500112515001313,,0.007237037500000001,336666.94358970085
82-BINANCE-XRPUSDT-24APR2026,82,Binance,XRP,XRPUSDT,2026-04-24,2026-04-21,24,0.005354465418369171,0.00609728823029725,,0.03202646875,445000.27692303417
82-BINANCE-XRPUSDT-24APR2026,82,Binance,XRP,XRPUSDT,2026-04-24,2026-04-22,24,0.01694988276054216,0.01617097923620392,,0.03897971875,465625.27692303417
82-BINANCE-XRPUSDT-24APR2026,82,Binance,XRP,XRPUSDT,2026-04-24,2026-04-23,24,-0.01415466846747159,-0.0125707402774827,,-0.044764968749999995,443843.170378755
83-HYPERLIQUID-XRP-24APR2026,83,Hyperliquid,XRP,XRP,2026-04-24,2026-03-17,20,-0.0003202481240449626,0.0,,-0.031002417450000003,0.0
83-HYPERLIQUID-XRP-24APR2026,83,Hyperliquid,XRP,XRP,2026-04-24,2026-03-18,24,-0.00870625029264951,-0.00849761278753274,,-0.0365909945,175159.00063168877
83-HYPERLIQUID-XRP-24APR2026,83,Hyperliquid,XRP,XRP,2026-04-24,2026-03-19,24,-0.01800373811172514,-0.01888125828871527,,-0.0205120875,237370.79353804747
83-HYPERLIQUID-XRP-24APR2026,83,Hyperliquid,XRP,XRP,2026-04-24,2026-03-20,24,-0.021387545300987895,-0.021927059755799228,,-0.1284349225,266412.8839282089
83-HYPERLIQUID-XRP-24APR2026,83,Hyperliquid,XRP,XRP,2026-04-24,2026-03-21,24,-0.028624548009243286,-0.028412665512450506,,-0.09238296,281153.5067747763
83-HYPERLIQUID-XRP-24APR2026,83,Hyperliquid,XRP,XRP,2026-04-24,2026-03-22,24,-0.02872331811246639,-0.029066794108473477,,-0.0689023275,279257.24487306277
83-HYPERLIQUID-XRP-24APR2026,83,Hyperliquid,XRP,XRP,2026-04-24,2026-03-23,24,-0.03031491126223319,-0.030385442398653133,,-0.023435299500000003,287134.05165547895
83-HYPERLIQUID-XRP-24APR2026,83,Hyperliquid,XRP,XRP,2026-04-24,2026-03-24,24,-0.029866418395809415,-0.029772586933858536,,-0.0320579865,301877.9481826456
83-HYPERLIQUID-XRP-24APR2026,83,Hyperliquid,XRP,XRP,2026-04-24,2026-03-25,24,-0.028035321902310822,-0.028875082765277654,,-0.025459261,330610.90745993727
83-HYPERLIQUID-XRP-24APR2026,83,Hyperliquid,XRP,XRP,2026-04-24,2026-03-26,24,-0.033953932109605116,-0.034904671840898245,,-0.149680368,322929.55182646937
83-HYPERLIQUID-XRP-24APR2026,83,Hyperliquid,XRP,XRP,2026-04-24,2026-03-27,24,-0.03921439586846393,-0.03862769134207212,,-0.15811894899999998,505483.94832543214
83-HYPERLIQUID-XRP-24APR2026,83,Hyperliquid,XRP,XRP,2026-04-24,2026-03-28,24,-0.04399991807045639,-0.04481412984378935,,-0.146747301,684066.150612375
83-HYPERLIQUID-XRP-24APR2026,83,Hyperliquid,XRP,XRP,2026-04-24,2026-03-29,24,-0.04748947965161491,-0.04807110919250502,,-0.220216764,725492.1027418999
83-HYPERLIQUID-XRP-24APR2026,83,Hyperliquid,XRP,XRP,2026-04-24,2026-03-30,24,-0.04626210292320563,-0.04582629768107948,,-0.029138388,655531.53818064
83-HYPERLIQUID-XRP-24APR2026,83,Hyperliquid,XRP,XRP,2026-04-24,2026-03-31,24,-0.04591238611862896,-0.04564558905068513,,-0.021243657,805790.2350777425
83-HYPERLIQUID-XRP-24APR2026,83,Hyperliquid,XRP,XRP,2026-04-24,2026-04-01,24,-0.04078945533353559,-0.040369250561519195,,0.0606880755,1104992.4324317938
83-HYPERLIQUID-XRP-24APR2026,83,Hyperliquid,XRP,XRP,2026-04-24,2026-04-02,24,-0.04714065569855377,-0.04778957240016848,,-0.1167855825,1268881.7630379528
83-HYPERLIQUID-XRP-24APR2026,83,Hyperliquid,XRP,XRP,2026-04-24,2026-04-03,24,-0.04696226460824051,-0.04609514841407475,,-0.061534109000000003,1238282.3326239383
83-HYPERLIQUID-XRP-24APR2026,83,Hyperliquid,XRP,XRP,2026-04-24,2026-04-04,24,-0.04821595151669164,-0.04849755205415607,,-0.067774222,1242089.7351210222
83-HYPERLIQUID-XRP-24APR2026,83,Hyperliquid,XRP,XRP,2026-04-24,2026-04-05,24,-0.053908139588569076,-0.05434042514122584,,-0.1122143225,1257336.1108454529
83-HYPERLIQUID-XRP-24APR2026,83,Hyperliquid,XRP,XRP,2026-04-24,2026-04-06,24,-0.04236249243580619,-0.041940778400630645,,0.0326898015,1161253.1971574135
83-HYPERLIQUID-XRP-24APR2026,83,Hyperliquid,XRP,XRP,2026-04-24,2026-04-07,24,-0.040335686276105176,-0.04063691507727745,,-0.0059395355,1122273.216980046
83-HYPERLIQUID-XRP-24APR2026,83,Hyperliquid,XRP,XRP,2026-04-24,2026-04-08,24,-0.0314772206374672,-0.031035009924777784,,0.077196405,1173657.7421344193
83-HYPERLIQUID-XRP-24APR2026,83,Hyperliquid,XRP,XRP,2026-04-24,2026-04-09,24,-0.03100728495732788,-0.0310416543780693,,-0.0234542065,1137053.8100054997
83-HYPERLIQUID-XRP-24APR2026,83,Hyperliquid,XRP,XRP,2026-04-24,2026-04-10,24,-0.02190431109365239,-0.01937926907756486,,0.0422660875,1214346.9098619756
83-HYPERLIQUID-XRP-24APR2026,83,Hyperliquid,XRP,XRP,2026-04-24,2026-04-11,24,-0.014847455485826366,-0.013871756029122417,,0.004212392,1164973.3546375574
83-HYPERLIQUID-XRP-24APR2026,83,Hyperliquid,XRP,XRP,2026-04-24,2026-04-12,24,-0.02159034397559272,-0.021866634615857944,,-0.07648545799999999,1002610.2000856019
83-HYPERLIQUID-XRP-24APR2026,83,Hyperliquid,XRP,XRP,2026-04-24,2026-04-13,24,-0.01565603585602768,-0.014437497201058509,,0.025567008999999998,872099.2553191854
83-HYPERLIQUID-XRP-24APR2026,83,Hyperliquid,XRP,XRP,2026-04-24,2026-04-14,24,-0.004580565110142691,-0.003766850352302864,,0.078430543,1043184.7453372906
83-HYPERLIQUID-XRP-24APR2026,83,Hyperliquid,XRP,XRP,2026-04-24,2026-04-15,24,-0.008828417145266686,-0.009118661480668531,,0.016305499,881443.7742888043
83-HYPERLIQUID-XRP-24APR2026,83,Hyperliquid,XRP,XRP,2026-04-24,2026-04-16,24,0.0067462386302753995,0.006551710232061074,,0.0649575535,802083.5921633133
83-HYPERLIQUID-XRP-24APR2026,83,Hyperliquid,XRP,XRP,2026-04-24,2026-04-17,24,0.0179974866114188,0.019378513739988706,,0.08427240450000001,781550.6298719709
83-HYPERLIQUID-XRP-24APR2026,83,Hyperliquid,XRP,XRP,2026-04-24,2026-04-18,24,0.022733918116705127,0.02351380379468566,,0.024565157,765985.351547558
83-HYPERLIQUID-XRP-24APR2026,83,Hyperliquid,XRP,XRP,2026-04-24,2026-04-19,24,0.027420056499221176,0.02773077442786589,,0.072986495,820753.9769956452
83-HYPERLIQUID-XRP-24APR2026,83,Hyperliquid,XRP,XRP,2026-04-24,2026-04-20,24,0.02533058549063248,0.026175890757489495,,0.018411402999999996,783137.7722276966
83-HYPERLIQUID-XRP-24APR2026,83,Hyperliquid,XRP,XRP,2026-04-24,2026-04-21,24,0.0305687460332906,0.030538282286799594,,0.0450884865,774982.1546786163
83-HYPERLIQUID-XRP-24APR2026,83,Hyperliquid,XRP,XRP,2026-04-24,2026-04-22,24,0.0437024700237259,0.04593129305175908,,0.074694987,710418.9611794752
83-HYPERLIQUID-XRP-24APR2026,83,Hyperliquid,XRP,XRP,2026-04-24,2026-04-23,24,0.037736615529900965,0.036831206372938075,,0.017827184,706276.7536169593
84-HYPERLIQUID-xyzCL-24APR2026,84,Hyperliquid,CLOIL,xyzCL,2026-04-24,2026-03-17,20,0.12798641963087914,0.12805734280117226,0.128,-0.016330523399999998,4958.9433902475
84-HYPERLIQUID-xyzCL-24APR2026,84,Hyperliquid,CLOIL,xyzCL,2026-04-24,2026-03-18,24,0.0963341734930725,0.09643437168871132,0.10163139547246139,-0.0981972275,35523.499916334644
84-HYPERLIQUID-xyzCL-24APR2026,84,Hyperliquid,CLOIL,xyzCL,2026-04-24,2026-03-19,24,0.04931344246717307,0.04927323007393325,0.05104970592998939,-0.10576181600000001,132315.0066444453
84-HYPERLIQUID-xyzCL-24APR2026,84,Hyperliquid,CLOIL,xyzCL,2026-04-24,2026-03-20,24,0.06796516401319842,0.06869447796658115,0.07204579433733728,-0.328161718,197291.86878086126
84-HYPERLIQUID-xyzCL-24APR2026,84,Hyperliquid,CLOIL,xyzCL,2026-04-24,2026-03-21,24,0.0577480655833347,0.057049981547488915,0.067291290623757,-0.2556995455,279018.3443358769
84-HYPERLIQUID-xyzCL-24APR2026,84,Hyperliquid,CLOIL,xyzCL,2026-04-24,2026-03-22,24,0.08035011490340861,0.08034961505171227,0.08035011490340861,1.1295091074999999,269905.2621101022
84-HYPERLIQUID-xyzCL-24APR2026,84,Hyperliquid,CLOIL,xyzCL,2026-04-24,2026-03-23,24,0.06052231642028675,0.0606060568967677,0.06052231642028675,-0.1796880035,261458.18492161224
84-HYPERLIQUID-xyzCL-24APR2026,84,Hyperliquid,CLOIL,xyzCL,2026-04-24,2026-03-24,24,0.04949902441407756,0.050967173958500346,0.052875039680142934,-0.071538102,976853.857572717
84-HYPERLIQUID-xyzCL-24APR2026,84,Hyperliquid,CLOIL,xyzCL,2026-04-24,2026-03-25,24,0.023495609884855898,0.02484847128513723,,-0.12399608449999999,1784848.7868788734
84-HYPERLIQUID-xyzCL-24APR2026,84,Hyperliquid,CLOIL,xyzCL,2026-04-24,2026-03-26,24,-0.021772027027867444,-0.017487999978227777,,-0.184861112,1912682.0802619809
84-HYPERLIQUID-xyzCL-24APR2026,84,Hyperliquid,CLOIL,xyzCL,2026-04-24,2026-03-27,24,-0.03783076865736909,-0.04097354490377132,,-0.2907291795,1976881.3312283887
84-HYPERLIQUID-xyzCL-24APR2026,84,Hyperliquid,CLOIL,xyzCL,2026-04-24,2026-03-28,24,-0.026580036986901843,-0.028674671731715503,0.05259155673637871,-0.270273229,2055973.7277710456
84-HYPERLIQUID-xyzCL-24APR2026,84,Hyperliquid,CLOIL,xyzCL,2026-04-24,2026-03-29,24,-0.0070683399728115595,-0.004304368697683183,,0.5627333845,2038907.2883784308
84-HYPERLIQUID-xyzCL-24APR2026,84,Hyperliquid,CLOIL,xyzCL,2026-04-24,2026-03-30,24,-0.0786031838771286,-0.08064544377261128,,-0.5804599380000001,2093620.1482649073
84-HYPERLIQUID-xyzCL-24APR2026,84,Hyperliquid,CLOIL,xyzCL,2026-04-24,2026-03-31,24,-0.24230644305808843,-0.2423750929422613,,-0.6106524825,3328185.7372506284
84-HYPERLIQUID-xyzCL-24APR2026,84,Hyperliquid,CLOIL,xyzCL,2026-04-24,2026-04-01,24,-0.33138427780306223,-0.32635332518484556,,-0.723024558,4245399.520101729
84-HYPERLIQUID-xyzCL-24APR2026,84,Hyperliquid,CLOIL,xyzCL,2026-04-24,2026-04-02,24,-0.49525808847223846,-0.4994090234041297,,-1.2570837615,5284423.47094738
84-HYPERLIQUID-xyzCL-24APR2026,84,Hyperliquid,CLOIL,xyzCL,2026-04-24,2026-04-03,24,-0.8028123883224435,-0.7813157003466378,,0.04979136550000001,6485666.347432147
84-HYPERLIQUID-xyzCL-24APR2026,84,Hyperliquid,CLOIL,xyzCL,2026-04-24,2026-04-04,24,-0.8977460218479859,-0.8714964952767575,,0.020637976,6367773.369732488
84-HYPERLIQUID-xyzCL-24APR2026,84,Hyperliquid,CLOIL,xyzCL,2026-04-24,2026-04-05,24,-0.8802479745395982,-0.8650131075942399,,0.11346105299999999,6364569.199973602
84-HYPERLIQUID-xyzCL-24APR2026,84,Hyperliquid,CLOIL,xyzCL,2026-04-24,2026-04-06,24,-1.150416553070446,-1.1876466785643858,,-2.7573526785,6336695.082474
84-HYPERLIQUID-xyzCL-24APR2026,84,Hyperliquid,CLOIL,xyzCL,2026-04-24,2026-04-07,24,-2.1726757231396308,-2.1876413546175653,,-3.4414625425,3515957.9288963675
84-HYPERLIQUID-xyzCL-24APR2026,84,Hyperliquid,CLOIL,xyzCL,2026-04-24,2026-04-08,24,-1.8774083549770395,-1.9094979264322587,,-5.343264564999999,1162703.7778740986
84-HYPERLIQUID-xyzCL-24APR2026,84,Hyperliquid,CLOIL,xyzCL,2026-04-24,2026-04-09,24,-1.3458638425226257,-1.3586430592383534,,-4.1416752575,1509795.3747382474
84-HYPERLIQUID-xyzCL-24APR2026,84,Hyperliquid,CLOIL,xyzCL,2026-04-24,2026-04-10,24,-1.1222308090418938,-1.1212087868902734,,-3.3943779805,1592987.2923196722
84-HYPERLIQUID-xyzCL-24APR2026,84,Hyperliquid,CLOIL,xyzCL,2026-04-24,2026-04-11,24,-0.6055287885908476,-0.6051459250543471,,-0.603532391,2486725.4872023924
84-HYPERLIQUID-xyzCL-24APR2026,84,Hyperliquid,CLOIL,xyzCL,2026-04-24,2026-04-12,24,-0.46644745641365004,-0.46730213696484263,,1.9285281255,2548084.238881793
84-HYPERLIQUID-xyzCL-24APR2026,84,Hyperliquid,CLOIL,xyzCL,2026-04-24,2026-04-13,24,-0.7248125845352825,-0.7246424569405249,,-4.441777418,2681961.905829974
84-HYPERLIQUID-xyzCL-24APR2026,84,Hyperliquid,CLOIL,xyzCL,2026-04-24,2026-04-14,24,-0.15692298927280887,-0.16030260518283104,0.050000000005,-2.0503968805,2475797.39706156
84-HYPERLIQUID-xyzCL-24APR2026,84,Hyperliquid,CLOIL,xyzCL,2026-04-24,2026-04-15,24,0.05004451411865738,0.06049716311314023,0.05000000000500001,0.1562917955,2290831.041962234
84-HYPERLIQUID-xyzCL-24APR2026,84,Hyperliquid,CLOIL,xyzCL,2026-04-24,2026-04-16,24,0.05751591352557391,0.08423706776288477,0.05000000000500001,0.126673834,2271828.510089638
84-HYPERLIQUID-xyzCL-24APR2026,84,Hyperliquid,CLOIL,xyzCL,2026-04-24,2026-04-17,24,0.07122548860731416,0.08174924765531728,0.05000000000500001,0.079231353,2247597.689593803
84-HYPERLIQUID-xyzCL-24APR2026,84,Hyperliquid,CLOIL,xyzCL,2026-04-24,2026-04-18,24,0.030032179960771774,0.03838452298690175,0.050000000005,0.7470781674999999,2183228.7240367737
84-HYPERLIQUID-xyzCL-24APR2026,84,Hyperliquid,CLOIL,xyzCL,2026-04-24,2026-04-19,24,-0.09890842241285967,-0.09894661045685232,,0.7027943235,2138839.5516260616
84-HYPERLIQUID-xyzCL-24APR2026,84,Hyperliquid,CLOIL,xyzCL,2026-04-24,2026-04-20,24,-0.06287761586975305,-0.06288843650843785,,0.176391871,2136422.3828550135
84-HYPERLIQUID-xyzCL-24APR2026,84,Hyperliquid,CLOIL,xyzCL,2026-04-24,2026-04-21,24,-0.04681200228752628,-0.04677366261740829,,0.074775506,2138294.339212303
84-HYPERLIQUID-xyzCL-24APR2026,84,Hyperliquid,CLOIL,xyzCL,2026-04-24,2026-04-22,24,0.04471607457947547,0.05260817091080067,0.050000000005,0.031033285499999997,2135105.807048939
84-HYPERLIQUID-xyzCL-24APR2026,84,Hyperliquid,CLOIL,xyzCL,2026-04-24,2026-04-23,24,0.04597017059249717,0.0454135859061387,0.050000000005,-0.0011571595000000043,2131899.1052094265
85-HYPERLIQUID-xyzBRENTOIL-24APR2026,85,Hyperliquid,BRENTOIL,xyzBRENTOIL,2026-04-24,2026-03-17,20,0.10997841938949404,0.11004148676193101,0.11,0.06954324195,5851.182064896
85-HYPERLIQUID-xyzBRENTOIL-24APR2026,85,Hyperliquid,BRENTOIL,xyzBRENTOIL,2026-04-24,2026-03-18,24,0.10315044998287969,0.10302818936797609,0.1031562424047121,0.1609278065,48538.136714402586
85-HYPERLIQUID-xyzBRENTOIL-24APR2026,85,Hyperliquid,BRENTOIL,xyzBRENTOIL,2026-04-24,2026-03-19,24,0.11595692877833197,0.11595296763634931,0.11595692877833198,0.716003418,235937.84963103166
85-HYPERLIQUID-xyzBRENTOIL-24APR2026,85,Hyperliquid,BRENTOIL,xyzBRENTOIL,2026-04-24,2026-03-20,24,0.12459473565693298,0.12485020460012665,0.12459473565693298,0.061968568500000015,314224.4031380806
85-HYPERLIQUID-xyzBRENTOIL-24APR2026,85,Hyperliquid,BRENTOIL,xyzBRENTOIL,2026-04-24,2026-03-21,24,0.07700313774678834,0.07888225597062402,0.08524895707023905,-0.289028462,337976.1311255176
85-HYPERLIQUID-xyzBRENTOIL-24APR2026,85,Hyperliquid,BRENTOIL,xyzBRENTOIL,2026-04-24,2026-03-22,24,0.08920364246008423,0.08913832390300941,0.08920364246008423,1.4088344095,533444.4647608198
85-HYPERLIQUID-xyzBRENTOIL-24APR2026,85,Hyperliquid,BRENTOIL,xyzBRENTOIL,2026-04-24,2026-03-23,24,0.06973166636634494,0.06945211289878148,0.07767481262878163,0.290867843,1522942.1056579417
85-HYPERLIQUID-xyzBRENTOIL-24APR2026,85,Hyperliquid,BRENTOIL,xyzBRENTOIL,2026-04-24,2026-03-24,24,0.06261252824676243,0.0625715171245741,0.06261252824676243,0.047817117,2030980.9371623832
85-HYPERLIQUID-xyzBRENTOIL-24APR2026,85,Hyperliquid,BRENTOIL,xyzBRENTOIL,2026-04-24,2026-03-25,24,0.05380316738531396,0.05256823060536709,0.05680228572551861,0.056893791,2033026.4155282297
85-HYPERLIQUID-xyzBRENTOIL-24APR2026,85,Hyperliquid,BRENTOIL,xyzBRENTOIL,2026-04-24,2026-03-26,24,-0.00010015503106363027,-0.002510658188002342,,-0.1847497505,2324401.8503554105
85-HYPERLIQUID-xyzBRENTOIL-24APR2026,85,Hyperliquid,BRENTOIL,xyzBRENTOIL,2026-04-24,2026-03-27,24,-0.02899632965890217,-0.02423215212082827,,-0.36057795200000003,3574591.460040213
85-HYPERLIQUID-xyzBRENTOIL-24APR2026,85,Hyperliquid,BRENTOIL,xyzBRENTOIL,2026-04-24,2026-03-28,24,0.008228024428274998,0.006891989138561188,0.060031412955532215,-0.032196869,3975340.453284946
85-HYPERLIQUID-xyzBRENTOIL-24APR2026,85,Hyperliquid,BRENTOIL,xyzBRENTOIL,2026-04-24,2026-03-29,24,0.012783504307430478,0.01637321604866372,,0.2444816355,3949200.717029911
85-HYPERLIQUID-xyzBRENTOIL-24APR2026,85,Hyperliquid,BRENTOIL,xyzBRENTOIL,2026-04-24,2026-03-30,24,-0.07837327164200736,-0.07841597593264561,,-0.443539532,4378873.7598704435
85-HYPERLIQUID-xyzBRENTOIL-24APR2026,85,Hyperliquid,BRENTOIL,xyzBRENTOIL,2026-04-24,2026-03-31,24,-0.25237483724545934,-0.24983996483426407,,-0.49443589849999997,6605377.94853847
85-HYPERLIQUID-xyzBRENTOIL-24APR2026,85,Hyperliquid,BRENTOIL,xyzBRENTOIL,2026-04-24,2026-04-01,24,-0.2855528683857949,-0.28176688699483265,,-0.362341048,9119617.626072122
85-HYPERLIQUID-xyzBRENTOIL-24APR2026,85,Hyperliquid,BRENTOIL,xyzBRENTOIL,2026-04-24,2026-04-02,24,-0.3879507980385182,-0.380065916037817,,-0.6977115524999999,10730520.498305682
85-HYPERLIQUID-xyzBRENTOIL-24APR2026,85,Hyperliquid,BRENTOIL,xyzBRENTOIL,2026-04-24,2026-04-03,24,-0.8155146251900778,-0.8107070435143462,,0.297348418,7724919.006599542
85-HYPERLIQUID-xyzBRENTOIL-24APR2026,85,Hyperliquid,BRENTOIL,xyzBRENTOIL,2026-04-24,2026-04-04,24,-0.9385999547598637,-0.9514792249217007,,-0.018389502999999998,6404589.754974815
85-HYPERLIQUID-xyzBRENTOIL-24APR2026,85,Hyperliquid,BRENTOIL,xyzBRENTOIL,2026-04-24,2026-04-05,24,-0.972987255058034,-0.9605591165208806,,0.10045548250000001,6365625.775027578
85-HYPERLIQUID-xyzBRENTOIL-24APR2026,85,Hyperliquid,BRENTOIL,xyzBRENTOIL,2026-04-24,2026-04-06,24,-1.7716162379073863,-1.7848594781815754,,-2.033081901,4790778.419125491
85-HYPERLIQUID-xyzBRENTOIL-24APR2026,85,Hyperliquid,BRENTOIL,xyzBRENTOIL,2026-04-24,2026-04-07,24,-1.941731454078953,-1.9194521061604783,,-2.3150204205000002,3214724.8494610935
85-HYPERLIQUID-xyzBRENTOIL-24APR2026,85,Hyperliquid,BRENTOIL,xyzBRENTOIL,2026-04-24,2026-04-08,24,-1.3641416890605287,-1.3814727551909438,,-3.6645714569999996,2111841.9949326725
85-HYPERLIQUID-xyzBRENTOIL-24APR2026,85,Hyperliquid,BRENTOIL,xyzBRENTOIL,2026-04-24,2026-04-09,24,-1.0295493706801875,-1.0339006004889721,,-2.6770424585000003,2110557.9586517126
85-HYPERLIQUID-xyzBRENTOIL-24APR2026,85,Hyperliquid,BRENTOIL,xyzBRENTOIL,2026-04-24,2026-04-10,24,-0.8405994195933767,-0.8406017869281119,,-2.1718559594999998,2110147.7741236123
85-HYPERLIQUID-xyzBRENTOIL-24APR2026,85,Hyperliquid,BRENTOIL,xyzBRENTOIL,2026-04-24,2026-04-11,24,-0.5984479230580634,-0.6004651863806144,,-0.573268124,2112137.4658190073
85-HYPERLIQUID-xyzBRENTOIL-24APR2026,85,Hyperliquid,BRENTOIL,xyzBRENTOIL,2026-04-24,2026-04-12,24,-0.48261457566122085,-0.48553547218027143,,2.4827637625,2107866.669648739
85-HYPERLIQUID-xyzBRENTOIL-24APR2026,85,Hyperliquid,BRENTOIL,xyzBRENTOIL,2026-04-24,2026-04-13,24,-0.6430650045156427,-0.6430383735756225,,-3.3406386655,2106459.5087504364
85-HYPERLIQUID-xyzBRENTOIL-24APR2026,85,Hyperliquid,BRENTOIL,xyzBRENTOIL,2026-04-24,2026-04-14,24,-0.17649024238905056,-0.17641911165362642,,-2.2322357194999998,2047248.6877044383
85-HYPERLIQUID-xyzBRENTOIL-24APR2026,85,Hyperliquid,BRENTOIL,xyzBRENTOIL,2026-04-24,2026-04-15,24,0.056358606282464974,0.05844503472148852,0.06102511826542568,0.23317280399999998,2005593.346485838
85-HYPERLIQUID-xyzBRENTOIL-24APR2026,85,Hyperliquid,BRENTOIL,xyzBRENTOIL,2026-04-24,2026-04-16,24,0.07455092269407924,0.07501176566034812,0.07455092269407924,0.1070278185,1997595.8993313743
85-HYPERLIQUID-xyzBRENTOIL-24APR2026,85,Hyperliquid,BRENTOIL,xyzBRENTOIL,2026-04-24,2026-04-17,24,0.06799764907715714,0.06798715504530745,0.06799764907715714,0.049965434,1994322.9267002328
85-HYPERLIQUID-xyzBRENTOIL-24APR2026,85,Hyperliquid,BRENTOIL,xyzBRENTOIL,2026-04-24,2026-04-18,24,0.11267932421405367,0.11266836720580227,0.11267932421405367,0.554836062,1973745.5602065243
85-HYPERLIQUID-xyzBRENTOIL-24APR2026,85,Hyperliquid,BRENTOIL,xyzBRENTOIL,2026-04-24,2026-04-19,24,-0.07168502257319374,-0.07180122617029941,,0.5980730129999999,1984197.909581701
85-HYPERLIQUID-xyzBRENTOIL-24APR2026,85,Hyperliquid,BRENTOIL,xyzBRENTOIL,2026-04-24,2026-04-20,24,0.054750730447369646,0.05471774377799186,0.05859471390373985,0.3412903665,1973950.0697889114
85-HYPERLIQUID-xyzBRENTOIL-24APR2026,85,Hyperliquid,BRENTOIL,xyzBRENTOIL,2026-04-24,2026-04-21,24,0.050927208467398725,0.05105955465442639,0.050927208467398725,0.0288604405,1933612.7111273531
85-HYPERLIQUID-xyzBRENTOIL-24APR2026,85,Hyperliquid,BRENTOIL,xyzBRENTOIL,2026-04-24,2026-04-22,24,0.05115243117062925,0.051081966137675135,0.05115243117062925,0.025285666999999998,1928314.2055887308
85-HYPERLIQUID-xyzBRENTOIL-24APR2026,85,Hyperliquid,BRENTOIL,xyzBRENTOIL,2026-04-24,2026-04-23,24,-0.02068261413775122,-0.020692459094819562,0.05000000000500001,0.010656576499999995,1918738.854001107
86-BINANCE-ETHUSDT-24APR2026,86,Binance,ETH,ETHUSDT,2026-04-24,2026-03-24,18,4.447890144730467e-05,0.0,,-0.0010937833333333328,0.0
86-BINANCE-ETHUSDT-24APR2026,86,Binance,ETH,ETHUSDT,2026-04-24,2026-03-25,24,0.00496791210456463,0.005175134457793394,,-0.001832756250000001,570.0477070944277
86-BINANCE-ETHUSDT-24APR2026,86,Binance,ETH,ETHUSDT,2026-04-24,2026-03-26,24,0.00932312516266831,0.008785318254434083,,-0.007123431249999999,1198.8781820902655
86-BINANCE-ETHUSDT-24APR2026,86,Binance,ETH,ETHUSDT,2026-04-24,2026-03-27,24,0.004000273904430689,0.003964769716274872,,-0.081174175,2065.885607070541
86-BINANCE-ETHUSDT-24APR2026,86,Binance,ETH,ETHUSDT,2026-04-24,2026-03-28,24,-0.002360236625266431,-0.0025007974709996476,,-0.055850931250000006,2331.6531887202013
86-BINANCE-ETHUSDT-24APR2026,86,Binance,ETH,ETHUSDT,2026-04-24,2026-03-29,24,-0.002002333832040928,-0.0008596954652161393,,-0.029504318749999998,1819.228978013897
86-BINANCE-ETHUSDT-24APR2026,86,Binance,ETH,ETHUSDT,2026-04-24,2026-03-30,24,0.003185838266910912,0.0028819177780087207,,0.006277543749999999,1825.773028145888
86-BINANCE-ETHUSDT-24APR2026,86,Binance,ETH,ETHUSDT,2026-04-24,2026-03-31,24,0.005194828415490745,0.0053735357668792325,,0.00612241875,1835.6793411880815
86-BINANCE-ETHUSDT-24APR2026,86,Binance,ETH,ETHUSDT,2026-04-24,2026-04-01,24,0.006037225862027557,0.006058383382243893,,0.030219262499999996,1951.2322389034125
86-BINANCE-ETHUSDT-24APR2026,86,Binance,ETH,ETHUSDT,2026-04-24,2026-04-02,24,-0.001415515394077189,-0.0018629555575133709,,-0.10273700625,2104.7382664340516
86-BINANCE-ETHUSDT-24APR2026,86,Binance,ETH,ETHUSDT,2026-04-24,2026-04-03,24,-0.0034147046002312403,-0.002879407902511781,,-0.01496363125,2083.703672385555
86-BINANCE-ETHUSDT-24APR2026,86,Binance,ETH,ETHUSDT,2026-04-24,2026-04-04,24,0.0010908186464495368,0.0006582129627630824,,0.01974056875,2141.946863715488
86-BINANCE-ETHUSDT-24APR2026,86,Binance,ETH,ETHUSDT,2026-04-24,2026-04-05,24,0.0018643812079119932,0.0011215162155625096,,-0.0023382812500000005,2418.89037911462
86-BINANCE-ETHUSDT-24APR2026,86,Binance,ETH,ETHUSDT,2026-04-24,2026-04-06,24,0.005653022404600176,0.0055756166935597845,,0.03574581875,2302.63624807329
86-BINANCE-ETHUSDT-24APR2026,86,Binance,ETH,ETHUSDT,2026-04-24,2026-04-07,24,0.005444439692659605,0.005327276213897066,,-0.020993887500000002,2976.790571314292
86-BINANCE-ETHUSDT-24APR2026,86,Binance,ETH,ETHUSDT,2026-04-24,2026-04-08,24,0.012888738363541598,0.012662084002601319,,0.07969775,3273.389549509682
86-BINANCE-ETHUSDT-24APR2026,86,Binance,ETH,ETHUSDT,2026-04-24,2026-04-09,24,0.013340196335015935,0.013057560921894506,,0.0158528625,3263.2003603792987
86-BINANCE-ETHUSDT-24APR2026,86,Binance,ETH,ETHUSDT,2026-04-24,2026-04-10,24,0.013859063593168042,0.01356850363097688,,0.00503928125,3393.663507825597
86-BINANCE-ETHUSDT-24APR2026,86,Binance,ETH,ETHUSDT,2026-04-24,2026-04-11,24,0.007293535065474508,0.006925219393581942,,-0.062672325,4172.3233146538105
86-BINANCE-ETHUSDT-24APR2026,86,Binance,ETH,ETHUSDT,2026-04-24,2026-04-12,24,0.009213407981933621,0.0088505076831375,,-0.0018427937500000038,4997.937090916662
86-BINANCE-ETHUSDT-24APR2026,86,Binance,ETH,ETHUSDT,2026-04-24,2026-04-13,24,0.00943184485636756,0.009244681033517322,,0.014580381250000002,5125.843700793534
86-BINANCE-ETHUSDT-24APR2026,86,Binance,ETH,ETHUSDT,2026-04-24,2026-04-14,24,0.020203790149234787,0.020152985330877216,,0.085521325,5699.539567911936
86-BINANCE-ETHUSDT-24APR2026,86,Binance,ETH,ETHUSDT,2026-04-24,2026-04-15,24,0.015832732813148485,0.015823093666860057,,0.015018381249999999,7322.754369408726
86-BINANCE-ETHUSDT-24APR2026,86,Binance,ETH,ETHUSDT,2026-04-24,2026-04-16,24,0.010021733926656633,0.00990583033031738,,-0.03702331875,7886.116698910591
86-BINANCE-ETHUSDT-24APR2026,86,Binance,ETH,ETHUSDT,2026-04-24,2026-04-17,24,0.009211057402604146,0.008910468592669777,,0.01022228125,5793.7285507537335
86-BINANCE-ETHUSDT-24APR2026,86,Binance,ETH,ETHUSDT,2026-04-24,2026-04-18,24,-0.007950561481588233,-0.008295457728379757,,-0.059698031250000005,7503.84543036298
86-BINANCE-ETHUSDT-24APR2026,86,Binance,ETH,ETHUSDT,2026-04-24,2026-04-19,24,-0.037969408364340845,-0.03740153990663694,,-0.1598773,7392.416245970708
86-BINANCE-ETHUSDT-24APR2026,86,Binance,ETH,ETHUSDT,2026-04-24,2026-04-20,24,-0.027736991731651093,-0.02867121262401805,,-0.016418612500000002,4943.977612496103
86-BINANCE-ETHUSDT-24APR2026,86,Binance,ETH,ETHUSDT,2026-04-24,2026-04-21,24,-0.033682589102768626,-0.03457646277977305,,-0.0409429625,4003.7186993943947
86-BINANCE-ETHUSDT-24APR2026,86,Binance,ETH,ETHUSDT,2026-04-24,2026-04-22,24,0.02606248821709992,0.026371847608161986,,0.05195729375,4680.6183744510045
86-BINANCE-ETHUSDT-24APR2026,86,Binance,ETH,ETHUSDT,2026-04-24,2026-04-23,24,-0.006355310313417038,-0.006867568528515965,,0.0135734375,4008.1737814744974
87-HYPERLIQUID-ETH-24APR2026,87,Hyperliquid,ETH,ETH,2026-04-24,2026-03-24,18,0.03750812553091824,0.03774449614727819,,0.05480864333333333,1.8344444444444445
87-HYPERLIQUID-ETH-24APR2026,87,Hyperliquid,ETH,ETH,2026-04-24,2026-03-25,24,0.04320377459089666,0.04296951957005842,,0.10048085,297.6995556023558
87-HYPERLIQUID-ETH-24APR2026,87,Hyperliquid,ETH,ETH,2026-04-24,2026-03-26,24,0.04500366315344264,0.04457251522322354,,-0.012082813999999999,453.8007514801124
87-HYPERLIQUID-ETH-24APR2026,87,Hyperliquid,ETH,ETH,2026-04-24,2026-03-27,24,0.032740643887142706,0.03283080305878167,,-0.036155878,1988.3721788827572
87-HYPERLIQUID-ETH-24APR2026,87,Hyperliquid,ETH,ETH,2026-04-24,2026-03-28,24,0.03135585479066162,0.031803248763553886,,0.056138606,2246.978354688815
87-HYPERLIQUID-ETH-24APR2026,87,Hyperliquid,ETH,ETH,2026-04-24,2026-03-29,24,0.035871424256020426,0.03570410328680836,,0.1056075305,2263.664299951065
87-HYPERLIQUID-ETH-24APR2026,87,Hyperliquid,ETH,ETH,2026-04-24,2026-03-30,24,0.03593022765493032,0.03548628661574215,,0.0496519355,2659.1313514338763
87-HYPERLIQUID-ETH-24APR2026,87,Hyperliquid,ETH,ETH,2026-04-24,2026-03-31,24,0.03604759034602815,0.03581988294304562,,0.027085007499999997,3103.4746357864733
87-HYPERLIQUID-ETH-24APR2026,87,Hyperliquid,ETH,ETH,2026-04-24,2026-04-01,24,0.032632770355429004,0.03265659071805812,,-0.016802665499999998,3611.401571019865
87-HYPERLIQUID-ETH-24APR2026,87,Hyperliquid,ETH,ETH,2026-04-24,2026-04-02,24,0.020463366396508694,0.019959391996160373,,-0.061874873,3956.5467979262867
87-HYPERLIQUID-ETH-24APR2026,87,Hyperliquid,ETH,ETH,2026-04-24,2026-04-03,24,0.023691793088729277,0.02351039865614261,,0.002092143499999999,3999.161306532365
87-HYPERLIQUID-ETH-24APR2026,87,Hyperliquid,ETH,ETH,2026-04-24,2026-04-04,24,0.027185438811020837,0.02754036619746193,,0.0747537885,3569.506561678241
87-HYPERLIQUID-ETH-24APR2026,87,Hyperliquid,ETH,ETH,2026-04-24,2026-04-05,24,0.02846996201918044,0.027707180831138555,,0.035719119,3774.6901217253812
87-HYPERLIQUID-ETH-24APR2026,87,Hyperliquid,ETH,ETH,2026-04-24,2026-04-06,24,0.035561747020206126,0.03563229046685006,,0.0666247275,3860.995289367534
87-HYPERLIQUID-ETH-24APR2026,87,Hyperliquid,ETH,ETH,2026-04-24,2026-04-07,24,0.03395489641963741,0.033770547633039084,,0.051629104,4929.0127666991675
87-HYPERLIQUID-ETH-24APR2026,87,Hyperliquid,ETH,ETH,2026-04-24,2026-04-08,24,0.04748550999483237,0.04740188698866116,,0.108442084,5458.747071569105
87-HYPERLIQUID-ETH-24APR2026,87,Hyperliquid,ETH,ETH,2026-04-24,2026-04-09,24,0.04748662832028424,0.0470032020917119,,0.0555555915,6602.906700789346
87-HYPERLIQUID-ETH-24APR2026,87,Hyperliquid,ETH,ETH,2026-04-24,2026-04-10,24,0.05095740753974449,0.05069205547358765,,0.0944833525,6855.894509230474
87-HYPERLIQUID-ETH-24APR2026,87,Hyperliquid,ETH,ETH,2026-04-24,2026-04-11,24,0.0527220507486599,0.05254672375642186,,0.079969602,7161.576007501407
87-HYPERLIQUID-ETH-24APR2026,87,Hyperliquid,ETH,ETH,2026-04-24,2026-04-12,24,0.05169023903553679,0.05149644938312314,,0.014174483,8920.459211260613
87-HYPERLIQUID-ETH-24APR2026,87,Hyperliquid,ETH,ETH,2026-04-24,2026-04-13,24,0.05182293483471762,0.05204508988624337,,0.051898181999999994,8864.206210724717
87-HYPERLIQUID-ETH-24APR2026,87,Hyperliquid,ETH,ETH,2026-04-24,2026-04-14,24,0.04793678517229353,0.0482244902946308,,-0.05961355199999999,9584.602208096832
87-HYPERLIQUID-ETH-24APR2026,87,Hyperliquid,ETH,ETH,2026-04-24,2026-04-15,24,0.03451158148406528,0.03457468011253079,,-0.1250984575,6263.748055644177
87-HYPERLIQUID-ETH-24APR2026,87,Hyperliquid,ETH,ETH,2026-04-24,2026-04-16,24,0.010517657984834368,0.010367881741781026,,-0.172262553,11185.421646139066
87-HYPERLIQUID-ETH-24APR2026,87,Hyperliquid,ETH,ETH,2026-04-24,2026-04-17,24,-0.0011091642549983598,-0.001518388211454001,,-0.091159334,8824.535697419684
87-HYPERLIQUID-ETH-24APR2026,87,Hyperliquid,ETH,ETH,2026-04-24,2026-04-18,24,-0.03732978366032513,-0.03820446501286585,,-0.1545036605,8318.010872279776
87-HYPERLIQUID-ETH-24APR2026,87,Hyperliquid,ETH,ETH,2026-04-24,2026-04-19,24,-0.047877864282318876,-0.04771949166086434,,-0.16198685399999999,10830.447866924884
87-HYPERLIQUID-ETH-24APR2026,87,Hyperliquid,ETH,ETH,2026-04-24,2026-04-20,24,0.0013940612621303288,0.0019658352503012927,,-0.0121553395,9889.310257257273
87-HYPERLIQUID-ETH-24APR2026,87,Hyperliquid,ETH,ETH,2026-04-24,2026-04-21,24,-0.016124131881848146,-0.016214589166188773,,-0.052719395499999995,14868.600459860498
87-HYPERLIQUID-ETH-24APR2026,87,Hyperliquid,ETH,ETH,2026-04-24,2026-04-22,24,0.030677369377547267,0.02983617780272682,,0.0533031765,13543.846510846592
87-HYPERLIQUID-ETH-24APR2026,87,Hyperliquid,ETH,ETH,2026-04-24,2026-04-23,24,-0.019299470945938115,-0.02012230716400729,,-0.0223459205,13969.396900698048
88-OKX-ETHUSDT-24APR2026,88,OKX,ETH,ETHUSDT,2026-04-24,2026-03-24,18,0.018852935738946718,0.019079254049273263,,0.043594008695465744,0.0
88-OKX-ETHUSDT-24APR2026,88,OKX,ETH,ETHUSDT,2026-04-24,2026-03-25,24,0.01699719960531611,0.016569000125665746,,-0.03399713459028262,18.839800603585363
88-OKX-ETHUSDT-24APR2026,88,OKX,ETH,ETHUSDT,2026-04-24,2026-03-26,24,0.01929914688308726,0.018966223079145982,,0.06460450170631613,244.50898917602362
88-OKX-ETHUSDT-24APR2026,88,OKX,ETH,ETHUSDT,2026-04-24,2026-03-27,24,0.013485891244572765,0.01298492521300603,,-0.04682539040760831,388.3113053807668
88-OKX-ETHUSDT-24APR2026,88,OKX,ETH,ETHUSDT,2026-04-24,2026-03-28,24,0.006222730103326999,0.005977863411009309,,-0.059437081704766935,546.5895347162311
88-OKX-ETHUSDT-24APR2026,88,OKX,ETH,ETHUSDT,2026-04-24,2026-03-29,24,0.008903977078604955,0.008940200134682098,,0.017178432259661373,578.5267344972693
88-OKX-ETHUSDT-24APR2026,88,OKX,ETH,ETHUSDT,2026-04-24,2026-03-30,24,0.007307914236126337,0.007423388380339769,,-0.026293796312093626,721.0653400860311
88-OKX-ETHUSDT-24APR2026,88,OKX,ETH,ETHUSDT,2026-04-24,2026-03-31,24,0.007395950486954625,0.007084954543741026,,0.04304313327105013,734.7283932177826
88-OKX-ETHUSDT-24APR2026,88,OKX,ETH,ETHUSDT,2026-04-24,2026-04-01,24,0.00881237220689107,0.008549104700598815,,0.021670173814378375,767.8695871337512
88-OKX-ETHUSDT-24APR2026,88,OKX,ETH,ETHUSDT,2026-04-24,2026-04-02,24,0.009912023151158002,0.010130799949268432,,0.0047253507431585596,807.3400635958046
88-OKX-ETHUSDT-24APR2026,88,OKX,ETH,ETHUSDT,2026-04-24,2026-04-03,24,0.01016574095222512,0.01042039164889242,,-0.004995213689008437,784.7899367454037
88-OKX-ETHUSDT-24APR2026,88,OKX,ETH,ETHUSDT,2026-04-24,2026-04-04,24,0.013690803901302005,0.013788131561269679,,0.06482013078664382,668.1649367454037
88-OKX-ETHUSDT-24APR2026,88,OKX,ETH,ETHUSDT,2026-04-24,2026-04-05,24,0.015218552078792046,0.014825133403273431,,0.03486007027808331,629.2899367454037
88-OKX-ETHUSDT-24APR2026,88,OKX,ETH,ETHUSDT,2026-04-24,2026-04-06,24,0.015324277662073624,0.015112683961079556,,-0.005665033803615251,629.2899367454037
88-OKX-ETHUSDT-24APR2026,88,OKX,ETH,ETHUSDT,2026-04-24,2026-04-07,24,0.012821509561160049,0.012849046263106791,,-0.00022136710742156392,857.1330016015554
88-OKX-ETHUSDT-24APR2026,88,OKX,ETH,ETHUSDT,2026-04-24,2026-04-08,24,0.019464033689446034,0.01996569485406775,,0.08021130979099,930.8450774396487
88-OKX-ETHUSDT-24APR2026,88,OKX,ETH,ETHUSDT,2026-04-24,2026-04-09,24,0.023065440672186882,0.022914137870900825,,0.058750394060701754,1140.2509455276465
88-OKX-ETHUSDT-24APR2026,88,OKX,ETH,ETHUSDT,2026-04-24,2026-04-10,24,0.025885658955237003,0.025172071325788387,,0.07401205722679838,1150.2202251125068
88-OKX-ETHUSDT-24APR2026,88,OKX,ETH,ETHUSDT,2026-04-24,2026-04-11,24,0.024141376726070484,0.024013949035972825,,-0.009607840562298567,1266.348793790575
88-OKX-ETHUSDT-24APR2026,88,OKX,ETH,ETHUSDT,2026-04-24,2026-04-12,24,0.027397677268940938,0.026915739032955244,,0.06148256518053582,2094.748536961439
88-OKX-ETHUSDT-24APR2026,88,OKX,ETH,ETHUSDT,2026-04-24,2026-04-13,24,0.029967813615939986,0.030143762758755663,,0.017847245434291375,1795.0819183190795
88-OKX-ETHUSDT-24APR2026,88,OKX,ETH,ETHUSDT,2026-04-24,2026-04-14,24,0.03489604017973805,0.034951974717917805,,0.06779405673697518,1118.9654739659807
88-OKX-ETHUSDT-24APR2026,88,OKX,ETH,ETHUSDT,2026-04-24,2026-04-15,24,0.030322995524568134,0.030266882721286543,,0.016400506098026253,2532.2573591057726
88-OKX-ETHUSDT-24APR2026,88,OKX,ETH,ETHUSDT,2026-04-24,2026-04-16,24,0.023103617457169975,0.023377112001643056,,-0.037363943299797246,2448.399062175347
88-OKX-ETHUSDT-24APR2026,88,OKX,ETH,ETHUSDT,2026-04-24,2026-04-17,24,0.01851130585032076,0.018347849835125423,,-0.005559436278750753,2147.8221995868685
88-OKX-ETHUSDT-24APR2026,88,OKX,ETH,ETHUSDT,2026-04-24,2026-04-18,24,0.024708043570439514,0.02443999812061973,,0.06026671055243107,2117.840446615189
88-OKX-ETHUSDT-24APR2026,88,OKX,ETH,ETHUSDT,2026-04-24,2026-04-19,24,0.008546949561666206,0.00901557822593866,,-0.0888212882247495,2695.2749774137274
88-OKX-ETHUSDT-24APR2026,88,OKX,ETH,ETHUSDT,2026-04-24,2026-04-20,24,0.014795881080996965,0.014405067031981515,,0.004636568944716813,1665.5076908634737
88-OKX-ETHUSDT-24APR2026,88,OKX,ETH,ETHUSDT,2026-04-24,2026-04-21,24,0.0037420382782133075,0.004083017956836019,,-0.03832953718826744,1971.5961391322774
88-OKX-ETHUSDT-24APR2026,88,OKX,ETH,ETHUSDT,2026-04-24,2026-04-22,24,0.018310730829094905,0.01903292369401392,,0.006716049804729064,2479.5233141655
88-OKX-ETHUSDT-24APR2026,88,OKX,ETH,ETHUSDT,2026-04-24,2026-04-23,24,-0.00790850832820097,-0.00753492156039863,,-0.02993167716823381,2625.5031625841743
89-BINANCE-BTCUSDT-24APR2026,89,Binance,BTC,BTCUSDT,2026-04-24,2026-03-24,18,4.447890144730467e-05,0.0,,0.030898466666666666,0.0
89-BINANCE-BTCUSDT-24APR2026,89,Binance,BTC,BTCUSDT,2026-04-24,2026-03-25,24,0.006797564870392021,0.0077424376141759345,,0.02882359375,2.891666666666667
89-BINANCE-BTCUSDT-24APR2026,89,Binance,BTC,BTCUSDT,2026-04-24,2026-03-26,24,0.008360051619190692,0.008285194023794334,,0.009406050000000001,5.201677501813449
89-BINANCE-BTCUSDT-24APR2026,89,Binance,BTC,BTCUSDT,2026-04-24,2026-03-27,24,0.00408291668243444,0.0041456693669641225,,-0.0319256375,23.853286459597456
89-BINANCE-BTCUSDT-24APR2026,89,Binance,BTC,BTCUSDT,2026-04-24,2026-03-28,24,-0.003215829882520702,-0.002909288890904221,,-0.060493275000000006,30.15170762626582
89-BINANCE-BTCUSDT-24APR2026,89,Binance,BTC,BTCUSDT,2026-04-24,2026-03-29,24,-0.0005670966306831631,0.0003859656231735473,,-0.0050050625,29.542026146010617
89-BINANCE-BTCUSDT-24APR2026,89,Binance,BTC,BTCUSDT,2026-04-24,2026-03-30,24,0.003951753374961769,0.003021240029973876,,0.006533043749999999,30.882217104988396
89-BINANCE-BTCUSDT-24APR2026,89,Binance,BTC,BTCUSDT,2026-04-24,2026-03-31,24,0.0030296272617423934,0.0029668691565066054,,-0.01506674375,31.572286842106013
89-BINANCE-BTCUSDT-24APR2026,89,Binance,BTC,BTCUSDT,2026-04-24,2026-04-01,24,0.004135943955169471,0.004134024965642543,,-0.013689325,34.173436646845026
89-BINANCE-BTCUSDT-24APR2026,89,Binance,BTC,BTCUSDT,2026-04-24,2026-04-02,24,0.003615453827963529,0.003080655577624944,,-0.0074282062500000004,42.071473826252735
89-BINANCE-BTCUSDT-24APR2026,89,Binance,BTC,BTCUSDT,2026-04-24,2026-04-03,24,0.002492712169166421,0.0013676179723667772,,-0.00747383125,51.53663730735909
89-BINANCE-BTCUSDT-24APR2026,89,Binance,BTC,BTCUSDT,2026-04-24,2026-04-04,24,0.0036252713777169643,0.0029877514145505066,,0.034180425,51.65289604175138
89-BINANCE-BTCUSDT-24APR2026,89,Binance,BTC,BTCUSDT,2026-04-24,2026-04-05,24,0.00511339707057577,0.00505459966396611,,0.029485612499999998,48.45129756827791
89-BINANCE-BTCUSDT-24APR2026,89,Binance,BTC,BTCUSDT,2026-04-24,2026-04-06,24,0.009299089550245963,0.008771382881971304,,0.0482648625,56.211445328379845
89-BINANCE-BTCUSDT-24APR2026,89,Binance,BTC,BTCUSDT,2026-04-24,2026-04-07,24,0.010046868231741552,0.009613737795362228,,0.0361705875,64.49593304556596
89-BINANCE-BTCUSDT-24APR2026,89,Binance,BTC,BTCUSDT,2026-04-24,2026-04-08,24,0.01490599071489982,0.014855559077752515,,0.043979306249999996,64.69168492814494
89-BINANCE-BTCUSDT-24APR2026,89,Binance,BTC,BTCUSDT,2026-04-24,2026-04-09,24,0.015777432999463183,0.015811715929230974,,0.014089912500000001,53.672240568859536
89-BINANCE-BTCUSDT-24APR2026,89,Binance,BTC,BTCUSDT,2026-04-24,2026-04-10,24,0.014665431911490364,0.014716646286730006,,0.0025810062499999997,52.31435308647493
89-BINANCE-BTCUSDT-24APR2026,89,Binance,BTC,BTCUSDT,2026-04-24,2026-04-11,24,0.007724351579220443,0.006709511115079415,,-0.0711458,86.53738643180314
89-BINANCE-BTCUSDT-24APR2026,89,Binance,BTC,BTCUSDT,2026-04-24,2026-04-12,24,0.0019212492441188433,0.0006298486574008532,,-0.047214575,97.24934901780627
89-BINANCE-BTCUSDT-24APR2026,89,Binance,BTC,BTCUSDT,2026-04-24,2026-04-13,24,0.0022715064410094156,0.0021301810804607753,,-0.0189498875,88.65236992163244
89-BINANCE-BTCUSDT-24APR2026,89,Binance,BTC,BTCUSDT,2026-04-24,2026-04-14,24,-0.001055426760399386,-0.0007153811297076167,,-0.03057924375,72.89547954937599
89-BINANCE-BTCUSDT-24APR2026,89,Binance,BTC,BTCUSDT,2026-04-24,2026-04-15,24,-0.011902377345225411,-0.012018677201874385,,-0.07777921875,71.05946070612107
89-BINANCE-BTCUSDT-24APR2026,89,Binance,BTC,BTCUSDT,2026-04-24,2026-04-16,24,-0.012803933325679756,-0.01241237468756583,,-0.033214087499999996,58.699328999610806
89-BINANCE-BTCUSDT-24APR2026,89,Binance,BTC,BTCUSDT,2026-04-24,2026-04-17,24,-0.018091538002454582,-0.017887172820028,,-0.013287824999999998,66.8573581764619
89-BINANCE-BTCUSDT-24APR2026,89,Binance,BTC,BTCUSDT,2026-04-24,2026-04-18,24,-0.039265924475650374,-0.03935947259548236,,-0.07497601875,76.58806892449488
89-BINANCE-BTCUSDT-24APR2026,89,Binance,BTC,BTCUSDT,2026-04-24,2026-04-19,24,-0.047131919376714126,-0.04735387444423498,,-0.0982899375,72.54862538528914
89-BINANCE-BTCUSDT-24APR2026,89,Binance,BTC,BTCUSDT,2026-04-24,2026-04-20,24,-0.04259703919712494,-0.04172111576589463,,-0.048652218750000004,70.17375031682407
89-BINANCE-BTCUSDT-24APR2026,89,Binance,BTC,BTCUSDT,2026-04-24,2026-04-21,24,-0.04269489556757874,-0.04251428202124511,,-0.06502794375,71.86754151187495
89-BINANCE-BTCUSDT-24APR2026,89,Binance,BTC,BTCUSDT,2026-04-24,2026-04-22,24,-0.023256647514241596,-0.023058049347126703,,0.0005014187500000007,79.33558075579528
89-BINANCE-BTCUSDT-24APR2026,89,Binance,BTC,BTCUSDT,2026-04-24,2026-04-23,24,-0.037899001994341666,-0.0369392922149673,,-0.06342103125,80.73650418178308
9-BINANCE-ETHUSDT-31OCT2025,9,Binance,ETH,ETHUSDT,2025-10-31,2025-09-16,19,0.07001116738417468,0.07004243605986377,0.07,0.02908492894736842,36.8421052631579
9-BINANCE-ETHUSDT-31OCT2025,9,Binance,ETH,ETHUSDT,2025-10-31,2025-09-17,24,0.06996502991389725,0.07004243605986377,0.07,0.04338709375,50.0
9-BINANCE-ETHUSDT-31OCT2025,9,Binance,ETH,ETHUSDT,2025-10-31,2025-09-18,24,0.06993543984104106,0.07004243605986377,0.07,0.04276841875,50.0
9-BINANCE-ETHUSDT-31OCT2025,9,Binance,ETH,ETHUSDT,2025-10-31,2025-09-19,24,0.06271681662308386,0.06279519230934068,0.06246606129861923,0.004759143749999999,998.44699870429
9-BINANCE-ETHUSDT-31OCT2025,9,Binance,ETH,ETHUSDT,2025-10-31,2025-09-20,24,0.05652160914776062,0.05706339868684046,0.05686529980200944,-0.006709156250000001,1841.5546000898912
9-BINANCE-ETHUSDT-31OCT2025,9,Binance,ETH,ETHUSDT,2025-10-31,2025-09-21,24,0.06109323806579548,0.06139768166707817,0.06134472380281301,0.0205814375,1509.7901381639176
9-BINANCE-ETHUSDT-31OCT2025,9,Binance,ETH,ETHUSDT,2025-10-31,2025-09-22,24,0.05848401538402737,0.05788138687989311,0.05796822331674934,-0.00636788125,1836.363853848867
9-BINANCE-ETHUSDT-31OCT2025,9,Binance,ETH,ETHUSDT,2025-10-31,2025-09-23,24,0.05817345733460591,0.058032156527251744,0.058037059609678164,0.012954306249999999,2273.159006379524
9-BINANCE-ETHUSDT-31OCT2025,9,Binance,ETH,ETHUSDT,2025-10-31,2025-09-24,24,0.05354636497845844,0.05314418079393634,0.05318164536070836,-0.00637153125,2908.2075807243727
9-BINANCE-ETHUSDT-31OCT2025,9,Binance,ETH,ETHUSDT,2025-10-31,2025-09-25,24,0.046417221886614436,0.046501864876598575,0.046531558246588965,-0.030711099999999995,3086.3300236009377
9-BINANCE-ETHUSDT-31OCT2025,9,Binance,ETH,ETHUSDT,2025-10-31,2025-09-26,24,0.051252336808312336,0.051315135628584446,0.05134405263670013,0.06426235625,2831.6408957255967
9-BINANCE-ETHUSDT-31OCT2025,9,Binance,ETH,ETHUSDT,2025-10-31,2025-09-27,24,0.05469194698311606,0.05465467296709775,0.05461461123148595,0.044259443749999995,2744.342399205161
9-BINANCE-ETHUSDT-31OCT2025,9,Binance,ETH,ETHUSDT,2025-10-31,2025-09-28,24,0.059508770846071556,0.05939168743386592,0.05946458674091862,0.07529585,2655.1607249065787
9-BINANCE-ETHUSDT-31OCT2025,9,Binance,ETH,ETHUSDT,2025-10-31,2025-09-29,24,0.05242286171092264,0.05244276356667249,0.052392391530280996,0.0194371625,2659.5260365739136
9-BINANCE-ETHUSDT-31OCT2025,9,Binance,ETH,ETHUSDT,2025-10-31,2025-09-30,24,0.052096301288215276,0.05199945156157581,0.05211719460654252,-0.0015120125000000005,2725.455685754993
9-BINANCE-ETHUSDT-31OCT2025,9,Binance,ETH,ETHUSDT,2025-10-31,2025-10-01,24,0.05373864710387307,0.05372467025730035,0.053721124626615574,0.0014782500000000004,2773.794029955754
9-BINANCE-ETHUSDT-31OCT2025,9,Binance,ETH,ETHUSDT,2025-10-31,2025-10-02,24,0.05563322651156074,0.05546322601771702,0.05550773595631101,0.02808081875,2724.4937942040488
9-BINANCE-ETHUSDT-31OCT2025,9,Binance,ETH,ETHUSDT,2025-10-31,2025-10-03,24,0.058231424653563284,0.058267688848791466,0.05815158499470289,0.053310075000000005,3198.6368914299396
9-BINANCE-ETHUSDT-31OCT2025,9,Binance,ETH,ETHUSDT,2025-10-31,2025-10-04,24,0.05757967565735849,0.057619925994257325,0.05763257988467116,0.040858556250000004,4522.566789923459
9-BINANCE-ETHUSDT-31OCT2025,9,Binance,ETH,ETHUSDT,2025-10-31,2025-10-05,24,0.0665496993683954,0.06651624267035093,0.06657879800351545,0.09072257499999999,4390.989369907994
9-BINANCE-ETHUSDT-31OCT2025,9,Binance,ETH,ETHUSDT,2025-10-31,2025-10-06,24,0.071653651786744,0.07177102778892788,0.0718772861990911,0.10167987499999999,4357.4089947885905
9-BINANCE-ETHUSDT-31OCT2025,9,Binance,ETH,ETHUSDT,2025-10-31,2025-10-07,24,0.07377750734660769,0.07406507132386347,0.07395641487648537,0.1095,4487.194155781904
9-BINANCE-ETHUSDT-31OCT2025,9,Binance,ETH,ETHUSDT,2025-10-31,2025-10-08,24,0.06687969609502739,0.06679841170294944,0.06676479087868008,0.03520561875,5384.430031866482
9-BINANCE-ETHUSDT-31OCT2025,9,Binance,ETH,ETHUSDT,2025-10-31,2025-10-09,24,0.06387344225264056,0.06400277176916881,0.06391735668181424,0.03130833125,5220.65926689047
9-BINANCE-ETHUSDT-31OCT2025,9,Binance,ETH,ETHUSDT,2025-10-31,2025-10-10,24,0.058852583425768594,0.05881074390590732,0.05873347822036084,0.004713518750000001,5227.654692006304
9-BINANCE-ETHUSDT-31OCT2025,9,Binance,ETH,ETHUSDT,2025-10-31,2025-10-11,24,0.05405488581665687,0.053908749614601015,0.05389223336417789,-0.014193937499999996,5021.579271355879
9-BINANCE-ETHUSDT-31OCT2025,9,Binance,ETH,ETHUSDT,2025-10-31,2025-10-12,24,0.05312348075889247,0.053088724150027834,0.05315140693438445,-0.0370119125,5410.2122244798065
9-BINANCE-ETHUSDT-31OCT2025,9,Binance,ETH,ETHUSDT,2025-10-31,2025-10-13,24,0.058213288314119094,0.058039260111785,0.0581578621380302,0.024255618750000003,5397.219431787634
9-BINANCE-ETHUSDT-31OCT2025,9,Binance,ETH,ETHUSDT,2025-10-31,2025-10-14,24,0.05854287779082843,0.058460165846850536,0.05840439973370635,0.032706281250000004,5619.416876747331
9-BINANCE-ETHUSDT-31OCT2025,9,Binance,ETH,ETHUSDT,2025-10-31,2025-10-15,24,0.05593278694427558,0.055747140980979236,0.05573599711846614,0.029937756250000003,5616.711886576614
9-BINANCE-ETHUSDT-31OCT2025,9,Binance,ETH,ETHUSDT,2025-10-31,2025-10-16,24,0.05347269658451886,0.05352016878082592,0.05357724620793177,0.0040852625,5423.0312478871265
9-BINANCE-ETHUSDT-31OCT2025,9,Binance,ETH,ETHUSDT,2025-10-31,2025-10-17,24,0.05395321088595781,0.05388446965163752,0.05392224278344986,0.04253664375,4932.00442106442
9-BINANCE-ETHUSDT-31OCT2025,9,Binance,ETH,ETHUSDT,2025-10-31,2025-10-18,24,0.05186760213737756,0.051849230984114016,0.05175596209449242,0.03149448125,4872.086994414756
9-BINANCE-ETHUSDT-31OCT2025,9,Binance,ETH,ETHUSDT,2025-10-31,2025-10-19,24,0.05395019526409917,0.05392090427425236,0.05396655533104774,0.044440575,4554.02370780447
9-BINANCE-ETHUSDT-31OCT2025,9,Binance,ETH,ETHUSDT,2025-10-31,2025-10-20,24,0.054487153283542096,0.05458575154560028,0.054681490902498436,0.049575668749999996,4097.830321142804
9-BINANCE-ETHUSDT-31OCT2025,9,Binance,ETH,ETHUSDT,2025-10-31,2025-10-21,24,0.052950594823333884,0.05275241211722043,0.05280474807110361,0.04046161875,4622.277938002075
9-BINANCE-ETHUSDT-31OCT2025,9,Binance,ETH,ETHUSDT,2025-10-31,2025-10-22,24,0.04875426560522376,0.048960284700707186,0.04899942129036928,0.010072175000000001,4112.345127134031
9-BINANCE-ETHUSDT-31OCT2025,9,Binance,ETH,ETHUSDT,2025-10-31,2025-10-23,24,0.04813445410130645,0.04804985077960849,0.0481257269642457,0.03481324375,3400.531939613493
9-BINANCE-ETHUSDT-31OCT2025,9,Binance,ETH,ETHUSDT,2025-10-31,2025-10-24,24,0.053038332232299444,0.05283808832955408,0.052773573002503675,0.04980014375,3334.7719784800106
9-BINANCE-ETHUSDT-31OCT2025,9,Binance,ETH,ETHUSDT,2025-10-31,2025-10-25,24,0.05187621136635282,0.05200350068394221,0.05184377840926089,0.03220623125,3568.171228014586
9-BINANCE-ETHUSDT-31OCT2025,9,Binance,ETH,ETHUSDT,2025-10-31,2025-10-26,24,0.05702335953918571,0.05690293433402963,0.05696522965928722,0.07895178125,5304.040859986985
9-BINANCE-ETHUSDT-31OCT2025,9,Binance,ETH,ETHUSDT,2025-10-31,2025-10-27,24,0.07855384247395986,0.07859902962600983,0.07834457582560828,0.10255998125,11708.0102425772
9-BINANCE-ETHUSDT-31OCT2025,9,Binance,ETH,ETHUSDT,2025-10-31,2025-10-28,24,0.05746504848042817,0.05765743769134798,0.05738985584245069,0.04051819375,7618.863732259434
9-BINANCE-ETHUSDT-31OCT2025,9,Binance,ETH,ETHUSDT,2025-10-31,2025-10-29,24,0.04109805242039515,0.04150079759159672,0.041027880669277525,-0.009186593750000001,9396.373709065167
9-BINANCE-ETHUSDT-31OCT2025,9,Binance,ETH,ETHUSDT,2025-10-31,2025-10-30,24,0.014208021313512327,0.014639368781500286,0.04112957088522628,-0.03919141875,10085.705909129021
90-HYPERLIQUID-BTC-24APR2026,90,Hyperliquid,BTC,BTC,2026-04-24,2026-03-24,18,0.021721095991652204,0.022038799164325936,,0.06126125933333334,0.0
90-HYPERLIQUID-BTC-24APR2026,90,Hyperliquid,BTC,BTC,2026-04-24,2026-03-25,24,0.02852370736066231,0.028553410312690018,,0.0985423715,2.5266784197194347
90-HYPERLIQUID-BTC-24APR2026,90,Hyperliquid,BTC,BTC,2026-04-24,2026-03-26,24,0.031923583503311474,0.03126212068671703,,0.054800808,4.169972572249269
90-HYPERLIQUID-BTC-24APR2026,90,Hyperliquid,BTC,BTC,2026-04-24,2026-03-27,24,0.036829705811305506,0.03684666526396914,,0.0887500055,22.667359475482996
90-HYPERLIQUID-BTC-24APR2026,90,Hyperliquid,BTC,BTC,2026-04-24,2026-03-28,24,0.03893842369172223,0.03841540756679175,,0.1062262055,27.1055683799927
90-HYPERLIQUID-BTC-24APR2026,90,Hyperliquid,BTC,BTC,2026-04-24,2026-03-29,24,0.039025633281447585,0.03887578967200278,,0.079541165,28.784275380902432
90-HYPERLIQUID-BTC-24APR2026,90,Hyperliquid,BTC,BTC,2026-04-24,2026-03-30,24,0.024747652662765084,0.024370775994568147,,-0.0433141485,66.43156485737522
90-HYPERLIQUID-BTC-24APR2026,90,Hyperliquid,BTC,BTC,2026-04-24,2026-03-31,24,0.019231123124048895,0.019225137001861844,,-0.044108644,70.98698002071828
90-HYPERLIQUID-BTC-24APR2026,90,Hyperliquid,BTC,BTC,2026-04-24,2026-04-01,24,0.021145563784978467,0.02134161815625686,,-0.043497561,80.73110450313776
90-HYPERLIQUID-BTC-24APR2026,90,Hyperliquid,BTC,BTC,2026-04-24,2026-04-02,24,0.015883225536734775,0.015217701049202668,,-0.116082994,92.03952777396161
90-HYPERLIQUID-BTC-24APR2026,90,Hyperliquid,BTC,BTC,2026-04-24,2026-04-03,24,0.015485887403883973,0.015556926214954116,,-0.014135172500000001,73.0225802038732
90-HYPERLIQUID-BTC-24APR2026,90,Hyperliquid,BTC,BTC,2026-04-24,2026-04-04,24,0.014002468134724213,0.013855020887935927,,-0.068249087,83.07249195283804
90-HYPERLIQUID-BTC-24APR2026,90,Hyperliquid,BTC,BTC,2026-04-24,2026-04-05,24,0.009130676439855668,0.008965676704431099,,-0.150437597,102.43524231350698
90-HYPERLIQUID-BTC-24APR2026,90,Hyperliquid,BTC,BTC,2026-04-24,2026-04-06,24,0.021908062283171575,0.021072135539746798,,-0.004271412500000001,80.6944383154312
90-HYPERLIQUID-BTC-24APR2026,90,Hyperliquid,BTC,BTC,2026-04-24,2026-04-07,24,0.02017860952454922,0.019890347555260545,,0.0178918255,95.96061060457994
90-HYPERLIQUID-BTC-24APR2026,90,Hyperliquid,BTC,BTC,2026-04-24,2026-04-08,24,0.032769923530493635,0.032678473304788715,,0.0930969,87.2761921338834
90-HYPERLIQUID-BTC-24APR2026,90,Hyperliquid,BTC,BTC,2026-04-24,2026-04-09,24,0.029712651804454624,0.029410070681509304,,0.019274445499999997,95.40051840073488
90-HYPERLIQUID-BTC-24APR2026,90,Hyperliquid,BTC,BTC,2026-04-24,2026-04-10,24,0.03892840434907851,0.0382241883981077,,0.078999213,118.89211019513924
90-HYPERLIQUID-BTC-24APR2026,90,Hyperliquid,BTC,BTC,2026-04-24,2026-04-11,24,0.046464108840595424,0.04665470078608571,,0.0957819495,141.34225353762432
90-HYPERLIQUID-BTC-24APR2026,90,Hyperliquid,BTC,BTC,2026-04-24,2026-04-12,24,0.04663531083992015,0.045675823959174355,,0.026873417,157.61432828450873
90-HYPERLIQUID-BTC-24APR2026,90,Hyperliquid,BTC,BTC,2026-04-24,2026-04-13,24,0.04704077297533254,0.046884307926185476,,0.004539796999999999,153.26719355214337
90-HYPERLIQUID-BTC-24APR2026,90,Hyperliquid,BTC,BTC,2026-04-24,2026-04-14,24,0.03524977337182493,0.03536563620611206,,-0.0571994055,229.69953685294126
90-HYPERLIQUID-BTC-24APR2026,90,Hyperliquid,BTC,BTC,2026-04-24,2026-04-15,24,0.02139465526039284,0.021606361758331204,,-0.076013659,251.01470905495873
90-HYPERLIQUID-BTC-24APR2026,90,Hyperliquid,BTC,BTC,2026-04-24,2026-04-16,24,0.020344586203737164,0.020649363012219743,,-0.015157318500000001,306.1782892328292
90-HYPERLIQUID-BTC-24APR2026,90,Hyperliquid,BTC,BTC,2026-04-24,2026-04-17,24,0.018583846993095194,0.018217491292500106,,-0.041548022999999996,364.1428216637275
90-HYPERLIQUID-BTC-24APR2026,90,Hyperliquid,BTC,BTC,2026-04-24,2026-04-18,24,-0.00944845706640205,-0.009590549958685416,,-0.0862912925,285.0089187198717
90-HYPERLIQUID-BTC-24APR2026,90,Hyperliquid,BTC,BTC,2026-04-24,2026-04-19,24,-0.011853402651049371,-0.01083443018648911,,-0.06009579,231.33048610808984
90-HYPERLIQUID-BTC-24APR2026,90,Hyperliquid,BTC,BTC,2026-04-24,2026-04-20,24,0.0012780473727322572,0.0002958107530547594,,-3.0185499999999893e-05,211.08338103579203
90-HYPERLIQUID-BTC-24APR2026,90,Hyperliquid,BTC,BTC,2026-04-24,2026-04-21,24,0.004831165192672023,0.0044890403036945215,,-0.009403568,261.9665863596635
90-HYPERLIQUID-BTC-24APR2026,90,Hyperliquid,BTC,BTC,2026-04-24,2026-04-22,24,-0.017130689826432326,-0.017615856072367667,,-0.0444580585,313.4146425842416
90-HYPERLIQUID-BTC-24APR2026,90,Hyperliquid,BTC,BTC,2026-04-24,2026-04-23,24,0.011921059916445799,0.011916009448232843,,0.0408442665,337.45505537568727
91-HYPERLIQUID-BTC-24APR2026,91,Hyperliquid,BTC,BTC,2026-04-24,2026-03-24,18,0.021721095991652204,0.022038799164325936,,0.06126125933333334,0.0
91-HYPERLIQUID-BTC-24APR2026,91,Hyperliquid,BTC,BTC,2026-04-24,2026-03-25,24,0.030205774100547696,0.031242005085211803,,0.0985423715,132901.24845979168
91-HYPERLIQUID-BTC-24APR2026,91,Hyperliquid,BTC,BTC,2026-04-24,2026-03-26,24,0.031705043528739325,0.03197415569330953,,0.054800808,207975.5633343647
91-HYPERLIQUID-BTC-24APR2026,91,Hyperliquid,BTC,BTC,2026-04-24,2026-03-27,24,0.03613688271850285,0.03625858377338046,,0.0887500055,406674.6353206387
91-HYPERLIQUID-BTC-24APR2026,91,Hyperliquid,BTC,BTC,2026-04-24,2026-03-28,24,0.03815320791095044,0.03862541916967513,,0.1062262055,745449.8892470915
91-HYPERLIQUID-BTC-24APR2026,91,Hyperliquid,BTC,BTC,2026-04-24,2026-03-29,24,0.0379517044660121,0.038228733733222976,,0.079541165,789307.1895662961
91-HYPERLIQUID-BTC-24APR2026,91,Hyperliquid,BTC,BTC,2026-04-24,2026-03-30,24,0.025483262619937164,0.02487332838557253,,-0.0433141485,981572.2641110447
91-HYPERLIQUID-BTC-24APR2026,91,Hyperliquid,BTC,BTC,2026-04-24,2026-03-31,24,0.019530174899277147,0.019126969944460767,,-0.044108644,1339724.0373234826
91-HYPERLIQUID-BTC-24APR2026,91,Hyperliquid,BTC,BTC,2026-04-24,2026-04-01,24,0.02118947669417533,0.021154203923133778,,-0.043497561,1522545.715340697
91-HYPERLIQUID-BTC-24APR2026,91,Hyperliquid,BTC,BTC,2026-04-24,2026-04-02,24,0.01563495283621305,0.015045780506159824,,-0.116082994,1389842.190274698
91-HYPERLIQUID-BTC-24APR2026,91,Hyperliquid,BTC,BTC,2026-04-24,2026-04-03,24,0.0164093511198512,0.016575324590101893,,-0.014135172500000001,1462128.4977244989
91-HYPERLIQUID-BTC-24APR2026,91,Hyperliquid,BTC,BTC,2026-04-24,2026-04-04,24,0.013579016216586854,0.013921304841002869,,-0.068249087,1498757.2086177636
91-HYPERLIQUID-BTC-24APR2026,91,Hyperliquid,BTC,BTC,2026-04-24,2026-04-05,24,0.005455126134004593,0.005147333772522362,,-0.150437597,1599316.0001565553
91-HYPERLIQUID-BTC-24APR2026,91,Hyperliquid,BTC,BTC,2026-04-24,2026-04-06,24,0.0211121029704338,0.02095058660092507,,-0.004271412500000001,1503457.9153979847
91-HYPERLIQUID-BTC-24APR2026,91,Hyperliquid,BTC,BTC,2026-04-24,2026-04-07,24,0.019966089304395297,0.01964979753166231,,0.0178918255,1470094.482808591
91-HYPERLIQUID-BTC-24APR2026,91,Hyperliquid,BTC,BTC,2026-04-24,2026-04-08,24,0.032052505135091204,0.03254182608837006,,0.0930969,1471426.4263612304
91-HYPERLIQUID-BTC-24APR2026,91,Hyperliquid,BTC,BTC,2026-04-24,2026-04-09,24,0.02928377017699675,0.028368123404333884,,0.019274445499999997,1555701.5529253583
91-HYPERLIQUID-BTC-24APR2026,91,Hyperliquid,BTC,BTC,2026-04-24,2026-04-10,24,0.037101075286554666,0.03743121326923204,,0.078999213,1939353.9402898636
91-HYPERLIQUID-BTC-24APR2026,91,Hyperliquid,BTC,BTC,2026-04-24,2026-04-11,24,0.045184780791712904,0.04511070084065189,,0.0957819495,1969591.3959789684
91-HYPERLIQUID-BTC-24APR2026,91,Hyperliquid,BTC,BTC,2026-04-24,2026-04-12,24,0.044824814958565995,0.04477841885430212,,0.026873417,2857616.4759580772
91-HYPERLIQUID-BTC-24APR2026,91,Hyperliquid,BTC,BTC,2026-04-24,2026-04-13,24,0.04635248366031247,0.0461454415017389,,0.004539796999999999,2926818.3971625473
91-HYPERLIQUID-BTC-24APR2026,91,Hyperliquid,BTC,BTC,2026-04-24,2026-04-14,24,0.03558016860003185,0.03589833787945406,,-0.0571994055,2327429.3862327845
91-HYPERLIQUID-BTC-24APR2026,91,Hyperliquid,BTC,BTC,2026-04-24,2026-04-15,24,0.021955185041243806,0.021557513298270225,,-0.076013659,3683439.4650246357
91-HYPERLIQUID-BTC-24APR2026,91,Hyperliquid,BTC,BTC,2026-04-24,2026-04-16,24,0.02089594921025568,0.020775271803113723,,-0.015157318500000001,3663768.8038437045
91-HYPERLIQUID-BTC-24APR2026,91,Hyperliquid,BTC,BTC,2026-04-24,2026-04-17,24,0.02008979088994736,0.01985786156426782,,-0.041548022999999996,4024487.297261083
91-HYPERLIQUID-BTC-24APR2026,91,Hyperliquid,BTC,BTC,2026-04-24,2026-04-18,24,-0.006634405514937586,-0.0063262493696089475,,-0.0862912925,3817440.4672960006
91-HYPERLIQUID-BTC-24APR2026,91,Hyperliquid,BTC,BTC,2026-04-24,2026-04-19,24,-0.009910843341645053,-0.009115515783187953,,-0.06009579,3709760.238995168
91-HYPERLIQUID-BTC-24APR2026,91,Hyperliquid,BTC,BTC,2026-04-24,2026-04-20,24,7.40457273505156e-05,0.0011928922399500569,,-3.0185499999999893e-05,4015123.764940648
91-HYPERLIQUID-BTC-24APR2026,91,Hyperliquid,BTC,BTC,2026-04-24,2026-04-21,24,0.0022677460632633253,0.0016727788183591023,,-0.009403568,4408825.587869548
91-HYPERLIQUID-BTC-24APR2026,91,Hyperliquid,BTC,BTC,2026-04-24,2026-04-22,24,-0.022317574143286962,-0.022033762266585825,,-0.0444580585,5117884.661383001
91-HYPERLIQUID-BTC-24APR2026,91,Hyperliquid,BTC,BTC,2026-04-24,2026-04-23,24,0.009437492000697758,0.011997355237140128,,0.0408442665,5836234.371161499
92-OKX-BTCUSDT-24APR2026,92,OKX,BTC,BTCUSDT,2026-04-24,2026-03-24,18,0.01894915085654076,0.01894343454590419,,0.06438163506168243,0.008333333333333335
92-OKX-BTCUSDT-24APR2026,92,OKX,BTC,BTCUSDT,2026-04-24,2026-03-25,24,0.014356832593751373,0.014825549431994892,,0.02880291086708275,4.805754422438633
92-OKX-BTCUSDT-24APR2026,92,OKX,BTC,BTCUSDT,2026-04-24,2026-03-26,24,0.019396870534724518,0.019667296073524018,,0.07627416436138025,4.935081219377271
92-OKX-BTCUSDT-24APR2026,92,OKX,BTC,BTCUSDT,2026-04-24,2026-03-27,24,0.020507328104880023,0.020060816567083254,,0.039387114477054806,7.785057850284495
92-OKX-BTCUSDT-24APR2026,92,OKX,BTC,BTCUSDT,2026-04-24,2026-03-28,24,0.01841926366629504,0.017551819216263587,,-0.006793018584651314,10.357948643116801
92-OKX-BTCUSDT-24APR2026,92,OKX,BTC,BTCUSDT,2026-04-24,2026-03-29,24,0.01852119729071757,0.01838358268942426,,-0.0049109887294166875,9.686958193423687
92-OKX-BTCUSDT-24APR2026,92,OKX,BTC,BTCUSDT,2026-04-24,2026-03-30,24,0.019395868492840557,0.0193937107308146,,0.041657711525757625,8.808212019178283
92-OKX-BTCUSDT-24APR2026,92,OKX,BTC,BTCUSDT,2026-04-24,2026-03-31,24,0.022210566813275476,0.022125344329493687,,0.049274201919885185,9.750227517969618
92-OKX-BTCUSDT-24APR2026,92,OKX,BTC,BTCUSDT,2026-04-24,2026-04-01,24,0.02387411789352883,0.0239144932109073,,0.05390368615519369,11.74552629966887
92-OKX-BTCUSDT-24APR2026,92,OKX,BTC,BTCUSDT,2026-04-24,2026-04-02,24,0.02225428565535138,0.022630811576946627,,-0.014501204941203688,12.149308989674436
92-OKX-BTCUSDT-24APR2026,92,OKX,BTC,BTCUSDT,2026-04-24,2026-04-03,24,0.017999544947349264,0.018247585621583604,,0.0195305766751185,12.02050477873454
92-OKX-BTCUSDT-24APR2026,92,OKX,BTC,BTCUSDT,2026-04-24,2026-04-04,24,0.01846802553928057,0.018264337029058816,,0.00959964915953125,13.22437503559467
92-OKX-BTCUSDT-24APR2026,92,OKX,BTC,BTCUSDT,2026-04-24,2026-04-05,24,0.01926423837606613,0.019436328000963957,,0.010143781755151125,13.135369785309203
92-OKX-BTCUSDT-24APR2026,92,OKX,BTC,BTCUSDT,2026-04-24,2026-04-06,24,0.025855445351382237,0.02604386975048448,,0.07160976635609313,9.165223640414576
92-OKX-BTCUSDT-24APR2026,92,OKX,BTC,BTCUSDT,2026-04-24,2026-04-07,24,0.02284967002459233,0.02376127609423692,,0.022582086763398124,8.004074697643615
92-OKX-BTCUSDT-24APR2026,92,OKX,BTC,BTCUSDT,2026-04-24,2026-04-08,24,0.027926860964452353,0.028412774071589517,,0.09965885786538793,8.781315527717108
92-OKX-BTCUSDT-24APR2026,92,OKX,BTC,BTCUSDT,2026-04-24,2026-04-09,24,0.03101335546695938,0.031548133116677375,,0.0693271524101045,10.74192663287681
92-OKX-BTCUSDT-24APR2026,92,OKX,BTC,BTCUSDT,2026-04-24,2026-04-10,24,0.03626079618726503,0.03641545615599066,,0.02849639283379138,7.887581351067415
92-OKX-BTCUSDT-24APR2026,92,OKX,BTC,BTCUSDT,2026-04-24,2026-04-11,24,0.03431013818504298,0.03504944136857555,,0.03318481893404737,7.8040483094007485
92-OKX-BTCUSDT-24APR2026,92,OKX,BTC,BTCUSDT,2026-04-24,2026-04-12,24,0.03392332250334736,0.03448804824584182,,0.03145022085544782,8.565487863259657
92-OKX-BTCUSDT-24APR2026,92,OKX,BTC,BTCUSDT,2026-04-24,2026-04-13,24,0.03571921203450137,0.03559920337412107,,0.030833833527061625,7.697391810371467
92-OKX-BTCUSDT-24APR2026,92,OKX,BTC,BTCUSDT,2026-04-24,2026-04-14,24,0.03154818797292238,0.031943863475026396,,0.03919028987195469,7.651729477363812
92-OKX-BTCUSDT-24APR2026,92,OKX,BTC,BTCUSDT,2026-04-24,2026-04-15,24,0.016094839307777446,0.016135135685364194,,-0.06560989495794238,8.084828384215276
92-OKX-BTCUSDT-24APR2026,92,OKX,BTC,BTCUSDT,2026-04-24,2026-04-16,24,0.01829014435469416,0.018104424139632844,,-0.03693727007374825,7.6310113572114355
92-OKX-BTCUSDT-24APR2026,92,OKX,BTC,BTCUSDT,2026-04-24,2026-04-17,24,0.01740043224000909,0.017863078376417863,,-0.02659492325028469,7.4213436541002915
92-OKX-BTCUSDT-24APR2026,92,OKX,BTC,BTCUSDT,2026-04-24,2026-04-18,24,0.014484843785575692,0.01433624168172073,,-0.00752867767841925,7.6559539156661565
92-OKX-BTCUSDT-24APR2026,92,OKX,BTC,BTCUSDT,2026-04-24,2026-04-19,24,0.01084484058213196,0.011024559895699513,,-0.04854196663448119,7.493465861167209
92-OKX-BTCUSDT-24APR2026,92,OKX,BTC,BTCUSDT,2026-04-24,2026-04-20,24,0.015034848148960224,0.015552830913746806,,0.003230473648329749,6.80764561219253
92-OKX-BTCUSDT-24APR2026,92,OKX,BTC,BTCUSDT,2026-04-24,2026-04-21,24,0.021372835838990783,0.021566695610594853,,-0.0005957369087742488,6.564656278121618
92-OKX-BTCUSDT-24APR2026,92,OKX,BTC,BTCUSDT,2026-04-24,2026-04-22,24,0.017648189735526596,0.016622756233266,,-0.007496149382653063,6.919394841869728
92-OKX-BTCUSDT-24APR2026,92,OKX,BTC,BTCUSDT,2026-04-24,2026-04-23,24,-0.0043383542840575795,-0.004514344242193754,,-0.054481747712786556,8.146171314111113
93-BINANCE-XAUUSDT-24APR2026,93,Binance,XAU,XAUUSDT,2026-04-24,2026-03-24,18,0.1500022082133017,0.15003974783943066,0.15,0.02840673333333333,5120.927940865
93-BINANCE-XAUUSDT-24APR2026,93,Binance,XAU,XAUUSDT,2026-04-24,2026-03-25,24,0.15,0.15003974783943066,0.15,0.035623999999999996,5422.15899621
93-BINANCE-XAUUSDT-24APR2026,93,Binance,XAU,XAUUSDT,2026-04-24,2026-03-26,24,0.11917165866264307,0.11942482489680555,0.11917165866264307,0.0044457,136458.9653362507
93-BINANCE-XAUUSDT-24APR2026,93,Binance,XAU,XAUUSDT,2026-04-24,2026-03-27,24,0.10408187945895057,0.10423631099228675,0.10408187945895059,0.0908777,324402.56953115464
93-BINANCE-XAUUSDT-24APR2026,93,Binance,XAU,XAUUSDT,2026-04-24,2026-03-28,24,0.09820766688993415,0.0982165799705737,0.09820766688993415,0.2779575375,698396.379517795
93-BINANCE-XAUUSDT-24APR2026,93,Binance,XAU,XAUUSDT,2026-04-24,2026-03-29,24,0.10117995319048118,0.10078646816750232,0.10117995319048118,0.7569251375,841537.2692640795
93-BINANCE-XAUUSDT-24APR2026,93,Binance,XAU,XAUUSDT,2026-04-24,2026-03-30,24,0.08519197806682477,0.08511699423273898,0.08519197806682477,0.19598127499999998,1027392.2460541547
93-BINANCE-XAUUSDT-24APR2026,93,Binance,XAU,XAUUSDT,2026-04-24,2026-03-31,24,0.06214823479251575,0.06216573503367109,0.06214823479251575,0.0,1290923.1599237788
93-BINANCE-XAUUSDT-24APR2026,93,Binance,XAU,XAUUSDT,2026-04-24,2026-04-01,24,0.057091579669279004,0.05721263051162195,0.057091579669279004,-0.172960725,943833.7629404763
93-BINANCE-XAUUSDT-24APR2026,93,Binance,XAU,XAUUSDT,2026-04-24,2026-04-02,24,0.05038223716190643,0.050358338418032556,0.05041215597955063,-0.1884376375,932836.2836298925
93-BINANCE-XAUUSDT-24APR2026,93,Binance,XAU,XAUUSDT,2026-04-24,2026-04-03,24,0.04994514418657956,0.049956550188703604,0.05000166841337708,-0.33923738750000004,1150310.8211080746
93-BINANCE-XAUUSDT-24APR2026,93,Binance,XAU,XAUUSDT,2026-04-24,2026-04-04,24,0.05000339251703776,0.04997550726358774,0.05000339251703776,-0.3295010125,1154511.962296591
93-BINANCE-XAUUSDT-24APR2026,93,Binance,XAU,XAUUSDT,2026-04-24,2026-04-05,24,0.004720846515501199,0.006319621339067198,0.052770704859915474,-1.6715685999999998,1553501.645244782
93-BINANCE-XAUUSDT-24APR2026,93,Binance,XAU,XAUUSDT,2026-04-24,2026-04-06,24,-0.041388666056519814,-0.03939106220632748,,-0.3722005375,1903917.933069024
93-BINANCE-XAUUSDT-24APR2026,93,Binance,XAU,XAUUSDT,2026-04-24,2026-04-07,24,-0.035181170160505364,-0.03204579742408801,,0.0,1814356.4711449256
93-BINANCE-XAUUSDT-24APR2026,93,Binance,XAU,XAUUSDT,2026-04-24,2026-04-08,24,-0.02643480863079074,-0.02741756208391311,,-0.02578725,1536818.8706722818
93-BINANCE-XAUUSDT-24APR2026,93,Binance,XAU,XAUUSDT,2026-04-24,2026-04-09,24,-0.025416926049508615,-0.024021859597355266,,-0.000717225,1460714.2248479754
93-BINANCE-XAUUSDT-24APR2026,93,Binance,XAU,XAUUSDT,2026-04-24,2026-04-10,24,-0.026488193469911672,-0.023764043005763347,,-0.00023907500000000002,1252081.3166716557
93-BINANCE-XAUUSDT-24APR2026,93,Binance,XAU,XAUUSDT,2026-04-24,2026-04-11,24,-0.023028001925253908,-0.02182730545643383,,0.0,834815.5003190158
93-BINANCE-XAUUSDT-24APR2026,93,Binance,XAU,XAUUSDT,2026-04-24,2026-04-12,24,-0.08772854274448132,-0.08864471737672629,,-1.43354115,1951497.6433136808
93-BINANCE-XAUUSDT-24APR2026,93,Binance,XAU,XAUUSDT,2026-04-24,2026-04-13,24,-0.033795813290846126,-0.03472737581691961,,-0.29609165,1006663.532584424
93-BINANCE-XAUUSDT-24APR2026,93,Binance,XAU,XAUUSDT,2026-04-24,2026-04-14,24,-0.03576769358265494,-0.03667610039890016,,0.0,901141.9969121021
93-BINANCE-XAUUSDT-24APR2026,93,Binance,XAU,XAUUSDT,2026-04-24,2026-04-15,24,-0.042499332407791496,-0.042618156323359614,,-0.0283021,899319.3830570943
93-BINANCE-XAUUSDT-24APR2026,93,Binance,XAU,XAUUSDT,2026-04-24,2026-04-16,24,-0.04347728765678984,-0.04282922353626988,,0.0,893286.5041766777
93-BINANCE-XAUUSDT-24APR2026,93,Binance,XAU,XAUUSDT,2026-04-24,2026-04-17,24,-0.0387455553424968,-0.037198790865315794,,0.0,880174.4781732479
93-BINANCE-XAUUSDT-24APR2026,93,Binance,XAU,XAUUSDT,2026-04-24,2026-04-18,24,-0.035555597037698415,-0.04007671548216218,0.060783194141238596,-0.43134148749999995,812942.5059596157
93-BINANCE-XAUUSDT-24APR2026,93,Binance,XAU,XAUUSDT,2026-04-24,2026-04-19,24,-0.2152830642345522,-0.21905609681608865,,-1.967855525,709854.6624886886
93-BINANCE-XAUUSDT-24APR2026,93,Binance,XAU,XAUUSDT,2026-04-24,2026-04-20,24,-0.032652339190018455,-0.03089139355079541,,-0.3613162374999999,594768.0088481348
93-BINANCE-XAUUSDT-24APR2026,93,Binance,XAU,XAUUSDT,2026-04-24,2026-04-21,24,-0.011960690723792572,-0.013474953732929298,,0.026504475,662803.1869363036
93-BINANCE-XAUUSDT-24APR2026,93,Binance,XAU,XAUUSDT,2026-04-24,2026-04-22,24,0.006691584337990252,0.010021964287109655,0.05312362947764812,0.061654887500000005,923129.9313013046
93-BINANCE-XAUUSDT-24APR2026,93,Binance,XAU,XAUUSDT,2026-04-24,2026-04-23,24,0.042592294567234255,0.0406250760939941,0.05624725895029624,0.0935212125,574700.9718611931
94-HYPERLIQUID-xyzGOLD-24APR2026,94,Hyperliquid,XAU,xyzGOLD,2026-04-24,2026-03-24,18,0.08000222207682801,0.08003999738290433,0.08,0.12376244799999998,10906.858733056111
94-HYPERLIQUID-xyzGOLD-24APR2026,94,Hyperliquid,XAU,xyzGOLD,2026-04-24,2026-03-25,24,0.08,0.08003999738290433,0.08,0.0591635435,11548.43865853
94-HYPERLIQUID-xyzGOLD-24APR2026,94,Hyperliquid,XAU,xyzGOLD,2026-04-24,2026-03-26,24,0.0783875862760638,0.07788340770646346,0.0783875862760638,0.0056122765,28774.827800265713
94-HYPERLIQUID-xyzGOLD-24APR2026,94,Hyperliquid,XAU,xyzGOLD,2026-04-24,2026-03-27,24,0.10550711299027864,0.10557989866063201,0.10550711299027864,0.0699771795,155679.30488252346
94-HYPERLIQUID-xyzGOLD-24APR2026,94,Hyperliquid,XAU,xyzGOLD,2026-04-24,2026-03-28,24,0.09426303819233561,0.09424572504734587,0.09426303819233561,0.04559222300000001,125537.66831578355
94-HYPERLIQUID-xyzGOLD-24APR2026,94,Hyperliquid,XAU,xyzGOLD,2026-04-24,2026-03-29,24,0.09178375836425684,0.09169503438407572,0.09178375836425684,0.089667579,129643.90246688195
94-HYPERLIQUID-xyzGOLD-24APR2026,94,Hyperliquid,XAU,xyzGOLD,2026-04-24,2026-03-30,24,0.07565999858370924,0.0756084924811453,0.07565999858370924,0.053878745,191792.31720731742
94-HYPERLIQUID-xyzGOLD-24APR2026,94,Hyperliquid,XAU,xyzGOLD,2026-04-24,2026-03-31,24,0.06861683128525738,0.06862944389379426,0.06861683128525738,0.0267804515,216846.85113290293
94-HYPERLIQUID-xyzGOLD-24APR2026,94,Hyperliquid,XAU,xyzGOLD,2026-04-24,2026-04-01,24,0.04406125829709304,0.04418332234425302,0.04406125829709304,-0.257004019,468426.1954450779
94-HYPERLIQUID-xyzGOLD-24APR2026,94,Hyperliquid,XAU,xyzGOLD,2026-04-24,2026-04-02,24,0.024213674169553154,0.024173195859134963,0.024213674169553154,-0.1729723685,642286.206789721
94-HYPERLIQUID-xyzGOLD-24APR2026,94,Hyperliquid,XAU,xyzGOLD,2026-04-24,2026-04-03,24,0.026075593019858862,0.0260297951364214,0.026075593019858862,0.007930172499999999,639726.4459097405
94-HYPERLIQUID-xyzGOLD-24APR2026,94,Hyperliquid,XAU,xyzGOLD,2026-04-24,2026-04-04,24,0.035564153719015376,0.035423838626703404,0.035564153719015376,0.050868079000000004,486880.0823867649
94-HYPERLIQUID-xyzGOLD-24APR2026,94,Hyperliquid,XAU,xyzGOLD,2026-04-24,2026-04-05,24,0.03507948165994027,0.03507675121621041,0.03507948165994027,-0.056531346,419793.3098625013
94-HYPERLIQUID-xyzGOLD-24APR2026,94,Hyperliquid,XAU,xyzGOLD,2026-04-24,2026-04-06,24,0.03232843201814531,0.032269678363038685,0.03232843201814531,-0.0076160535,352139.78605754854
94-HYPERLIQUID-xyzGOLD-24APR2026,94,Hyperliquid,XAU,xyzGOLD,2026-04-24,2026-04-07,24,0.04124726474803453,0.041192535019447224,0.04124726474803453,0.062411934,301365.505074522
94-HYPERLIQUID-xyzGOLD-24APR2026,94,Hyperliquid,XAU,xyzGOLD,2026-04-24,2026-04-08,24,0.04503169822984209,0.044964791693694606,0.04503169822984209,-0.0075909415,286591.0132537042
94-HYPERLIQUID-xyzGOLD-24APR2026,94,Hyperliquid,XAU,xyzGOLD,2026-04-24,2026-04-09,24,0.04087051418595756,0.0408661718753846,0.04087051418595756,-0.0494705305,341963.4908440375
94-HYPERLIQUID-xyzGOLD-24APR2026,94,Hyperliquid,XAU,xyzGOLD,2026-04-24,2026-04-10,24,0.04553434934456408,0.04550386067090495,0.04553434934456408,0.017498246,352406.8972832875
94-HYPERLIQUID-xyzGOLD-24APR2026,94,Hyperliquid,XAU,xyzGOLD,2026-04-24,2026-04-11,24,0.04607065566415827,0.04601363888698499,0.04607065566415827,0.045487249,352406.8972832875
94-HYPERLIQUID-xyzGOLD-24APR2026,94,Hyperliquid,XAU,xyzGOLD,2026-04-24,2026-04-12,24,0.029329016774928402,0.03012908698795284,0.03837463865842323,-0.2315653805,405092.2992053475
94-HYPERLIQUID-xyzGOLD-24APR2026,94,Hyperliquid,XAU,xyzGOLD,2026-04-24,2026-04-13,24,0.008735317273416998,0.00687914173548721,,-0.018801004,437029.92298599373
94-HYPERLIQUID-xyzGOLD-24APR2026,94,Hyperliquid,XAU,xyzGOLD,2026-04-24,2026-04-14,24,0.01923643280485993,0.01755719330066365,0.021745654007340822,0.0347306625,398946.64190931065
94-HYPERLIQUID-xyzGOLD-24APR2026,94,Hyperliquid,XAU,xyzGOLD,2026-04-24,2026-04-15,24,0.02863156953565221,0.028614823357453575,0.02863156953565221,0.0661589145,522131.8410910712
94-HYPERLIQUID-xyzGOLD-24APR2026,94,Hyperliquid,XAU,xyzGOLD,2026-04-24,2026-04-16,24,0.03721720104141358,0.03728192787918597,0.03721720104141358,0.06632542749999999,730307.7746121828
94-HYPERLIQUID-xyzGOLD-24APR2026,94,Hyperliquid,XAU,xyzGOLD,2026-04-24,2026-04-17,24,0.041039600087346445,0.04104830598797622,0.041039600087346445,0.06290103400000001,704957.8077016674
94-HYPERLIQUID-xyzGOLD-24APR2026,94,Hyperliquid,XAU,xyzGOLD,2026-04-24,2026-04-18,24,0.04264254588831765,0.042732764935801505,0.04264254588831765,-0.047342325,746845.5876171662
94-HYPERLIQUID-xyzGOLD-24APR2026,94,Hyperliquid,XAU,xyzGOLD,2026-04-24,2026-04-19,24,0.009950620892462462,0.010287867920399147,0.022856736886851487,-0.2318354075,511974.6492522115
94-HYPERLIQUID-xyzGOLD-24APR2026,94,Hyperliquid,XAU,xyzGOLD,2026-04-24,2026-04-20,24,0.0031651273514612262,0.004727037574965364,,0.052738996,779175.1378559861
94-HYPERLIQUID-xyzGOLD-24APR2026,94,Hyperliquid,XAU,xyzGOLD,2026-04-24,2026-04-21,24,0.013897212053491847,0.01187537810745122,0.023989837105329145,0.098593727,908354.6089413892
94-HYPERLIQUID-xyzGOLD-24APR2026,94,Hyperliquid,XAU,xyzGOLD,2026-04-24,2026-04-22,24,0.03551594574949366,0.035333673853098053,0.03551594574949366,0.1529042305,821803.82019676
94-HYPERLIQUID-xyzGOLD-24APR2026,94,Hyperliquid,XAU,xyzGOLD,2026-04-24,2026-04-23,24,0.08405259097890928,0.08368443555440229,0.08408370161981382,0.1516128605,608398.5240472105
95-BINANCE-XAGUSDT-24APR2026,95,Binance,XAG,XAGUSDT,2026-04-24,2026-03-24,18,0.1800053378594889,0.18009608147080067,0.18,0.05589245000000001,4104.046646747778
95-BINANCE-XAGUSDT-24APR2026,95,Binance,XAG,XAGUSDT,2026-04-24,2026-03-25,24,0.18000000000000002,0.18009608147080067,0.18000000000000002,0.10857381249999999,4345.46115538
95-BINANCE-XAGUSDT-24APR2026,95,Binance,XAG,XAGUSDT,2026-04-24,2026-03-26,24,0.15387776229362465,0.15613987424857453,0.15387776229362465,0.129328625,375427.2417420048
95-BINANCE-XAGUSDT-24APR2026,95,Binance,XAG,XAGUSDT,2026-04-24,2026-03-27,24,0.140921455871821,0.14136876436545256,0.140921455871821,0.05648192500000001,651301.653650697
95-BINANCE-XAGUSDT-24APR2026,95,Binance,XAG,XAGUSDT,2026-04-24,2026-03-28,24,0.11971501097146646,0.11972582238375125,0.11971501097146646,0.129795825,679355.5386542175
95-BINANCE-XAGUSDT-24APR2026,95,Binance,XAG,XAGUSDT,2026-04-24,2026-03-29,24,0.11404473756187601,0.11404473756187601,0.11404473756187601,0.1045423875,691855.5386542175
95-BINANCE-XAGUSDT-24APR2026,95,Binance,XAG,XAGUSDT,2026-04-24,2026-03-30,24,0.09344197796306399,0.09344693609367888,0.09344197796306399,0.008218887499999999,1205967.1276798425
95-BINANCE-XAGUSDT-24APR2026,95,Binance,XAG,XAGUSDT,2026-04-24,2026-03-31,24,0.08502111542977188,0.08502111542977187,0.08502111542977188,0.0633348,1333770.5320269885
95-BINANCE-XAGUSDT-24APR2026,95,Binance,XAG,XAGUSDT,2026-04-24,2026-04-01,24,0.09166282558895628,0.09166658958450506,0.09166282558895628,0.0,1332817.1768449214
95-BINANCE-XAGUSDT-24APR2026,95,Binance,XAG,XAGUSDT,2026-04-24,2026-04-02,24,0.09854668478752616,0.09854572275708229,0.09854668478752616,0.00917245,1306282.1999335857
95-BINANCE-XAGUSDT-24APR2026,95,Binance,XAG,XAGUSDT,2026-04-24,2026-04-03,24,0.08290231255336608,0.08294741544062419,0.08290231255336608,-0.3217593625,1477788.5218232323
95-BINANCE-XAGUSDT-24APR2026,95,Binance,XAG,XAGUSDT,2026-04-24,2026-04-04,24,0.07435878302755135,0.07437670823714991,0.07435878302755135,-0.2380466125,1722714.9935936758
95-BINANCE-XAGUSDT-24APR2026,95,Binance,XAG,XAGUSDT,2026-04-24,2026-04-05,24,0.00301915234631032,0.003937448559851972,0.07021615109716774,-1.5985184125,1809247.7095157376
95-BINANCE-XAGUSDT-24APR2026,95,Binance,XAG,XAGUSDT,2026-04-24,2026-04-06,24,0.04196041828695343,0.042175035837495524,0.05236471010980238,-0.24618611250000003,1839562.4795293445
95-BINANCE-XAGUSDT-24APR2026,95,Binance,XAG,XAGUSDT,2026-04-24,2026-04-07,24,0.05579765596462724,0.05575713604958288,0.05579765596462724,0.1636778625,1822370.2694391012
95-BINANCE-XAGUSDT-24APR2026,95,Binance,XAG,XAGUSDT,2026-04-24,2026-04-08,24,0.059447464690623085,0.059607495777278884,0.059447464690623085,0.0759300375,1811968.6096167527
95-BINANCE-XAGUSDT-24APR2026,95,Binance,XAG,XAGUSDT,2026-04-24,2026-04-09,24,0.05562206366944552,0.05564538238434299,0.05562206366944552,0.0,1821222.0219338147
95-BINANCE-XAGUSDT-24APR2026,95,Binance,XAG,XAGUSDT,2026-04-24,2026-04-10,24,0.054678828963050936,0.05472478012780363,0.054678828963050936,0.0916515,1820352.925453146
95-BINANCE-XAGUSDT-24APR2026,95,Binance,XAG,XAGUSDT,2026-04-24,2026-04-11,24,0.06397068464296356,0.06392001254863079,0.06397068464296356,0.0696128,1810838.784457049
95-BINANCE-XAGUSDT-24APR2026,95,Binance,XAG,XAGUSDT,2026-04-24,2026-04-12,24,-0.0601236730641878,-0.06398665551340495,0.06434591302234613,-2.3006050375,1884765.2866495482
95-BINANCE-XAGUSDT-24APR2026,95,Binance,XAG,XAGUSDT,2026-04-24,2026-04-13,24,0.036667864330930965,0.040798844822514974,0.053750670664879346,-0.5135769,1808765.1312686175
95-BINANCE-XAGUSDT-24APR2026,95,Binance,XAG,XAGUSDT,2026-04-24,2026-04-14,24,0.04956290677587538,0.05000904670376736,0.05000904670376736,0.0006670374999999999,1802300.6725481453
95-BINANCE-XAGUSDT-24APR2026,95,Binance,XAG,XAGUSDT,2026-04-24,2026-04-15,24,0.05000904670376736,0.05000904670376736,0.05000904670376736,0.0,1802322.2252306081
95-BINANCE-XAGUSDT-24APR2026,95,Binance,XAG,XAGUSDT,2026-04-24,2026-04-16,24,0.05000904670376736,0.05000904670376736,0.05000904670376736,0.0,1802322.2252306081
95-BINANCE-XAGUSDT-24APR2026,95,Binance,XAG,XAGUSDT,2026-04-24,2026-04-17,24,0.05398689383564939,0.05395922110615912,0.05398689383564939,0.0281223375,1800362.841188441
95-BINANCE-XAGUSDT-24APR2026,95,Binance,XAG,XAGUSDT,2026-04-24,2026-04-18,24,0.059260783152755105,0.05416506363238422,0.10171512411923561,0.0851481125,1826786.6238084855
95-BINANCE-XAGUSDT-24APR2026,95,Binance,XAG,XAGUSDT,2026-04-24,2026-04-19,24,-0.1574202560547802,-0.15995784981356004,,-1.7732475625000002,1899015.4560481336
95-BINANCE-XAGUSDT-24APR2026,95,Binance,XAG,XAGUSDT,2026-04-24,2026-04-20,24,-0.012711841812611294,-0.015482946596551396,0.05109011073114298,-0.7023028875,1787700.9829857901
95-BINANCE-XAGUSDT-24APR2026,95,Binance,XAG,XAGUSDT,2026-04-24,2026-04-21,24,0.05226661201568029,0.05222315129707023,0.05226661201568029,0.014056149999999998,1742211.1966620125
95-BINANCE-XAGUSDT-24APR2026,95,Binance,XAG,XAGUSDT,2026-04-24,2026-04-22,24,0.05673731689692208,0.05664481853911683,0.05673731689692208,0.005443975,1726669.5299953457
95-BINANCE-XAGUSDT-24APR2026,95,Binance,XAG,XAGUSDT,2026-04-24,2026-04-23,24,0.0641824386551702,0.06389906513120551,0.06402980199659697,0.0745111,1726669.5299953457
96-HYPERLIQUID-xyzSILVER-24APR2026,96,Hyperliquid,XAG,xyzSILVER,2026-04-24,2026-03-24,18,0.09000122013593369,0.09002196244680642,0.09,0.07582806866666666,9250.208174936668
96-HYPERLIQUID-xyzSILVER-24APR2026,96,Hyperliquid,XAG,xyzSILVER,2026-04-24,2026-03-25,24,0.09000000000000001,0.09002196244680642,0.09000000000000001,0.0812859015,9794.33806758
96-HYPERLIQUID-xyzSILVER-24APR2026,96,Hyperliquid,XAG,xyzSILVER,2026-04-24,2026-03-26,24,0.09044895008180155,0.09049081509838562,0.09044895008180155,0.051659070499999994,398110.0271745466
96-HYPERLIQUID-xyzSILVER-24APR2026,96,Hyperliquid,XAG,xyzSILVER,2026-04-24,2026-03-27,24,0.10060168831230225,0.1006060514244837,0.10060168831230225,0.033287780999999995,1101684.5238632725
96-HYPERLIQUID-xyzSILVER-24APR2026,96,Hyperliquid,XAG,xyzSILVER,2026-04-24,2026-03-28,24,0.08619395907647813,0.08672710627137858,0.08619395907647813,0.0458016235,923918.6744102287
96-HYPERLIQUID-xyzSILVER-24APR2026,96,Hyperliquid,XAG,xyzSILVER,2026-04-24,2026-03-29,24,0.08429872357586532,0.08421077125681535,0.08429872357586532,0.06309827999999999,889300.5449556173
96-HYPERLIQUID-xyzSILVER-24APR2026,96,Hyperliquid,XAG,xyzSILVER,2026-04-24,2026-03-30,24,0.08131715812981587,0.08147072591697134,0.08131715812981587,0.0356966715,926403.3432806773
96-HYPERLIQUID-xyzSILVER-24APR2026,96,Hyperliquid,XAG,xyzSILVER,2026-04-24,2026-03-31,24,0.08490420193455694,0.0849331997965609,0.08490420193455694,0.0994334825,727872.375082611
96-HYPERLIQUID-xyzSILVER-24APR2026,96,Hyperliquid,XAG,xyzSILVER,2026-04-24,2026-04-01,24,0.07597984985263033,0.0759725227438581,0.07589938974601373,-0.0633652775,723989.1375149958
96-HYPERLIQUID-xyzSILVER-24APR2026,96,Hyperliquid,XAG,xyzSILVER,2026-04-24,2026-04-02,24,0.07566771453784027,0.07569752881194632,0.07566771453784027,-0.01560156,750200.9422371603
96-HYPERLIQUID-xyzSILVER-24APR2026,96,Hyperliquid,XAG,xyzSILVER,2026-04-24,2026-04-03,24,0.07919455834409585,0.0793566044292869,0.07919455834409585,0.0380244225,761114.3063553477
96-HYPERLIQUID-xyzSILVER-24APR2026,96,Hyperliquid,XAG,xyzSILVER,2026-04-24,2026-04-04,24,0.07801553227460595,0.07831335823237164,0.07801553227460595,0.050267581,761862.2579011541
96-HYPERLIQUID-xyzSILVER-24APR2026,96,Hyperliquid,XAG,xyzSILVER,2026-04-24,2026-04-05,24,0.06917807103905223,0.06977171408061397,0.06912671423680158,-0.1569196685,785451.3472564622
96-HYPERLIQUID-xyzSILVER-24APR2026,96,Hyperliquid,XAG,xyzSILVER,2026-04-24,2026-04-06,24,0.06909662417389055,0.06919592647454552,0.06916373127534793,-0.11084403949999999,734045.8755857694
96-HYPERLIQUID-xyzSILVER-24APR2026,96,Hyperliquid,XAG,xyzSILVER,2026-04-24,2026-04-07,24,0.070913884659476,0.07025045495370855,0.07094537716529271,0.07704712,696496.5195993951
96-HYPERLIQUID-xyzSILVER-24APR2026,96,Hyperliquid,XAG,xyzSILVER,2026-04-24,2026-04-08,24,0.07144372358498767,0.0714694406157288,0.07144372358498767,-0.085024998,658235.8522594873
96-HYPERLIQUID-xyzSILVER-24APR2026,96,Hyperliquid,XAG,xyzSILVER,2026-04-24,2026-04-09,24,0.056923909493668545,0.056928573187162344,0.056923909493668545,0.013016411000000004,704091.9083988924
96-HYPERLIQUID-xyzSILVER-24APR2026,96,Hyperliquid,XAG,xyzSILVER,2026-04-24,2026-04-10,24,0.059771744554347,0.05968640118096411,0.059771744554347,-0.004291378000000001,698845.9467743566
96-HYPERLIQUID-xyzSILVER-24APR2026,96,Hyperliquid,XAG,xyzSILVER,2026-04-24,2026-04-11,24,0.05823093540459393,0.05823093540459393,0.05823093540459393,0.0439069085,696933.9031517868
96-HYPERLIQUID-xyzSILVER-24APR2026,96,Hyperliquid,XAG,xyzSILVER,2026-04-24,2026-04-12,24,0.035390915816171924,0.034499921438081914,0.03927013655176571,-0.547651767,812021.778287144
96-HYPERLIQUID-xyzSILVER-24APR2026,96,Hyperliquid,XAG,xyzSILVER,2026-04-24,2026-04-13,24,0.029336321651449424,0.029159928649517483,0.029336321651449424,-0.07576688250000001,835894.3925578758
96-HYPERLIQUID-xyzSILVER-24APR2026,96,Hyperliquid,XAG,xyzSILVER,2026-04-24,2026-04-14,24,0.044016842333044225,0.044181758973518254,0.044016842333044225,0.0825730375,742946.4217648706
96-HYPERLIQUID-xyzSILVER-24APR2026,96,Hyperliquid,XAG,xyzSILVER,2026-04-24,2026-04-15,24,0.048456622549050705,0.048277089840251364,0.04841350249303439,0.08972408100000001,730264.0969980146
96-HYPERLIQUID-xyzSILVER-24APR2026,96,Hyperliquid,XAG,xyzSILVER,2026-04-24,2026-04-16,24,0.05303836906236454,0.053030195990319974,0.05303836906236454,0.095114985,708507.6130404351
96-HYPERLIQUID-xyzSILVER-24APR2026,96,Hyperliquid,XAG,xyzSILVER,2026-04-24,2026-04-17,24,0.05950483013658167,0.059482345672698084,0.05950483013658167,0.1294945905,677483.6059739597
96-HYPERLIQUID-xyzSILVER-24APR2026,96,Hyperliquid,XAG,xyzSILVER,2026-04-24,2026-04-18,24,0.06847674064781101,0.06828801595553985,0.06848121087663285,-0.017758272000000002,650360.4549997054
96-HYPERLIQUID-xyzSILVER-24APR2026,96,Hyperliquid,XAG,xyzSILVER,2026-04-24,2026-04-19,24,0.05672294922317341,0.056947702494074465,0.061099439720460745,-0.547785576,681148.0478749878
96-HYPERLIQUID-xyzSILVER-24APR2026,96,Hyperliquid,XAG,xyzSILVER,2026-04-24,2026-04-20,24,0.057972495661089696,0.057946482027706754,0.057857240511158155,0.0084502975,705659.614373154
96-HYPERLIQUID-xyzSILVER-24APR2026,96,Hyperliquid,XAG,xyzSILVER,2026-04-24,2026-04-21,24,0.070097009566378,0.07010178960959128,0.070097009566378,0.033403778,677845.0000782348
96-HYPERLIQUID-xyzSILVER-24APR2026,96,Hyperliquid,XAG,xyzSILVER,2026-04-24,2026-04-22,24,0.06409764221064378,0.06417596235353308,0.06409764221064378,0.0333681905,691844.3790951404
96-HYPERLIQUID-xyzSILVER-24APR2026,96,Hyperliquid,XAG,xyzSILVER,2026-04-24,2026-04-23,24,0.0681858961457374,0.06814583634122752,0.0681858961457374,0.0706892945,685762.7897487713
97-HYPERLIQUID-HYPE-24APR2026,97,Hyperliquid,HYPE,HYPE,2026-04-24,2026-03-24,18,0.08600583533345096,0.08610503600211737,0.086,0.10138108600000001,13672.25047346889
97-HYPERLIQUID-HYPE-24APR2026,97,Hyperliquid,HYPE,HYPE,2026-04-24,2026-03-25,24,0.08600000000000001,0.08610503600211737,0.08600000000000001,0.1086922915,14476.50050132
97-HYPERLIQUID-HYPE-24APR2026,97,Hyperliquid,HYPE,HYPE,2026-04-24,2026-03-26,24,0.08203512453137697,0.08201412795059361,0.08203512453137697,0.1088544975,95099.08825001425
97-HYPERLIQUID-HYPE-24APR2026,97,Hyperliquid,HYPE,HYPE,2026-04-24,2026-03-27,24,0.08112545627786186,0.08112083608610461,0.08112545627786186,0.1095,196121.11979966113
97-HYPERLIQUID-HYPE-24APR2026,97,Hyperliquid,HYPE,HYPE,2026-04-24,2026-03-28,24,0.08062995534604268,0.08062995534604268,0.08062995534604268,0.1095,215622.14987140163
97-HYPERLIQUID-HYPE-24APR2026,97,Hyperliquid,HYPE,HYPE,2026-04-24,2026-03-29,24,0.0786052292402452,0.07866007670358069,0.0786052292402452,0.092319669,252362.21526309013
97-HYPERLIQUID-HYPE-24APR2026,97,Hyperliquid,HYPE,HYPE,2026-04-24,2026-03-30,24,0.07474213748426395,0.0747793875007048,0.07474213748426395,0.0981613115,505585.0932925555
97-HYPERLIQUID-HYPE-24APR2026,97,Hyperliquid,HYPE,HYPE,2026-04-24,2026-03-31,24,0.07276407434818437,0.07275741908572823,0.07276407434818437,0.1095,716990.7162948735
97-HYPERLIQUID-HYPE-24APR2026,97,Hyperliquid,HYPE,HYPE,2026-04-24,2026-04-01,24,0.07014456149922368,0.07007336504164192,0.07014456149922368,0.1015400435,946925.9444719139
97-HYPERLIQUID-HYPE-24APR2026,97,Hyperliquid,HYPE,HYPE,2026-04-24,2026-04-02,24,0.06423445669626697,0.06429803092253007,0.06420754899983823,0.101299034,1424241.216898038
97-HYPERLIQUID-HYPE-24APR2026,97,Hyperliquid,HYPE,HYPE,2026-04-24,2026-04-03,24,0.06330597038960141,0.06326995559081335,0.06330597038960141,0.046732045,1496897.5754777025
97-HYPERLIQUID-HYPE-24APR2026,97,Hyperliquid,HYPE,HYPE,2026-04-24,2026-04-04,24,0.06162913062584328,0.061475612775288256,0.06162913062584328,0.0679923825,1494147.6183571878
97-HYPERLIQUID-HYPE-24APR2026,97,Hyperliquid,HYPE,HYPE,2026-04-24,2026-04-05,24,0.06610230281832949,0.06602629829215716,0.06603142350966686,0.0992209065,1519309.4177366064
97-HYPERLIQUID-HYPE-24APR2026,97,Hyperliquid,HYPE,HYPE,2026-04-24,2026-04-06,24,0.06144455305582092,0.061524538970723665,0.06144455305582092,0.006930145499999998,1592143.9070202874
97-HYPERLIQUID-HYPE-24APR2026,97,Hyperliquid,HYPE,HYPE,2026-04-24,2026-04-07,24,0.05987827891582345,0.059658805303851335,0.05987827891582345,0.0598395235,1639547.133054401
97-HYPERLIQUID-HYPE-24APR2026,97,Hyperliquid,HYPE,HYPE,2026-04-24,2026-04-08,24,0.05995114279454886,0.06012600725795467,0.05995114279454886,0.027473623,2010133.4615859615
97-HYPERLIQUID-HYPE-24APR2026,97,Hyperliquid,HYPE,HYPE,2026-04-24,2026-04-09,24,0.051943935387736645,0.05189141842100806,0.051935206068597056,0.011717960000000001,1813812.8862923924
97-HYPERLIQUID-HYPE-24APR2026,97,Hyperliquid,HYPE,HYPE,2026-04-24,2026-04-10,24,0.050052545979787276,0.0500366825829372,0.05003398405974887,0.003491079,1947330.8427115662
97-HYPERLIQUID-HYPE-24APR2026,97,Hyperliquid,HYPE,HYPE,2026-04-24,2026-04-11,24,0.05928484322417198,0.05916154879269763,0.05927637257965107,0.1095,2113398.415271899
97-HYPERLIQUID-HYPE-24APR2026,97,Hyperliquid,HYPE,HYPE,2026-04-24,2026-04-12,24,0.06303829324311323,0.0630381611584611,0.0629940175816678,0.0704974505,2290571.9447031645
97-HYPERLIQUID-HYPE-24APR2026,97,Hyperliquid,HYPE,HYPE,2026-04-24,2026-04-13,24,0.06672496397464828,0.06674763545450205,0.06672496397464828,0.056821375,2370575.9830188295
97-HYPERLIQUID-HYPE-24APR2026,97,Hyperliquid,HYPE,HYPE,2026-04-24,2026-04-14,24,0.06068837611514042,0.060662237381908894,0.06065774089607656,-0.019820631499999998,2548190.410735115
97-HYPERLIQUID-HYPE-24APR2026,97,Hyperliquid,HYPE,HYPE,2026-04-24,2026-04-15,24,0.043568930067496764,0.04382214212899461,0.04355200185696903,0.0105112335,2875339.350993007
97-HYPERLIQUID-HYPE-24APR2026,97,Hyperliquid,HYPE,HYPE,2026-04-24,2026-04-16,24,0.03314930067306017,0.03315393334566281,0.03386497692475653,-0.004690103999999998,2892484.2415774185
97-HYPERLIQUID-HYPE-24APR2026,97,Hyperliquid,HYPE,HYPE,2026-04-24,2026-04-17,24,0.03723081629835062,0.03713145177598217,0.03717768852826633,0.066112158,2913531.5703997887
97-HYPERLIQUID-HYPE-24APR2026,97,Hyperliquid,HYPE,HYPE,2026-04-24,2026-04-18,24,0.02976463351519547,0.02982354221228532,0.02976463351519547,-0.016161032,2705366.9636911894
97-HYPERLIQUID-HYPE-24APR2026,97,Hyperliquid,HYPE,HYPE,2026-04-24,2026-04-19,24,0.019978832657835868,0.01991261814297478,0.023127937015857896,-0.0424669835,2580442.0059134495
97-HYPERLIQUID-HYPE-24APR2026,97,Hyperliquid,HYPE,HYPE,2026-04-24,2026-04-20,24,0.02904196914976377,0.029305920429000713,0.031126020743262022,0.09557017649999999,2524188.563331947
97-HYPERLIQUID-HYPE-24APR2026,97,Hyperliquid,HYPE,HYPE,2026-04-24,2026-04-21,24,0.06134619272188633,0.0612937118755952,0.06134619272188633,0.099705298,2857002.2551892586
97-HYPERLIQUID-HYPE-24APR2026,97,Hyperliquid,HYPE,HYPE,2026-04-24,2026-04-22,24,0.05723581579225146,0.057228260378187505,0.05722298236860676,0.0463764985,3012634.62208516
97-HYPERLIQUID-HYPE-24APR2026,97,Hyperliquid,HYPE,HYPE,2026-04-24,2026-04-23,24,0.03146140332995495,0.03169971786140311,0.032759463261561074,0.0207563455,2665828.0168927023
98-BYBIT-HYPEUSDT-24APR2026,98,Bybit,HYPE,HYPEUSDT,2026-04-24,2026-03-24,18,0.03200003127344287,0.03200056292197165,0.032,-0.01989554166666667,25425.458513144444
98-BYBIT-HYPEUSDT-24APR2026,98,Bybit,HYPE,HYPEUSDT,2026-04-24,2026-03-25,24,0.032,0.03200056292197165,0.032,0.02382765625,26921.0737198
98-BYBIT-HYPEUSDT-24APR2026,98,Bybit,HYPE,HYPEUSDT,2026-04-24,2026-03-26,24,0.030528929182538134,0.03070780251524614,0.030528929182538134,-0.00666079375,81217.67866228544
98-BYBIT-HYPEUSDT-24APR2026,98,Bybit,HYPE,HYPEUSDT,2026-04-24,2026-03-27,24,0.03995836220602882,0.03995836220602882,0.03994567915429701,0.0972223125,271049.701707158
98-BYBIT-HYPEUSDT-24APR2026,98,Bybit,HYPE,HYPEUSDT,2026-04-24,2026-03-28,24,0.035225564401003114,0.03495148605421993,0.03515655248260449,-0.0345071,325350.60120203963
98-BYBIT-HYPEUSDT-24APR2026,98,Bybit,HYPE,HYPEUSDT,2026-04-24,2026-03-29,24,0.03340668437394712,0.033349966000234064,0.03340668437394712,-0.008228925,317600.88411090715
98-BYBIT-HYPEUSDT-24APR2026,98,Bybit,HYPE,HYPEUSDT,2026-04-24,2026-03-30,24,0.03074054523314119,0.030863759749225922,0.030689139034293225,-0.035954324999999995,432955.6722147697
98-BYBIT-HYPEUSDT-24APR2026,98,Bybit,HYPE,HYPEUSDT,2026-04-24,2026-03-31,24,0.0347898043477618,0.03471430975384875,0.0347898043477618,0.09579288125,567682.6152820237
98-BYBIT-HYPEUSDT-24APR2026,98,Bybit,HYPE,HYPEUSDT,2026-04-24,2026-04-01,24,0.04153198501926589,0.04154305001663821,0.04153198501926589,0.1095,724386.1172254495
98-BYBIT-HYPEUSDT-24APR2026,98,Bybit,HYPE,HYPEUSDT,2026-04-24,2026-04-02,24,0.041704382174445026,0.04165154197991075,0.041704382174445026,0.10757416874999999,720503.4228268783
98-BYBIT-HYPEUSDT-24APR2026,98,Bybit,HYPE,HYPEUSDT,2026-04-24,2026-04-03,24,0.03633925068912479,0.03639754027042803,0.03628774731778305,0.036302900000000006,717810.5110302487
98-BYBIT-HYPEUSDT-24APR2026,98,Bybit,HYPE,HYPEUSDT,2026-04-24,2026-04-04,24,0.02677422525656342,0.02683536829806663,0.02677422525656342,-0.01925375,782076.3007203491
98-BYBIT-HYPEUSDT-24APR2026,98,Bybit,HYPE,HYPEUSDT,2026-04-24,2026-04-05,24,0.02494348964456782,0.024890384595705223,0.02494348964456782,-0.0080144875,820527.7366606143
98-BYBIT-HYPEUSDT-24APR2026,98,Bybit,HYPE,HYPEUSDT,2026-04-24,2026-04-06,24,0.030830922109137102,0.030877491797975165,0.03080549405277096,0.0732472875,775006.2230018307
98-BYBIT-HYPEUSDT-24APR2026,98,Bybit,HYPE,HYPEUSDT,2026-04-24,2026-04-07,24,0.02646796776542781,0.026423704903004306,0.026423095220663217,-0.036815268750000005,812424.3128554703
98-BYBIT-HYPEUSDT-24APR2026,98,Bybit,HYPE,HYPEUSDT,2026-04-24,2026-04-08,24,0.03395977127649121,0.033958720523032344,0.03395977127649121,0.0517889375,795758.6285824763
98-BYBIT-HYPEUSDT-24APR2026,98,Bybit,HYPE,HYPEUSDT,2026-04-24,2026-04-09,24,0.03257301349388819,0.032581350703314874,0.03257301349388819,0.0168493125,816123.603211857
98-BYBIT-HYPEUSDT-24APR2026,98,Bybit,HYPE,HYPEUSDT,2026-04-24,2026-04-10,24,0.03299185626913397,0.03299925137648358,0.03299185626913397,0.034586487500000006,779752.2581826174
98-BYBIT-HYPEUSDT-24APR2026,98,Bybit,HYPE,HYPEUSDT,2026-04-24,2026-04-11,24,0.03280216450687684,0.03262087806322274,0.03280216450687684,0.013446600000000001,812498.6625223538
98-BYBIT-HYPEUSDT-24APR2026,98,Bybit,HYPE,HYPEUSDT,2026-04-24,2026-04-12,24,0.03230465172253375,0.03225472622905088,0.03226597394684296,0.0750339625,793277.87624352
98-BYBIT-HYPEUSDT-24APR2026,98,Bybit,HYPE,HYPEUSDT,2026-04-24,2026-04-13,24,0.0377281078460813,0.037663060004881586,0.0377281078460813,0.0372710625,838689.2398343642
98-BYBIT-HYPEUSDT-24APR2026,98,Bybit,HYPE,HYPEUSDT,2026-04-24,2026-04-14,24,0.035579691645367784,0.03555030116978083,0.035541102724117965,-0.0580286125,988035.0593779003
98-BYBIT-HYPEUSDT-24APR2026,98,Bybit,HYPE,HYPEUSDT,2026-04-24,2026-04-15,24,0.021329026801747416,0.021180608234751874,0.023874161046087052,-0.11410675625,1671563.3557680876
98-BYBIT-HYPEUSDT-24APR2026,98,Bybit,HYPE,HYPEUSDT,2026-04-24,2026-04-16,24,0.020096342548059275,0.02021322720130053,0.020096342548059275,-0.07106321875,1679102.2155994547
98-BYBIT-HYPEUSDT-24APR2026,98,Bybit,HYPE,HYPEUSDT,2026-04-24,2026-04-17,24,0.015129276908378808,0.015225267944935589,0.01509199684832456,-0.095657375,1788213.522185852
98-BYBIT-HYPEUSDT-24APR2026,98,Bybit,HYPE,HYPEUSDT,2026-04-24,2026-04-18,24,0.015772671271490547,0.015779931949095206,0.01571970326168704,-0.047528018750000005,1724374.5474249006
98-BYBIT-HYPEUSDT-24APR2026,98,Bybit,HYPE,HYPEUSDT,2026-04-24,2026-04-19,24,0.01532473217687967,0.01520621302357201,0.015172879200740758,0.04825163125,1683720.7793378877
98-BYBIT-HYPEUSDT-24APR2026,98,Bybit,HYPE,HYPEUSDT,2026-04-24,2026-04-20,24,0.02869336413791976,0.028693082676663043,0.02869336413791976,0.10517383749999999,1657595.0145160574
98-BYBIT-HYPEUSDT-24APR2026,98,Bybit,HYPE,HYPEUSDT,2026-04-24,2026-04-21,24,0.04302623853938861,0.042651334800942,0.04302623853938861,0.10414545000000001,1619817.8660683178
98-BYBIT-HYPEUSDT-24APR2026,98,Bybit,HYPE,HYPEUSDT,2026-04-24,2026-04-22,24,0.03388229637034513,0.03412026615691414,0.03388229637034513,0.04773515625,1698006.1987752628
98-BYBIT-HYPEUSDT-24APR2026,98,Bybit,HYPE,HYPEUSDT,2026-04-24,2026-04-23,24,0.02870848529068781,0.028210855373632354,0.021768019770367547,0.02954720625,1648562.8493227183
99-HYPERLIQUID-xyzSP500-24APR2026,99,Hyperliquid,S&P500,xyzSP500,2026-04-24,2026-03-24,18,-0.10023679181732628,-0.09998618163939257,,-0.061147038666666674,0.0
99-HYPERLIQUID-xyzSP500-24APR2026,99,Hyperliquid,S&P500,xyzSP500,2026-04-24,2026-03-25,24,-0.05017603186852045,-0.04682132057621255,,0.064909921,93898.33887033333
99-HYPERLIQUID-xyzSP500-24APR2026,99,Hyperliquid,S&P500,xyzSP500,2026-04-24,2026-03-26,24,-0.00919539128682033,-0.008258340082039782,,0.0196885745,247710.04070258336
99-HYPERLIQUID-xyzSP500-24APR2026,99,Hyperliquid,S&P500,xyzSP500,2026-04-24,2026-03-27,24,0.0006654917614709891,0.004319467480981398,,-0.0206068415,358367.32549917145
99-HYPERLIQUID-xyzSP500-24APR2026,99,Hyperliquid,S&P500,xyzSP500,2026-04-24,2026-03-28,24,0.002459032540746473,0.001810296680999283,,0.06929579749999999,413941.5345146518
99-HYPERLIQUID-xyzSP500-24APR2026,99,Hyperliquid,S&P500,xyzSP500,2026-04-24,2026-03-29,24,0.01615146132511809,0.015282494915443331,,-0.0371546275,458609.78207227885
99-HYPERLIQUID-xyzSP500-24APR2026,99,Hyperliquid,S&P500,xyzSP500,2026-04-24,2026-03-30,24,0.011427970350473193,0.010361038784565608,,-0.049720957,436394.0650559462
99-HYPERLIQUID-xyzSP500-24APR2026,99,Hyperliquid,S&P500,xyzSP500,2026-04-24,2026-03-31,24,-0.00023343704807900356,-0.002707183807366288,,-0.11365614550000001,419490.2658216799
99-HYPERLIQUID-xyzSP500-24APR2026,99,Hyperliquid,S&P500,xyzSP500,2026-04-24,2026-04-01,24,-0.014513707015107576,-0.01339078625309844,,-0.19123988849999998,402092.3123968153
99-HYPERLIQUID-xyzSP500-24APR2026,99,Hyperliquid,S&P500,xyzSP500,2026-04-24,2026-04-02,24,-0.04989737834858759,-0.051063630356557234,,-0.449575537,424776.39314053726
99-HYPERLIQUID-xyzSP500-24APR2026,99,Hyperliquid,S&P500,xyzSP500,2026-04-24,2026-04-03,24,-0.07291823583231173,-0.07368034092288961,,-0.160031476,364400.79007067275
99-HYPERLIQUID-xyzSP500-24APR2026,99,Hyperliquid,S&P500,xyzSP500,2026-04-24,2026-04-04,24,-0.030169579207831063,-0.026666262661877767,,-0.010278509500000003,418105.00877658726
99-HYPERLIQUID-xyzSP500-24APR2026,99,Hyperliquid,S&P500,xyzSP500,2026-04-24,2026-04-05,24,-0.02003925496956521,-0.01899949784735245,,0.074657757,451766.98083392764
99-HYPERLIQUID-xyzSP500-24APR2026,99,Hyperliquid,S&P500,xyzSP500,2026-04-24,2026-04-06,24,-0.015379195795110379,-0.013956884407440097,,-0.13223639750000002,436188.45266765176
99-HYPERLIQUID-xyzSP500-24APR2026,99,Hyperliquid,S&P500,xyzSP500,2026-04-24,2026-04-07,24,-0.03027734186876943,-0.02685548094071992,,-0.146389236,439172.67488247686
99-HYPERLIQUID-xyzSP500-24APR2026,99,Hyperliquid,S&P500,xyzSP500,2026-04-24,2026-04-08,24,-0.02383532135377367,-0.02260224334945934,,-0.0009562270000000005,749782.6453051623
99-HYPERLIQUID-xyzSP500-24APR2026,99,Hyperliquid,S&P500,xyzSP500,2026-04-24,2026-04-09,24,-0.0528230704538391,-0.055405113155527326,,-0.275547844,749045.5645650605
99-HYPERLIQUID-xyzSP500-24APR2026,99,Hyperliquid,S&P500,xyzSP500,2026-04-24,2026-04-10,24,-0.04428815879971993,-0.04346276205370935,,-0.0798205725,772786.3802895789
99-HYPERLIQUID-xyzSP500-24APR2026,99,Hyperliquid,S&P500,xyzSP500,2026-04-24,2026-04-11,24,-0.035191807833089846,-0.03779754731252943,,0.11583154550000001,728809.6296385685
99-HYPERLIQUID-xyzSP500-24APR2026,99,Hyperliquid,S&P500,xyzSP500,2026-04-24,2026-04-12,24,-0.060148899739887636,-0.06171979210278808,,-0.4254076825,729072.6950819246
99-HYPERLIQUID-xyzSP500-24APR2026,99,Hyperliquid,S&P500,xyzSP500,2026-04-24,2026-04-13,24,-0.06038315696897559,-0.059752275427093514,,-0.2385275365,710337.2294372325
99-HYPERLIQUID-xyzSP500-24APR2026,99,Hyperliquid,S&P500,xyzSP500,2026-04-24,2026-04-14,24,-0.05231139390200828,-0.049901844224744196,,-0.0701482915,782007.3047496531
99-HYPERLIQUID-xyzSP500-24APR2026,99,Hyperliquid,S&P500,xyzSP500,2026-04-24,2026-04-15,24,-0.05268067708135593,-0.0517635375879962,,-0.12497424800000001,1001346.1087565148
99-HYPERLIQUID-xyzSP500-24APR2026,99,Hyperliquid,S&P500,xyzSP500,2026-04-24,2026-04-16,24,0.0009897131818246009,0.0008737497484579589,,-0.027300284499999997,941511.5230124848
99-HYPERLIQUID-xyzSP500-24APR2026,99,Hyperliquid,S&P500,xyzSP500,2026-04-24,2026-04-17,24,-0.0057655509324812,-0.006950002606450453,,-0.06884119,938126.814243115
99-HYPERLIQUID-xyzSP500-24APR2026,99,Hyperliquid,S&P500,xyzSP500,2026-04-24,2026-04-18,24,-0.04358058531119203,-0.0456199272535009,,-0.1116801085,957003.3897496153
99-HYPERLIQUID-xyzSP500-24APR2026,99,Hyperliquid,S&P500,xyzSP500,2026-04-24,2026-04-19,24,-0.039586418925412634,-0.04067215739273828,,-0.035204213500000005,1029374.158146278
99-HYPERLIQUID-xyzSP500-24APR2026,99,Hyperliquid,S&P500,xyzSP500,2026-04-24,2026-04-20,24,-0.04003141552896804,-0.0416426935193488,,-0.0725061915,1059779.184962973
99-HYPERLIQUID-xyzSP500-24APR2026,99,Hyperliquid,S&P500,xyzSP500,2026-04-24,2026-04-21,24,-0.040398606923009964,-0.04023642693480481,,-0.0224565155,1057361.9607991916
99-HYPERLIQUID-xyzSP500-24APR2026,99,Hyperliquid,S&P500,xyzSP500,2026-04-24,2026-04-22,24,-0.028040949031355806,-0.02729287475702183,,-0.0020188149999999998,1056311.2745321107
99-HYPERLIQUID-xyzSP500-24APR2026,99,Hyperliquid,S&P500,xyzSP500,2026-04-24,2026-04-23,24,-0.0421695984146147,-0.04450549841781412,,-0.056029179000000005,929714.7611490437
