market,market_id,exchange,asset,symbol,maturity,date,samples,settlementApr
10-HYPERLIQUID-BTC-31OCT2025,10,Hyperliquid,BTC,BTC,2025-10-31,2025-10-01,20,0.1034308092
10-HYPERLIQUID-BTC-31OCT2025,10,Hyperliquid,BTC,BTC,2025-10-31,2025-10-02,24,0.0956576305
10-HYPERLIQUID-BTC-31OCT2025,10,Hyperliquid,BTC,BTC,2025-10-31,2025-10-03,24,0.1095
10-HYPERLIQUID-BTC-31OCT2025,10,Hyperliquid,BTC,BTC,2025-10-31,2025-10-04,24,0.1095
10-HYPERLIQUID-BTC-31OCT2025,10,Hyperliquid,BTC,BTC,2025-10-31,2025-10-05,24,0.1847628175
10-HYPERLIQUID-BTC-31OCT2025,10,Hyperliquid,BTC,BTC,2025-10-31,2025-10-06,24,0.2350869005
10-HYPERLIQUID-BTC-31OCT2025,10,Hyperliquid,BTC,BTC,2025-10-31,2025-10-07,24,0.1397935765
10-HYPERLIQUID-BTC-31OCT2025,10,Hyperliquid,BTC,BTC,2025-10-31,2025-10-08,24,0.120093833
10-HYPERLIQUID-BTC-31OCT2025,10,Hyperliquid,BTC,BTC,2025-10-31,2025-10-09,24,0.100221627
10-HYPERLIQUID-BTC-31OCT2025,10,Hyperliquid,BTC,BTC,2025-10-31,2025-10-10,23,0.08084590669565218
10-HYPERLIQUID-BTC-31OCT2025,10,Hyperliquid,BTC,BTC,2025-10-31,2025-10-11,24,0.094458934
10-HYPERLIQUID-BTC-31OCT2025,10,Hyperliquid,BTC,BTC,2025-10-31,2025-10-12,24,0.069229477
10-HYPERLIQUID-BTC-31OCT2025,10,Hyperliquid,BTC,BTC,2025-10-31,2025-10-13,24,0.09534719800000001
10-HYPERLIQUID-BTC-31OCT2025,10,Hyperliquid,BTC,BTC,2025-10-31,2025-10-14,24,0.022476481000000003
10-HYPERLIQUID-BTC-31OCT2025,10,Hyperliquid,BTC,BTC,2025-10-31,2025-10-15,24,0.1095
10-HYPERLIQUID-BTC-31OCT2025,10,Hyperliquid,BTC,BTC,2025-10-31,2025-10-16,24,0.10732076750000001
10-HYPERLIQUID-BTC-31OCT2025,10,Hyperliquid,BTC,BTC,2025-10-31,2025-10-17,24,0.1095
10-HYPERLIQUID-BTC-31OCT2025,10,Hyperliquid,BTC,BTC,2025-10-31,2025-10-18,24,0.1095
10-HYPERLIQUID-BTC-31OCT2025,10,Hyperliquid,BTC,BTC,2025-10-31,2025-10-19,24,0.054116871000000004
10-HYPERLIQUID-BTC-31OCT2025,10,Hyperliquid,BTC,BTC,2025-10-31,2025-10-20,24,0.0683660695
10-HYPERLIQUID-BTC-31OCT2025,10,Hyperliquid,BTC,BTC,2025-10-31,2025-10-21,24,0.0216555595
10-HYPERLIQUID-BTC-31OCT2025,10,Hyperliquid,BTC,BTC,2025-10-31,2025-10-22,24,0.0909371585
10-HYPERLIQUID-BTC-31OCT2025,10,Hyperliquid,BTC,BTC,2025-10-31,2025-10-23,24,0.1095
10-HYPERLIQUID-BTC-31OCT2025,10,Hyperliquid,BTC,BTC,2025-10-31,2025-10-24,24,0.1095
10-HYPERLIQUID-BTC-31OCT2025,10,Hyperliquid,BTC,BTC,2025-10-31,2025-10-25,24,0.1095
10-HYPERLIQUID-BTC-31OCT2025,10,Hyperliquid,BTC,BTC,2025-10-31,2025-10-26,24,0.1095
10-HYPERLIQUID-BTC-31OCT2025,10,Hyperliquid,BTC,BTC,2025-10-31,2025-10-27,24,0.1372539065
10-HYPERLIQUID-BTC-31OCT2025,10,Hyperliquid,BTC,BTC,2025-10-31,2025-10-28,24,0.1095
10-HYPERLIQUID-BTC-31OCT2025,10,Hyperliquid,BTC,BTC,2025-10-31,2025-10-29,24,0.111317408
10-HYPERLIQUID-BTC-31OCT2025,10,Hyperliquid,BTC,BTC,2025-10-31,2025-10-30,24,0.1183781505
10-HYPERLIQUID-BTC-31OCT2025,10,Hyperliquid,BTC,BTC,2025-10-31,2025-10-31,1,0.1095
100-HYPERLIQUID-xyzXYZ100-24APR2026,100,Hyperliquid,XYZ100,xyzXYZ100,2026-04-24,2026-03-31,17,-0.06544304858823528
100-HYPERLIQUID-xyzXYZ100-24APR2026,100,Hyperliquid,XYZ100,xyzXYZ100,2026-04-24,2026-04-01,24,-0.1862526015
100-HYPERLIQUID-xyzXYZ100-24APR2026,100,Hyperliquid,XYZ100,xyzXYZ100,2026-04-24,2026-04-02,24,-0.176657226
100-HYPERLIQUID-xyzXYZ100-24APR2026,100,Hyperliquid,XYZ100,xyzXYZ100,2026-04-24,2026-04-03,24,-0.02345636
100-HYPERLIQUID-xyzXYZ100-24APR2026,100,Hyperliquid,XYZ100,xyzXYZ100,2026-04-24,2026-04-04,24,0.0331994145
100-HYPERLIQUID-xyzXYZ100-24APR2026,100,Hyperliquid,XYZ100,xyzXYZ100,2026-04-24,2026-04-05,24,0.075066703
100-HYPERLIQUID-xyzXYZ100-24APR2026,100,Hyperliquid,XYZ100,xyzXYZ100,2026-04-24,2026-04-06,24,-0.137832979
100-HYPERLIQUID-xyzXYZ100-24APR2026,100,Hyperliquid,XYZ100,xyzXYZ100,2026-04-24,2026-04-07,24,-0.213906571
100-HYPERLIQUID-xyzXYZ100-24APR2026,100,Hyperliquid,XYZ100,xyzXYZ100,2026-04-24,2026-04-08,24,0.072965106
100-HYPERLIQUID-xyzXYZ100-24APR2026,100,Hyperliquid,XYZ100,xyzXYZ100,2026-04-24,2026-04-09,24,-0.08703899500000001
100-HYPERLIQUID-xyzXYZ100-24APR2026,100,Hyperliquid,XYZ100,xyzXYZ100,2026-04-24,2026-04-10,24,-0.0617751915
100-HYPERLIQUID-xyzXYZ100-24APR2026,100,Hyperliquid,XYZ100,xyzXYZ100,2026-04-24,2026-04-11,24,0.0880876765
100-HYPERLIQUID-xyzXYZ100-24APR2026,100,Hyperliquid,XYZ100,xyzXYZ100,2026-04-24,2026-04-12,24,-0.37587637949999997
100-HYPERLIQUID-xyzXYZ100-24APR2026,100,Hyperliquid,XYZ100,xyzXYZ100,2026-04-24,2026-04-13,24,-0.1257202715
100-HYPERLIQUID-xyzXYZ100-24APR2026,100,Hyperliquid,XYZ100,xyzXYZ100,2026-04-24,2026-04-14,24,0.0259848245
100-HYPERLIQUID-xyzXYZ100-24APR2026,100,Hyperliquid,XYZ100,xyzXYZ100,2026-04-24,2026-04-15,24,-0.0732348045
100-HYPERLIQUID-xyzXYZ100-24APR2026,100,Hyperliquid,XYZ100,xyzXYZ100,2026-04-24,2026-04-16,24,-0.03848706
100-HYPERLIQUID-xyzXYZ100-24APR2026,100,Hyperliquid,XYZ100,xyzXYZ100,2026-04-24,2026-04-17,24,-0.024088138499999998
100-HYPERLIQUID-xyzXYZ100-24APR2026,100,Hyperliquid,XYZ100,xyzXYZ100,2026-04-24,2026-04-18,24,-0.126613171
100-HYPERLIQUID-xyzXYZ100-24APR2026,100,Hyperliquid,XYZ100,xyzXYZ100,2026-04-24,2026-04-19,24,-0.0238192795
100-HYPERLIQUID-xyzXYZ100-24APR2026,100,Hyperliquid,XYZ100,xyzXYZ100,2026-04-24,2026-04-20,24,-0.024302101499999996
100-HYPERLIQUID-xyzXYZ100-24APR2026,100,Hyperliquid,XYZ100,xyzXYZ100,2026-04-24,2026-04-21,24,0.0196939035
100-HYPERLIQUID-xyzXYZ100-24APR2026,100,Hyperliquid,XYZ100,xyzXYZ100,2026-04-24,2026-04-22,24,-0.0094847075
100-HYPERLIQUID-xyzXYZ100-24APR2026,100,Hyperliquid,XYZ100,xyzXYZ100,2026-04-24,2026-04-23,24,0.00809789
100-HYPERLIQUID-xyzXYZ100-24APR2026,100,Hyperliquid,XYZ100,xyzXYZ100,2026-04-24,2026-04-24,1,0.045128892
101-BINANCE-ETHUSDT-25SEP2026,101,Binance,ETH,ETHUSDT,2026-09-25,2026-03-31,3,0.0028689
101-BINANCE-ETHUSDT-25SEP2026,101,Binance,ETH,ETHUSDT,2026-09-25,2026-04-01,3,0.03267845
101-BINANCE-ETHUSDT-25SEP2026,101,Binance,ETH,ETHUSDT,2026-09-25,2026-04-02,3,-0.10808015
101-BINANCE-ETHUSDT-25SEP2026,101,Binance,ETH,ETHUSDT,2026-09-25,2026-04-03,3,-0.012077850000000001
101-BINANCE-ETHUSDT-25SEP2026,101,Binance,ETH,ETHUSDT,2026-09-25,2026-04-04,3,0.020513
101-BINANCE-ETHUSDT-25SEP2026,101,Binance,ETH,ETHUSDT,2026-09-25,2026-04-05,3,-0.004653750000000001
101-BINANCE-ETHUSDT-25SEP2026,101,Binance,ETH,ETHUSDT,2026-09-25,2026-04-06,3,0.0386535
101-BINANCE-ETHUSDT-25SEP2026,101,Binance,ETH,ETHUSDT,2026-09-25,2026-04-07,3,-0.02145105
101-BINANCE-ETHUSDT-25SEP2026,101,Binance,ETH,ETHUSDT,2026-09-25,2026-04-08,3,0.08228925
101-BINANCE-ETHUSDT-25SEP2026,101,Binance,ETH,ETHUSDT,2026-09-25,2026-04-09,3,0.0136656
101-BINANCE-ETHUSDT-25SEP2026,101,Binance,ETH,ETHUSDT,2026-09-25,2026-04-10,3,0.003960249999999999
101-BINANCE-ETHUSDT-25SEP2026,101,Binance,ETH,ETHUSDT,2026-09-25,2026-04-11,3,-0.0639553
101-BINANCE-ETHUSDT-25SEP2026,101,Binance,ETH,ETHUSDT,2026-09-25,2026-04-12,3,-0.002854300000000004
101-BINANCE-ETHUSDT-25SEP2026,101,Binance,ETH,ETHUSDT,2026-09-25,2026-04-13,3,0.0184544
101-BINANCE-ETHUSDT-25SEP2026,101,Binance,ETH,ETHUSDT,2026-09-25,2026-04-14,3,0.0857385
101-BINANCE-ETHUSDT-25SEP2026,101,Binance,ETH,ETHUSDT,2026-09-25,2026-04-15,3,0.013545149999999999
101-BINANCE-ETHUSDT-25SEP2026,101,Binance,ETH,ETHUSDT,2026-09-25,2026-04-16,3,-0.0388725
101-BINANCE-ETHUSDT-25SEP2026,101,Binance,ETH,ETHUSDT,2026-09-25,2026-04-17,3,0.012782299999999998
101-BINANCE-ETHUSDT-25SEP2026,101,Binance,ETH,ETHUSDT,2026-09-25,2026-04-18,3,-0.0674009
101-BINANCE-ETHUSDT-25SEP2026,101,Binance,ETH,ETHUSDT,2026-09-25,2026-04-19,3,-0.16348715
101-BINANCE-ETHUSDT-25SEP2026,101,Binance,ETH,ETHUSDT,2026-09-25,2026-04-20,3,-0.005566249999999999
101-BINANCE-ETHUSDT-25SEP2026,101,Binance,ETH,ETHUSDT,2026-09-25,2026-04-21,3,-0.0429897
101-BINANCE-ETHUSDT-25SEP2026,101,Binance,ETH,ETHUSDT,2026-09-25,2026-04-22,3,0.057191849999999995
101-BINANCE-ETHUSDT-25SEP2026,101,Binance,ETH,ETHUSDT,2026-09-25,2026-04-23,3,0.007267150000000001
101-BINANCE-ETHUSDT-25SEP2026,101,Binance,ETH,ETHUSDT,2026-09-25,2026-04-24,3,-0.08311049999999999
101-BINANCE-ETHUSDT-25SEP2026,101,Binance,ETH,ETHUSDT,2026-09-25,2026-04-25,3,-0.04000035
101-BINANCE-ETHUSDT-25SEP2026,101,Binance,ETH,ETHUSDT,2026-09-25,2026-04-26,3,-0.0215496
101-BINANCE-ETHUSDT-25SEP2026,101,Binance,ETH,ETHUSDT,2026-09-25,2026-04-27,3,-0.08064310000000001
101-BINANCE-ETHUSDT-25SEP2026,101,Binance,ETH,ETHUSDT,2026-09-25,2026-04-28,3,-0.10131305
101-BINANCE-ETHUSDT-25SEP2026,101,Binance,ETH,ETHUSDT,2026-09-25,2026-04-29,3,0.044858499999999996
101-BINANCE-ETHUSDT-25SEP2026,101,Binance,ETH,ETHUSDT,2026-09-25,2026-04-30,3,-0.06732425
101-BINANCE-ETHUSDT-25SEP2026,101,Binance,ETH,ETHUSDT,2026-09-25,2026-05-01,3,-0.0292292
101-BINANCE-ETHUSDT-25SEP2026,101,Binance,ETH,ETHUSDT,2026-09-25,2026-05-02,3,-0.0169506
101-BINANCE-ETHUSDT-25SEP2026,101,Binance,ETH,ETHUSDT,2026-09-25,2026-05-03,3,0.038832349999999995
101-BINANCE-ETHUSDT-25SEP2026,101,Binance,ETH,ETHUSDT,2026-09-25,2026-05-04,3,0.0465156
101-BINANCE-ETHUSDT-25SEP2026,101,Binance,ETH,ETHUSDT,2026-09-25,2026-05-05,3,-0.03973755
101-BINANCE-ETHUSDT-25SEP2026,101,Binance,ETH,ETHUSDT,2026-09-25,2026-05-06,3,-0.0605973
101-BINANCE-ETHUSDT-25SEP2026,101,Binance,ETH,ETHUSDT,2026-09-25,2026-05-07,3,-0.08357405
101-BINANCE-ETHUSDT-25SEP2026,101,Binance,ETH,ETHUSDT,2026-09-25,2026-05-08,3,-0.02618875
101-BINANCE-ETHUSDT-25SEP2026,101,Binance,ETH,ETHUSDT,2026-09-25,2026-05-09,3,0.07034644999999999
101-BINANCE-ETHUSDT-25SEP2026,101,Binance,ETH,ETHUSDT,2026-09-25,2026-05-10,3,0.0911843
101-BINANCE-ETHUSDT-25SEP2026,101,Binance,ETH,ETHUSDT,2026-09-25,2026-05-11,3,0.046767449999999995
101-BINANCE-ETHUSDT-25SEP2026,101,Binance,ETH,ETHUSDT,2026-09-25,2026-05-12,3,0.0314265
101-BINANCE-ETHUSDT-25SEP2026,101,Binance,ETH,ETHUSDT,2026-09-25,2026-05-13,3,0.0252361
101-BINANCE-ETHUSDT-25SEP2026,101,Binance,ETH,ETHUSDT,2026-09-25,2026-05-14,3,0.0562611
101-BINANCE-ETHUSDT-25SEP2026,101,Binance,ETH,ETHUSDT,2026-09-25,2026-05-15,3,0.0039858
101-BINANCE-ETHUSDT-25SEP2026,101,Binance,ETH,ETHUSDT,2026-09-25,2026-05-16,3,0.06595184999999999
101-BINANCE-ETHUSDT-25SEP2026,101,Binance,ETH,ETHUSDT,2026-09-25,2026-05-17,3,0.06335305000000001
101-BINANCE-ETHUSDT-25SEP2026,101,Binance,ETH,ETHUSDT,2026-09-25,2026-05-18,3,0.0282364
101-BINANCE-ETHUSDT-25SEP2026,101,Binance,ETH,ETHUSDT,2026-09-25,2026-05-19,3,0.07035375
101-BINANCE-ETHUSDT-25SEP2026,101,Binance,ETH,ETHUSDT,2026-09-25,2026-05-20,3,0.0506036
101-BINANCE-ETHUSDT-25SEP2026,101,Binance,ETH,ETHUSDT,2026-09-25,2026-05-21,3,0.0446614
101-BINANCE-ETHUSDT-25SEP2026,101,Binance,ETH,ETHUSDT,2026-09-25,2026-05-22,3,0.05096130000000001
101-BINANCE-ETHUSDT-25SEP2026,101,Binance,ETH,ETHUSDT,2026-09-25,2026-05-23,3,0.0603929
101-BINANCE-ETHUSDT-25SEP2026,101,Binance,ETH,ETHUSDT,2026-09-25,2026-05-24,3,0.0739271
101-BINANCE-ETHUSDT-25SEP2026,101,Binance,ETH,ETHUSDT,2026-09-25,2026-05-25,3,0.0515234
101-BINANCE-ETHUSDT-25SEP2026,101,Binance,ETH,ETHUSDT,2026-09-25,2026-05-26,3,0.03890535
101-BINANCE-ETHUSDT-25SEP2026,101,Binance,ETH,ETHUSDT,2026-09-25,2026-05-27,3,0.060298
101-BINANCE-ETHUSDT-25SEP2026,101,Binance,ETH,ETHUSDT,2026-09-25,2026-05-28,3,0.0290102
101-BINANCE-ETHUSDT-25SEP2026,101,Binance,ETH,ETHUSDT,2026-09-25,2026-05-29,3,0.0809862
101-BINANCE-ETHUSDT-25SEP2026,101,Binance,ETH,ETHUSDT,2026-09-25,2026-05-30,3,0.062367549999999994
101-BINANCE-ETHUSDT-25SEP2026,101,Binance,ETH,ETHUSDT,2026-09-25,2026-05-31,3,0.0668461
101-BINANCE-ETHUSDT-25SEP2026,101,Binance,ETH,ETHUSDT,2026-09-25,2026-06-01,3,0.0779494
101-BINANCE-ETHUSDT-25SEP2026,101,Binance,ETH,ETHUSDT,2026-09-25,2026-06-02,3,0.09380135
101-BINANCE-ETHUSDT-25SEP2026,101,Binance,ETH,ETHUSDT,2026-09-25,2026-06-03,3,0.0702406
101-BINANCE-ETHUSDT-25SEP2026,101,Binance,ETH,ETHUSDT,2026-09-25,2026-06-04,3,0.05868835
101-BINANCE-ETHUSDT-25SEP2026,101,Binance,ETH,ETHUSDT,2026-09-25,2026-06-05,3,-0.021337900000000003
101-BINANCE-ETHUSDT-25SEP2026,101,Binance,ETH,ETHUSDT,2026-09-25,2026-06-06,3,-0.05306734999999999
101-BINANCE-ETHUSDT-25SEP2026,101,Binance,ETH,ETHUSDT,2026-09-25,2026-06-07,3,-0.05964465
101-BINANCE-ETHUSDT-25SEP2026,101,Binance,ETH,ETHUSDT,2026-09-25,2026-06-08,3,-0.07062385
101-BINANCE-ETHUSDT-25SEP2026,101,Binance,ETH,ETHUSDT,2026-09-25,2026-06-09,3,-0.0352298
101-BINANCE-ETHUSDT-25SEP2026,101,Binance,ETH,ETHUSDT,2026-09-25,2026-06-10,3,-0.04302620000000001
101-BINANCE-ETHUSDT-25SEP2026,101,Binance,ETH,ETHUSDT,2026-09-25,2026-06-11,3,-0.0195713
101-BINANCE-ETHUSDT-25SEP2026,101,Binance,ETH,ETHUSDT,2026-09-25,2026-06-12,3,-0.038230099999999996
101-BINANCE-ETHUSDT-25SEP2026,101,Binance,ETH,ETHUSDT,2026-09-25,2026-06-13,3,0.02042175
101-BINANCE-ETHUSDT-25SEP2026,101,Binance,ETH,ETHUSDT,2026-09-25,2026-06-14,3,-0.01329695
101-BINANCE-ETHUSDT-25SEP2026,101,Binance,ETH,ETHUSDT,2026-09-25,2026-06-15,3,0.0330033
101-BINANCE-ETHUSDT-25SEP2026,101,Binance,ETH,ETHUSDT,2026-09-25,2026-06-16,3,0.01481535
101-BINANCE-ETHUSDT-25SEP2026,101,Binance,ETH,ETHUSDT,2026-09-25,2026-06-17,3,0.016936
101-BINANCE-ETHUSDT-25SEP2026,101,Binance,ETH,ETHUSDT,2026-09-25,2026-06-18,3,0.016884899999999998
101-BINANCE-ETHUSDT-25SEP2026,101,Binance,ETH,ETHUSDT,2026-09-25,2026-06-19,3,0.016268050000000003
101-BINANCE-ETHUSDT-25SEP2026,101,Binance,ETH,ETHUSDT,2026-09-25,2026-06-20,3,0.0324266
101-BINANCE-ETHUSDT-25SEP2026,101,Binance,ETH,ETHUSDT,2026-09-25,2026-06-21,3,0.022816149999999997
101-BINANCE-ETHUSDT-25SEP2026,101,Binance,ETH,ETHUSDT,2026-09-25,2026-06-22,3,0.0241265
101-BINANCE-ETHUSDT-25SEP2026,101,Binance,ETH,ETHUSDT,2026-09-25,2026-06-23,3,-0.00419385
101-BINANCE-ETHUSDT-25SEP2026,101,Binance,ETH,ETHUSDT,2026-09-25,2026-06-24,3,0.0249441
101-BINANCE-ETHUSDT-25SEP2026,101,Binance,ETH,ETHUSDT,2026-09-25,2026-06-25,3,-0.012085149999999998
101-BINANCE-ETHUSDT-25SEP2026,101,Binance,ETH,ETHUSDT,2026-09-25,2026-06-26,3,-0.01135515
101-BINANCE-ETHUSDT-25SEP2026,101,Binance,ETH,ETHUSDT,2026-09-25,2026-06-27,3,0.010873349999999999
101-BINANCE-ETHUSDT-25SEP2026,101,Binance,ETH,ETHUSDT,2026-09-25,2026-06-28,3,-0.0234038
101-BINANCE-ETHUSDT-25SEP2026,101,Binance,ETH,ETHUSDT,2026-09-25,2026-06-29,3,0.00793875
101-BINANCE-ETHUSDT-25SEP2026,101,Binance,ETH,ETHUSDT,2026-09-25,2026-06-30,3,0.04421975
101-BINANCE-ETHUSDT-25SEP2026,101,Binance,ETH,ETHUSDT,2026-09-25,2026-07-01,3,0.049486699999999995
101-BINANCE-ETHUSDT-25SEP2026,101,Binance,ETH,ETHUSDT,2026-09-25,2026-07-02,3,0.05219864999999999
101-BINANCE-ETHUSDT-25SEP2026,101,Binance,ETH,ETHUSDT,2026-09-25,2026-07-03,1,0.08581515
102-HYPERLIQUID-ETH-25SEP2026,102,Hyperliquid,ETH,ETH,2026-09-25,2026-03-31,17,-0.005612995764705883
102-HYPERLIQUID-ETH-25SEP2026,102,Hyperliquid,ETH,ETH,2026-09-25,2026-04-01,24,-0.026005447
102-HYPERLIQUID-ETH-25SEP2026,102,Hyperliquid,ETH,ETH,2026-09-25,2026-04-02,24,-0.0485745285
102-HYPERLIQUID-ETH-25SEP2026,102,Hyperliquid,ETH,ETH,2026-09-25,2026-04-03,24,0.0019645029999999994
102-HYPERLIQUID-ETH-25SEP2026,102,Hyperliquid,ETH,ETH,2026-09-25,2026-04-04,24,0.078988993
102-HYPERLIQUID-ETH-25SEP2026,102,Hyperliquid,ETH,ETH,2026-09-25,2026-04-05,24,0.0327930235
102-HYPERLIQUID-ETH-25SEP2026,102,Hyperliquid,ETH,ETH,2026-09-25,2026-04-06,24,0.063163542
102-HYPERLIQUID-ETH-25SEP2026,102,Hyperliquid,ETH,ETH,2026-09-25,2026-04-07,24,0.058016385000000004
102-HYPERLIQUID-ETH-25SEP2026,102,Hyperliquid,ETH,ETH,2026-09-25,2026-04-08,24,0.10594092150000001
102-HYPERLIQUID-ETH-25SEP2026,102,Hyperliquid,ETH,ETH,2026-09-25,2026-04-09,24,0.058056753999999995
102-HYPERLIQUID-ETH-25SEP2026,102,Hyperliquid,ETH,ETH,2026-09-25,2026-04-10,24,0.092530347
102-HYPERLIQUID-ETH-25SEP2026,102,Hyperliquid,ETH,ETH,2026-09-25,2026-04-11,24,0.08192260750000001
102-HYPERLIQUID-ETH-25SEP2026,102,Hyperliquid,ETH,ETH,2026-09-25,2026-04-12,24,0.0105980305
102-HYPERLIQUID-ETH-25SEP2026,102,Hyperliquid,ETH,ETH,2026-09-25,2026-04-13,24,0.0544959965
102-HYPERLIQUID-ETH-25SEP2026,102,Hyperliquid,ETH,ETH,2026-09-25,2026-04-14,24,-0.06987049
102-HYPERLIQUID-ETH-25SEP2026,102,Hyperliquid,ETH,ETH,2026-09-25,2026-04-15,24,-0.1280719665
102-HYPERLIQUID-ETH-25SEP2026,102,Hyperliquid,ETH,ETH,2026-09-25,2026-04-16,24,-0.1637651705
102-HYPERLIQUID-ETH-25SEP2026,102,Hyperliquid,ETH,ETH,2026-09-25,2026-04-17,24,-0.10122442799999999
102-HYPERLIQUID-ETH-25SEP2026,102,Hyperliquid,ETH,ETH,2026-09-25,2026-04-18,24,-0.148790425
102-HYPERLIQUID-ETH-25SEP2026,102,Hyperliquid,ETH,ETH,2026-09-25,2026-04-19,24,-0.161669961
102-HYPERLIQUID-ETH-25SEP2026,102,Hyperliquid,ETH,ETH,2026-09-25,2026-04-20,24,-0.013971835000000002
102-HYPERLIQUID-ETH-25SEP2026,102,Hyperliquid,ETH,ETH,2026-09-25,2026-04-21,24,-0.044673006999999994
102-HYPERLIQUID-ETH-25SEP2026,102,Hyperliquid,ETH,ETH,2026-09-25,2026-04-22,24,0.052652490999999996
102-HYPERLIQUID-ETH-25SEP2026,102,Hyperliquid,ETH,ETH,2026-09-25,2026-04-23,24,-0.022797024
102-HYPERLIQUID-ETH-25SEP2026,102,Hyperliquid,ETH,ETH,2026-09-25,2026-04-24,24,-0.017448606000000002
102-HYPERLIQUID-ETH-25SEP2026,102,Hyperliquid,ETH,ETH,2026-09-25,2026-04-25,24,0.045143053999999995
102-HYPERLIQUID-ETH-25SEP2026,102,Hyperliquid,ETH,ETH,2026-09-25,2026-04-26,24,-0.033197261
102-HYPERLIQUID-ETH-25SEP2026,102,Hyperliquid,ETH,ETH,2026-09-25,2026-04-27,24,0.008351747500000001
102-HYPERLIQUID-ETH-25SEP2026,102,Hyperliquid,ETH,ETH,2026-09-25,2026-04-28,24,0.0029170800000000003
102-HYPERLIQUID-ETH-25SEP2026,102,Hyperliquid,ETH,ETH,2026-09-25,2026-04-29,24,0.081597502
102-HYPERLIQUID-ETH-25SEP2026,102,Hyperliquid,ETH,ETH,2026-09-25,2026-04-30,24,0.028064777
102-HYPERLIQUID-ETH-25SEP2026,102,Hyperliquid,ETH,ETH,2026-09-25,2026-05-01,24,0.08017031549999999
102-HYPERLIQUID-ETH-25SEP2026,102,Hyperliquid,ETH,ETH,2026-09-25,2026-05-02,24,0.085150047
102-HYPERLIQUID-ETH-25SEP2026,102,Hyperliquid,ETH,ETH,2026-09-25,2026-05-03,24,0.09344985500000001
102-HYPERLIQUID-ETH-25SEP2026,102,Hyperliquid,ETH,ETH,2026-09-25,2026-05-04,24,0.057214772
102-HYPERLIQUID-ETH-25SEP2026,102,Hyperliquid,ETH,ETH,2026-09-25,2026-05-05,24,0.05938258
102-HYPERLIQUID-ETH-25SEP2026,102,Hyperliquid,ETH,ETH,2026-09-25,2026-05-06,24,0.0479308145
102-HYPERLIQUID-ETH-25SEP2026,102,Hyperliquid,ETH,ETH,2026-09-25,2026-05-07,24,0.058335906
102-HYPERLIQUID-ETH-25SEP2026,102,Hyperliquid,ETH,ETH,2026-09-25,2026-05-08,24,0.09884703700000001
102-HYPERLIQUID-ETH-25SEP2026,102,Hyperliquid,ETH,ETH,2026-09-25,2026-05-09,24,0.10413304
102-HYPERLIQUID-ETH-25SEP2026,102,Hyperliquid,ETH,ETH,2026-09-25,2026-05-10,24,0.1095
102-HYPERLIQUID-ETH-25SEP2026,102,Hyperliquid,ETH,ETH,2026-09-25,2026-05-11,24,0.10661763149999999
102-HYPERLIQUID-ETH-25SEP2026,102,Hyperliquid,ETH,ETH,2026-09-25,2026-05-12,24,0.0839317865
102-HYPERLIQUID-ETH-25SEP2026,102,Hyperliquid,ETH,ETH,2026-09-25,2026-05-13,24,0.107446218
102-HYPERLIQUID-ETH-25SEP2026,102,Hyperliquid,ETH,ETH,2026-09-25,2026-05-14,24,0.09113320000000001
102-HYPERLIQUID-ETH-25SEP2026,102,Hyperliquid,ETH,ETH,2026-09-25,2026-05-15,24,0.058115445999999994
102-HYPERLIQUID-ETH-25SEP2026,102,Hyperliquid,ETH,ETH,2026-09-25,2026-05-16,24,0.038311057
102-HYPERLIQUID-ETH-25SEP2026,102,Hyperliquid,ETH,ETH,2026-09-25,2026-05-17,24,-0.0134738655
102-HYPERLIQUID-ETH-25SEP2026,102,Hyperliquid,ETH,ETH,2026-09-25,2026-05-18,24,0.0441457645
102-HYPERLIQUID-ETH-25SEP2026,102,Hyperliquid,ETH,ETH,2026-09-25,2026-05-19,24,0.106432321
102-HYPERLIQUID-ETH-25SEP2026,102,Hyperliquid,ETH,ETH,2026-09-25,2026-05-20,24,0.107609081
102-HYPERLIQUID-ETH-25SEP2026,102,Hyperliquid,ETH,ETH,2026-09-25,2026-05-21,24,0.107409134
102-HYPERLIQUID-ETH-25SEP2026,102,Hyperliquid,ETH,ETH,2026-09-25,2026-05-22,24,0.1012186245
102-HYPERLIQUID-ETH-25SEP2026,102,Hyperliquid,ETH,ETH,2026-09-25,2026-05-23,24,0.0122143235
102-HYPERLIQUID-ETH-25SEP2026,102,Hyperliquid,ETH,ETH,2026-09-25,2026-05-24,24,0.091804654
102-HYPERLIQUID-ETH-25SEP2026,102,Hyperliquid,ETH,ETH,2026-09-25,2026-05-25,24,0.0256209925
102-HYPERLIQUID-ETH-25SEP2026,102,Hyperliquid,ETH,ETH,2026-09-25,2026-05-26,24,0.0717911565
102-HYPERLIQUID-ETH-25SEP2026,102,Hyperliquid,ETH,ETH,2026-09-25,2026-05-27,24,0.063430868
102-HYPERLIQUID-ETH-25SEP2026,102,Hyperliquid,ETH,ETH,2026-09-25,2026-05-28,24,0.03793153
102-HYPERLIQUID-ETH-25SEP2026,102,Hyperliquid,ETH,ETH,2026-09-25,2026-05-29,24,0.10936144599999999
102-HYPERLIQUID-ETH-25SEP2026,102,Hyperliquid,ETH,ETH,2026-09-25,2026-05-30,24,0.105701445
102-HYPERLIQUID-ETH-25SEP2026,102,Hyperliquid,ETH,ETH,2026-09-25,2026-05-31,24,0.10891443049999999
102-HYPERLIQUID-ETH-25SEP2026,102,Hyperliquid,ETH,ETH,2026-09-25,2026-06-01,24,0.1095
102-HYPERLIQUID-ETH-25SEP2026,102,Hyperliquid,ETH,ETH,2026-09-25,2026-06-02,24,0.1095
102-HYPERLIQUID-ETH-25SEP2026,102,Hyperliquid,ETH,ETH,2026-09-25,2026-06-03,24,0.059574935
102-HYPERLIQUID-ETH-25SEP2026,102,Hyperliquid,ETH,ETH,2026-09-25,2026-06-04,24,0.087221276
102-HYPERLIQUID-ETH-25SEP2026,102,Hyperliquid,ETH,ETH,2026-09-25,2026-06-05,24,0.012954981499999999
102-HYPERLIQUID-ETH-25SEP2026,102,Hyperliquid,ETH,ETH,2026-09-25,2026-06-06,24,0.012331999500000001
102-HYPERLIQUID-ETH-25SEP2026,102,Hyperliquid,ETH,ETH,2026-09-25,2026-06-07,24,0.00478661
102-HYPERLIQUID-ETH-25SEP2026,102,Hyperliquid,ETH,ETH,2026-09-25,2026-06-08,24,-0.005690204000000001
102-HYPERLIQUID-ETH-25SEP2026,102,Hyperliquid,ETH,ETH,2026-09-25,2026-06-09,24,0.026735958
102-HYPERLIQUID-ETH-25SEP2026,102,Hyperliquid,ETH,ETH,2026-09-25,2026-06-10,24,-0.0408979215
102-HYPERLIQUID-ETH-25SEP2026,102,Hyperliquid,ETH,ETH,2026-09-25,2026-06-11,24,0.018306721
102-HYPERLIQUID-ETH-25SEP2026,102,Hyperliquid,ETH,ETH,2026-09-25,2026-06-12,24,0.0009366995000000002
102-HYPERLIQUID-ETH-25SEP2026,102,Hyperliquid,ETH,ETH,2026-09-25,2026-06-13,24,0.0948196635
102-HYPERLIQUID-ETH-25SEP2026,102,Hyperliquid,ETH,ETH,2026-09-25,2026-06-14,24,0.104912972
102-HYPERLIQUID-ETH-25SEP2026,102,Hyperliquid,ETH,ETH,2026-09-25,2026-06-15,24,0.10948507149999999
102-HYPERLIQUID-ETH-25SEP2026,102,Hyperliquid,ETH,ETH,2026-09-25,2026-06-16,24,0.099514695
102-HYPERLIQUID-ETH-25SEP2026,102,Hyperliquid,ETH,ETH,2026-09-25,2026-06-17,24,0.099521776
102-HYPERLIQUID-ETH-25SEP2026,102,Hyperliquid,ETH,ETH,2026-09-25,2026-06-18,24,0.104521619
102-HYPERLIQUID-ETH-25SEP2026,102,Hyperliquid,ETH,ETH,2026-09-25,2026-06-19,24,0.1095
102-HYPERLIQUID-ETH-25SEP2026,102,Hyperliquid,ETH,ETH,2026-09-25,2026-06-20,24,0.1089804955
102-HYPERLIQUID-ETH-25SEP2026,102,Hyperliquid,ETH,ETH,2026-09-25,2026-06-21,24,0.0212069745
102-HYPERLIQUID-ETH-25SEP2026,102,Hyperliquid,ETH,ETH,2026-09-25,2026-06-22,24,0.082592127
102-HYPERLIQUID-ETH-25SEP2026,102,Hyperliquid,ETH,ETH,2026-09-25,2026-06-23,24,-0.006674134500000001
102-HYPERLIQUID-ETH-25SEP2026,102,Hyperliquid,ETH,ETH,2026-09-25,2026-06-24,24,0.0038843665000000004
102-HYPERLIQUID-ETH-25SEP2026,102,Hyperliquid,ETH,ETH,2026-09-25,2026-06-25,24,-0.073339815
102-HYPERLIQUID-ETH-25SEP2026,102,Hyperliquid,ETH,ETH,2026-09-25,2026-06-26,24,-0.12426472449999999
102-HYPERLIQUID-ETH-25SEP2026,102,Hyperliquid,ETH,ETH,2026-09-25,2026-06-27,24,-0.0731846535
102-HYPERLIQUID-ETH-25SEP2026,102,Hyperliquid,ETH,ETH,2026-09-25,2026-06-28,24,-0.0939767325
102-HYPERLIQUID-ETH-25SEP2026,102,Hyperliquid,ETH,ETH,2026-09-25,2026-06-29,24,-0.0164600765
102-HYPERLIQUID-ETH-25SEP2026,102,Hyperliquid,ETH,ETH,2026-09-25,2026-06-30,24,0.050787633
102-HYPERLIQUID-ETH-25SEP2026,102,Hyperliquid,ETH,ETH,2026-09-25,2026-07-01,24,0.08023284
102-HYPERLIQUID-ETH-25SEP2026,102,Hyperliquid,ETH,ETH,2026-09-25,2026-07-02,24,0.1075883125
102-HYPERLIQUID-ETH-25SEP2026,102,Hyperliquid,ETH,ETH,2026-09-25,2026-07-03,5,0.1095
103-BINANCE-CLUSDT-21MAY2026,103,Binance,CLOIL,CLUSDT,2026-05-21,2026-04-14,5,-1.92972288
103-BINANCE-CLUSDT-21MAY2026,103,Binance,CLOIL,CLUSDT,2026-05-21,2026-04-15,6,0.08750874999999998
103-BINANCE-CLUSDT-21MAY2026,103,Binance,CLOIL,CLUSDT,2026-05-21,2026-04-16,6,0.12823545
103-BINANCE-CLUSDT-21MAY2026,103,Binance,CLOIL,CLUSDT,2026-05-21,2026-04-17,6,0.5752838
103-BINANCE-CLUSDT-21MAY2026,103,Binance,CLOIL,CLUSDT,2026-05-21,2026-04-18,6,2.56207005
103-BINANCE-CLUSDT-21MAY2026,103,Binance,CLOIL,CLUSDT,2026-05-21,2026-04-19,6,7.8903291
103-BINANCE-CLUSDT-21MAY2026,103,Binance,CLOIL,CLUSDT,2026-05-21,2026-04-20,6,1.825
103-BINANCE-CLUSDT-21MAY2026,103,Binance,CLOIL,CLUSDT,2026-05-21,2026-04-21,6,0.2479372
103-BINANCE-CLUSDT-21MAY2026,103,Binance,CLOIL,CLUSDT,2026-05-21,2026-04-22,6,0.0189654
103-BINANCE-CLUSDT-21MAY2026,103,Binance,CLOIL,CLUSDT,2026-05-21,2026-04-23,6,-0.048253
103-BINANCE-CLUSDT-21MAY2026,103,Binance,CLOIL,CLUSDT,2026-05-21,2026-04-24,6,-0.2924088
103-BINANCE-CLUSDT-21MAY2026,103,Binance,CLOIL,CLUSDT,2026-05-21,2026-04-25,6,0.25625555
103-BINANCE-CLUSDT-21MAY2026,103,Binance,CLOIL,CLUSDT,2026-05-21,2026-04-26,6,1.8312926
103-BINANCE-CLUSDT-21MAY2026,103,Binance,CLOIL,CLUSDT,2026-05-21,2026-04-27,6,-0.0012337000000000001
103-BINANCE-CLUSDT-21MAY2026,103,Binance,CLOIL,CLUSDT,2026-05-21,2026-04-28,6,-0.33696434999999997
103-BINANCE-CLUSDT-21MAY2026,103,Binance,CLOIL,CLUSDT,2026-05-21,2026-04-29,6,-0.48698665
103-BINANCE-CLUSDT-21MAY2026,103,Binance,CLOIL,CLUSDT,2026-05-21,2026-04-30,6,-0.4742591
103-BINANCE-CLUSDT-21MAY2026,103,Binance,CLOIL,CLUSDT,2026-05-21,2026-05-01,6,-0.61640835
103-BINANCE-CLUSDT-21MAY2026,103,Binance,CLOIL,CLUSDT,2026-05-21,2026-05-02,6,-0.30254485
103-BINANCE-CLUSDT-21MAY2026,103,Binance,CLOIL,CLUSDT,2026-05-21,2026-05-03,6,-3.1267323499999997
103-BINANCE-CLUSDT-21MAY2026,103,Binance,CLOIL,CLUSDT,2026-05-21,2026-05-04,6,-0.96589585
103-BINANCE-CLUSDT-21MAY2026,103,Binance,CLOIL,CLUSDT,2026-05-21,2026-05-05,6,-0.2039328
103-BINANCE-CLUSDT-21MAY2026,103,Binance,CLOIL,CLUSDT,2026-05-21,2026-05-06,6,-0.20933115
103-BINANCE-CLUSDT-21MAY2026,103,Binance,CLOIL,CLUSDT,2026-05-21,2026-05-07,6,-2.12301885
103-BINANCE-CLUSDT-21MAY2026,103,Binance,CLOIL,CLUSDT,2026-05-21,2026-05-08,6,-1.8891889
103-BINANCE-CLUSDT-21MAY2026,103,Binance,CLOIL,CLUSDT,2026-05-21,2026-05-09,6,-0.1410433
103-BINANCE-CLUSDT-21MAY2026,103,Binance,CLOIL,CLUSDT,2026-05-21,2026-05-10,6,0.26702305
103-BINANCE-CLUSDT-21MAY2026,103,Binance,CLOIL,CLUSDT,2026-05-21,2026-05-11,6,-2.2103305
103-BINANCE-CLUSDT-21MAY2026,103,Binance,CLOIL,CLUSDT,2026-05-21,2026-05-12,6,-2.53599445
103-BINANCE-CLUSDT-21MAY2026,103,Binance,CLOIL,CLUSDT,2026-05-21,2026-05-13,6,-2.4886539500000002
103-BINANCE-CLUSDT-21MAY2026,103,Binance,CLOIL,CLUSDT,2026-05-21,2026-05-14,6,-0.0157899
103-BINANCE-CLUSDT-21MAY2026,103,Binance,CLOIL,CLUSDT,2026-05-21,2026-05-15,6,-0.17554309999999998
103-BINANCE-CLUSDT-21MAY2026,103,Binance,CLOIL,CLUSDT,2026-05-21,2026-05-16,6,0.05729404999999999
103-BINANCE-CLUSDT-21MAY2026,103,Binance,CLOIL,CLUSDT,2026-05-21,2026-05-17,6,0.0
103-BINANCE-CLUSDT-21MAY2026,103,Binance,CLOIL,CLUSDT,2026-05-21,2026-05-18,6,-0.1872888
103-BINANCE-CLUSDT-21MAY2026,103,Binance,CLOIL,CLUSDT,2026-05-21,2026-05-19,6,-0.35555015
103-BINANCE-CLUSDT-21MAY2026,103,Binance,CLOIL,CLUSDT,2026-05-21,2026-05-20,6,-0.14147765
103-BINANCE-CLUSDT-21MAY2026,103,Binance,CLOIL,CLUSDT,2026-05-21,2026-05-21,1,0.0
104-HYPERLIQUID-xyzCL-21MAY2026,104,Hyperliquid,CLOIL,xyzCL,2026-05-21,2026-04-14,18,-2.0984414533333333
104-HYPERLIQUID-xyzCL-21MAY2026,104,Hyperliquid,CLOIL,xyzCL,2026-05-21,2026-04-15,24,0.1523127115
104-HYPERLIQUID-xyzCL-21MAY2026,104,Hyperliquid,CLOIL,xyzCL,2026-05-21,2026-04-16,24,0.122793884
104-HYPERLIQUID-xyzCL-21MAY2026,104,Hyperliquid,CLOIL,xyzCL,2026-05-21,2026-04-17,24,0.0670288555
104-HYPERLIQUID-xyzCL-21MAY2026,104,Hyperliquid,CLOIL,xyzCL,2026-05-21,2026-04-18,24,0.6690634325000001
104-HYPERLIQUID-xyzCL-21MAY2026,104,Hyperliquid,CLOIL,xyzCL,2026-05-21,2026-04-19,24,0.8069714554999999
104-HYPERLIQUID-xyzCL-21MAY2026,104,Hyperliquid,CLOIL,xyzCL,2026-05-21,2026-04-20,24,0.1624319715
104-HYPERLIQUID-xyzCL-21MAY2026,104,Hyperliquid,CLOIL,xyzCL,2026-05-21,2026-04-21,24,0.074775506
104-HYPERLIQUID-xyzCL-21MAY2026,104,Hyperliquid,CLOIL,xyzCL,2026-05-21,2026-04-22,24,0.031033285499999997
104-HYPERLIQUID-xyzCL-21MAY2026,104,Hyperliquid,CLOIL,xyzCL,2026-05-21,2026-04-23,24,-0.0011571595000000043
104-HYPERLIQUID-xyzCL-21MAY2026,104,Hyperliquid,CLOIL,xyzCL,2026-05-21,2026-04-24,24,0.0327719995
104-HYPERLIQUID-xyzCL-21MAY2026,104,Hyperliquid,CLOIL,xyzCL,2026-05-21,2026-04-25,24,0.25046340149999996
104-HYPERLIQUID-xyzCL-21MAY2026,104,Hyperliquid,CLOIL,xyzCL,2026-05-21,2026-04-26,24,-0.087994492
104-HYPERLIQUID-xyzCL-21MAY2026,104,Hyperliquid,CLOIL,xyzCL,2026-05-21,2026-04-27,24,0.054437413999999996
104-HYPERLIQUID-xyzCL-21MAY2026,104,Hyperliquid,CLOIL,xyzCL,2026-05-21,2026-04-28,24,0.028253116999999998
104-HYPERLIQUID-xyzCL-21MAY2026,104,Hyperliquid,CLOIL,xyzCL,2026-05-21,2026-04-29,24,-0.150916185
104-HYPERLIQUID-xyzCL-21MAY2026,104,Hyperliquid,CLOIL,xyzCL,2026-05-21,2026-04-30,24,-0.1243547335
104-HYPERLIQUID-xyzCL-21MAY2026,104,Hyperliquid,CLOIL,xyzCL,2026-05-21,2026-05-01,24,-0.12749669
104-HYPERLIQUID-xyzCL-21MAY2026,104,Hyperliquid,CLOIL,xyzCL,2026-05-21,2026-05-02,24,-0.003146811000000006
104-HYPERLIQUID-xyzCL-21MAY2026,104,Hyperliquid,CLOIL,xyzCL,2026-05-21,2026-05-03,24,-0.218462939
104-HYPERLIQUID-xyzCL-21MAY2026,104,Hyperliquid,CLOIL,xyzCL,2026-05-21,2026-05-04,24,-0.073529323
104-HYPERLIQUID-xyzCL-21MAY2026,104,Hyperliquid,CLOIL,xyzCL,2026-05-21,2026-05-05,24,0.0026162834999999985
104-HYPERLIQUID-xyzCL-21MAY2026,104,Hyperliquid,CLOIL,xyzCL,2026-05-21,2026-05-06,24,-0.41701100350000003
104-HYPERLIQUID-xyzCL-21MAY2026,104,Hyperliquid,CLOIL,xyzCL,2026-05-21,2026-05-07,24,-2.3124293584999998
104-HYPERLIQUID-xyzCL-21MAY2026,104,Hyperliquid,CLOIL,xyzCL,2026-05-21,2026-05-08,24,-2.4058441735
104-HYPERLIQUID-xyzCL-21MAY2026,104,Hyperliquid,CLOIL,xyzCL,2026-05-21,2026-05-09,24,0.053656204500000006
104-HYPERLIQUID-xyzCL-21MAY2026,104,Hyperliquid,CLOIL,xyzCL,2026-05-21,2026-05-10,24,0.2751513445
104-HYPERLIQUID-xyzCL-21MAY2026,104,Hyperliquid,CLOIL,xyzCL,2026-05-21,2026-05-11,24,-2.470417528
104-HYPERLIQUID-xyzCL-21MAY2026,104,Hyperliquid,CLOIL,xyzCL,2026-05-21,2026-05-12,24,-2.2577698055
104-HYPERLIQUID-xyzCL-21MAY2026,104,Hyperliquid,CLOIL,xyzCL,2026-05-21,2026-05-13,24,-2.0208112945
104-HYPERLIQUID-xyzCL-21MAY2026,104,Hyperliquid,CLOIL,xyzCL,2026-05-21,2026-05-14,24,0.049565978000000004
104-HYPERLIQUID-xyzCL-21MAY2026,104,Hyperliquid,CLOIL,xyzCL,2026-05-21,2026-05-15,24,0.030677885
104-HYPERLIQUID-xyzCL-21MAY2026,104,Hyperliquid,CLOIL,xyzCL,2026-05-21,2026-05-16,24,0.0666123905
104-HYPERLIQUID-xyzCL-21MAY2026,104,Hyperliquid,CLOIL,xyzCL,2026-05-21,2026-05-17,24,0.038124067500000004
104-HYPERLIQUID-xyzCL-21MAY2026,104,Hyperliquid,CLOIL,xyzCL,2026-05-21,2026-05-18,24,-0.116065036
104-HYPERLIQUID-xyzCL-21MAY2026,104,Hyperliquid,CLOIL,xyzCL,2026-05-21,2026-05-19,24,-0.156695887
104-HYPERLIQUID-xyzCL-21MAY2026,104,Hyperliquid,CLOIL,xyzCL,2026-05-21,2026-05-20,24,-0.052511966
104-HYPERLIQUID-xyzCL-21MAY2026,104,Hyperliquid,CLOIL,xyzCL,2026-05-21,2026-05-21,1,0.05475
105-BINANCE-BZUSDT-21MAY2026,105,Binance,BRENTOIL,BZUSDT,2026-05-21,2026-04-14,5,-2.61470232
105-BINANCE-BZUSDT-21MAY2026,105,Binance,BRENTOIL,BZUSDT,2026-05-21,2026-04-15,6,0.15818735
105-BINANCE-BZUSDT-21MAY2026,105,Binance,BRENTOIL,BZUSDT,2026-05-21,2026-04-16,6,0.17170695
105-BINANCE-BZUSDT-21MAY2026,105,Binance,BRENTOIL,BZUSDT,2026-05-21,2026-04-17,6,0.2338555
105-BINANCE-BZUSDT-21MAY2026,105,Binance,BRENTOIL,BZUSDT,2026-05-21,2026-04-18,6,2.39446205
105-BINANCE-BZUSDT-21MAY2026,105,Binance,BRENTOIL,BZUSDT,2026-05-21,2026-04-19,6,8.34234145
105-BINANCE-BZUSDT-21MAY2026,105,Binance,BRENTOIL,BZUSDT,2026-05-21,2026-04-20,6,1.9935241499999998
105-BINANCE-BZUSDT-21MAY2026,105,Binance,BRENTOIL,BZUSDT,2026-05-21,2026-04-21,6,0.0
105-BINANCE-BZUSDT-21MAY2026,105,Binance,BRENTOIL,BZUSDT,2026-05-21,2026-04-22,6,0.01545775
105-BINANCE-BZUSDT-21MAY2026,105,Binance,BRENTOIL,BZUSDT,2026-05-21,2026-04-23,6,-0.01928295
105-BINANCE-BZUSDT-21MAY2026,105,Binance,BRENTOIL,BZUSDT,2026-05-21,2026-04-24,6,-0.32825180000000004
105-BINANCE-BZUSDT-21MAY2026,105,Binance,BRENTOIL,BZUSDT,2026-05-21,2026-04-25,6,0.26879695
105-BINANCE-BZUSDT-21MAY2026,105,Binance,BRENTOIL,BZUSDT,2026-05-21,2026-04-26,6,1.5654412000000002
105-BINANCE-BZUSDT-21MAY2026,105,Binance,BRENTOIL,BZUSDT,2026-05-21,2026-04-27,6,-0.1631842
105-BINANCE-BZUSDT-21MAY2026,105,Binance,BRENTOIL,BZUSDT,2026-05-21,2026-04-28,6,-0.47064560000000005
105-BINANCE-BZUSDT-21MAY2026,105,Binance,BRENTOIL,BZUSDT,2026-05-21,2026-04-29,6,-0.5966363
105-BINANCE-BZUSDT-21MAY2026,105,Binance,BRENTOIL,BZUSDT,2026-05-21,2026-04-30,6,-0.23388469999999997
105-BINANCE-BZUSDT-21MAY2026,105,Binance,BRENTOIL,BZUSDT,2026-05-21,2026-05-01,6,-0.6417649
105-BINANCE-BZUSDT-21MAY2026,105,Binance,BRENTOIL,BZUSDT,2026-05-21,2026-05-02,6,-0.21146640000000003
105-BINANCE-BZUSDT-21MAY2026,105,Binance,BRENTOIL,BZUSDT,2026-05-21,2026-05-03,6,-2.81978925
105-BINANCE-BZUSDT-21MAY2026,105,Binance,BRENTOIL,BZUSDT,2026-05-21,2026-05-04,6,-1.1345733
105-BINANCE-BZUSDT-21MAY2026,105,Binance,BRENTOIL,BZUSDT,2026-05-21,2026-05-05,6,-0.3948278
105-BINANCE-BZUSDT-21MAY2026,105,Binance,BRENTOIL,BZUSDT,2026-05-21,2026-05-06,6,-0.34123485
105-BINANCE-BZUSDT-21MAY2026,105,Binance,BRENTOIL,BZUSDT,2026-05-21,2026-05-07,6,-2.23717625
105-BINANCE-BZUSDT-21MAY2026,105,Binance,BRENTOIL,BZUSDT,2026-05-21,2026-05-08,6,-2.0664986
105-BINANCE-BZUSDT-21MAY2026,105,Binance,BRENTOIL,BZUSDT,2026-05-21,2026-05-09,6,-0.16176435
105-BINANCE-BZUSDT-21MAY2026,105,Binance,BRENTOIL,BZUSDT,2026-05-21,2026-05-10,6,0.21417105000000003
105-BINANCE-BZUSDT-21MAY2026,105,Binance,BRENTOIL,BZUSDT,2026-05-21,2026-05-11,6,-2.272125
105-BINANCE-BZUSDT-21MAY2026,105,Binance,BRENTOIL,BZUSDT,2026-05-21,2026-05-12,6,-2.39647685
105-BINANCE-BZUSDT-21MAY2026,105,Binance,BRENTOIL,BZUSDT,2026-05-21,2026-05-13,6,-2.01989905
105-BINANCE-BZUSDT-21MAY2026,105,Binance,BRENTOIL,BZUSDT,2026-05-21,2026-05-14,6,0.0
105-BINANCE-BZUSDT-21MAY2026,105,Binance,BRENTOIL,BZUSDT,2026-05-21,2026-05-15,6,0.00047815000000000005
105-BINANCE-BZUSDT-21MAY2026,105,Binance,BRENTOIL,BZUSDT,2026-05-21,2026-05-16,6,0.0623128
105-BINANCE-BZUSDT-21MAY2026,105,Binance,BRENTOIL,BZUSDT,2026-05-21,2026-05-17,6,0.0
105-BINANCE-BZUSDT-21MAY2026,105,Binance,BRENTOIL,BZUSDT,2026-05-21,2026-05-18,6,0.10037499999999999
105-BINANCE-BZUSDT-21MAY2026,105,Binance,BRENTOIL,BZUSDT,2026-05-21,2026-05-19,6,0.0537937
105-BINANCE-BZUSDT-21MAY2026,105,Binance,BRENTOIL,BZUSDT,2026-05-21,2026-05-20,6,0.00753725
105-BINANCE-BZUSDT-21MAY2026,105,Binance,BRENTOIL,BZUSDT,2026-05-21,2026-05-21,1,0.0
106-HYPERLIQUID-xyzBRENTOIL-21MAY2026,106,Hyperliquid,BRENTOIL,xyzBRENTOIL,2026-05-21,2026-04-14,18,-2.5378743216666666
106-HYPERLIQUID-xyzBRENTOIL-21MAY2026,106,Hyperliquid,BRENTOIL,xyzBRENTOIL,2026-05-21,2026-04-15,24,0.25594573800000003
106-HYPERLIQUID-xyzBRENTOIL-21MAY2026,106,Hyperliquid,BRENTOIL,xyzBRENTOIL,2026-05-21,2026-04-16,24,0.08649737149999999
106-HYPERLIQUID-xyzBRENTOIL-21MAY2026,106,Hyperliquid,BRENTOIL,xyzBRENTOIL,2026-05-21,2026-04-17,24,-0.0858061345
106-HYPERLIQUID-xyzBRENTOIL-21MAY2026,106,Hyperliquid,BRENTOIL,xyzBRENTOIL,2026-05-21,2026-04-18,24,0.6194183590000001
106-HYPERLIQUID-xyzBRENTOIL-21MAY2026,106,Hyperliquid,BRENTOIL,xyzBRENTOIL,2026-05-21,2026-04-19,24,0.7086776124999999
106-HYPERLIQUID-xyzBRENTOIL-21MAY2026,106,Hyperliquid,BRENTOIL,xyzBRENTOIL,2026-05-21,2026-04-20,24,0.2678678425
106-HYPERLIQUID-xyzBRENTOIL-21MAY2026,106,Hyperliquid,BRENTOIL,xyzBRENTOIL,2026-05-21,2026-04-21,24,0.061003143499999996
106-HYPERLIQUID-xyzBRENTOIL-21MAY2026,106,Hyperliquid,BRENTOIL,xyzBRENTOIL,2026-05-21,2026-04-22,24,0.024907673
106-HYPERLIQUID-xyzBRENTOIL-21MAY2026,106,Hyperliquid,BRENTOIL,xyzBRENTOIL,2026-05-21,2026-04-23,24,0.010656576499999995
106-HYPERLIQUID-xyzBRENTOIL-21MAY2026,106,Hyperliquid,BRENTOIL,xyzBRENTOIL,2026-05-21,2026-04-24,24,0.0010297744999999984
106-HYPERLIQUID-xyzBRENTOIL-21MAY2026,106,Hyperliquid,BRENTOIL,xyzBRENTOIL,2026-05-21,2026-04-25,24,0.306893095
106-HYPERLIQUID-xyzBRENTOIL-21MAY2026,106,Hyperliquid,BRENTOIL,xyzBRENTOIL,2026-05-21,2026-04-26,24,-0.052017171999999993
106-HYPERLIQUID-xyzBRENTOIL-21MAY2026,106,Hyperliquid,BRENTOIL,xyzBRENTOIL,2026-05-21,2026-04-27,24,0.0177118805
106-HYPERLIQUID-xyzBRENTOIL-21MAY2026,106,Hyperliquid,BRENTOIL,xyzBRENTOIL,2026-05-21,2026-04-28,24,0.0192048035
106-HYPERLIQUID-xyzBRENTOIL-21MAY2026,106,Hyperliquid,BRENTOIL,xyzBRENTOIL,2026-05-21,2026-04-29,24,0.07405543399999999
106-HYPERLIQUID-xyzBRENTOIL-21MAY2026,106,Hyperliquid,BRENTOIL,xyzBRENTOIL,2026-05-21,2026-04-30,24,-0.041981387499999995
106-HYPERLIQUID-xyzBRENTOIL-21MAY2026,106,Hyperliquid,BRENTOIL,xyzBRENTOIL,2026-05-21,2026-05-01,24,-0.11665984
106-HYPERLIQUID-xyzBRENTOIL-21MAY2026,106,Hyperliquid,BRENTOIL,xyzBRENTOIL,2026-05-21,2026-05-02,24,-0.009328414500000002
106-HYPERLIQUID-xyzBRENTOIL-21MAY2026,106,Hyperliquid,BRENTOIL,xyzBRENTOIL,2026-05-21,2026-05-03,24,-0.185410583
106-HYPERLIQUID-xyzBRENTOIL-21MAY2026,106,Hyperliquid,BRENTOIL,xyzBRENTOIL,2026-05-21,2026-05-04,24,-0.18742264549999998
106-HYPERLIQUID-xyzBRENTOIL-21MAY2026,106,Hyperliquid,BRENTOIL,xyzBRENTOIL,2026-05-21,2026-05-05,24,-0.19657823249999998
106-HYPERLIQUID-xyzBRENTOIL-21MAY2026,106,Hyperliquid,BRENTOIL,xyzBRENTOIL,2026-05-21,2026-05-06,24,-0.34271116549999997
106-HYPERLIQUID-xyzBRENTOIL-21MAY2026,106,Hyperliquid,BRENTOIL,xyzBRENTOIL,2026-05-21,2026-05-07,24,-2.2822352809999997
106-HYPERLIQUID-xyzBRENTOIL-21MAY2026,106,Hyperliquid,BRENTOIL,xyzBRENTOIL,2026-05-21,2026-05-08,24,-2.3617574295
106-HYPERLIQUID-xyzBRENTOIL-21MAY2026,106,Hyperliquid,BRENTOIL,xyzBRENTOIL,2026-05-21,2026-05-09,24,0.0318441695
106-HYPERLIQUID-xyzBRENTOIL-21MAY2026,106,Hyperliquid,BRENTOIL,xyzBRENTOIL,2026-05-21,2026-05-10,24,0.34436253499999997
106-HYPERLIQUID-xyzBRENTOIL-21MAY2026,106,Hyperliquid,BRENTOIL,xyzBRENTOIL,2026-05-21,2026-05-11,24,-2.178407965
106-HYPERLIQUID-xyzBRENTOIL-21MAY2026,106,Hyperliquid,BRENTOIL,xyzBRENTOIL,2026-05-21,2026-05-12,24,-2.0046439845
106-HYPERLIQUID-xyzBRENTOIL-21MAY2026,106,Hyperliquid,BRENTOIL,xyzBRENTOIL,2026-05-21,2026-05-13,24,-1.570804729
106-HYPERLIQUID-xyzBRENTOIL-21MAY2026,106,Hyperliquid,BRENTOIL,xyzBRENTOIL,2026-05-21,2026-05-14,24,0.3112813805
106-HYPERLIQUID-xyzBRENTOIL-21MAY2026,106,Hyperliquid,BRENTOIL,xyzBRENTOIL,2026-05-21,2026-05-15,24,0.17965679599999998
106-HYPERLIQUID-xyzBRENTOIL-21MAY2026,106,Hyperliquid,BRENTOIL,xyzBRENTOIL,2026-05-21,2026-05-16,24,0.0654212495
106-HYPERLIQUID-xyzBRENTOIL-21MAY2026,106,Hyperliquid,BRENTOIL,xyzBRENTOIL,2026-05-21,2026-05-17,24,0.09273770349999999
106-HYPERLIQUID-xyzBRENTOIL-21MAY2026,106,Hyperliquid,BRENTOIL,xyzBRENTOIL,2026-05-21,2026-05-18,24,0.24815904700000002
106-HYPERLIQUID-xyzBRENTOIL-21MAY2026,106,Hyperliquid,BRENTOIL,xyzBRENTOIL,2026-05-21,2026-05-19,24,0.1266555475
106-HYPERLIQUID-xyzBRENTOIL-21MAY2026,106,Hyperliquid,BRENTOIL,xyzBRENTOIL,2026-05-21,2026-05-20,24,0.13160878
106-HYPERLIQUID-xyzBRENTOIL-21MAY2026,106,Hyperliquid,BRENTOIL,xyzBRENTOIL,2026-05-21,2026-05-21,1,0.113404332
107-BINANCE-BTCUSDT-29MAY2026,107,Binance,BTC,BTCUSDT,2026-05-29,2026-04-15,2,-0.039151725
107-BINANCE-BTCUSDT-29MAY2026,107,Binance,BTC,BTCUSDT,2026-05-29,2026-04-16,3,-0.0309666
107-BINANCE-BTCUSDT-29MAY2026,107,Binance,BTC,BTCUSDT,2026-05-29,2026-04-17,3,-0.01719515
107-BINANCE-BTCUSDT-29MAY2026,107,Binance,BTC,BTCUSDT,2026-05-29,2026-04-18,3,-0.0721459
107-BINANCE-BTCUSDT-29MAY2026,107,Binance,BTC,BTCUSDT,2026-05-29,2026-04-19,3,-0.1017985
107-BINANCE-BTCUSDT-29MAY2026,107,Binance,BTC,BTCUSDT,2026-05-29,2026-04-20,3,-0.0443037
107-BINANCE-BTCUSDT-29MAY2026,107,Binance,BTC,BTCUSDT,2026-05-29,2026-04-21,3,-0.06571095
107-BINANCE-BTCUSDT-29MAY2026,107,Binance,BTC,BTCUSDT,2026-05-29,2026-04-22,3,0.0020951000000000008
107-BINANCE-BTCUSDT-29MAY2026,107,Binance,BTC,BTCUSDT,2026-05-29,2026-04-23,3,-0.06613435
107-BINANCE-BTCUSDT-29MAY2026,107,Binance,BTC,BTCUSDT,2026-05-29,2026-04-24,3,-0.054187900000000004
107-BINANCE-BTCUSDT-29MAY2026,107,Binance,BTC,BTCUSDT,2026-05-29,2026-04-25,3,-0.04749015
107-BINANCE-BTCUSDT-29MAY2026,107,Binance,BTC,BTCUSDT,2026-05-29,2026-04-26,3,0.00214985
107-BINANCE-BTCUSDT-29MAY2026,107,Binance,BTC,BTCUSDT,2026-05-29,2026-04-27,3,-0.0514212
107-BINANCE-BTCUSDT-29MAY2026,107,Binance,BTC,BTCUSDT,2026-05-29,2026-04-28,3,-0.006982450000000001
107-BINANCE-BTCUSDT-29MAY2026,107,Binance,BTC,BTCUSDT,2026-05-29,2026-04-29,3,0.007431399999999999
107-BINANCE-BTCUSDT-29MAY2026,107,Binance,BTC,BTCUSDT,2026-05-29,2026-04-30,3,-0.03270765
107-BINANCE-BTCUSDT-29MAY2026,107,Binance,BTC,BTCUSDT,2026-05-29,2026-05-01,3,-0.03175135
107-BINANCE-BTCUSDT-29MAY2026,107,Binance,BTC,BTCUSDT,2026-05-29,2026-05-02,3,-0.03089725
107-BINANCE-BTCUSDT-29MAY2026,107,Binance,BTC,BTCUSDT,2026-05-29,2026-05-03,3,0.0058217500000000005
107-BINANCE-BTCUSDT-29MAY2026,107,Binance,BTC,BTCUSDT,2026-05-29,2026-05-04,3,0.003598899999999999
107-BINANCE-BTCUSDT-29MAY2026,107,Binance,BTC,BTCUSDT,2026-05-29,2026-05-05,3,-0.04835885
107-BINANCE-BTCUSDT-29MAY2026,107,Binance,BTC,BTCUSDT,2026-05-29,2026-05-06,3,-0.06956535
107-BINANCE-BTCUSDT-29MAY2026,107,Binance,BTC,BTCUSDT,2026-05-29,2026-05-07,3,-0.0490487
107-BINANCE-BTCUSDT-29MAY2026,107,Binance,BTC,BTCUSDT,2026-05-29,2026-05-08,3,-0.023845450000000004
107-BINANCE-BTCUSDT-29MAY2026,107,Binance,BTC,BTCUSDT,2026-05-29,2026-05-09,3,0.006183099999999998
107-BINANCE-BTCUSDT-29MAY2026,107,Binance,BTC,BTCUSDT,2026-05-29,2026-05-10,3,0.038252
107-BINANCE-BTCUSDT-29MAY2026,107,Binance,BTC,BTCUSDT,2026-05-29,2026-05-11,3,0.04724925
107-BINANCE-BTCUSDT-29MAY2026,107,Binance,BTC,BTCUSDT,2026-05-29,2026-05-12,3,0.0349816
107-BINANCE-BTCUSDT-29MAY2026,107,Binance,BTC,BTCUSDT,2026-05-29,2026-05-13,3,0.045818450000000004
107-BINANCE-BTCUSDT-29MAY2026,107,Binance,BTC,BTCUSDT,2026-05-29,2026-05-14,3,0.039967499999999996
107-BINANCE-BTCUSDT-29MAY2026,107,Binance,BTC,BTCUSDT,2026-05-29,2026-05-15,3,-0.0167316
107-BINANCE-BTCUSDT-29MAY2026,107,Binance,BTC,BTCUSDT,2026-05-29,2026-05-16,3,0.031692950000000004
107-BINANCE-BTCUSDT-29MAY2026,107,Binance,BTC,BTCUSDT,2026-05-29,2026-05-17,3,0.019202649999999998
107-BINANCE-BTCUSDT-29MAY2026,107,Binance,BTC,BTCUSDT,2026-05-29,2026-05-18,3,0.043161250000000005
107-BINANCE-BTCUSDT-29MAY2026,107,Binance,BTC,BTCUSDT,2026-05-29,2026-05-19,3,0.0567064
107-BINANCE-BTCUSDT-29MAY2026,107,Binance,BTC,BTCUSDT,2026-05-29,2026-05-20,3,0.06604675
107-BINANCE-BTCUSDT-29MAY2026,107,Binance,BTC,BTCUSDT,2026-05-29,2026-05-21,3,0.04401170000000001
107-BINANCE-BTCUSDT-29MAY2026,107,Binance,BTC,BTCUSDT,2026-05-29,2026-05-22,3,0.02056775
107-BINANCE-BTCUSDT-29MAY2026,107,Binance,BTC,BTCUSDT,2026-05-29,2026-05-23,3,0.03740885
107-BINANCE-BTCUSDT-29MAY2026,107,Binance,BTC,BTCUSDT,2026-05-29,2026-05-24,3,0.07883635
107-BINANCE-BTCUSDT-29MAY2026,107,Binance,BTC,BTCUSDT,2026-05-29,2026-05-25,3,0.0419823
107-BINANCE-BTCUSDT-29MAY2026,107,Binance,BTC,BTCUSDT,2026-05-29,2026-05-26,3,0.0645539
107-BINANCE-BTCUSDT-29MAY2026,107,Binance,BTC,BTCUSDT,2026-05-29,2026-05-27,3,0.1053463
107-BINANCE-BTCUSDT-29MAY2026,107,Binance,BTC,BTCUSDT,2026-05-29,2026-05-28,3,0.09129015
107-BINANCE-BTCUSDT-29MAY2026,107,Binance,BTC,BTCUSDT,2026-05-29,2026-05-29,1,0.1095
108-HYPERLIQUID-BTC-29MAY2026,108,Hyperliquid,BTC,BTC,2026-05-29,2026-04-15,16,-0.03767407725
108-HYPERLIQUID-BTC-29MAY2026,108,Hyperliquid,BTC,BTC,2026-05-29,2026-04-16,24,-0.0129829405
108-HYPERLIQUID-BTC-29MAY2026,108,Hyperliquid,BTC,BTC,2026-05-29,2026-04-17,24,-0.046287548000000005
108-HYPERLIQUID-BTC-29MAY2026,108,Hyperliquid,BTC,BTC,2026-05-29,2026-04-18,24,-0.08942792
108-HYPERLIQUID-BTC-29MAY2026,108,Hyperliquid,BTC,BTC,2026-05-29,2026-04-19,24,-0.054228122999999996
108-HYPERLIQUID-BTC-29MAY2026,108,Hyperliquid,BTC,BTC,2026-05-29,2026-04-20,24,6.27435000000001e-05
108-HYPERLIQUID-BTC-29MAY2026,108,Hyperliquid,BTC,BTC,2026-05-29,2026-04-21,24,-0.0075186715
108-HYPERLIQUID-BTC-29MAY2026,108,Hyperliquid,BTC,BTC,2026-05-29,2026-04-22,24,-0.04601117
108-HYPERLIQUID-BTC-29MAY2026,108,Hyperliquid,BTC,BTC,2026-05-29,2026-04-23,24,0.046871256
108-HYPERLIQUID-BTC-29MAY2026,108,Hyperliquid,BTC,BTC,2026-05-29,2026-04-24,24,0.093362401
108-HYPERLIQUID-BTC-29MAY2026,108,Hyperliquid,BTC,BTC,2026-05-29,2026-04-25,24,0.0695837095
108-HYPERLIQUID-BTC-29MAY2026,108,Hyperliquid,BTC,BTC,2026-05-29,2026-04-26,24,0.0288570095
108-HYPERLIQUID-BTC-29MAY2026,108,Hyperliquid,BTC,BTC,2026-05-29,2026-04-27,24,0.03956892
108-HYPERLIQUID-BTC-29MAY2026,108,Hyperliquid,BTC,BTC,2026-05-29,2026-04-28,24,-0.0217928725
108-HYPERLIQUID-BTC-29MAY2026,108,Hyperliquid,BTC,BTC,2026-05-29,2026-04-29,24,-0.02494191
108-HYPERLIQUID-BTC-29MAY2026,108,Hyperliquid,BTC,BTC,2026-05-29,2026-04-30,24,-0.040004949000000005
108-HYPERLIQUID-BTC-29MAY2026,108,Hyperliquid,BTC,BTC,2026-05-29,2026-05-01,24,-0.058099605
108-HYPERLIQUID-BTC-29MAY2026,108,Hyperliquid,BTC,BTC,2026-05-29,2026-05-02,24,-0.0059379295
108-HYPERLIQUID-BTC-29MAY2026,108,Hyperliquid,BTC,BTC,2026-05-29,2026-05-03,24,0.058337585
108-HYPERLIQUID-BTC-29MAY2026,108,Hyperliquid,BTC,BTC,2026-05-29,2026-05-04,24,-0.028350207000000002
108-HYPERLIQUID-BTC-29MAY2026,108,Hyperliquid,BTC,BTC,2026-05-29,2026-05-05,24,0.0274619795
108-HYPERLIQUID-BTC-29MAY2026,108,Hyperliquid,BTC,BTC,2026-05-29,2026-05-06,24,0.07792753649999999
108-HYPERLIQUID-BTC-29MAY2026,108,Hyperliquid,BTC,BTC,2026-05-29,2026-05-07,24,0.0605349945
108-HYPERLIQUID-BTC-29MAY2026,108,Hyperliquid,BTC,BTC,2026-05-29,2026-05-08,24,0.0935088025
108-HYPERLIQUID-BTC-29MAY2026,108,Hyperliquid,BTC,BTC,2026-05-29,2026-05-09,24,0.021287821999999998
108-HYPERLIQUID-BTC-29MAY2026,108,Hyperliquid,BTC,BTC,2026-05-29,2026-05-10,24,0.040967746
108-HYPERLIQUID-BTC-29MAY2026,108,Hyperliquid,BTC,BTC,2026-05-29,2026-05-11,24,0.0317197045
108-HYPERLIQUID-BTC-29MAY2026,108,Hyperliquid,BTC,BTC,2026-05-29,2026-05-12,24,0.07725235949999999
108-HYPERLIQUID-BTC-29MAY2026,108,Hyperliquid,BTC,BTC,2026-05-29,2026-05-13,24,0.0581337325
108-HYPERLIQUID-BTC-29MAY2026,108,Hyperliquid,BTC,BTC,2026-05-29,2026-05-14,24,-0.006728774999999999
108-HYPERLIQUID-BTC-29MAY2026,108,Hyperliquid,BTC,BTC,2026-05-29,2026-05-15,24,0.0083337895
108-HYPERLIQUID-BTC-29MAY2026,108,Hyperliquid,BTC,BTC,2026-05-29,2026-05-16,24,-0.0634460155
108-HYPERLIQUID-BTC-29MAY2026,108,Hyperliquid,BTC,BTC,2026-05-29,2026-05-17,24,0.0074478980000000005
108-HYPERLIQUID-BTC-29MAY2026,108,Hyperliquid,BTC,BTC,2026-05-29,2026-05-18,24,0.074704112
108-HYPERLIQUID-BTC-29MAY2026,108,Hyperliquid,BTC,BTC,2026-05-29,2026-05-19,24,0.1095
108-HYPERLIQUID-BTC-29MAY2026,108,Hyperliquid,BTC,BTC,2026-05-29,2026-05-20,24,0.1095
108-HYPERLIQUID-BTC-29MAY2026,108,Hyperliquid,BTC,BTC,2026-05-29,2026-05-21,24,0.088553891
108-HYPERLIQUID-BTC-29MAY2026,108,Hyperliquid,BTC,BTC,2026-05-29,2026-05-22,24,0.06981219949999999
108-HYPERLIQUID-BTC-29MAY2026,108,Hyperliquid,BTC,BTC,2026-05-29,2026-05-23,24,-0.024785981999999998
108-HYPERLIQUID-BTC-29MAY2026,108,Hyperliquid,BTC,BTC,2026-05-29,2026-05-24,24,-0.0575752095
108-HYPERLIQUID-BTC-29MAY2026,108,Hyperliquid,BTC,BTC,2026-05-29,2026-05-25,24,-0.060408668
108-HYPERLIQUID-BTC-29MAY2026,108,Hyperliquid,BTC,BTC,2026-05-29,2026-05-26,24,-0.04664919
108-HYPERLIQUID-BTC-29MAY2026,108,Hyperliquid,BTC,BTC,2026-05-29,2026-05-27,24,-0.005608626500000001
108-HYPERLIQUID-BTC-29MAY2026,108,Hyperliquid,BTC,BTC,2026-05-29,2026-05-28,24,0.0816891535
108-HYPERLIQUID-BTC-29MAY2026,108,Hyperliquid,BTC,BTC,2026-05-29,2026-05-29,1,0.1095
109-HYPERLIQUID-BTC-29MAY2026,109,Hyperliquid,BTC,BTC,2026-05-29,2026-04-15,16,-0.03767407725
109-HYPERLIQUID-BTC-29MAY2026,109,Hyperliquid,BTC,BTC,2026-05-29,2026-04-16,24,-0.0129829405
109-HYPERLIQUID-BTC-29MAY2026,109,Hyperliquid,BTC,BTC,2026-05-29,2026-04-17,24,-0.046287548000000005
109-HYPERLIQUID-BTC-29MAY2026,109,Hyperliquid,BTC,BTC,2026-05-29,2026-04-18,24,-0.08942792
109-HYPERLIQUID-BTC-29MAY2026,109,Hyperliquid,BTC,BTC,2026-05-29,2026-04-19,24,-0.054228122999999996
109-HYPERLIQUID-BTC-29MAY2026,109,Hyperliquid,BTC,BTC,2026-05-29,2026-04-20,24,6.27435000000001e-05
109-HYPERLIQUID-BTC-29MAY2026,109,Hyperliquid,BTC,BTC,2026-05-29,2026-04-21,24,-0.0075186715
109-HYPERLIQUID-BTC-29MAY2026,109,Hyperliquid,BTC,BTC,2026-05-29,2026-04-22,24,-0.04601117
109-HYPERLIQUID-BTC-29MAY2026,109,Hyperliquid,BTC,BTC,2026-05-29,2026-04-23,24,0.046871256
109-HYPERLIQUID-BTC-29MAY2026,109,Hyperliquid,BTC,BTC,2026-05-29,2026-04-24,24,0.093362401
109-HYPERLIQUID-BTC-29MAY2026,109,Hyperliquid,BTC,BTC,2026-05-29,2026-04-25,24,0.0695837095
109-HYPERLIQUID-BTC-29MAY2026,109,Hyperliquid,BTC,BTC,2026-05-29,2026-04-26,24,0.0288570095
109-HYPERLIQUID-BTC-29MAY2026,109,Hyperliquid,BTC,BTC,2026-05-29,2026-04-27,24,0.03956892
109-HYPERLIQUID-BTC-29MAY2026,109,Hyperliquid,BTC,BTC,2026-05-29,2026-04-28,24,-0.0217928725
109-HYPERLIQUID-BTC-29MAY2026,109,Hyperliquid,BTC,BTC,2026-05-29,2026-04-29,24,-0.02494191
109-HYPERLIQUID-BTC-29MAY2026,109,Hyperliquid,BTC,BTC,2026-05-29,2026-04-30,24,-0.040004949000000005
109-HYPERLIQUID-BTC-29MAY2026,109,Hyperliquid,BTC,BTC,2026-05-29,2026-05-01,24,-0.058099605
109-HYPERLIQUID-BTC-29MAY2026,109,Hyperliquid,BTC,BTC,2026-05-29,2026-05-02,24,-0.0059379295
109-HYPERLIQUID-BTC-29MAY2026,109,Hyperliquid,BTC,BTC,2026-05-29,2026-05-03,24,0.058337585
109-HYPERLIQUID-BTC-29MAY2026,109,Hyperliquid,BTC,BTC,2026-05-29,2026-05-04,24,-0.028350207000000002
109-HYPERLIQUID-BTC-29MAY2026,109,Hyperliquid,BTC,BTC,2026-05-29,2026-05-05,24,0.0274619795
109-HYPERLIQUID-BTC-29MAY2026,109,Hyperliquid,BTC,BTC,2026-05-29,2026-05-06,24,0.07792753649999999
109-HYPERLIQUID-BTC-29MAY2026,109,Hyperliquid,BTC,BTC,2026-05-29,2026-05-07,24,0.0605349945
109-HYPERLIQUID-BTC-29MAY2026,109,Hyperliquid,BTC,BTC,2026-05-29,2026-05-08,24,0.0935088025
109-HYPERLIQUID-BTC-29MAY2026,109,Hyperliquid,BTC,BTC,2026-05-29,2026-05-09,24,0.021287821999999998
109-HYPERLIQUID-BTC-29MAY2026,109,Hyperliquid,BTC,BTC,2026-05-29,2026-05-10,24,0.040967746
109-HYPERLIQUID-BTC-29MAY2026,109,Hyperliquid,BTC,BTC,2026-05-29,2026-05-11,24,0.0317197045
109-HYPERLIQUID-BTC-29MAY2026,109,Hyperliquid,BTC,BTC,2026-05-29,2026-05-12,24,0.07725235949999999
109-HYPERLIQUID-BTC-29MAY2026,109,Hyperliquid,BTC,BTC,2026-05-29,2026-05-13,24,0.0581337325
109-HYPERLIQUID-BTC-29MAY2026,109,Hyperliquid,BTC,BTC,2026-05-29,2026-05-14,24,-0.006728774999999999
109-HYPERLIQUID-BTC-29MAY2026,109,Hyperliquid,BTC,BTC,2026-05-29,2026-05-15,24,0.0083337895
109-HYPERLIQUID-BTC-29MAY2026,109,Hyperliquid,BTC,BTC,2026-05-29,2026-05-16,24,-0.0634460155
109-HYPERLIQUID-BTC-29MAY2026,109,Hyperliquid,BTC,BTC,2026-05-29,2026-05-17,24,0.0074478980000000005
109-HYPERLIQUID-BTC-29MAY2026,109,Hyperliquid,BTC,BTC,2026-05-29,2026-05-18,24,0.074704112
109-HYPERLIQUID-BTC-29MAY2026,109,Hyperliquid,BTC,BTC,2026-05-29,2026-05-19,24,0.1095
109-HYPERLIQUID-BTC-29MAY2026,109,Hyperliquid,BTC,BTC,2026-05-29,2026-05-20,24,0.1095
109-HYPERLIQUID-BTC-29MAY2026,109,Hyperliquid,BTC,BTC,2026-05-29,2026-05-21,24,0.088553891
109-HYPERLIQUID-BTC-29MAY2026,109,Hyperliquid,BTC,BTC,2026-05-29,2026-05-22,24,0.06981219949999999
109-HYPERLIQUID-BTC-29MAY2026,109,Hyperliquid,BTC,BTC,2026-05-29,2026-05-23,24,-0.024785981999999998
109-HYPERLIQUID-BTC-29MAY2026,109,Hyperliquid,BTC,BTC,2026-05-29,2026-05-24,24,-0.0575752095
109-HYPERLIQUID-BTC-29MAY2026,109,Hyperliquid,BTC,BTC,2026-05-29,2026-05-25,24,-0.060408668
109-HYPERLIQUID-BTC-29MAY2026,109,Hyperliquid,BTC,BTC,2026-05-29,2026-05-26,24,-0.04664919
109-HYPERLIQUID-BTC-29MAY2026,109,Hyperliquid,BTC,BTC,2026-05-29,2026-05-27,24,-0.005608626500000001
109-HYPERLIQUID-BTC-29MAY2026,109,Hyperliquid,BTC,BTC,2026-05-29,2026-05-28,24,0.0816891535
109-HYPERLIQUID-BTC-29MAY2026,109,Hyperliquid,BTC,BTC,2026-05-29,2026-05-29,1,0.1095
11-HYPERLIQUID-ETH-31OCT2025,11,Hyperliquid,ETH,ETH,2025-10-31,2025-10-01,20,0.10402499999999999
11-HYPERLIQUID-ETH-31OCT2025,11,Hyperliquid,ETH,ETH,2025-10-31,2025-10-02,24,0.1095
11-HYPERLIQUID-ETH-31OCT2025,11,Hyperliquid,ETH,ETH,2025-10-31,2025-10-03,24,0.1095
11-HYPERLIQUID-ETH-31OCT2025,11,Hyperliquid,ETH,ETH,2025-10-31,2025-10-04,24,0.1095
11-HYPERLIQUID-ETH-31OCT2025,11,Hyperliquid,ETH,ETH,2025-10-31,2025-10-05,24,0.1095
11-HYPERLIQUID-ETH-31OCT2025,11,Hyperliquid,ETH,ETH,2025-10-31,2025-10-06,24,0.125870031
11-HYPERLIQUID-ETH-31OCT2025,11,Hyperliquid,ETH,ETH,2025-10-31,2025-10-07,24,0.1257467705
11-HYPERLIQUID-ETH-31OCT2025,11,Hyperliquid,ETH,ETH,2025-10-31,2025-10-08,24,0.140197522
11-HYPERLIQUID-ETH-31OCT2025,11,Hyperliquid,ETH,ETH,2025-10-31,2025-10-09,24,0.11003600250000001
11-HYPERLIQUID-ETH-31OCT2025,11,Hyperliquid,ETH,ETH,2025-10-31,2025-10-10,23,-0.07192171382608695
11-HYPERLIQUID-ETH-31OCT2025,11,Hyperliquid,ETH,ETH,2025-10-31,2025-10-11,24,-0.1251900725
11-HYPERLIQUID-ETH-31OCT2025,11,Hyperliquid,ETH,ETH,2025-10-31,2025-10-12,24,0.0110817285
11-HYPERLIQUID-ETH-31OCT2025,11,Hyperliquid,ETH,ETH,2025-10-31,2025-10-13,24,0.0871581675
11-HYPERLIQUID-ETH-31OCT2025,11,Hyperliquid,ETH,ETH,2025-10-31,2025-10-14,24,0.0865473035
11-HYPERLIQUID-ETH-31OCT2025,11,Hyperliquid,ETH,ETH,2025-10-31,2025-10-15,24,0.0842643745
11-HYPERLIQUID-ETH-31OCT2025,11,Hyperliquid,ETH,ETH,2025-10-31,2025-10-16,24,0.02203651
11-HYPERLIQUID-ETH-31OCT2025,11,Hyperliquid,ETH,ETH,2025-10-31,2025-10-17,24,0.072046547
11-HYPERLIQUID-ETH-31OCT2025,11,Hyperliquid,ETH,ETH,2025-10-31,2025-10-18,24,0.10665730699999999
11-HYPERLIQUID-ETH-31OCT2025,11,Hyperliquid,ETH,ETH,2025-10-31,2025-10-19,24,-0.008265571000000001
11-HYPERLIQUID-ETH-31OCT2025,11,Hyperliquid,ETH,ETH,2025-10-31,2025-10-20,24,0.07726042600000001
11-HYPERLIQUID-ETH-31OCT2025,11,Hyperliquid,ETH,ETH,2025-10-31,2025-10-21,24,0.0956609155
11-HYPERLIQUID-ETH-31OCT2025,11,Hyperliquid,ETH,ETH,2025-10-31,2025-10-22,24,0.0009594025000000008
11-HYPERLIQUID-ETH-31OCT2025,11,Hyperliquid,ETH,ETH,2025-10-31,2025-10-23,24,0.0893459775
11-HYPERLIQUID-ETH-31OCT2025,11,Hyperliquid,ETH,ETH,2025-10-31,2025-10-24,24,0.1095
11-HYPERLIQUID-ETH-31OCT2025,11,Hyperliquid,ETH,ETH,2025-10-31,2025-10-25,24,0.1095
11-HYPERLIQUID-ETH-31OCT2025,11,Hyperliquid,ETH,ETH,2025-10-31,2025-10-26,24,0.1095
11-HYPERLIQUID-ETH-31OCT2025,11,Hyperliquid,ETH,ETH,2025-10-31,2025-10-27,24,0.1095
11-HYPERLIQUID-ETH-31OCT2025,11,Hyperliquid,ETH,ETH,2025-10-31,2025-10-28,24,0.1087543415
11-HYPERLIQUID-ETH-31OCT2025,11,Hyperliquid,ETH,ETH,2025-10-31,2025-10-29,24,0.038512172
11-HYPERLIQUID-ETH-31OCT2025,11,Hyperliquid,ETH,ETH,2025-10-31,2025-10-30,24,0.1095
11-HYPERLIQUID-ETH-31OCT2025,11,Hyperliquid,ETH,ETH,2025-10-31,2025-10-31,1,0.1095
110-OKX-BTCUSDT-29MAY2026,110,OKX,BTC,BTCUSDT,2026-05-29,2026-04-15,2,-0.031263488508948
110-OKX-BTCUSDT-29MAY2026,110,OKX,BTC,BTCUSDT,2026-05-29,2026-04-16,3,-0.034927898793810495
110-OKX-BTCUSDT-29MAY2026,110,OKX,BTC,BTCUSDT,2026-05-29,2026-04-17,3,-0.029968081624935
110-OKX-BTCUSDT-29MAY2026,110,OKX,BTC,BTCUSDT,2026-05-29,2026-04-18,3,-0.0040936577285629995
110-OKX-BTCUSDT-29MAY2026,110,OKX,BTC,BTCUSDT,2026-05-29,2026-04-19,3,-0.050613304643579
110-OKX-BTCUSDT-29MAY2026,110,OKX,BTC,BTCUSDT,2026-05-29,2026-04-20,3,0.003969869991318999
110-OKX-BTCUSDT-29MAY2026,110,OKX,BTC,BTCUSDT,2026-05-29,2026-04-21,3,0.0017671054337865012
110-OKX-BTCUSDT-29MAY2026,110,OKX,BTC,BTCUSDT,2026-05-29,2026-04-22,3,-0.009517177812619
110-OKX-BTCUSDT-29MAY2026,110,OKX,BTC,BTCUSDT,2026-05-29,2026-04-23,3,-0.0542225417576615
110-OKX-BTCUSDT-29MAY2026,110,OKX,BTC,BTCUSDT,2026-05-29,2026-04-24,3,-0.026010744531744
110-OKX-BTCUSDT-29MAY2026,110,OKX,BTC,BTCUSDT,2026-05-29,2026-04-25,3,-0.043111686795781
110-OKX-BTCUSDT-29MAY2026,110,OKX,BTC,BTCUSDT,2026-05-29,2026-04-26,3,0.019648514889257
110-OKX-BTCUSDT-29MAY2026,110,OKX,BTC,BTCUSDT,2026-05-29,2026-04-27,3,-0.056715634025317506
110-OKX-BTCUSDT-29MAY2026,110,OKX,BTC,BTCUSDT,2026-05-29,2026-04-28,3,-0.0515488893071795
110-OKX-BTCUSDT-29MAY2026,110,OKX,BTC,BTCUSDT,2026-05-29,2026-04-29,3,0.005021056229140001
110-OKX-BTCUSDT-29MAY2026,110,OKX,BTC,BTCUSDT,2026-05-29,2026-04-30,3,-0.0284217932274325
110-OKX-BTCUSDT-29MAY2026,110,OKX,BTC,BTCUSDT,2026-05-29,2026-05-01,3,-0.021658090040474
110-OKX-BTCUSDT-29MAY2026,110,OKX,BTC,BTCUSDT,2026-05-29,2026-05-02,3,-0.012894273050674499
110-OKX-BTCUSDT-29MAY2026,110,OKX,BTC,BTCUSDT,2026-05-29,2026-05-03,3,0.004393798129784499
110-OKX-BTCUSDT-29MAY2026,110,OKX,BTC,BTCUSDT,2026-05-29,2026-05-04,3,0.017449266023076
110-OKX-BTCUSDT-29MAY2026,110,OKX,BTC,BTCUSDT,2026-05-29,2026-05-05,3,-0.013203847149988998
110-OKX-BTCUSDT-29MAY2026,110,OKX,BTC,BTCUSDT,2026-05-29,2026-05-06,3,-0.009450983765263
110-OKX-BTCUSDT-29MAY2026,110,OKX,BTC,BTCUSDT,2026-05-29,2026-05-07,3,0.016634415841570504
110-OKX-BTCUSDT-29MAY2026,110,OKX,BTC,BTCUSDT,2026-05-29,2026-05-08,3,0.010774953143633999
110-OKX-BTCUSDT-29MAY2026,110,OKX,BTC,BTCUSDT,2026-05-29,2026-05-09,3,0.0040773075295095
110-OKX-BTCUSDT-29MAY2026,110,OKX,BTC,BTCUSDT,2026-05-29,2026-05-10,3,0.038110172134106
110-OKX-BTCUSDT-29MAY2026,110,OKX,BTC,BTCUSDT,2026-05-29,2026-05-11,3,0.04947029547066
110-OKX-BTCUSDT-29MAY2026,110,OKX,BTC,BTCUSDT,2026-05-29,2026-05-12,3,-0.0341595880611495
110-OKX-BTCUSDT-29MAY2026,110,OKX,BTC,BTCUSDT,2026-05-29,2026-05-13,3,0.043866848024645
110-OKX-BTCUSDT-29MAY2026,110,OKX,BTC,BTCUSDT,2026-05-29,2026-05-14,3,0.04197355804713301
110-OKX-BTCUSDT-29MAY2026,110,OKX,BTC,BTCUSDT,2026-05-29,2026-05-15,3,0.0250855794294845
110-OKX-BTCUSDT-29MAY2026,110,OKX,BTC,BTCUSDT,2026-05-29,2026-05-16,3,0.0889192189402725
110-OKX-BTCUSDT-29MAY2026,110,OKX,BTC,BTCUSDT,2026-05-29,2026-05-17,3,0.013498173927862499
110-OKX-BTCUSDT-29MAY2026,110,OKX,BTC,BTCUSDT,2026-05-29,2026-05-18,3,0.052673785246657
110-OKX-BTCUSDT-29MAY2026,110,OKX,BTC,BTCUSDT,2026-05-29,2026-05-19,3,0.0831646030719925
110-OKX-BTCUSDT-29MAY2026,110,OKX,BTC,BTCUSDT,2026-05-29,2026-05-20,3,0.0607510890470385
110-OKX-BTCUSDT-29MAY2026,110,OKX,BTC,BTCUSDT,2026-05-29,2026-05-21,3,0.05048228927452
110-OKX-BTCUSDT-29MAY2026,110,OKX,BTC,BTCUSDT,2026-05-29,2026-05-22,3,0.031151398408357997
110-OKX-BTCUSDT-29MAY2026,110,OKX,BTC,BTCUSDT,2026-05-29,2026-05-23,3,0.023995330511297
110-OKX-BTCUSDT-29MAY2026,110,OKX,BTC,BTCUSDT,2026-05-29,2026-05-24,3,0.06125284784662399
110-OKX-BTCUSDT-29MAY2026,110,OKX,BTC,BTCUSDT,2026-05-29,2026-05-25,3,0.006993671225806
110-OKX-BTCUSDT-29MAY2026,110,OKX,BTC,BTCUSDT,2026-05-29,2026-05-26,3,0.04928153174796349
110-OKX-BTCUSDT-29MAY2026,110,OKX,BTC,BTCUSDT,2026-05-29,2026-05-27,3,0.06349857300869251
110-OKX-BTCUSDT-29MAY2026,110,OKX,BTC,BTCUSDT,2026-05-29,2026-05-28,3,0.104933994613876
110-OKX-BTCUSDT-29MAY2026,110,OKX,BTC,BTCUSDT,2026-05-29,2026-05-29,1,0.0900761959518795
111-HYPERLIQUID-BTC-26JUN2026,111,Hyperliquid,BTC,BTC,2026-06-26,2026-04-15,16,-0.03767407725
111-HYPERLIQUID-BTC-26JUN2026,111,Hyperliquid,BTC,BTC,2026-06-26,2026-04-16,24,-0.0129829405
111-HYPERLIQUID-BTC-26JUN2026,111,Hyperliquid,BTC,BTC,2026-06-26,2026-04-17,24,-0.046287548000000005
111-HYPERLIQUID-BTC-26JUN2026,111,Hyperliquid,BTC,BTC,2026-06-26,2026-04-18,24,-0.08942792
111-HYPERLIQUID-BTC-26JUN2026,111,Hyperliquid,BTC,BTC,2026-06-26,2026-04-19,24,-0.054228122999999996
111-HYPERLIQUID-BTC-26JUN2026,111,Hyperliquid,BTC,BTC,2026-06-26,2026-04-20,24,6.27435000000001e-05
111-HYPERLIQUID-BTC-26JUN2026,111,Hyperliquid,BTC,BTC,2026-06-26,2026-04-21,24,-0.0075186715
111-HYPERLIQUID-BTC-26JUN2026,111,Hyperliquid,BTC,BTC,2026-06-26,2026-04-22,24,-0.04601117
111-HYPERLIQUID-BTC-26JUN2026,111,Hyperliquid,BTC,BTC,2026-06-26,2026-04-23,24,0.046871256
111-HYPERLIQUID-BTC-26JUN2026,111,Hyperliquid,BTC,BTC,2026-06-26,2026-04-24,24,0.093362401
111-HYPERLIQUID-BTC-26JUN2026,111,Hyperliquid,BTC,BTC,2026-06-26,2026-04-25,24,0.0695837095
111-HYPERLIQUID-BTC-26JUN2026,111,Hyperliquid,BTC,BTC,2026-06-26,2026-04-26,24,0.0288570095
111-HYPERLIQUID-BTC-26JUN2026,111,Hyperliquid,BTC,BTC,2026-06-26,2026-04-27,24,0.03956892
111-HYPERLIQUID-BTC-26JUN2026,111,Hyperliquid,BTC,BTC,2026-06-26,2026-04-28,24,-0.0217928725
111-HYPERLIQUID-BTC-26JUN2026,111,Hyperliquid,BTC,BTC,2026-06-26,2026-04-29,24,-0.02494191
111-HYPERLIQUID-BTC-26JUN2026,111,Hyperliquid,BTC,BTC,2026-06-26,2026-04-30,24,-0.040004949000000005
111-HYPERLIQUID-BTC-26JUN2026,111,Hyperliquid,BTC,BTC,2026-06-26,2026-05-01,24,-0.058099605
111-HYPERLIQUID-BTC-26JUN2026,111,Hyperliquid,BTC,BTC,2026-06-26,2026-05-02,24,-0.0059379295
111-HYPERLIQUID-BTC-26JUN2026,111,Hyperliquid,BTC,BTC,2026-06-26,2026-05-03,24,0.058337585
111-HYPERLIQUID-BTC-26JUN2026,111,Hyperliquid,BTC,BTC,2026-06-26,2026-05-04,24,-0.028350207000000002
111-HYPERLIQUID-BTC-26JUN2026,111,Hyperliquid,BTC,BTC,2026-06-26,2026-05-05,24,0.0274619795
111-HYPERLIQUID-BTC-26JUN2026,111,Hyperliquid,BTC,BTC,2026-06-26,2026-05-06,24,0.07792753649999999
111-HYPERLIQUID-BTC-26JUN2026,111,Hyperliquid,BTC,BTC,2026-06-26,2026-05-07,24,0.0605349945
111-HYPERLIQUID-BTC-26JUN2026,111,Hyperliquid,BTC,BTC,2026-06-26,2026-05-08,24,0.0935088025
111-HYPERLIQUID-BTC-26JUN2026,111,Hyperliquid,BTC,BTC,2026-06-26,2026-05-09,24,0.021287821999999998
111-HYPERLIQUID-BTC-26JUN2026,111,Hyperliquid,BTC,BTC,2026-06-26,2026-05-10,24,0.040967746
111-HYPERLIQUID-BTC-26JUN2026,111,Hyperliquid,BTC,BTC,2026-06-26,2026-05-11,24,0.0317197045
111-HYPERLIQUID-BTC-26JUN2026,111,Hyperliquid,BTC,BTC,2026-06-26,2026-05-12,24,0.07725235949999999
111-HYPERLIQUID-BTC-26JUN2026,111,Hyperliquid,BTC,BTC,2026-06-26,2026-05-13,24,0.0581337325
111-HYPERLIQUID-BTC-26JUN2026,111,Hyperliquid,BTC,BTC,2026-06-26,2026-05-14,24,-0.006728774999999999
111-HYPERLIQUID-BTC-26JUN2026,111,Hyperliquid,BTC,BTC,2026-06-26,2026-05-15,24,0.0083337895
111-HYPERLIQUID-BTC-26JUN2026,111,Hyperliquid,BTC,BTC,2026-06-26,2026-05-16,24,-0.0634460155
111-HYPERLIQUID-BTC-26JUN2026,111,Hyperliquid,BTC,BTC,2026-06-26,2026-05-17,24,0.0074478980000000005
111-HYPERLIQUID-BTC-26JUN2026,111,Hyperliquid,BTC,BTC,2026-06-26,2026-05-18,24,0.074704112
111-HYPERLIQUID-BTC-26JUN2026,111,Hyperliquid,BTC,BTC,2026-06-26,2026-05-19,24,0.1095
111-HYPERLIQUID-BTC-26JUN2026,111,Hyperliquid,BTC,BTC,2026-06-26,2026-05-20,24,0.1095
111-HYPERLIQUID-BTC-26JUN2026,111,Hyperliquid,BTC,BTC,2026-06-26,2026-05-21,24,0.088553891
111-HYPERLIQUID-BTC-26JUN2026,111,Hyperliquid,BTC,BTC,2026-06-26,2026-05-22,24,0.06981219949999999
111-HYPERLIQUID-BTC-26JUN2026,111,Hyperliquid,BTC,BTC,2026-06-26,2026-05-23,24,-0.024785981999999998
111-HYPERLIQUID-BTC-26JUN2026,111,Hyperliquid,BTC,BTC,2026-06-26,2026-05-24,24,-0.0575752095
111-HYPERLIQUID-BTC-26JUN2026,111,Hyperliquid,BTC,BTC,2026-06-26,2026-05-25,24,-0.060408668
111-HYPERLIQUID-BTC-26JUN2026,111,Hyperliquid,BTC,BTC,2026-06-26,2026-05-26,24,-0.04664919
111-HYPERLIQUID-BTC-26JUN2026,111,Hyperliquid,BTC,BTC,2026-06-26,2026-05-27,24,-0.005608626500000001
111-HYPERLIQUID-BTC-26JUN2026,111,Hyperliquid,BTC,BTC,2026-06-26,2026-05-28,24,0.0816891535
111-HYPERLIQUID-BTC-26JUN2026,111,Hyperliquid,BTC,BTC,2026-06-26,2026-05-29,24,0.0665964765
111-HYPERLIQUID-BTC-26JUN2026,111,Hyperliquid,BTC,BTC,2026-06-26,2026-05-30,24,0.053833266
111-HYPERLIQUID-BTC-26JUN2026,111,Hyperliquid,BTC,BTC,2026-06-26,2026-05-31,24,0.09655637
111-HYPERLIQUID-BTC-26JUN2026,111,Hyperliquid,BTC,BTC,2026-06-26,2026-06-01,24,0.1095
111-HYPERLIQUID-BTC-26JUN2026,111,Hyperliquid,BTC,BTC,2026-06-26,2026-06-02,24,0.108718535
111-HYPERLIQUID-BTC-26JUN2026,111,Hyperliquid,BTC,BTC,2026-06-26,2026-06-03,24,0.0778872405
111-HYPERLIQUID-BTC-26JUN2026,111,Hyperliquid,BTC,BTC,2026-06-26,2026-06-04,24,0.048711111499999994
111-HYPERLIQUID-BTC-26JUN2026,111,Hyperliquid,BTC,BTC,2026-06-26,2026-06-05,24,0.060328514
111-HYPERLIQUID-BTC-26JUN2026,111,Hyperliquid,BTC,BTC,2026-06-26,2026-06-06,24,0.056056261999999996
111-HYPERLIQUID-BTC-26JUN2026,111,Hyperliquid,BTC,BTC,2026-06-26,2026-06-07,24,0.100657072
111-HYPERLIQUID-BTC-26JUN2026,111,Hyperliquid,BTC,BTC,2026-06-26,2026-06-08,24,0.0923254725
111-HYPERLIQUID-BTC-26JUN2026,111,Hyperliquid,BTC,BTC,2026-06-26,2026-06-09,24,0.08552019350000001
111-HYPERLIQUID-BTC-26JUN2026,111,Hyperliquid,BTC,BTC,2026-06-26,2026-06-10,24,0.044761337000000005
111-HYPERLIQUID-BTC-26JUN2026,111,Hyperliquid,BTC,BTC,2026-06-26,2026-06-11,24,0.048673188
111-HYPERLIQUID-BTC-26JUN2026,111,Hyperliquid,BTC,BTC,2026-06-26,2026-06-12,24,0.0733415305
111-HYPERLIQUID-BTC-26JUN2026,111,Hyperliquid,BTC,BTC,2026-06-26,2026-06-13,24,0.10899075200000001
111-HYPERLIQUID-BTC-26JUN2026,111,Hyperliquid,BTC,BTC,2026-06-26,2026-06-14,24,0.10156230849999999
111-HYPERLIQUID-BTC-26JUN2026,111,Hyperliquid,BTC,BTC,2026-06-26,2026-06-15,24,0.07607446799999999
111-HYPERLIQUID-BTC-26JUN2026,111,Hyperliquid,BTC,BTC,2026-06-26,2026-06-16,24,0.063399843
111-HYPERLIQUID-BTC-26JUN2026,111,Hyperliquid,BTC,BTC,2026-06-26,2026-06-17,24,0.066311594
111-HYPERLIQUID-BTC-26JUN2026,111,Hyperliquid,BTC,BTC,2026-06-26,2026-06-18,24,0.006619494
111-HYPERLIQUID-BTC-26JUN2026,111,Hyperliquid,BTC,BTC,2026-06-26,2026-06-19,24,0.09409951849999999
111-HYPERLIQUID-BTC-26JUN2026,111,Hyperliquid,BTC,BTC,2026-06-26,2026-06-20,24,0.0755251795
111-HYPERLIQUID-BTC-26JUN2026,111,Hyperliquid,BTC,BTC,2026-06-26,2026-06-21,24,-0.0023207064999999994
111-HYPERLIQUID-BTC-26JUN2026,111,Hyperliquid,BTC,BTC,2026-06-26,2026-06-22,24,0.055390283000000005
111-HYPERLIQUID-BTC-26JUN2026,111,Hyperliquid,BTC,BTC,2026-06-26,2026-06-23,24,0.0554670425
111-HYPERLIQUID-BTC-26JUN2026,111,Hyperliquid,BTC,BTC,2026-06-26,2026-06-24,24,0.045384903
111-HYPERLIQUID-BTC-26JUN2026,111,Hyperliquid,BTC,BTC,2026-06-26,2026-06-25,24,-0.0316112995
111-HYPERLIQUID-BTC-26JUN2026,111,Hyperliquid,BTC,BTC,2026-06-26,2026-06-26,1,-0.02917956
112-BINANCE-ETHUSDT-29MAY2026,112,Binance,ETH,ETHUSDT,2026-05-29,2026-04-15,2,0.001428975
112-BINANCE-ETHUSDT-29MAY2026,112,Binance,ETH,ETHUSDT,2026-05-29,2026-04-16,3,-0.0388725
112-BINANCE-ETHUSDT-29MAY2026,112,Binance,ETH,ETHUSDT,2026-05-29,2026-04-17,3,0.012782299999999998
112-BINANCE-ETHUSDT-29MAY2026,112,Binance,ETH,ETHUSDT,2026-05-29,2026-04-18,3,-0.0674009
112-BINANCE-ETHUSDT-29MAY2026,112,Binance,ETH,ETHUSDT,2026-05-29,2026-04-19,3,-0.16348715
112-BINANCE-ETHUSDT-29MAY2026,112,Binance,ETH,ETHUSDT,2026-05-29,2026-04-20,3,-0.005566249999999999
112-BINANCE-ETHUSDT-29MAY2026,112,Binance,ETH,ETHUSDT,2026-05-29,2026-04-21,3,-0.0429897
112-BINANCE-ETHUSDT-29MAY2026,112,Binance,ETH,ETHUSDT,2026-05-29,2026-04-22,3,0.057191849999999995
112-BINANCE-ETHUSDT-29MAY2026,112,Binance,ETH,ETHUSDT,2026-05-29,2026-04-23,3,0.007267150000000001
112-BINANCE-ETHUSDT-29MAY2026,112,Binance,ETH,ETHUSDT,2026-05-29,2026-04-24,3,-0.08311049999999999
112-BINANCE-ETHUSDT-29MAY2026,112,Binance,ETH,ETHUSDT,2026-05-29,2026-04-25,3,-0.04000035
112-BINANCE-ETHUSDT-29MAY2026,112,Binance,ETH,ETHUSDT,2026-05-29,2026-04-26,3,-0.0215496
112-BINANCE-ETHUSDT-29MAY2026,112,Binance,ETH,ETHUSDT,2026-05-29,2026-04-27,3,-0.08064310000000001
112-BINANCE-ETHUSDT-29MAY2026,112,Binance,ETH,ETHUSDT,2026-05-29,2026-04-28,3,-0.10131305
112-BINANCE-ETHUSDT-29MAY2026,112,Binance,ETH,ETHUSDT,2026-05-29,2026-04-29,3,0.044858499999999996
112-BINANCE-ETHUSDT-29MAY2026,112,Binance,ETH,ETHUSDT,2026-05-29,2026-04-30,3,-0.06732425
112-BINANCE-ETHUSDT-29MAY2026,112,Binance,ETH,ETHUSDT,2026-05-29,2026-05-01,3,-0.0292292
112-BINANCE-ETHUSDT-29MAY2026,112,Binance,ETH,ETHUSDT,2026-05-29,2026-05-02,3,-0.0169506
112-BINANCE-ETHUSDT-29MAY2026,112,Binance,ETH,ETHUSDT,2026-05-29,2026-05-03,3,0.038832349999999995
112-BINANCE-ETHUSDT-29MAY2026,112,Binance,ETH,ETHUSDT,2026-05-29,2026-05-04,3,0.0465156
112-BINANCE-ETHUSDT-29MAY2026,112,Binance,ETH,ETHUSDT,2026-05-29,2026-05-05,3,-0.03973755
112-BINANCE-ETHUSDT-29MAY2026,112,Binance,ETH,ETHUSDT,2026-05-29,2026-05-06,3,-0.0605973
112-BINANCE-ETHUSDT-29MAY2026,112,Binance,ETH,ETHUSDT,2026-05-29,2026-05-07,3,-0.08357405
112-BINANCE-ETHUSDT-29MAY2026,112,Binance,ETH,ETHUSDT,2026-05-29,2026-05-08,3,-0.02618875
112-BINANCE-ETHUSDT-29MAY2026,112,Binance,ETH,ETHUSDT,2026-05-29,2026-05-09,3,0.07034644999999999
112-BINANCE-ETHUSDT-29MAY2026,112,Binance,ETH,ETHUSDT,2026-05-29,2026-05-10,3,0.0911843
112-BINANCE-ETHUSDT-29MAY2026,112,Binance,ETH,ETHUSDT,2026-05-29,2026-05-11,3,0.046767449999999995
112-BINANCE-ETHUSDT-29MAY2026,112,Binance,ETH,ETHUSDT,2026-05-29,2026-05-12,3,0.0314265
112-BINANCE-ETHUSDT-29MAY2026,112,Binance,ETH,ETHUSDT,2026-05-29,2026-05-13,3,0.0252361
112-BINANCE-ETHUSDT-29MAY2026,112,Binance,ETH,ETHUSDT,2026-05-29,2026-05-14,3,0.0562611
112-BINANCE-ETHUSDT-29MAY2026,112,Binance,ETH,ETHUSDT,2026-05-29,2026-05-15,3,0.0039858
112-BINANCE-ETHUSDT-29MAY2026,112,Binance,ETH,ETHUSDT,2026-05-29,2026-05-16,3,0.06595184999999999
112-BINANCE-ETHUSDT-29MAY2026,112,Binance,ETH,ETHUSDT,2026-05-29,2026-05-17,3,0.06335305000000001
112-BINANCE-ETHUSDT-29MAY2026,112,Binance,ETH,ETHUSDT,2026-05-29,2026-05-18,3,0.0282364
112-BINANCE-ETHUSDT-29MAY2026,112,Binance,ETH,ETHUSDT,2026-05-29,2026-05-19,3,0.07035375
112-BINANCE-ETHUSDT-29MAY2026,112,Binance,ETH,ETHUSDT,2026-05-29,2026-05-20,3,0.0506036
112-BINANCE-ETHUSDT-29MAY2026,112,Binance,ETH,ETHUSDT,2026-05-29,2026-05-21,3,0.0446614
112-BINANCE-ETHUSDT-29MAY2026,112,Binance,ETH,ETHUSDT,2026-05-29,2026-05-22,3,0.05096130000000001
112-BINANCE-ETHUSDT-29MAY2026,112,Binance,ETH,ETHUSDT,2026-05-29,2026-05-23,3,0.0603929
112-BINANCE-ETHUSDT-29MAY2026,112,Binance,ETH,ETHUSDT,2026-05-29,2026-05-24,3,0.0739271
112-BINANCE-ETHUSDT-29MAY2026,112,Binance,ETH,ETHUSDT,2026-05-29,2026-05-25,3,0.0515234
112-BINANCE-ETHUSDT-29MAY2026,112,Binance,ETH,ETHUSDT,2026-05-29,2026-05-26,3,0.03890535
112-BINANCE-ETHUSDT-29MAY2026,112,Binance,ETH,ETHUSDT,2026-05-29,2026-05-27,3,0.060298
112-BINANCE-ETHUSDT-29MAY2026,112,Binance,ETH,ETHUSDT,2026-05-29,2026-05-28,3,0.0290102
112-BINANCE-ETHUSDT-29MAY2026,112,Binance,ETH,ETHUSDT,2026-05-29,2026-05-29,1,0.09365535
113-HYPERLIQUID-ETH-29MAY2026,113,Hyperliquid,ETH,ETH,2026-05-29,2026-04-15,16,-0.11820804224999999
113-HYPERLIQUID-ETH-29MAY2026,113,Hyperliquid,ETH,ETH,2026-05-29,2026-04-16,24,-0.1637651705
113-HYPERLIQUID-ETH-29MAY2026,113,Hyperliquid,ETH,ETH,2026-05-29,2026-04-17,24,-0.10122442799999999
113-HYPERLIQUID-ETH-29MAY2026,113,Hyperliquid,ETH,ETH,2026-05-29,2026-04-18,24,-0.148790425
113-HYPERLIQUID-ETH-29MAY2026,113,Hyperliquid,ETH,ETH,2026-05-29,2026-04-19,24,-0.161669961
113-HYPERLIQUID-ETH-29MAY2026,113,Hyperliquid,ETH,ETH,2026-05-29,2026-04-20,24,-0.013971835000000002
113-HYPERLIQUID-ETH-29MAY2026,113,Hyperliquid,ETH,ETH,2026-05-29,2026-04-21,24,-0.044673006999999994
113-HYPERLIQUID-ETH-29MAY2026,113,Hyperliquid,ETH,ETH,2026-05-29,2026-04-22,24,0.052652490999999996
113-HYPERLIQUID-ETH-29MAY2026,113,Hyperliquid,ETH,ETH,2026-05-29,2026-04-23,24,-0.022797024
113-HYPERLIQUID-ETH-29MAY2026,113,Hyperliquid,ETH,ETH,2026-05-29,2026-04-24,24,-0.017448606000000002
113-HYPERLIQUID-ETH-29MAY2026,113,Hyperliquid,ETH,ETH,2026-05-29,2026-04-25,24,0.045143053999999995
113-HYPERLIQUID-ETH-29MAY2026,113,Hyperliquid,ETH,ETH,2026-05-29,2026-04-26,24,-0.033197261
113-HYPERLIQUID-ETH-29MAY2026,113,Hyperliquid,ETH,ETH,2026-05-29,2026-04-27,24,0.008351747500000001
113-HYPERLIQUID-ETH-29MAY2026,113,Hyperliquid,ETH,ETH,2026-05-29,2026-04-28,24,0.0029170800000000003
113-HYPERLIQUID-ETH-29MAY2026,113,Hyperliquid,ETH,ETH,2026-05-29,2026-04-29,24,0.081597502
113-HYPERLIQUID-ETH-29MAY2026,113,Hyperliquid,ETH,ETH,2026-05-29,2026-04-30,24,0.028064777
113-HYPERLIQUID-ETH-29MAY2026,113,Hyperliquid,ETH,ETH,2026-05-29,2026-05-01,24,0.08017031549999999
113-HYPERLIQUID-ETH-29MAY2026,113,Hyperliquid,ETH,ETH,2026-05-29,2026-05-02,24,0.085150047
113-HYPERLIQUID-ETH-29MAY2026,113,Hyperliquid,ETH,ETH,2026-05-29,2026-05-03,24,0.09344985500000001
113-HYPERLIQUID-ETH-29MAY2026,113,Hyperliquid,ETH,ETH,2026-05-29,2026-05-04,24,0.057214772
113-HYPERLIQUID-ETH-29MAY2026,113,Hyperliquid,ETH,ETH,2026-05-29,2026-05-05,24,0.05938258
113-HYPERLIQUID-ETH-29MAY2026,113,Hyperliquid,ETH,ETH,2026-05-29,2026-05-06,24,0.0479308145
113-HYPERLIQUID-ETH-29MAY2026,113,Hyperliquid,ETH,ETH,2026-05-29,2026-05-07,24,0.058335906
113-HYPERLIQUID-ETH-29MAY2026,113,Hyperliquid,ETH,ETH,2026-05-29,2026-05-08,24,0.09884703700000001
113-HYPERLIQUID-ETH-29MAY2026,113,Hyperliquid,ETH,ETH,2026-05-29,2026-05-09,24,0.10413304
113-HYPERLIQUID-ETH-29MAY2026,113,Hyperliquid,ETH,ETH,2026-05-29,2026-05-10,24,0.1095
113-HYPERLIQUID-ETH-29MAY2026,113,Hyperliquid,ETH,ETH,2026-05-29,2026-05-11,24,0.10661763149999999
113-HYPERLIQUID-ETH-29MAY2026,113,Hyperliquid,ETH,ETH,2026-05-29,2026-05-12,24,0.0839317865
113-HYPERLIQUID-ETH-29MAY2026,113,Hyperliquid,ETH,ETH,2026-05-29,2026-05-13,24,0.107446218
113-HYPERLIQUID-ETH-29MAY2026,113,Hyperliquid,ETH,ETH,2026-05-29,2026-05-14,24,0.09113320000000001
113-HYPERLIQUID-ETH-29MAY2026,113,Hyperliquid,ETH,ETH,2026-05-29,2026-05-15,24,0.058115445999999994
113-HYPERLIQUID-ETH-29MAY2026,113,Hyperliquid,ETH,ETH,2026-05-29,2026-05-16,24,0.038311057
113-HYPERLIQUID-ETH-29MAY2026,113,Hyperliquid,ETH,ETH,2026-05-29,2026-05-17,24,-0.0134738655
113-HYPERLIQUID-ETH-29MAY2026,113,Hyperliquid,ETH,ETH,2026-05-29,2026-05-18,24,0.0441457645
113-HYPERLIQUID-ETH-29MAY2026,113,Hyperliquid,ETH,ETH,2026-05-29,2026-05-19,24,0.106432321
113-HYPERLIQUID-ETH-29MAY2026,113,Hyperliquid,ETH,ETH,2026-05-29,2026-05-20,24,0.107609081
113-HYPERLIQUID-ETH-29MAY2026,113,Hyperliquid,ETH,ETH,2026-05-29,2026-05-21,24,0.107409134
113-HYPERLIQUID-ETH-29MAY2026,113,Hyperliquid,ETH,ETH,2026-05-29,2026-05-22,24,0.1012186245
113-HYPERLIQUID-ETH-29MAY2026,113,Hyperliquid,ETH,ETH,2026-05-29,2026-05-23,24,0.0122143235
113-HYPERLIQUID-ETH-29MAY2026,113,Hyperliquid,ETH,ETH,2026-05-29,2026-05-24,24,0.091804654
113-HYPERLIQUID-ETH-29MAY2026,113,Hyperliquid,ETH,ETH,2026-05-29,2026-05-25,24,0.0256209925
113-HYPERLIQUID-ETH-29MAY2026,113,Hyperliquid,ETH,ETH,2026-05-29,2026-05-26,24,0.0717911565
113-HYPERLIQUID-ETH-29MAY2026,113,Hyperliquid,ETH,ETH,2026-05-29,2026-05-27,24,0.063430868
113-HYPERLIQUID-ETH-29MAY2026,113,Hyperliquid,ETH,ETH,2026-05-29,2026-05-28,24,0.03793153
113-HYPERLIQUID-ETH-29MAY2026,113,Hyperliquid,ETH,ETH,2026-05-29,2026-05-29,1,0.1095
114-OKX-ETHUSDT-29MAY2026,114,OKX,ETH,ETHUSDT,2026-05-29,2026-04-15,2,-0.01221071210438925
114-OKX-ETHUSDT-29MAY2026,114,OKX,ETH,ETHUSDT,2026-05-29,2026-04-16,3,-0.0382459485426155
114-OKX-ETHUSDT-29MAY2026,114,OKX,ETH,ETHUSDT,2026-05-29,2026-04-17,3,-0.006352268047412502
114-OKX-ETHUSDT-29MAY2026,114,OKX,ETH,ETHUSDT,2026-05-29,2026-04-18,3,0.0675216069059435
114-OKX-ETHUSDT-29MAY2026,114,OKX,ETH,ETHUSDT,2026-05-29,2026-04-19,3,-0.0993733844149165
114-OKX-ETHUSDT-29MAY2026,114,OKX,ETH,ETHUSDT,2026-05-29,2026-04-20,3,0.012258614667907501
114-OKX-ETHUSDT-29MAY2026,114,OKX,ETH,ETHUSDT,2026-05-29,2026-04-21,3,-0.041557545606143505
114-OKX-ETHUSDT-29MAY2026,114,OKX,ETH,ETHUSDT,2026-05-29,2026-04-22,3,0.006997875127176002
114-OKX-ETHUSDT-29MAY2026,114,OKX,ETH,ETHUSDT,2026-05-29,2026-04-23,3,-0.031893704774455495
114-OKX-ETHUSDT-29MAY2026,114,OKX,ETH,ETHUSDT,2026-05-29,2026-04-24,3,-0.0409331993189255
114-OKX-ETHUSDT-29MAY2026,114,OKX,ETH,ETHUSDT,2026-05-29,2026-04-25,3,0.041781896237430505
114-OKX-ETHUSDT-29MAY2026,114,OKX,ETH,ETHUSDT,2026-05-29,2026-04-26,3,0.018710902312484002
114-OKX-ETHUSDT-29MAY2026,114,OKX,ETH,ETHUSDT,2026-05-29,2026-04-27,3,-0.04680393099879351
114-OKX-ETHUSDT-29MAY2026,114,OKX,ETH,ETHUSDT,2026-05-29,2026-04-28,3,-0.0633193548923955
114-OKX-ETHUSDT-29MAY2026,114,OKX,ETH,ETHUSDT,2026-05-29,2026-04-29,3,0.051980545819426995
114-OKX-ETHUSDT-29MAY2026,114,OKX,ETH,ETHUSDT,2026-05-29,2026-04-30,3,-0.0184562379816995
114-OKX-ETHUSDT-29MAY2026,114,OKX,ETH,ETHUSDT,2026-05-29,2026-05-01,3,-0.0472588878475935
114-OKX-ETHUSDT-29MAY2026,114,OKX,ETH,ETHUSDT,2026-05-29,2026-05-02,3,-0.021297580164222504
114-OKX-ETHUSDT-29MAY2026,114,OKX,ETH,ETHUSDT,2026-05-29,2026-05-03,3,0.055050574320813506
114-OKX-ETHUSDT-29MAY2026,114,OKX,ETH,ETHUSDT,2026-05-29,2026-05-04,3,0.0357466694251685
114-OKX-ETHUSDT-29MAY2026,114,OKX,ETH,ETHUSDT,2026-05-29,2026-05-05,3,0.009508054392047001
114-OKX-ETHUSDT-29MAY2026,114,OKX,ETH,ETHUSDT,2026-05-29,2026-05-06,3,0.06413411198291401
114-OKX-ETHUSDT-29MAY2026,114,OKX,ETH,ETHUSDT,2026-05-29,2026-05-07,3,0.039379067059013
114-OKX-ETHUSDT-29MAY2026,114,OKX,ETH,ETHUSDT,2026-05-29,2026-05-08,3,0.06493293724971601
114-OKX-ETHUSDT-29MAY2026,114,OKX,ETH,ETHUSDT,2026-05-29,2026-05-09,3,0.09640879227592951
114-OKX-ETHUSDT-29MAY2026,114,OKX,ETH,ETHUSDT,2026-05-29,2026-05-10,3,0.08828333295901801
114-OKX-ETHUSDT-29MAY2026,114,OKX,ETH,ETHUSDT,2026-05-29,2026-05-11,3,0.083317520135564
114-OKX-ETHUSDT-29MAY2026,114,OKX,ETH,ETHUSDT,2026-05-29,2026-05-12,3,0.062376969679501494
114-OKX-ETHUSDT-29MAY2026,114,OKX,ETH,ETHUSDT,2026-05-29,2026-05-13,3,0.0677502366095475
114-OKX-ETHUSDT-29MAY2026,114,OKX,ETH,ETHUSDT,2026-05-29,2026-05-14,3,0.041801037579402504
114-OKX-ETHUSDT-29MAY2026,114,OKX,ETH,ETHUSDT,2026-05-29,2026-05-15,3,0.064261431363068
114-OKX-ETHUSDT-29MAY2026,114,OKX,ETH,ETHUSDT,2026-05-29,2026-05-16,3,0.0691405303937835
114-OKX-ETHUSDT-29MAY2026,114,OKX,ETH,ETHUSDT,2026-05-29,2026-05-17,3,0.042500049090681
114-OKX-ETHUSDT-29MAY2026,114,OKX,ETH,ETHUSDT,2026-05-29,2026-05-18,3,0.0221085901981385
114-OKX-ETHUSDT-29MAY2026,114,OKX,ETH,ETHUSDT,2026-05-29,2026-05-19,3,0.048090818624323496
114-OKX-ETHUSDT-29MAY2026,114,OKX,ETH,ETHUSDT,2026-05-29,2026-05-20,3,0.049653059252947995
114-OKX-ETHUSDT-29MAY2026,114,OKX,ETH,ETHUSDT,2026-05-29,2026-05-21,3,0.080908211193943
114-OKX-ETHUSDT-29MAY2026,114,OKX,ETH,ETHUSDT,2026-05-29,2026-05-22,3,0.088275362828435
114-OKX-ETHUSDT-29MAY2026,114,OKX,ETH,ETHUSDT,2026-05-29,2026-05-23,3,0.067113794259888
114-OKX-ETHUSDT-29MAY2026,114,OKX,ETH,ETHUSDT,2026-05-29,2026-05-24,3,0.0562300514044655
114-OKX-ETHUSDT-29MAY2026,114,OKX,ETH,ETHUSDT,2026-05-29,2026-05-25,3,0.025454223664492
114-OKX-ETHUSDT-29MAY2026,114,OKX,ETH,ETHUSDT,2026-05-29,2026-05-26,3,0.030058351944750497
114-OKX-ETHUSDT-29MAY2026,114,OKX,ETH,ETHUSDT,2026-05-29,2026-05-27,3,0.0792438718452995
114-OKX-ETHUSDT-29MAY2026,114,OKX,ETH,ETHUSDT,2026-05-29,2026-05-28,3,0.0958316090878345
114-OKX-ETHUSDT-29MAY2026,114,OKX,ETH,ETHUSDT,2026-05-29,2026-05-29,1,0.1095
115-HYPERLIQUID-HYPE-29MAY2026,115,Hyperliquid,HYPE,HYPE,2026-05-29,2026-04-21,19,0.09136458694736842
115-HYPERLIQUID-HYPE-29MAY2026,115,Hyperliquid,HYPE,HYPE,2026-05-29,2026-04-22,24,0.0463764985
115-HYPERLIQUID-HYPE-29MAY2026,115,Hyperliquid,HYPE,HYPE,2026-05-29,2026-04-23,24,0.0207563455
115-HYPERLIQUID-HYPE-29MAY2026,115,Hyperliquid,HYPE,HYPE,2026-05-29,2026-04-24,24,0.10876817500000001
115-HYPERLIQUID-HYPE-29MAY2026,115,Hyperliquid,HYPE,HYPE,2026-05-29,2026-04-25,24,0.1095
115-HYPERLIQUID-HYPE-29MAY2026,115,Hyperliquid,HYPE,HYPE,2026-05-29,2026-04-26,24,0.0426076545
115-HYPERLIQUID-HYPE-29MAY2026,115,Hyperliquid,HYPE,HYPE,2026-05-29,2026-04-27,24,0.10097772449999999
115-HYPERLIQUID-HYPE-29MAY2026,115,Hyperliquid,HYPE,HYPE,2026-05-29,2026-04-28,24,0.0557906515
115-HYPERLIQUID-HYPE-29MAY2026,115,Hyperliquid,HYPE,HYPE,2026-05-29,2026-04-29,24,0.022286827
115-HYPERLIQUID-HYPE-29MAY2026,115,Hyperliquid,HYPE,HYPE,2026-05-29,2026-04-30,24,0.06618165399999999
115-HYPERLIQUID-HYPE-29MAY2026,115,Hyperliquid,HYPE,HYPE,2026-05-29,2026-05-01,24,0.0889406085
115-HYPERLIQUID-HYPE-29MAY2026,115,Hyperliquid,HYPE,HYPE,2026-05-29,2026-05-02,24,0.1174319975
115-HYPERLIQUID-HYPE-29MAY2026,115,Hyperliquid,HYPE,HYPE,2026-05-29,2026-05-03,24,0.1095
115-HYPERLIQUID-HYPE-29MAY2026,115,Hyperliquid,HYPE,HYPE,2026-05-29,2026-05-04,24,0.1042579065
115-HYPERLIQUID-HYPE-29MAY2026,115,Hyperliquid,HYPE,HYPE,2026-05-29,2026-05-05,24,0.0961776095
115-HYPERLIQUID-HYPE-29MAY2026,115,Hyperliquid,HYPE,HYPE,2026-05-29,2026-05-06,24,-0.009778568999999999
115-HYPERLIQUID-HYPE-29MAY2026,115,Hyperliquid,HYPE,HYPE,2026-05-29,2026-05-07,24,0.1277719
115-HYPERLIQUID-HYPE-29MAY2026,115,Hyperliquid,HYPE,HYPE,2026-05-29,2026-05-08,24,0.1095
115-HYPERLIQUID-HYPE-29MAY2026,115,Hyperliquid,HYPE,HYPE,2026-05-29,2026-05-09,24,0.09292545949999999
115-HYPERLIQUID-HYPE-29MAY2026,115,Hyperliquid,HYPE,HYPE,2026-05-29,2026-05-10,24,0.08067000049999999
115-HYPERLIQUID-HYPE-29MAY2026,115,Hyperliquid,HYPE,HYPE,2026-05-29,2026-05-11,24,0.032141973
115-HYPERLIQUID-HYPE-29MAY2026,115,Hyperliquid,HYPE,HYPE,2026-05-29,2026-05-12,24,0.1050342615
115-HYPERLIQUID-HYPE-29MAY2026,115,Hyperliquid,HYPE,HYPE,2026-05-29,2026-05-13,24,0.0860460855
115-HYPERLIQUID-HYPE-29MAY2026,115,Hyperliquid,HYPE,HYPE,2026-05-29,2026-05-14,24,0.1001063235
115-HYPERLIQUID-HYPE-29MAY2026,115,Hyperliquid,HYPE,HYPE,2026-05-29,2026-05-15,24,0.10878500149999999
115-HYPERLIQUID-HYPE-29MAY2026,115,Hyperliquid,HYPE,HYPE,2026-05-29,2026-05-16,24,0.1059418705
115-HYPERLIQUID-HYPE-29MAY2026,115,Hyperliquid,HYPE,HYPE,2026-05-29,2026-05-17,24,0.015093260999999998
115-HYPERLIQUID-HYPE-29MAY2026,115,Hyperliquid,HYPE,HYPE,2026-05-29,2026-05-18,24,0.018381911000000004
115-HYPERLIQUID-HYPE-29MAY2026,115,Hyperliquid,HYPE,HYPE,2026-05-29,2026-05-19,24,-0.014020124499999996
115-HYPERLIQUID-HYPE-29MAY2026,115,Hyperliquid,HYPE,HYPE,2026-05-29,2026-05-20,24,-0.0700459455
115-HYPERLIQUID-HYPE-29MAY2026,115,Hyperliquid,HYPE,HYPE,2026-05-29,2026-05-21,24,0.138492169
115-HYPERLIQUID-HYPE-29MAY2026,115,Hyperliquid,HYPE,HYPE,2026-05-29,2026-05-22,24,0.122203825
115-HYPERLIQUID-HYPE-29MAY2026,115,Hyperliquid,HYPE,HYPE,2026-05-29,2026-05-23,24,0.108964326
115-HYPERLIQUID-HYPE-29MAY2026,115,Hyperliquid,HYPE,HYPE,2026-05-29,2026-05-24,24,0.017101199
115-HYPERLIQUID-HYPE-29MAY2026,115,Hyperliquid,HYPE,HYPE,2026-05-29,2026-05-25,24,0.0611657145
115-HYPERLIQUID-HYPE-29MAY2026,115,Hyperliquid,HYPE,HYPE,2026-05-29,2026-05-26,24,0.084719347
115-HYPERLIQUID-HYPE-29MAY2026,115,Hyperliquid,HYPE,HYPE,2026-05-29,2026-05-27,24,0.015958675999999998
115-HYPERLIQUID-HYPE-29MAY2026,115,Hyperliquid,HYPE,HYPE,2026-05-29,2026-05-28,24,0.052257451499999996
115-HYPERLIQUID-HYPE-29MAY2026,115,Hyperliquid,HYPE,HYPE,2026-05-29,2026-05-29,1,0.1095
116-BYBIT-HYPEUSDT-29MAY2026,116,Bybit,HYPE,HYPEUSDT,2026-05-29,2026-04-21,3,0.073
116-BYBIT-HYPEUSDT-29MAY2026,116,Bybit,HYPE,HYPEUSDT,2026-05-29,2026-04-22,3,0.044427799999999996
116-BYBIT-HYPEUSDT-29MAY2026,116,Bybit,HYPE,HYPEUSDT,2026-05-29,2026-04-23,3,0.032360900000000005
116-BYBIT-HYPEUSDT-29MAY2026,116,Bybit,HYPE,HYPEUSDT,2026-05-29,2026-04-24,3,0.08691015
116-BYBIT-HYPEUSDT-29MAY2026,116,Bybit,HYPE,HYPEUSDT,2026-05-29,2026-04-25,3,0.04812525
116-BYBIT-HYPEUSDT-29MAY2026,116,Bybit,HYPE,HYPEUSDT,2026-05-29,2026-04-26,3,-0.00022265000000000132
116-BYBIT-HYPEUSDT-29MAY2026,116,Bybit,HYPE,HYPEUSDT,2026-05-29,2026-04-27,3,0.0878336
116-BYBIT-HYPEUSDT-29MAY2026,116,Bybit,HYPE,HYPEUSDT,2026-05-29,2026-04-28,3,0.048566899999999996
116-BYBIT-HYPEUSDT-29MAY2026,116,Bybit,HYPE,HYPEUSDT,2026-05-29,2026-04-29,3,0.028079450000000002
116-BYBIT-HYPEUSDT-29MAY2026,116,Bybit,HYPE,HYPEUSDT,2026-05-29,2026-04-30,3,-0.01679
116-BYBIT-HYPEUSDT-29MAY2026,116,Bybit,HYPE,HYPEUSDT,2026-05-29,2026-05-01,3,-0.0556479
116-BYBIT-HYPEUSDT-29MAY2026,116,Bybit,HYPE,HYPEUSDT,2026-05-29,2026-05-02,3,0.0828112
116-BYBIT-HYPEUSDT-29MAY2026,116,Bybit,HYPE,HYPEUSDT,2026-05-29,2026-05-03,3,0.1095
116-BYBIT-HYPEUSDT-29MAY2026,116,Bybit,HYPE,HYPEUSDT,2026-05-29,2026-05-04,3,0.1095
116-BYBIT-HYPEUSDT-29MAY2026,116,Bybit,HYPE,HYPEUSDT,2026-05-29,2026-05-05,3,0.1019664
116-BYBIT-HYPEUSDT-29MAY2026,116,Bybit,HYPE,HYPEUSDT,2026-05-29,2026-05-06,3,-0.0616777
116-BYBIT-HYPEUSDT-29MAY2026,116,Bybit,HYPE,HYPEUSDT,2026-05-29,2026-05-07,3,0.1095
116-BYBIT-HYPEUSDT-29MAY2026,116,Bybit,HYPE,HYPEUSDT,2026-05-29,2026-05-08,3,0.09450215000000001
116-BYBIT-HYPEUSDT-29MAY2026,116,Bybit,HYPE,HYPEUSDT,2026-05-29,2026-05-09,3,0.0326529
116-BYBIT-HYPEUSDT-29MAY2026,116,Bybit,HYPE,HYPEUSDT,2026-05-29,2026-05-10,3,0.01008495
116-BYBIT-HYPEUSDT-29MAY2026,116,Bybit,HYPE,HYPEUSDT,2026-05-29,2026-05-11,3,-0.0772486
116-BYBIT-HYPEUSDT-29MAY2026,116,Bybit,HYPE,HYPEUSDT,2026-05-29,2026-05-12,3,0.06321435
116-BYBIT-HYPEUSDT-29MAY2026,116,Bybit,HYPE,HYPEUSDT,2026-05-29,2026-05-13,3,0.0779567
116-BYBIT-HYPEUSDT-29MAY2026,116,Bybit,HYPE,HYPEUSDT,2026-05-29,2026-05-14,3,0.037664350000000006
116-BYBIT-HYPEUSDT-29MAY2026,116,Bybit,HYPE,HYPEUSDT,2026-05-29,2026-05-15,3,-0.012362550000000002
116-BYBIT-HYPEUSDT-29MAY2026,116,Bybit,HYPE,HYPEUSDT,2026-05-29,2026-05-16,3,-0.05825765
116-BYBIT-HYPEUSDT-29MAY2026,116,Bybit,HYPE,HYPEUSDT,2026-05-29,2026-05-17,3,-0.07495639999999999
116-BYBIT-HYPEUSDT-29MAY2026,116,Bybit,HYPE,HYPEUSDT,2026-05-29,2026-05-18,3,-0.08858185
116-BYBIT-HYPEUSDT-29MAY2026,116,Bybit,HYPE,HYPEUSDT,2026-05-29,2026-05-19,3,-0.1671262
116-BYBIT-HYPEUSDT-29MAY2026,116,Bybit,HYPE,HYPEUSDT,2026-05-29,2026-05-20,3,-0.1594393
116-BYBIT-HYPEUSDT-29MAY2026,116,Bybit,HYPE,HYPEUSDT,2026-05-29,2026-05-21,3,-0.0304045
116-BYBIT-HYPEUSDT-29MAY2026,116,Bybit,HYPE,HYPEUSDT,2026-05-29,2026-05-22,3,0.0669191
116-BYBIT-HYPEUSDT-29MAY2026,116,Bybit,HYPE,HYPEUSDT,2026-05-29,2026-05-23,3,0.1095
116-BYBIT-HYPEUSDT-29MAY2026,116,Bybit,HYPE,HYPEUSDT,2026-05-29,2026-05-24,3,-0.0901915
116-BYBIT-HYPEUSDT-29MAY2026,116,Bybit,HYPE,HYPEUSDT,2026-05-29,2026-05-25,3,0.058268600000000004
116-BYBIT-HYPEUSDT-29MAY2026,116,Bybit,HYPE,HYPEUSDT,2026-05-29,2026-05-26,3,0.014307999999999996
116-BYBIT-HYPEUSDT-29MAY2026,116,Bybit,HYPE,HYPEUSDT,2026-05-29,2026-05-27,3,-0.15529289999999998
116-BYBIT-HYPEUSDT-29MAY2026,116,Bybit,HYPE,HYPEUSDT,2026-05-29,2026-05-28,3,0.012490299999999996
116-BYBIT-HYPEUSDT-29MAY2026,116,Bybit,HYPE,HYPEUSDT,2026-05-29,2026-05-29,1,0.05395065
117-HYPERLIQUID-SOL-29MAY2026,117,Hyperliquid,SOL,SOL,2026-05-29,2026-04-21,19,-0.008325550105263159
117-HYPERLIQUID-SOL-29MAY2026,117,Hyperliquid,SOL,SOL,2026-05-29,2026-04-22,24,0.08102383149999999
117-HYPERLIQUID-SOL-29MAY2026,117,Hyperliquid,SOL,SOL,2026-05-29,2026-04-23,24,0.042118518
117-HYPERLIQUID-SOL-29MAY2026,117,Hyperliquid,SOL,SOL,2026-05-29,2026-04-24,24,-0.061100489
117-HYPERLIQUID-SOL-29MAY2026,117,Hyperliquid,SOL,SOL,2026-05-29,2026-04-25,24,-0.0854841315
117-HYPERLIQUID-SOL-29MAY2026,117,Hyperliquid,SOL,SOL,2026-05-29,2026-04-26,24,-0.028689182499999997
117-HYPERLIQUID-SOL-29MAY2026,117,Hyperliquid,SOL,SOL,2026-05-29,2026-04-27,24,-0.026751287999999998
117-HYPERLIQUID-SOL-29MAY2026,117,Hyperliquid,SOL,SOL,2026-05-29,2026-04-28,24,-0.024348091500000002
117-HYPERLIQUID-SOL-29MAY2026,117,Hyperliquid,SOL,SOL,2026-05-29,2026-04-29,24,0.048480468
117-HYPERLIQUID-SOL-29MAY2026,117,Hyperliquid,SOL,SOL,2026-05-29,2026-04-30,24,0.059771925499999996
117-HYPERLIQUID-SOL-29MAY2026,117,Hyperliquid,SOL,SOL,2026-05-29,2026-05-01,24,0.0086168105
117-HYPERLIQUID-SOL-29MAY2026,117,Hyperliquid,SOL,SOL,2026-05-29,2026-05-02,24,0.0402139845
117-HYPERLIQUID-SOL-29MAY2026,117,Hyperliquid,SOL,SOL,2026-05-29,2026-05-03,24,-0.024892489
117-HYPERLIQUID-SOL-29MAY2026,117,Hyperliquid,SOL,SOL,2026-05-29,2026-05-04,24,0.022361542499999998
117-HYPERLIQUID-SOL-29MAY2026,117,Hyperliquid,SOL,SOL,2026-05-29,2026-05-05,24,0.036674397
117-HYPERLIQUID-SOL-29MAY2026,117,Hyperliquid,SOL,SOL,2026-05-29,2026-05-06,24,0.047153547
117-HYPERLIQUID-SOL-29MAY2026,117,Hyperliquid,SOL,SOL,2026-05-29,2026-05-07,24,0.0308631955
117-HYPERLIQUID-SOL-29MAY2026,117,Hyperliquid,SOL,SOL,2026-05-29,2026-05-08,24,-0.0095031765
117-HYPERLIQUID-SOL-29MAY2026,117,Hyperliquid,SOL,SOL,2026-05-29,2026-05-09,24,0.128629212
117-HYPERLIQUID-SOL-29MAY2026,117,Hyperliquid,SOL,SOL,2026-05-29,2026-05-10,24,0.120615345
117-HYPERLIQUID-SOL-29MAY2026,117,Hyperliquid,SOL,SOL,2026-05-29,2026-05-11,24,0.1109170395
117-HYPERLIQUID-SOL-29MAY2026,117,Hyperliquid,SOL,SOL,2026-05-29,2026-05-12,24,0.1086530905
117-HYPERLIQUID-SOL-29MAY2026,117,Hyperliquid,SOL,SOL,2026-05-29,2026-05-13,24,0.0405893505
117-HYPERLIQUID-SOL-29MAY2026,117,Hyperliquid,SOL,SOL,2026-05-29,2026-05-14,24,0.008061317
117-HYPERLIQUID-SOL-29MAY2026,117,Hyperliquid,SOL,SOL,2026-05-29,2026-05-15,24,0.0144323555
117-HYPERLIQUID-SOL-29MAY2026,117,Hyperliquid,SOL,SOL,2026-05-29,2026-05-16,24,-0.0995140745
117-HYPERLIQUID-SOL-29MAY2026,117,Hyperliquid,SOL,SOL,2026-05-29,2026-05-17,24,-0.018869149499999998
117-HYPERLIQUID-SOL-29MAY2026,117,Hyperliquid,SOL,SOL,2026-05-29,2026-05-18,24,0.0294415935
117-HYPERLIQUID-SOL-29MAY2026,117,Hyperliquid,SOL,SOL,2026-05-29,2026-05-19,24,0.058626738000000005
117-HYPERLIQUID-SOL-29MAY2026,117,Hyperliquid,SOL,SOL,2026-05-29,2026-05-20,24,0.0783197655
117-HYPERLIQUID-SOL-29MAY2026,117,Hyperliquid,SOL,SOL,2026-05-29,2026-05-21,24,0.1081637715
117-HYPERLIQUID-SOL-29MAY2026,117,Hyperliquid,SOL,SOL,2026-05-29,2026-05-22,24,0.1062862115
117-HYPERLIQUID-SOL-29MAY2026,117,Hyperliquid,SOL,SOL,2026-05-29,2026-05-23,24,-0.1336955215
117-HYPERLIQUID-SOL-29MAY2026,117,Hyperliquid,SOL,SOL,2026-05-29,2026-05-24,24,0.0169323135
117-HYPERLIQUID-SOL-29MAY2026,117,Hyperliquid,SOL,SOL,2026-05-29,2026-05-25,24,-0.005200593000000001
117-HYPERLIQUID-SOL-29MAY2026,117,Hyperliquid,SOL,SOL,2026-05-29,2026-05-26,24,-0.057313468
117-HYPERLIQUID-SOL-29MAY2026,117,Hyperliquid,SOL,SOL,2026-05-29,2026-05-27,24,-0.0062923810000000005
117-HYPERLIQUID-SOL-29MAY2026,117,Hyperliquid,SOL,SOL,2026-05-29,2026-05-28,24,-0.020899242999999998
117-HYPERLIQUID-SOL-29MAY2026,117,Hyperliquid,SOL,SOL,2026-05-29,2026-05-29,1,0.1095
118-LIGHTER-SOL-29MAY2026,118,Lighter,SOL,SOL,2026-05-29,2026-04-21,19,0.09082736842105264
118-LIGHTER-SOL-29MAY2026,118,Lighter,SOL,SOL,2026-05-29,2026-04-22,24,0.097455
118-LIGHTER-SOL-29MAY2026,118,Lighter,SOL,SOL,2026-05-29,2026-04-23,24,0.04161
118-LIGHTER-SOL-29MAY2026,118,Lighter,SOL,SOL,2026-05-29,2026-04-24,24,-0.027375
118-LIGHTER-SOL-29MAY2026,118,Lighter,SOL,SOL,2026-05-29,2026-04-25,24,0.03285
118-LIGHTER-SOL-29MAY2026,118,Lighter,SOL,SOL,2026-05-29,2026-04-26,24,0.053655
118-LIGHTER-SOL-29MAY2026,118,Lighter,SOL,SOL,2026-05-29,2026-04-27,24,-0.020805
118-LIGHTER-SOL-29MAY2026,118,Lighter,SOL,SOL,2026-05-29,2026-04-28,24,-0.12994
118-LIGHTER-SOL-29MAY2026,118,Lighter,SOL,SOL,2026-05-29,2026-04-29,24,-0.01387
118-LIGHTER-SOL-29MAY2026,118,Lighter,SOL,SOL,2026-05-29,2026-04-30,24,0.054020000000000006
118-LIGHTER-SOL-29MAY2026,118,Lighter,SOL,SOL,2026-05-29,2026-05-01,24,0.059129999999999995
118-LIGHTER-SOL-29MAY2026,118,Lighter,SOL,SOL,2026-05-29,2026-05-02,24,0.04161
118-LIGHTER-SOL-29MAY2026,118,Lighter,SOL,SOL,2026-05-29,2026-05-03,24,0.00219
118-LIGHTER-SOL-29MAY2026,118,Lighter,SOL,SOL,2026-05-29,2026-05-04,24,0.09052
118-LIGHTER-SOL-29MAY2026,118,Lighter,SOL,SOL,2026-05-29,2026-05-05,24,0.020075000000000003
118-LIGHTER-SOL-29MAY2026,118,Lighter,SOL,SOL,2026-05-29,2026-05-06,24,0.10512
118-LIGHTER-SOL-29MAY2026,118,Lighter,SOL,SOL,2026-05-29,2026-05-07,24,0.085775
118-LIGHTER-SOL-29MAY2026,118,Lighter,SOL,SOL,2026-05-29,2026-05-08,24,0.095265
118-LIGHTER-SOL-29MAY2026,118,Lighter,SOL,SOL,2026-05-29,2026-05-09,24,0.0803
118-LIGHTER-SOL-29MAY2026,118,Lighter,SOL,SOL,2026-05-29,2026-05-10,24,0.008395000000000001
118-LIGHTER-SOL-29MAY2026,118,Lighter,SOL,SOL,2026-05-29,2026-05-11,24,0.08395000000000001
118-LIGHTER-SOL-29MAY2026,118,Lighter,SOL,SOL,2026-05-29,2026-05-12,24,0.039055
118-LIGHTER-SOL-29MAY2026,118,Lighter,SOL,SOL,2026-05-29,2026-05-13,24,-0.05475
118-LIGHTER-SOL-29MAY2026,118,Lighter,SOL,SOL,2026-05-29,2026-05-14,24,0.023360000000000002
118-LIGHTER-SOL-29MAY2026,118,Lighter,SOL,SOL,2026-05-29,2026-05-15,24,0.07008
118-LIGHTER-SOL-29MAY2026,118,Lighter,SOL,SOL,2026-05-29,2026-05-16,24,-0.0365
118-LIGHTER-SOL-29MAY2026,118,Lighter,SOL,SOL,2026-05-29,2026-05-17,24,-0.16571
118-LIGHTER-SOL-29MAY2026,118,Lighter,SOL,SOL,2026-05-29,2026-05-18,24,-0.05548
118-LIGHTER-SOL-29MAY2026,118,Lighter,SOL,SOL,2026-05-29,2026-05-19,24,-0.008029999999999999
118-LIGHTER-SOL-29MAY2026,118,Lighter,SOL,SOL,2026-05-29,2026-05-20,24,0.04015
118-LIGHTER-SOL-29MAY2026,118,Lighter,SOL,SOL,2026-05-29,2026-05-21,24,0.08431500000000001
118-LIGHTER-SOL-29MAY2026,118,Lighter,SOL,SOL,2026-05-29,2026-05-22,24,0.04745
118-LIGHTER-SOL-29MAY2026,118,Lighter,SOL,SOL,2026-05-29,2026-05-23,24,-0.22155500000000003
118-LIGHTER-SOL-29MAY2026,118,Lighter,SOL,SOL,2026-05-29,2026-05-24,24,-0.09891499999999999
118-LIGHTER-SOL-29MAY2026,118,Lighter,SOL,SOL,2026-05-29,2026-05-25,24,0.014235000000000003
118-LIGHTER-SOL-29MAY2026,118,Lighter,SOL,SOL,2026-05-29,2026-05-26,24,-0.128115
118-LIGHTER-SOL-29MAY2026,118,Lighter,SOL,SOL,2026-05-29,2026-05-27,24,-0.09636
118-LIGHTER-SOL-29MAY2026,118,Lighter,SOL,SOL,2026-05-29,2026-05-28,24,0.04088
118-LIGHTER-SOL-29MAY2026,118,Lighter,SOL,SOL,2026-05-29,2026-05-29,1,0.10512
119-HYPERLIQUID-XRP-29MAY2026,119,Hyperliquid,XRP,XRP,2026-05-29,2026-04-21,19,0.08504922631578948
119-HYPERLIQUID-XRP-29MAY2026,119,Hyperliquid,XRP,XRP,2026-05-29,2026-04-22,24,0.07161701499999999
119-HYPERLIQUID-XRP-29MAY2026,119,Hyperliquid,XRP,XRP,2026-05-29,2026-04-23,24,0.020383133
119-HYPERLIQUID-XRP-29MAY2026,119,Hyperliquid,XRP,XRP,2026-05-29,2026-04-24,24,0.060627887
119-HYPERLIQUID-XRP-29MAY2026,119,Hyperliquid,XRP,XRP,2026-05-29,2026-04-25,24,0.0035196585
119-HYPERLIQUID-XRP-29MAY2026,119,Hyperliquid,XRP,XRP,2026-05-29,2026-04-26,24,-0.011512684
119-HYPERLIQUID-XRP-29MAY2026,119,Hyperliquid,XRP,XRP,2026-05-29,2026-04-27,24,0.022826588999999998
119-HYPERLIQUID-XRP-29MAY2026,119,Hyperliquid,XRP,XRP,2026-05-29,2026-04-28,24,-0.0201921285
119-HYPERLIQUID-XRP-29MAY2026,119,Hyperliquid,XRP,XRP,2026-05-29,2026-04-29,24,-0.0212805585
119-HYPERLIQUID-XRP-29MAY2026,119,Hyperliquid,XRP,XRP,2026-05-29,2026-04-30,24,-0.05033934
119-HYPERLIQUID-XRP-29MAY2026,119,Hyperliquid,XRP,XRP,2026-05-29,2026-05-01,24,-0.043400179000000004
119-HYPERLIQUID-XRP-29MAY2026,119,Hyperliquid,XRP,XRP,2026-05-29,2026-05-02,24,-0.0240674065
119-HYPERLIQUID-XRP-29MAY2026,119,Hyperliquid,XRP,XRP,2026-05-29,2026-05-03,24,-0.035416461
119-HYPERLIQUID-XRP-29MAY2026,119,Hyperliquid,XRP,XRP,2026-05-29,2026-05-04,24,-0.009811565
119-HYPERLIQUID-XRP-29MAY2026,119,Hyperliquid,XRP,XRP,2026-05-29,2026-05-05,24,0.0599942835
119-HYPERLIQUID-XRP-29MAY2026,119,Hyperliquid,XRP,XRP,2026-05-29,2026-05-06,24,0.008152494
119-HYPERLIQUID-XRP-29MAY2026,119,Hyperliquid,XRP,XRP,2026-05-29,2026-05-07,24,-0.042772744
119-HYPERLIQUID-XRP-29MAY2026,119,Hyperliquid,XRP,XRP,2026-05-29,2026-05-08,24,0.0370108905
119-HYPERLIQUID-XRP-29MAY2026,119,Hyperliquid,XRP,XRP,2026-05-29,2026-05-09,24,0.1049192865
119-HYPERLIQUID-XRP-29MAY2026,119,Hyperliquid,XRP,XRP,2026-05-29,2026-05-10,24,0.105723126
119-HYPERLIQUID-XRP-29MAY2026,119,Hyperliquid,XRP,XRP,2026-05-29,2026-05-11,24,0.1095
119-HYPERLIQUID-XRP-29MAY2026,119,Hyperliquid,XRP,XRP,2026-05-29,2026-05-12,24,0.0630007155
119-HYPERLIQUID-XRP-29MAY2026,119,Hyperliquid,XRP,XRP,2026-05-29,2026-05-13,24,0.034737269
119-HYPERLIQUID-XRP-29MAY2026,119,Hyperliquid,XRP,XRP,2026-05-29,2026-05-14,24,0.0556028955
119-HYPERLIQUID-XRP-29MAY2026,119,Hyperliquid,XRP,XRP,2026-05-29,2026-05-15,24,0.0109098865
119-HYPERLIQUID-XRP-29MAY2026,119,Hyperliquid,XRP,XRP,2026-05-29,2026-05-16,24,-0.09350606500000001
119-HYPERLIQUID-XRP-29MAY2026,119,Hyperliquid,XRP,XRP,2026-05-29,2026-05-17,24,-0.0012699444999999994
119-HYPERLIQUID-XRP-29MAY2026,119,Hyperliquid,XRP,XRP,2026-05-29,2026-05-18,24,-0.0762400685
119-HYPERLIQUID-XRP-29MAY2026,119,Hyperliquid,XRP,XRP,2026-05-29,2026-05-19,24,0.0078568805
119-HYPERLIQUID-XRP-29MAY2026,119,Hyperliquid,XRP,XRP,2026-05-29,2026-05-20,24,0.0497215775
119-HYPERLIQUID-XRP-29MAY2026,119,Hyperliquid,XRP,XRP,2026-05-29,2026-05-21,24,0.0382980995
119-HYPERLIQUID-XRP-29MAY2026,119,Hyperliquid,XRP,XRP,2026-05-29,2026-05-22,24,-0.037067684499999996
119-HYPERLIQUID-XRP-29MAY2026,119,Hyperliquid,XRP,XRP,2026-05-29,2026-05-23,24,-0.0651718085
119-HYPERLIQUID-XRP-29MAY2026,119,Hyperliquid,XRP,XRP,2026-05-29,2026-05-24,24,0.0287323255
119-HYPERLIQUID-XRP-29MAY2026,119,Hyperliquid,XRP,XRP,2026-05-29,2026-05-25,24,0.064381912
119-HYPERLIQUID-XRP-29MAY2026,119,Hyperliquid,XRP,XRP,2026-05-29,2026-05-26,24,-0.012803543
119-HYPERLIQUID-XRP-29MAY2026,119,Hyperliquid,XRP,XRP,2026-05-29,2026-05-27,24,-0.0080833265
119-HYPERLIQUID-XRP-29MAY2026,119,Hyperliquid,XRP,XRP,2026-05-29,2026-05-28,24,-0.1138405435
119-HYPERLIQUID-XRP-29MAY2026,119,Hyperliquid,XRP,XRP,2026-05-29,2026-05-29,1,0.1095
12-BINANCE-BTCUSDT-28NOV2025,12,Binance,BTC,BTCUSDT,2025-11-28,2025-10-17,2,-0.0025321875
12-BINANCE-BTCUSDT-28NOV2025,12,Binance,BTC,BTCUSDT,2025-11-28,2025-10-18,3,-0.054297399999999996
12-BINANCE-BTCUSDT-28NOV2025,12,Binance,BTC,BTCUSDT,2025-11-28,2025-10-19,3,0.0105412
12-BINANCE-BTCUSDT-28NOV2025,12,Binance,BTC,BTCUSDT,2025-11-28,2025-10-20,3,-0.010512
12-BINANCE-BTCUSDT-28NOV2025,12,Binance,BTC,BTCUSDT,2025-11-28,2025-10-21,3,-0.02135615
12-BINANCE-BTCUSDT-28NOV2025,12,Binance,BTC,BTCUSDT,2025-11-28,2025-10-22,3,0.014362749999999999
12-BINANCE-BTCUSDT-28NOV2025,12,Binance,BTC,BTCUSDT,2025-11-28,2025-10-23,3,0.05663705
12-BINANCE-BTCUSDT-28NOV2025,12,Binance,BTC,BTCUSDT,2025-11-28,2025-10-24,3,0.0306527
12-BINANCE-BTCUSDT-28NOV2025,12,Binance,BTC,BTCUSDT,2025-11-28,2025-10-25,3,0.0440701
12-BINANCE-BTCUSDT-28NOV2025,12,Binance,BTC,BTCUSDT,2025-11-28,2025-10-26,3,0.0340983
12-BINANCE-BTCUSDT-28NOV2025,12,Binance,BTC,BTCUSDT,2025-11-28,2025-10-27,3,0.0996596
12-BINANCE-BTCUSDT-28NOV2025,12,Binance,BTC,BTCUSDT,2025-11-28,2025-10-28,3,0.06152805
12-BINANCE-BTCUSDT-28NOV2025,12,Binance,BTC,BTCUSDT,2025-11-28,2025-10-29,3,0.03124035
12-BINANCE-BTCUSDT-28NOV2025,12,Binance,BTC,BTCUSDT,2025-11-28,2025-10-30,3,0.0295942
12-BINANCE-BTCUSDT-28NOV2025,12,Binance,BTC,BTCUSDT,2025-11-28,2025-10-31,3,0.07377745000000001
12-BINANCE-BTCUSDT-28NOV2025,12,Binance,BTC,BTCUSDT,2025-11-28,2025-11-01,3,0.10870429999999999
12-BINANCE-BTCUSDT-28NOV2025,12,Binance,BTC,BTCUSDT,2025-11-28,2025-11-02,3,0.08024525
12-BINANCE-BTCUSDT-28NOV2025,12,Binance,BTC,BTCUSDT,2025-11-28,2025-11-03,3,0.066722
12-BINANCE-BTCUSDT-28NOV2025,12,Binance,BTC,BTCUSDT,2025-11-28,2025-11-04,3,0.08083655000000001
12-BINANCE-BTCUSDT-28NOV2025,12,Binance,BTC,BTCUSDT,2025-11-28,2025-11-05,3,0.04664335
12-BINANCE-BTCUSDT-28NOV2025,12,Binance,BTC,BTCUSDT,2025-11-28,2025-11-06,3,0.05984175
12-BINANCE-BTCUSDT-28NOV2025,12,Binance,BTC,BTCUSDT,2025-11-28,2025-11-07,3,0.06410495
12-BINANCE-BTCUSDT-28NOV2025,12,Binance,BTC,BTCUSDT,2025-11-28,2025-11-08,3,0.053154950000000006
12-BINANCE-BTCUSDT-28NOV2025,12,Binance,BTC,BTCUSDT,2025-11-28,2025-11-09,3,0.041956749999999994
12-BINANCE-BTCUSDT-28NOV2025,12,Binance,BTC,BTCUSDT,2025-11-28,2025-11-10,3,0.0773946
12-BINANCE-BTCUSDT-28NOV2025,12,Binance,BTC,BTCUSDT,2025-11-28,2025-11-11,3,0.021410899999999997
12-BINANCE-BTCUSDT-28NOV2025,12,Binance,BTC,BTCUSDT,2025-11-28,2025-11-12,3,0.03261275
12-BINANCE-BTCUSDT-28NOV2025,12,Binance,BTC,BTCUSDT,2025-11-28,2025-11-13,3,0.06525105
12-BINANCE-BTCUSDT-28NOV2025,12,Binance,BTC,BTCUSDT,2025-11-28,2025-11-14,3,0.09772144999999999
12-BINANCE-BTCUSDT-28NOV2025,12,Binance,BTC,BTCUSDT,2025-11-28,2025-11-15,3,0.0891695
12-BINANCE-BTCUSDT-28NOV2025,12,Binance,BTC,BTCUSDT,2025-11-28,2025-11-16,3,0.09053825
12-BINANCE-BTCUSDT-28NOV2025,12,Binance,BTC,BTCUSDT,2025-11-28,2025-11-17,3,0.0977324
12-BINANCE-BTCUSDT-28NOV2025,12,Binance,BTC,BTCUSDT,2025-11-28,2025-11-18,3,0.08659625
12-BINANCE-BTCUSDT-28NOV2025,12,Binance,BTC,BTCUSDT,2025-11-28,2025-11-19,3,0.0601812
12-BINANCE-BTCUSDT-28NOV2025,12,Binance,BTC,BTCUSDT,2025-11-28,2025-11-20,3,0.0848917
12-BINANCE-BTCUSDT-28NOV2025,12,Binance,BTC,BTCUSDT,2025-11-28,2025-11-21,3,0.0417487
12-BINANCE-BTCUSDT-28NOV2025,12,Binance,BTC,BTCUSDT,2025-11-28,2025-11-22,3,0.04805225
12-BINANCE-BTCUSDT-28NOV2025,12,Binance,BTC,BTCUSDT,2025-11-28,2025-11-23,3,0.0112128
12-BINANCE-BTCUSDT-28NOV2025,12,Binance,BTC,BTCUSDT,2025-11-28,2025-11-24,3,0.017899599999999998
12-BINANCE-BTCUSDT-28NOV2025,12,Binance,BTC,BTCUSDT,2025-11-28,2025-11-25,3,-0.023042450000000003
12-BINANCE-BTCUSDT-28NOV2025,12,Binance,BTC,BTCUSDT,2025-11-28,2025-11-26,3,0.032875549999999996
12-BINANCE-BTCUSDT-28NOV2025,12,Binance,BTC,BTCUSDT,2025-11-28,2025-11-27,3,0.01618045
12-BINANCE-BTCUSDT-28NOV2025,12,Binance,BTC,BTCUSDT,2025-11-28,2025-11-28,1,0.01939245
120-BINANCE-XRPUSDT-29MAY2026,120,Binance,XRP,XRPUSDT,2026-05-29,2026-04-21,3,0.03683215
120-BINANCE-XRPUSDT-29MAY2026,120,Binance,XRP,XRPUSDT,2026-05-29,2026-04-22,3,0.037113200000000006
120-BINANCE-XRPUSDT-29MAY2026,120,Binance,XRP,XRPUSDT,2026-05-29,2026-04-23,3,-0.04673825
120-BINANCE-XRPUSDT-29MAY2026,120,Binance,XRP,XRPUSDT,2026-05-29,2026-04-24,3,0.03535025
120-BINANCE-XRPUSDT-29MAY2026,120,Binance,XRP,XRPUSDT,2026-05-29,2026-04-25,3,0.0034200499999999987
120-BINANCE-XRPUSDT-29MAY2026,120,Binance,XRP,XRPUSDT,2026-05-29,2026-04-26,3,-0.0440555
120-BINANCE-XRPUSDT-29MAY2026,120,Binance,XRP,XRPUSDT,2026-05-29,2026-04-27,3,-0.022724900000000003
120-BINANCE-XRPUSDT-29MAY2026,120,Binance,XRP,XRPUSDT,2026-05-29,2026-04-28,3,0.0139649
120-BINANCE-XRPUSDT-29MAY2026,120,Binance,XRP,XRPUSDT,2026-05-29,2026-04-29,3,-0.0475084
120-BINANCE-XRPUSDT-29MAY2026,120,Binance,XRP,XRPUSDT,2026-05-29,2026-04-30,3,-0.0009526500000000005
120-BINANCE-XRPUSDT-29MAY2026,120,Binance,XRP,XRPUSDT,2026-05-29,2026-05-01,3,-0.004679300000000001
120-BINANCE-XRPUSDT-29MAY2026,120,Binance,XRP,XRPUSDT,2026-05-29,2026-05-02,3,0.0020878000000000016
120-BINANCE-XRPUSDT-29MAY2026,120,Binance,XRP,XRPUSDT,2026-05-29,2026-05-03,3,0.027805700000000003
120-BINANCE-XRPUSDT-29MAY2026,120,Binance,XRP,XRPUSDT,2026-05-29,2026-05-04,3,0.0393032
120-BINANCE-XRPUSDT-29MAY2026,120,Binance,XRP,XRPUSDT,2026-05-29,2026-05-05,3,0.03954045
120-BINANCE-XRPUSDT-29MAY2026,120,Binance,XRP,XRPUSDT,2026-05-29,2026-05-06,3,0.0406902
120-BINANCE-XRPUSDT-29MAY2026,120,Binance,XRP,XRPUSDT,2026-05-29,2026-05-07,3,-0.04001495
120-BINANCE-XRPUSDT-29MAY2026,120,Binance,XRP,XRPUSDT,2026-05-29,2026-05-08,3,-0.02564125
120-BINANCE-XRPUSDT-29MAY2026,120,Binance,XRP,XRPUSDT,2026-05-29,2026-05-09,3,0.0883154
120-BINANCE-XRPUSDT-29MAY2026,120,Binance,XRP,XRPUSDT,2026-05-29,2026-05-10,3,0.04267945
120-BINANCE-XRPUSDT-29MAY2026,120,Binance,XRP,XRPUSDT,2026-05-29,2026-05-11,3,0.0468076
120-BINANCE-XRPUSDT-29MAY2026,120,Binance,XRP,XRPUSDT,2026-05-29,2026-05-12,3,0.01036965
120-BINANCE-XRPUSDT-29MAY2026,120,Binance,XRP,XRPUSDT,2026-05-29,2026-05-13,3,0.01993995
120-BINANCE-XRPUSDT-29MAY2026,120,Binance,XRP,XRPUSDT,2026-05-29,2026-05-14,3,0.04584035
120-BINANCE-XRPUSDT-29MAY2026,120,Binance,XRP,XRPUSDT,2026-05-29,2026-05-15,3,-0.002580550000000003
120-BINANCE-XRPUSDT-29MAY2026,120,Binance,XRP,XRPUSDT,2026-05-29,2026-05-16,3,-0.014924849999999998
120-BINANCE-XRPUSDT-29MAY2026,120,Binance,XRP,XRPUSDT,2026-05-29,2026-05-17,3,-0.010738300000000001
120-BINANCE-XRPUSDT-29MAY2026,120,Binance,XRP,XRPUSDT,2026-05-29,2026-05-18,3,-0.0432306
120-BINANCE-XRPUSDT-29MAY2026,120,Binance,XRP,XRPUSDT,2026-05-29,2026-05-19,3,-0.023568049999999997
120-BINANCE-XRPUSDT-29MAY2026,120,Binance,XRP,XRPUSDT,2026-05-29,2026-05-20,3,0.0113588
120-BINANCE-XRPUSDT-29MAY2026,120,Binance,XRP,XRPUSDT,2026-05-29,2026-05-21,3,-0.005913000000000001
120-BINANCE-XRPUSDT-29MAY2026,120,Binance,XRP,XRPUSDT,2026-05-29,2026-05-22,3,-0.033138350000000004
120-BINANCE-XRPUSDT-29MAY2026,120,Binance,XRP,XRPUSDT,2026-05-29,2026-05-23,3,-0.04363575
120-BINANCE-XRPUSDT-29MAY2026,120,Binance,XRP,XRPUSDT,2026-05-29,2026-05-24,3,0.001708199999999999
120-BINANCE-XRPUSDT-29MAY2026,120,Binance,XRP,XRPUSDT,2026-05-29,2026-05-25,3,0.03032055
120-BINANCE-XRPUSDT-29MAY2026,120,Binance,XRP,XRPUSDT,2026-05-29,2026-05-26,3,-0.024108249999999998
120-BINANCE-XRPUSDT-29MAY2026,120,Binance,XRP,XRPUSDT,2026-05-29,2026-05-27,3,-0.015990650000000002
120-BINANCE-XRPUSDT-29MAY2026,120,Binance,XRP,XRPUSDT,2026-05-29,2026-05-28,3,-0.04348975
120-BINANCE-XRPUSDT-29MAY2026,120,Binance,XRP,XRPUSDT,2026-05-29,2026-05-29,1,0.01382985
121-HYPERLIQUID-xyzGOLD-29MAY2026,121,Hyperliquid,XAU,xyzGOLD,2026-05-29,2026-04-21,19,0.10724997094736842
121-HYPERLIQUID-xyzGOLD-29MAY2026,121,Hyperliquid,XAU,xyzGOLD,2026-05-29,2026-04-22,24,0.15878803049999998
121-HYPERLIQUID-xyzGOLD-29MAY2026,121,Hyperliquid,XAU,xyzGOLD,2026-05-29,2026-04-23,24,0.152439622
121-HYPERLIQUID-xyzGOLD-29MAY2026,121,Hyperliquid,XAU,xyzGOLD,2026-05-29,2026-04-24,24,0.085700978
121-HYPERLIQUID-xyzGOLD-29MAY2026,121,Hyperliquid,XAU,xyzGOLD,2026-05-29,2026-04-25,24,0.032246728
121-HYPERLIQUID-xyzGOLD-29MAY2026,121,Hyperliquid,XAU,xyzGOLD,2026-05-29,2026-04-26,24,0.057425888
121-HYPERLIQUID-xyzGOLD-29MAY2026,121,Hyperliquid,XAU,xyzGOLD,2026-05-29,2026-04-27,24,0.09500183499999999
121-HYPERLIQUID-xyzGOLD-29MAY2026,121,Hyperliquid,XAU,xyzGOLD,2026-05-29,2026-04-28,24,0.08962943649999999
121-HYPERLIQUID-xyzGOLD-29MAY2026,121,Hyperliquid,XAU,xyzGOLD,2026-05-29,2026-04-29,24,0.17419479000000002
121-HYPERLIQUID-xyzGOLD-29MAY2026,121,Hyperliquid,XAU,xyzGOLD,2026-05-29,2026-04-30,24,0.09480404149999999
121-HYPERLIQUID-xyzGOLD-29MAY2026,121,Hyperliquid,XAU,xyzGOLD,2026-05-29,2026-05-01,24,0.082809886
121-HYPERLIQUID-xyzGOLD-29MAY2026,121,Hyperliquid,XAU,xyzGOLD,2026-05-29,2026-05-02,24,0.05475
121-HYPERLIQUID-xyzGOLD-29MAY2026,121,Hyperliquid,XAU,xyzGOLD,2026-05-29,2026-05-03,24,0.18218829
121-HYPERLIQUID-xyzGOLD-29MAY2026,121,Hyperliquid,XAU,xyzGOLD,2026-05-29,2026-05-04,24,0.0807320505
121-HYPERLIQUID-xyzGOLD-29MAY2026,121,Hyperliquid,XAU,xyzGOLD,2026-05-29,2026-05-05,24,0.0642970495
121-HYPERLIQUID-xyzGOLD-29MAY2026,121,Hyperliquid,XAU,xyzGOLD,2026-05-29,2026-05-06,24,0.06037903
121-HYPERLIQUID-xyzGOLD-29MAY2026,121,Hyperliquid,XAU,xyzGOLD,2026-05-29,2026-05-07,24,0.080843558
121-HYPERLIQUID-xyzGOLD-29MAY2026,121,Hyperliquid,XAU,xyzGOLD,2026-05-29,2026-05-08,24,0.05475
121-HYPERLIQUID-xyzGOLD-29MAY2026,121,Hyperliquid,XAU,xyzGOLD,2026-05-29,2026-05-09,24,0.0529591275
121-HYPERLIQUID-xyzGOLD-29MAY2026,121,Hyperliquid,XAU,xyzGOLD,2026-05-29,2026-05-10,24,0.0569089385
121-HYPERLIQUID-xyzGOLD-29MAY2026,121,Hyperliquid,XAU,xyzGOLD,2026-05-29,2026-05-11,24,0.20281557149999999
121-HYPERLIQUID-xyzGOLD-29MAY2026,121,Hyperliquid,XAU,xyzGOLD,2026-05-29,2026-05-12,24,0.098545109
121-HYPERLIQUID-xyzGOLD-29MAY2026,121,Hyperliquid,XAU,xyzGOLD,2026-05-29,2026-05-13,24,0.11676207649999999
121-HYPERLIQUID-xyzGOLD-29MAY2026,121,Hyperliquid,XAU,xyzGOLD,2026-05-29,2026-05-14,24,0.1374542185
121-HYPERLIQUID-xyzGOLD-29MAY2026,121,Hyperliquid,XAU,xyzGOLD,2026-05-29,2026-05-15,24,0.1475182175
121-HYPERLIQUID-xyzGOLD-29MAY2026,121,Hyperliquid,XAU,xyzGOLD,2026-05-29,2026-05-16,24,0.016895886500000002
121-HYPERLIQUID-xyzGOLD-29MAY2026,121,Hyperliquid,XAU,xyzGOLD,2026-05-29,2026-05-17,24,0.01942384
121-HYPERLIQUID-xyzGOLD-29MAY2026,121,Hyperliquid,XAU,xyzGOLD,2026-05-29,2026-05-18,24,0.1078670265
121-HYPERLIQUID-xyzGOLD-29MAY2026,121,Hyperliquid,XAU,xyzGOLD,2026-05-29,2026-05-19,24,0.11108902749999999
121-HYPERLIQUID-xyzGOLD-29MAY2026,121,Hyperliquid,XAU,xyzGOLD,2026-05-29,2026-05-20,24,0.0715475555
121-HYPERLIQUID-xyzGOLD-29MAY2026,121,Hyperliquid,XAU,xyzGOLD,2026-05-29,2026-05-21,24,0.0493429265
121-HYPERLIQUID-xyzGOLD-29MAY2026,121,Hyperliquid,XAU,xyzGOLD,2026-05-29,2026-05-22,24,0.05484975449999999
121-HYPERLIQUID-xyzGOLD-29MAY2026,121,Hyperliquid,XAU,xyzGOLD,2026-05-29,2026-05-23,24,0.0503866805
121-HYPERLIQUID-xyzGOLD-29MAY2026,121,Hyperliquid,XAU,xyzGOLD,2026-05-29,2026-05-24,24,0.12390078300000001
121-HYPERLIQUID-xyzGOLD-29MAY2026,121,Hyperliquid,XAU,xyzGOLD,2026-05-29,2026-05-25,24,0.054670576
121-HYPERLIQUID-xyzGOLD-29MAY2026,121,Hyperliquid,XAU,xyzGOLD,2026-05-29,2026-05-26,24,0.053020192
121-HYPERLIQUID-xyzGOLD-29MAY2026,121,Hyperliquid,XAU,xyzGOLD,2026-05-29,2026-05-27,24,0.081640572
121-HYPERLIQUID-xyzGOLD-29MAY2026,121,Hyperliquid,XAU,xyzGOLD,2026-05-29,2026-05-28,24,0.1041689195
121-HYPERLIQUID-xyzGOLD-29MAY2026,121,Hyperliquid,XAU,xyzGOLD,2026-05-29,2026-05-29,1,0.05475
122-BINANCE-XAUUSDT-29MAY2026,122,Binance,XAU,XAUUSDT,2026-05-29,2026-04-21,5,0.04240716
122-BINANCE-XAUUSDT-29MAY2026,122,Binance,XAU,XAUUSDT,2026-05-29,2026-04-22,6,0.061192250000000004
122-BINANCE-XAUUSDT-29MAY2026,122,Binance,XAU,XAUUSDT,2026-05-29,2026-04-23,6,0.0901769
122-BINANCE-XAUUSDT-29MAY2026,122,Binance,XAU,XAUUSDT,2026-05-29,2026-04-24,6,0.09988589999999999
122-BINANCE-XAUUSDT-29MAY2026,122,Binance,XAU,XAUUSDT,2026-05-29,2026-04-25,6,0.09732724999999999
122-BINANCE-XAUUSDT-29MAY2026,122,Binance,XAU,XAUUSDT,2026-05-29,2026-04-26,6,0.42489285
122-BINANCE-XAUUSDT-29MAY2026,122,Binance,XAU,XAUUSDT,2026-05-29,2026-04-27,6,0.13416305
122-BINANCE-XAUUSDT-29MAY2026,122,Binance,XAU,XAUUSDT,2026-05-29,2026-04-28,6,0.14831775
122-BINANCE-XAUUSDT-29MAY2026,122,Binance,XAU,XAUUSDT,2026-05-29,2026-04-29,6,0.26584409999999997
122-BINANCE-XAUUSDT-29MAY2026,122,Binance,XAU,XAUUSDT,2026-05-29,2026-04-30,6,0.11121915
122-BINANCE-XAUUSDT-29MAY2026,122,Binance,XAU,XAUUSDT,2026-05-29,2026-05-01,6,0.15381465000000002
122-BINANCE-XAUUSDT-29MAY2026,122,Binance,XAU,XAUUSDT,2026-05-29,2026-05-02,6,0.0914179
122-BINANCE-XAUUSDT-29MAY2026,122,Binance,XAU,XAUUSDT,2026-05-29,2026-05-03,6,0.6719795999999999
122-BINANCE-XAUUSDT-29MAY2026,122,Binance,XAU,XAUUSDT,2026-05-29,2026-05-04,6,0.25343775
122-BINANCE-XAUUSDT-29MAY2026,122,Binance,XAU,XAUUSDT,2026-05-29,2026-05-05,6,0.059057
122-BINANCE-XAUUSDT-29MAY2026,122,Binance,XAU,XAUUSDT,2026-05-29,2026-05-06,6,0.0305578
122-BINANCE-XAUUSDT-29MAY2026,122,Binance,XAU,XAUUSDT,2026-05-29,2026-05-07,6,0.0
122-BINANCE-XAUUSDT-29MAY2026,122,Binance,XAU,XAUUSDT,2026-05-29,2026-05-08,6,0.0
122-BINANCE-XAUUSDT-29MAY2026,122,Binance,XAU,XAUUSDT,2026-05-29,2026-05-09,6,0.0
122-BINANCE-XAUUSDT-29MAY2026,122,Binance,XAU,XAUUSDT,2026-05-29,2026-05-10,6,0.0
122-BINANCE-XAUUSDT-29MAY2026,122,Binance,XAU,XAUUSDT,2026-05-29,2026-05-11,6,0.090009
122-BINANCE-XAUUSDT-29MAY2026,122,Binance,XAU,XAUUSDT,2026-05-29,2026-05-12,6,0.0902499
122-BINANCE-XAUUSDT-29MAY2026,122,Binance,XAU,XAUUSDT,2026-05-29,2026-05-13,6,0.02754655
122-BINANCE-XAUUSDT-29MAY2026,122,Binance,XAU,XAUUSDT,2026-05-29,2026-05-14,6,0.05399445
122-BINANCE-XAUUSDT-29MAY2026,122,Binance,XAU,XAUUSDT,2026-05-29,2026-05-15,6,0.33835135
122-BINANCE-XAUUSDT-29MAY2026,122,Binance,XAU,XAUUSDT,2026-05-29,2026-05-16,6,0.0
122-BINANCE-XAUUSDT-29MAY2026,122,Binance,XAU,XAUUSDT,2026-05-29,2026-05-17,6,0.0
122-BINANCE-XAUUSDT-29MAY2026,122,Binance,XAU,XAUUSDT,2026-05-29,2026-05-18,6,0.08264695
122-BINANCE-XAUUSDT-29MAY2026,122,Binance,XAU,XAUUSDT,2026-05-29,2026-05-19,6,0.1918732
122-BINANCE-XAUUSDT-29MAY2026,122,Binance,XAU,XAUUSDT,2026-05-29,2026-05-20,6,0.12429344999999999
122-BINANCE-XAUUSDT-29MAY2026,122,Binance,XAU,XAUUSDT,2026-05-29,2026-05-21,6,0.01769885
122-BINANCE-XAUUSDT-29MAY2026,122,Binance,XAU,XAUUSDT,2026-05-29,2026-05-22,6,0.09316625
122-BINANCE-XAUUSDT-29MAY2026,122,Binance,XAU,XAUUSDT,2026-05-29,2026-05-23,6,0.0
122-BINANCE-XAUUSDT-29MAY2026,122,Binance,XAU,XAUUSDT,2026-05-29,2026-05-24,6,0.0
122-BINANCE-XAUUSDT-29MAY2026,122,Binance,XAU,XAUUSDT,2026-05-29,2026-05-25,6,0.028772950000000002
122-BINANCE-XAUUSDT-29MAY2026,122,Binance,XAU,XAUUSDT,2026-05-29,2026-05-26,6,0.20257500000000003
122-BINANCE-XAUUSDT-29MAY2026,122,Binance,XAU,XAUUSDT,2026-05-29,2026-05-27,6,0.2560475
122-BINANCE-XAUUSDT-29MAY2026,122,Binance,XAU,XAUUSDT,2026-05-29,2026-05-28,6,0.12708205
122-BINANCE-XAUUSDT-29MAY2026,122,Binance,XAU,XAUUSDT,2026-05-29,2026-05-29,1,0.0
123-HYPERLIQUID-xyzSILVER-29MAY2026,123,Hyperliquid,XAG,xyzSILVER,2026-05-29,2026-04-21,19,0.03703631178947368
123-HYPERLIQUID-xyzSILVER-29MAY2026,123,Hyperliquid,XAG,xyzSILVER,2026-05-29,2026-04-22,24,0.0333681905
123-HYPERLIQUID-xyzSILVER-29MAY2026,123,Hyperliquid,XAG,xyzSILVER,2026-05-29,2026-04-23,24,0.0706892945
123-HYPERLIQUID-xyzSILVER-29MAY2026,123,Hyperliquid,XAG,xyzSILVER,2026-05-29,2026-04-24,24,0.0655450575
123-HYPERLIQUID-xyzSILVER-29MAY2026,123,Hyperliquid,XAG,xyzSILVER,2026-05-29,2026-04-25,24,0.054054456
123-HYPERLIQUID-xyzSILVER-29MAY2026,123,Hyperliquid,XAG,xyzSILVER,2026-05-29,2026-04-26,24,0.257963239
123-HYPERLIQUID-xyzSILVER-29MAY2026,123,Hyperliquid,XAG,xyzSILVER,2026-05-29,2026-04-27,24,0.055609830500000006
123-HYPERLIQUID-xyzSILVER-29MAY2026,123,Hyperliquid,XAG,xyzSILVER,2026-05-29,2026-04-28,24,0.123521694
123-HYPERLIQUID-xyzSILVER-29MAY2026,123,Hyperliquid,XAG,xyzSILVER,2026-05-29,2026-04-29,24,0.088760773
123-HYPERLIQUID-xyzSILVER-29MAY2026,123,Hyperliquid,XAG,xyzSILVER,2026-05-29,2026-04-30,24,0.0797671
123-HYPERLIQUID-xyzSILVER-29MAY2026,123,Hyperliquid,XAG,xyzSILVER,2026-05-29,2026-05-01,24,0.10022622599999999
123-HYPERLIQUID-xyzSILVER-29MAY2026,123,Hyperliquid,XAG,xyzSILVER,2026-05-29,2026-05-02,24,0.0552581895
123-HYPERLIQUID-xyzSILVER-29MAY2026,123,Hyperliquid,XAG,xyzSILVER,2026-05-29,2026-05-03,24,0.4110951565
123-HYPERLIQUID-xyzSILVER-29MAY2026,123,Hyperliquid,XAG,xyzSILVER,2026-05-29,2026-05-04,24,0.1185262675
123-HYPERLIQUID-xyzSILVER-29MAY2026,123,Hyperliquid,XAG,xyzSILVER,2026-05-29,2026-05-05,24,0.1369378895
123-HYPERLIQUID-xyzSILVER-29MAY2026,123,Hyperliquid,XAG,xyzSILVER,2026-05-29,2026-05-06,24,0.2363017665
123-HYPERLIQUID-xyzSILVER-29MAY2026,123,Hyperliquid,XAG,xyzSILVER,2026-05-29,2026-05-07,24,0.1915809445
123-HYPERLIQUID-xyzSILVER-29MAY2026,123,Hyperliquid,XAG,xyzSILVER,2026-05-29,2026-05-08,24,0.0943645085
123-HYPERLIQUID-xyzSILVER-29MAY2026,123,Hyperliquid,XAG,xyzSILVER,2026-05-29,2026-05-09,24,0.054792997
123-HYPERLIQUID-xyzSILVER-29MAY2026,123,Hyperliquid,XAG,xyzSILVER,2026-05-29,2026-05-10,24,-0.026667046
123-HYPERLIQUID-xyzSILVER-29MAY2026,123,Hyperliquid,XAG,xyzSILVER,2026-05-29,2026-05-11,24,0.1517558675
123-HYPERLIQUID-xyzSILVER-29MAY2026,123,Hyperliquid,XAG,xyzSILVER,2026-05-29,2026-05-12,24,0.073454498
123-HYPERLIQUID-xyzSILVER-29MAY2026,123,Hyperliquid,XAG,xyzSILVER,2026-05-29,2026-05-13,24,0.08808249350000001
123-HYPERLIQUID-xyzSILVER-29MAY2026,123,Hyperliquid,XAG,xyzSILVER,2026-05-29,2026-05-14,24,0.11155710349999999
123-HYPERLIQUID-xyzSILVER-29MAY2026,123,Hyperliquid,XAG,xyzSILVER,2026-05-29,2026-05-15,24,0.18941988899999998
123-HYPERLIQUID-xyzSILVER-29MAY2026,123,Hyperliquid,XAG,xyzSILVER,2026-05-29,2026-05-16,24,-0.036268298
123-HYPERLIQUID-xyzSILVER-29MAY2026,123,Hyperliquid,XAG,xyzSILVER,2026-05-29,2026-05-17,24,-0.009872301000000003
123-HYPERLIQUID-xyzSILVER-29MAY2026,123,Hyperliquid,XAG,xyzSILVER,2026-05-29,2026-05-18,24,0.0791137865
123-HYPERLIQUID-xyzSILVER-29MAY2026,123,Hyperliquid,XAG,xyzSILVER,2026-05-29,2026-05-19,24,0.181311852
123-HYPERLIQUID-xyzSILVER-29MAY2026,123,Hyperliquid,XAG,xyzSILVER,2026-05-29,2026-05-20,24,0.12636767200000001
123-HYPERLIQUID-xyzSILVER-29MAY2026,123,Hyperliquid,XAG,xyzSILVER,2026-05-29,2026-05-21,24,0.08921742449999999
123-HYPERLIQUID-xyzSILVER-29MAY2026,123,Hyperliquid,XAG,xyzSILVER,2026-05-29,2026-05-22,24,0.071376261
123-HYPERLIQUID-xyzSILVER-29MAY2026,123,Hyperliquid,XAG,xyzSILVER,2026-05-29,2026-05-23,24,0.2049714805
123-HYPERLIQUID-xyzSILVER-29MAY2026,123,Hyperliquid,XAG,xyzSILVER,2026-05-29,2026-05-24,24,0.1277193765
123-HYPERLIQUID-xyzSILVER-29MAY2026,123,Hyperliquid,XAG,xyzSILVER,2026-05-29,2026-05-25,24,0.0010938685000000006
123-HYPERLIQUID-xyzSILVER-29MAY2026,123,Hyperliquid,XAG,xyzSILVER,2026-05-29,2026-05-26,24,0.065290616
123-HYPERLIQUID-xyzSILVER-29MAY2026,123,Hyperliquid,XAG,xyzSILVER,2026-05-29,2026-05-27,24,0.129627487
123-HYPERLIQUID-xyzSILVER-29MAY2026,123,Hyperliquid,XAG,xyzSILVER,2026-05-29,2026-05-28,24,0.10729467
123-HYPERLIQUID-xyzSILVER-29MAY2026,123,Hyperliquid,XAG,xyzSILVER,2026-05-29,2026-05-29,1,0.05475
124-BINANCE-XAGUSDT-29MAY2026,124,Binance,XAG,XAGUSDT,2026-05-29,2026-04-21,5,0.014436479999999998
124-BINANCE-XAGUSDT-29MAY2026,124,Binance,XAG,XAGUSDT,2026-05-29,2026-04-22,6,0.0032485
124-BINANCE-XAGUSDT-29MAY2026,124,Binance,XAG,XAGUSDT,2026-05-29,2026-04-23,6,0.07385409999999999
124-BINANCE-XAGUSDT-29MAY2026,124,Binance,XAG,XAGUSDT,2026-05-29,2026-04-24,6,0.160892
124-BINANCE-XAGUSDT-29MAY2026,124,Binance,XAG,XAGUSDT,2026-05-29,2026-04-25,6,0.11641675
124-BINANCE-XAGUSDT-29MAY2026,124,Binance,XAG,XAGUSDT,2026-05-29,2026-04-26,6,1.30404645
124-BINANCE-XAGUSDT-29MAY2026,124,Binance,XAG,XAGUSDT,2026-05-29,2026-04-27,6,0.24123945
124-BINANCE-XAGUSDT-29MAY2026,124,Binance,XAG,XAGUSDT,2026-05-29,2026-04-28,6,0.2923431
124-BINANCE-XAGUSDT-29MAY2026,124,Binance,XAG,XAGUSDT,2026-05-29,2026-04-29,6,0.41701615
124-BINANCE-XAGUSDT-29MAY2026,124,Binance,XAG,XAGUSDT,2026-05-29,2026-04-30,6,0.23455995
124-BINANCE-XAGUSDT-29MAY2026,124,Binance,XAG,XAGUSDT,2026-05-29,2026-05-01,6,0.30142430000000003
124-BINANCE-XAGUSDT-29MAY2026,124,Binance,XAG,XAGUSDT,2026-05-29,2026-05-02,6,0.29335415000000004
124-BINANCE-XAGUSDT-29MAY2026,124,Binance,XAG,XAGUSDT,2026-05-29,2026-05-03,6,3.3098711
124-BINANCE-XAGUSDT-29MAY2026,124,Binance,XAG,XAGUSDT,2026-05-29,2026-05-04,6,0.56424255
124-BINANCE-XAGUSDT-29MAY2026,124,Binance,XAG,XAGUSDT,2026-05-29,2026-05-05,6,0.18530685000000002
124-BINANCE-XAGUSDT-29MAY2026,124,Binance,XAG,XAGUSDT,2026-05-29,2026-05-06,6,0.14353259999999998
124-BINANCE-XAGUSDT-29MAY2026,124,Binance,XAG,XAGUSDT,2026-05-29,2026-05-07,6,0.045303800000000005
124-BINANCE-XAGUSDT-29MAY2026,124,Binance,XAG,XAGUSDT,2026-05-29,2026-05-08,6,0.07645655
124-BINANCE-XAGUSDT-29MAY2026,124,Binance,XAG,XAGUSDT,2026-05-29,2026-05-09,6,0.0
124-BINANCE-XAGUSDT-29MAY2026,124,Binance,XAG,XAGUSDT,2026-05-29,2026-05-10,6,-0.0460265
124-BINANCE-XAGUSDT-29MAY2026,124,Binance,XAG,XAGUSDT,2026-05-29,2026-05-11,6,0.07056544999999999
124-BINANCE-XAGUSDT-29MAY2026,124,Binance,XAG,XAGUSDT,2026-05-29,2026-05-12,6,0.12960055
124-BINANCE-XAGUSDT-29MAY2026,124,Binance,XAG,XAGUSDT,2026-05-29,2026-05-13,6,0.0612105
124-BINANCE-XAGUSDT-29MAY2026,124,Binance,XAG,XAGUSDT,2026-05-29,2026-05-14,6,0.02656835
124-BINANCE-XAGUSDT-29MAY2026,124,Binance,XAG,XAGUSDT,2026-05-29,2026-05-15,6,0.40914310000000004
124-BINANCE-XAGUSDT-29MAY2026,124,Binance,XAG,XAGUSDT,2026-05-29,2026-05-16,6,-0.0186588
124-BINANCE-XAGUSDT-29MAY2026,124,Binance,XAG,XAGUSDT,2026-05-29,2026-05-17,6,0.0
124-BINANCE-XAGUSDT-29MAY2026,124,Binance,XAG,XAGUSDT,2026-05-29,2026-05-18,6,0.048778600000000005
124-BINANCE-XAGUSDT-29MAY2026,124,Binance,XAG,XAGUSDT,2026-05-29,2026-05-19,6,0.2588288
124-BINANCE-XAGUSDT-29MAY2026,124,Binance,XAG,XAGUSDT,2026-05-29,2026-05-20,6,0.14928135
124-BINANCE-XAGUSDT-29MAY2026,124,Binance,XAG,XAGUSDT,2026-05-29,2026-05-21,6,0.0377337
124-BINANCE-XAGUSDT-29MAY2026,124,Binance,XAG,XAGUSDT,2026-05-29,2026-05-22,6,0.1026672
124-BINANCE-XAGUSDT-29MAY2026,124,Binance,XAG,XAGUSDT,2026-05-29,2026-05-23,6,0.0068036
124-BINANCE-XAGUSDT-29MAY2026,124,Binance,XAG,XAGUSDT,2026-05-29,2026-05-24,6,0.09137775
124-BINANCE-XAGUSDT-29MAY2026,124,Binance,XAG,XAGUSDT,2026-05-29,2026-05-25,6,0.00218635
124-BINANCE-XAGUSDT-29MAY2026,124,Binance,XAG,XAGUSDT,2026-05-29,2026-05-26,6,0.11438735
124-BINANCE-XAGUSDT-29MAY2026,124,Binance,XAG,XAGUSDT,2026-05-29,2026-05-27,6,0.29002900000000004
124-BINANCE-XAGUSDT-29MAY2026,124,Binance,XAG,XAGUSDT,2026-05-29,2026-05-28,6,0.0852713
124-BINANCE-XAGUSDT-29MAY2026,124,Binance,XAG,XAGUSDT,2026-05-29,2026-05-29,1,0.0
125-HYPERLIQUID-xyzXYZ100-29MAY2026,125,Hyperliquid,XYZ100,xyzXYZ100,2026-05-29,2026-04-21,19,0.01696729010526316
125-HYPERLIQUID-xyzXYZ100-29MAY2026,125,Hyperliquid,XYZ100,xyzXYZ100,2026-05-29,2026-04-22,24,-0.0094847075
125-HYPERLIQUID-xyzXYZ100-29MAY2026,125,Hyperliquid,XYZ100,xyzXYZ100,2026-05-29,2026-04-23,24,0.00809789
125-HYPERLIQUID-xyzXYZ100-29MAY2026,125,Hyperliquid,XYZ100,xyzXYZ100,2026-05-29,2026-04-24,24,-0.0244099955
125-HYPERLIQUID-xyzXYZ100-29MAY2026,125,Hyperliquid,XYZ100,xyzXYZ100,2026-05-29,2026-04-25,24,-0.042239734499999994
125-HYPERLIQUID-xyzXYZ100-29MAY2026,125,Hyperliquid,XYZ100,xyzXYZ100,2026-05-29,2026-04-26,24,0.0901805135
125-HYPERLIQUID-xyzXYZ100-29MAY2026,125,Hyperliquid,XYZ100,xyzXYZ100,2026-05-29,2026-04-27,24,-0.033100937500000004
125-HYPERLIQUID-xyzXYZ100-29MAY2026,125,Hyperliquid,XYZ100,xyzXYZ100,2026-05-29,2026-04-28,24,-0.0194702315
125-HYPERLIQUID-xyzXYZ100-29MAY2026,125,Hyperliquid,XYZ100,xyzXYZ100,2026-05-29,2026-04-29,24,-0.0475881525
125-HYPERLIQUID-xyzXYZ100-29MAY2026,125,Hyperliquid,XYZ100,xyzXYZ100,2026-05-29,2026-04-30,24,-0.07920645999999999
125-HYPERLIQUID-xyzXYZ100-29MAY2026,125,Hyperliquid,XYZ100,xyzXYZ100,2026-05-29,2026-05-01,24,-0.048183905500000006
125-HYPERLIQUID-xyzXYZ100-29MAY2026,125,Hyperliquid,XYZ100,xyzXYZ100,2026-05-29,2026-05-02,24,0.005482263500000001
125-HYPERLIQUID-xyzXYZ100-29MAY2026,125,Hyperliquid,XYZ100,xyzXYZ100,2026-05-29,2026-05-03,24,0.046638386000000004
125-HYPERLIQUID-xyzXYZ100-29MAY2026,125,Hyperliquid,XYZ100,xyzXYZ100,2026-05-29,2026-05-04,24,-0.011907322
125-HYPERLIQUID-xyzXYZ100-29MAY2026,125,Hyperliquid,XYZ100,xyzXYZ100,2026-05-29,2026-05-05,24,0.045222551
125-HYPERLIQUID-xyzXYZ100-29MAY2026,125,Hyperliquid,XYZ100,xyzXYZ100,2026-05-29,2026-05-06,24,0.0516226435
125-HYPERLIQUID-xyzXYZ100-29MAY2026,125,Hyperliquid,XYZ100,xyzXYZ100,2026-05-29,2026-05-07,24,0.043677432999999995
125-HYPERLIQUID-xyzXYZ100-29MAY2026,125,Hyperliquid,XYZ100,xyzXYZ100,2026-05-29,2026-05-08,24,0.064429143
125-HYPERLIQUID-xyzXYZ100-29MAY2026,125,Hyperliquid,XYZ100,xyzXYZ100,2026-05-29,2026-05-09,24,0.0568262295
125-HYPERLIQUID-xyzXYZ100-29MAY2026,125,Hyperliquid,XYZ100,xyzXYZ100,2026-05-29,2026-05-10,24,0.008048432500000001
125-HYPERLIQUID-xyzXYZ100-29MAY2026,125,Hyperliquid,XYZ100,xyzXYZ100,2026-05-29,2026-05-11,24,0.05475
125-HYPERLIQUID-xyzXYZ100-29MAY2026,125,Hyperliquid,XYZ100,xyzXYZ100,2026-05-29,2026-05-12,24,0.061277258499999994
125-HYPERLIQUID-xyzXYZ100-29MAY2026,125,Hyperliquid,XYZ100,xyzXYZ100,2026-05-29,2026-05-13,24,0.057100344500000004
125-HYPERLIQUID-xyzXYZ100-29MAY2026,125,Hyperliquid,XYZ100,xyzXYZ100,2026-05-29,2026-05-14,24,0.055232676
125-HYPERLIQUID-xyzXYZ100-29MAY2026,125,Hyperliquid,XYZ100,xyzXYZ100,2026-05-29,2026-05-15,24,0.055540699500000006
125-HYPERLIQUID-xyzXYZ100-29MAY2026,125,Hyperliquid,XYZ100,xyzXYZ100,2026-05-29,2026-05-16,24,0.013040135999999999
125-HYPERLIQUID-xyzXYZ100-29MAY2026,125,Hyperliquid,XYZ100,xyzXYZ100,2026-05-29,2026-05-17,24,0.049156740000000004
125-HYPERLIQUID-xyzXYZ100-29MAY2026,125,Hyperliquid,XYZ100,xyzXYZ100,2026-05-29,2026-05-18,24,0.057674234
125-HYPERLIQUID-xyzXYZ100-29MAY2026,125,Hyperliquid,XYZ100,xyzXYZ100,2026-05-29,2026-05-19,24,0.06702053349999999
125-HYPERLIQUID-xyzXYZ100-29MAY2026,125,Hyperliquid,XYZ100,xyzXYZ100,2026-05-29,2026-05-20,24,0.042392048999999994
125-HYPERLIQUID-xyzXYZ100-29MAY2026,125,Hyperliquid,XYZ100,xyzXYZ100,2026-05-29,2026-05-21,24,0.05475
125-HYPERLIQUID-xyzXYZ100-29MAY2026,125,Hyperliquid,XYZ100,xyzXYZ100,2026-05-29,2026-05-22,24,0.0404995605
125-HYPERLIQUID-xyzXYZ100-29MAY2026,125,Hyperliquid,XYZ100,xyzXYZ100,2026-05-29,2026-05-23,24,0.13665837249999999
125-HYPERLIQUID-xyzXYZ100-29MAY2026,125,Hyperliquid,XYZ100,xyzXYZ100,2026-05-29,2026-05-24,24,-0.007282224499999999
125-HYPERLIQUID-xyzXYZ100-29MAY2026,125,Hyperliquid,XYZ100,xyzXYZ100,2026-05-29,2026-05-25,24,0.0469274295
125-HYPERLIQUID-xyzXYZ100-29MAY2026,125,Hyperliquid,XYZ100,xyzXYZ100,2026-05-29,2026-05-26,24,0.046701093
125-HYPERLIQUID-xyzXYZ100-29MAY2026,125,Hyperliquid,XYZ100,xyzXYZ100,2026-05-29,2026-05-27,24,0.049016506999999994
125-HYPERLIQUID-xyzXYZ100-29MAY2026,125,Hyperliquid,XYZ100,xyzXYZ100,2026-05-29,2026-05-28,24,0.0779445455
125-HYPERLIQUID-xyzXYZ100-29MAY2026,125,Hyperliquid,XYZ100,xyzXYZ100,2026-05-29,2026-05-29,1,0.05475
126-HYPERLIQUID-xyzSP500-29MAY2026,126,Hyperliquid,S&P500,xyzSP500,2026-05-29,2026-04-21,19,-0.016410061894736844
126-HYPERLIQUID-xyzSP500-29MAY2026,126,Hyperliquid,S&P500,xyzSP500,2026-05-29,2026-04-22,24,-0.006311214999999999
126-HYPERLIQUID-xyzSP500-29MAY2026,126,Hyperliquid,S&P500,xyzSP500,2026-05-29,2026-04-23,24,-0.051220377000000004
126-HYPERLIQUID-xyzSP500-29MAY2026,126,Hyperliquid,S&P500,xyzSP500,2026-05-29,2026-04-24,24,-0.055892815000000005
126-HYPERLIQUID-xyzSP500-29MAY2026,126,Hyperliquid,S&P500,xyzSP500,2026-05-29,2026-04-25,24,-0.038166188499999996
126-HYPERLIQUID-xyzSP500-29MAY2026,126,Hyperliquid,S&P500,xyzSP500,2026-05-29,2026-04-26,24,0.10820771750000001
126-HYPERLIQUID-xyzSP500-29MAY2026,126,Hyperliquid,S&P500,xyzSP500,2026-05-29,2026-04-27,24,-0.107795304
126-HYPERLIQUID-xyzSP500-29MAY2026,126,Hyperliquid,S&P500,xyzSP500,2026-05-29,2026-04-28,24,0.0082315165
126-HYPERLIQUID-xyzSP500-29MAY2026,126,Hyperliquid,S&P500,xyzSP500,2026-05-29,2026-04-29,24,-0.040536681
126-HYPERLIQUID-xyzSP500-29MAY2026,126,Hyperliquid,S&P500,xyzSP500,2026-05-29,2026-04-30,24,-0.0833628245
126-HYPERLIQUID-xyzSP500-29MAY2026,126,Hyperliquid,S&P500,xyzSP500,2026-05-29,2026-05-01,24,-0.0651904235
126-HYPERLIQUID-xyzSP500-29MAY2026,126,Hyperliquid,S&P500,xyzSP500,2026-05-29,2026-05-02,24,0.0338690435
126-HYPERLIQUID-xyzSP500-29MAY2026,126,Hyperliquid,S&P500,xyzSP500,2026-05-29,2026-05-03,24,0.052768779999999994
126-HYPERLIQUID-xyzSP500-29MAY2026,126,Hyperliquid,S&P500,xyzSP500,2026-05-29,2026-05-04,24,-0.012374595
126-HYPERLIQUID-xyzSP500-29MAY2026,126,Hyperliquid,S&P500,xyzSP500,2026-05-29,2026-05-05,24,0.015397707500000002
126-HYPERLIQUID-xyzSP500-29MAY2026,126,Hyperliquid,S&P500,xyzSP500,2026-05-29,2026-05-06,24,0.012143184999999999
126-HYPERLIQUID-xyzSP500-29MAY2026,126,Hyperliquid,S&P500,xyzSP500,2026-05-29,2026-05-07,24,0.0017564894999999988
126-HYPERLIQUID-xyzSP500-29MAY2026,126,Hyperliquid,S&P500,xyzSP500,2026-05-29,2026-05-08,24,-0.018103452500000002
126-HYPERLIQUID-xyzSP500-29MAY2026,126,Hyperliquid,S&P500,xyzSP500,2026-05-29,2026-05-09,24,0.053025813
126-HYPERLIQUID-xyzSP500-29MAY2026,126,Hyperliquid,S&P500,xyzSP500,2026-05-29,2026-05-10,24,0.014062428
126-HYPERLIQUID-xyzSP500-29MAY2026,126,Hyperliquid,S&P500,xyzSP500,2026-05-29,2026-05-11,24,-0.044573143
126-HYPERLIQUID-xyzSP500-29MAY2026,126,Hyperliquid,S&P500,xyzSP500,2026-05-29,2026-05-12,24,0.015441580500000001
126-HYPERLIQUID-xyzSP500-29MAY2026,126,Hyperliquid,S&P500,xyzSP500,2026-05-29,2026-05-13,24,-0.013088462
126-HYPERLIQUID-xyzSP500-29MAY2026,126,Hyperliquid,S&P500,xyzSP500,2026-05-29,2026-05-14,24,-0.0175370455
126-HYPERLIQUID-xyzSP500-29MAY2026,126,Hyperliquid,S&P500,xyzSP500,2026-05-29,2026-05-15,24,-0.005093794
126-HYPERLIQUID-xyzSP500-29MAY2026,126,Hyperliquid,S&P500,xyzSP500,2026-05-29,2026-05-16,24,0.0327112635
126-HYPERLIQUID-xyzSP500-29MAY2026,126,Hyperliquid,S&P500,xyzSP500,2026-05-29,2026-05-17,24,0.0557094755
126-HYPERLIQUID-xyzSP500-29MAY2026,126,Hyperliquid,S&P500,xyzSP500,2026-05-29,2026-05-18,24,-0.021600773
126-HYPERLIQUID-xyzSP500-29MAY2026,126,Hyperliquid,S&P500,xyzSP500,2026-05-29,2026-05-19,24,-0.041386400999999996
126-HYPERLIQUID-xyzSP500-29MAY2026,126,Hyperliquid,S&P500,xyzSP500,2026-05-29,2026-05-20,24,-0.0621858895
126-HYPERLIQUID-xyzSP500-29MAY2026,126,Hyperliquid,S&P500,xyzSP500,2026-05-29,2026-05-21,24,-0.0530639555
126-HYPERLIQUID-xyzSP500-29MAY2026,126,Hyperliquid,S&P500,xyzSP500,2026-05-29,2026-05-22,24,-0.065913671
126-HYPERLIQUID-xyzSP500-29MAY2026,126,Hyperliquid,S&P500,xyzSP500,2026-05-29,2026-05-23,24,0.165863008
126-HYPERLIQUID-xyzSP500-29MAY2026,126,Hyperliquid,S&P500,xyzSP500,2026-05-29,2026-05-24,24,-0.0033038705
126-HYPERLIQUID-xyzSP500-29MAY2026,126,Hyperliquid,S&P500,xyzSP500,2026-05-29,2026-05-25,24,0.027298131
126-HYPERLIQUID-xyzSP500-29MAY2026,126,Hyperliquid,S&P500,xyzSP500,2026-05-29,2026-05-26,24,0.010447833000000002
126-HYPERLIQUID-xyzSP500-29MAY2026,126,Hyperliquid,S&P500,xyzSP500,2026-05-29,2026-05-27,24,0.045748808
126-HYPERLIQUID-xyzSP500-29MAY2026,126,Hyperliquid,S&P500,xyzSP500,2026-05-29,2026-05-28,24,-0.045451333000000003
126-HYPERLIQUID-xyzSP500-29MAY2026,126,Hyperliquid,S&P500,xyzSP500,2026-05-29,2026-05-29,1,-0.07287444
127-LIGHTER-ETH-29MAY2026,127,Lighter,ETH,ETH,2026-05-29,2026-05-12,19,0.06731368421052632
127-LIGHTER-ETH-29MAY2026,127,Lighter,ETH,ETH,2026-05-29,2026-05-13,24,0.06679500000000001
127-LIGHTER-ETH-29MAY2026,127,Lighter,ETH,ETH,2026-05-29,2026-05-14,24,0.059495
127-LIGHTER-ETH-29MAY2026,127,Lighter,ETH,ETH,2026-05-29,2026-05-15,24,0.024455
127-LIGHTER-ETH-29MAY2026,127,Lighter,ETH,ETH,2026-05-29,2026-05-16,24,0.07081
127-LIGHTER-ETH-29MAY2026,127,Lighter,ETH,ETH,2026-05-29,2026-05-17,24,0.06643
127-LIGHTER-ETH-29MAY2026,127,Lighter,ETH,ETH,2026-05-29,2026-05-18,24,0.040515
127-LIGHTER-ETH-29MAY2026,127,Lighter,ETH,ETH,2026-05-29,2026-05-19,24,0.052195
127-LIGHTER-ETH-29MAY2026,127,Lighter,ETH,ETH,2026-05-29,2026-05-20,24,0.05767
127-LIGHTER-ETH-29MAY2026,127,Lighter,ETH,ETH,2026-05-29,2026-05-21,24,0.02044
127-LIGHTER-ETH-29MAY2026,127,Lighter,ETH,ETH,2026-05-29,2026-05-22,24,0.036135
127-LIGHTER-ETH-29MAY2026,127,Lighter,ETH,ETH,2026-05-29,2026-05-23,24,0.01314
127-LIGHTER-ETH-29MAY2026,127,Lighter,ETH,ETH,2026-05-29,2026-05-24,24,0.014965000000000001
127-LIGHTER-ETH-29MAY2026,127,Lighter,ETH,ETH,2026-05-29,2026-05-25,24,0.032485
127-LIGHTER-ETH-29MAY2026,127,Lighter,ETH,ETH,2026-05-29,2026-05-26,24,-0.05548
127-LIGHTER-ETH-29MAY2026,127,Lighter,ETH,ETH,2026-05-29,2026-05-27,24,-0.06497
127-LIGHTER-ETH-29MAY2026,127,Lighter,ETH,ETH,2026-05-29,2026-05-28,24,0.020075000000000003
127-LIGHTER-ETH-29MAY2026,127,Lighter,ETH,ETH,2026-05-29,2026-05-29,1,0.10512
128-HYPERLIQUID-ETH-25DEC2026,128,Hyperliquid,ETH,ETH,2026-12-25,2026-05-12,19,0.07144015136842105
128-HYPERLIQUID-ETH-25DEC2026,128,Hyperliquid,ETH,ETH,2026-12-25,2026-05-13,24,0.107446218
128-HYPERLIQUID-ETH-25DEC2026,128,Hyperliquid,ETH,ETH,2026-12-25,2026-05-14,24,0.09113320000000001
128-HYPERLIQUID-ETH-25DEC2026,128,Hyperliquid,ETH,ETH,2026-12-25,2026-05-15,24,0.058115445999999994
128-HYPERLIQUID-ETH-25DEC2026,128,Hyperliquid,ETH,ETH,2026-12-25,2026-05-16,24,0.038311057
128-HYPERLIQUID-ETH-25DEC2026,128,Hyperliquid,ETH,ETH,2026-12-25,2026-05-17,24,-0.0134738655
128-HYPERLIQUID-ETH-25DEC2026,128,Hyperliquid,ETH,ETH,2026-12-25,2026-05-18,24,0.0441457645
128-HYPERLIQUID-ETH-25DEC2026,128,Hyperliquid,ETH,ETH,2026-12-25,2026-05-19,24,0.106432321
128-HYPERLIQUID-ETH-25DEC2026,128,Hyperliquid,ETH,ETH,2026-12-25,2026-05-20,24,0.107609081
128-HYPERLIQUID-ETH-25DEC2026,128,Hyperliquid,ETH,ETH,2026-12-25,2026-05-21,24,0.107409134
128-HYPERLIQUID-ETH-25DEC2026,128,Hyperliquid,ETH,ETH,2026-12-25,2026-05-22,24,0.1012186245
128-HYPERLIQUID-ETH-25DEC2026,128,Hyperliquid,ETH,ETH,2026-12-25,2026-05-23,24,0.0122143235
128-HYPERLIQUID-ETH-25DEC2026,128,Hyperliquid,ETH,ETH,2026-12-25,2026-05-24,24,0.091804654
128-HYPERLIQUID-ETH-25DEC2026,128,Hyperliquid,ETH,ETH,2026-12-25,2026-05-25,24,0.0256209925
128-HYPERLIQUID-ETH-25DEC2026,128,Hyperliquid,ETH,ETH,2026-12-25,2026-05-26,24,0.0717911565
128-HYPERLIQUID-ETH-25DEC2026,128,Hyperliquid,ETH,ETH,2026-12-25,2026-05-27,24,0.063430868
128-HYPERLIQUID-ETH-25DEC2026,128,Hyperliquid,ETH,ETH,2026-12-25,2026-05-28,24,0.03793153
128-HYPERLIQUID-ETH-25DEC2026,128,Hyperliquid,ETH,ETH,2026-12-25,2026-05-29,24,0.10936144599999999
128-HYPERLIQUID-ETH-25DEC2026,128,Hyperliquid,ETH,ETH,2026-12-25,2026-05-30,24,0.105701445
128-HYPERLIQUID-ETH-25DEC2026,128,Hyperliquid,ETH,ETH,2026-12-25,2026-05-31,24,0.10891443049999999
128-HYPERLIQUID-ETH-25DEC2026,128,Hyperliquid,ETH,ETH,2026-12-25,2026-06-01,24,0.1095
128-HYPERLIQUID-ETH-25DEC2026,128,Hyperliquid,ETH,ETH,2026-12-25,2026-06-02,24,0.1095
128-HYPERLIQUID-ETH-25DEC2026,128,Hyperliquid,ETH,ETH,2026-12-25,2026-06-03,24,0.059574935
128-HYPERLIQUID-ETH-25DEC2026,128,Hyperliquid,ETH,ETH,2026-12-25,2026-06-04,24,0.087221276
128-HYPERLIQUID-ETH-25DEC2026,128,Hyperliquid,ETH,ETH,2026-12-25,2026-06-05,24,0.012954981499999999
128-HYPERLIQUID-ETH-25DEC2026,128,Hyperliquid,ETH,ETH,2026-12-25,2026-06-06,24,0.012331999500000001
128-HYPERLIQUID-ETH-25DEC2026,128,Hyperliquid,ETH,ETH,2026-12-25,2026-06-07,24,0.00478661
128-HYPERLIQUID-ETH-25DEC2026,128,Hyperliquid,ETH,ETH,2026-12-25,2026-06-08,24,-0.005690204000000001
128-HYPERLIQUID-ETH-25DEC2026,128,Hyperliquid,ETH,ETH,2026-12-25,2026-06-09,24,0.026735958
128-HYPERLIQUID-ETH-25DEC2026,128,Hyperliquid,ETH,ETH,2026-12-25,2026-06-10,24,-0.0408979215
128-HYPERLIQUID-ETH-25DEC2026,128,Hyperliquid,ETH,ETH,2026-12-25,2026-06-11,24,0.018306721
128-HYPERLIQUID-ETH-25DEC2026,128,Hyperliquid,ETH,ETH,2026-12-25,2026-06-12,24,0.0009366995000000002
128-HYPERLIQUID-ETH-25DEC2026,128,Hyperliquid,ETH,ETH,2026-12-25,2026-06-13,24,0.0948196635
128-HYPERLIQUID-ETH-25DEC2026,128,Hyperliquid,ETH,ETH,2026-12-25,2026-06-14,24,0.104912972
128-HYPERLIQUID-ETH-25DEC2026,128,Hyperliquid,ETH,ETH,2026-12-25,2026-06-15,24,0.10948507149999999
128-HYPERLIQUID-ETH-25DEC2026,128,Hyperliquid,ETH,ETH,2026-12-25,2026-06-16,24,0.099514695
128-HYPERLIQUID-ETH-25DEC2026,128,Hyperliquid,ETH,ETH,2026-12-25,2026-06-17,24,0.099521776
128-HYPERLIQUID-ETH-25DEC2026,128,Hyperliquid,ETH,ETH,2026-12-25,2026-06-18,24,0.104521619
128-HYPERLIQUID-ETH-25DEC2026,128,Hyperliquid,ETH,ETH,2026-12-25,2026-06-19,24,0.1095
128-HYPERLIQUID-ETH-25DEC2026,128,Hyperliquid,ETH,ETH,2026-12-25,2026-06-20,24,0.1089804955
128-HYPERLIQUID-ETH-25DEC2026,128,Hyperliquid,ETH,ETH,2026-12-25,2026-06-21,24,0.0212069745
128-HYPERLIQUID-ETH-25DEC2026,128,Hyperliquid,ETH,ETH,2026-12-25,2026-06-22,24,0.082592127
128-HYPERLIQUID-ETH-25DEC2026,128,Hyperliquid,ETH,ETH,2026-12-25,2026-06-23,24,-0.006674134500000001
128-HYPERLIQUID-ETH-25DEC2026,128,Hyperliquid,ETH,ETH,2026-12-25,2026-06-24,24,0.0038843665000000004
128-HYPERLIQUID-ETH-25DEC2026,128,Hyperliquid,ETH,ETH,2026-12-25,2026-06-25,24,-0.073339815
128-HYPERLIQUID-ETH-25DEC2026,128,Hyperliquid,ETH,ETH,2026-12-25,2026-06-26,24,-0.12426472449999999
128-HYPERLIQUID-ETH-25DEC2026,128,Hyperliquid,ETH,ETH,2026-12-25,2026-06-27,24,-0.0731846535
128-HYPERLIQUID-ETH-25DEC2026,128,Hyperliquid,ETH,ETH,2026-12-25,2026-06-28,24,-0.0939767325
128-HYPERLIQUID-ETH-25DEC2026,128,Hyperliquid,ETH,ETH,2026-12-25,2026-06-29,24,-0.0164600765
128-HYPERLIQUID-ETH-25DEC2026,128,Hyperliquid,ETH,ETH,2026-12-25,2026-06-30,24,0.050787633
128-HYPERLIQUID-ETH-25DEC2026,128,Hyperliquid,ETH,ETH,2026-12-25,2026-07-01,24,0.08023284
128-HYPERLIQUID-ETH-25DEC2026,128,Hyperliquid,ETH,ETH,2026-12-25,2026-07-02,24,0.1075883125
128-HYPERLIQUID-ETH-25DEC2026,128,Hyperliquid,ETH,ETH,2026-12-25,2026-07-03,5,0.1095
129-BINANCE-ETHUSDT-25DEC2026,129,Binance,ETH,ETHUSDT,2026-12-25,2026-05-12,3,0.0170236
129-BINANCE-ETHUSDT-25DEC2026,129,Binance,ETH,ETHUSDT,2026-12-25,2026-05-13,3,0.0252361
129-BINANCE-ETHUSDT-25DEC2026,129,Binance,ETH,ETHUSDT,2026-12-25,2026-05-14,3,0.0562611
129-BINANCE-ETHUSDT-25DEC2026,129,Binance,ETH,ETHUSDT,2026-12-25,2026-05-15,3,0.0039858
129-BINANCE-ETHUSDT-25DEC2026,129,Binance,ETH,ETHUSDT,2026-12-25,2026-05-16,3,0.06595184999999999
129-BINANCE-ETHUSDT-25DEC2026,129,Binance,ETH,ETHUSDT,2026-12-25,2026-05-17,3,0.06335305000000001
129-BINANCE-ETHUSDT-25DEC2026,129,Binance,ETH,ETHUSDT,2026-12-25,2026-05-18,3,0.0282364
129-BINANCE-ETHUSDT-25DEC2026,129,Binance,ETH,ETHUSDT,2026-12-25,2026-05-19,3,0.07035375
129-BINANCE-ETHUSDT-25DEC2026,129,Binance,ETH,ETHUSDT,2026-12-25,2026-05-20,3,0.0506036
129-BINANCE-ETHUSDT-25DEC2026,129,Binance,ETH,ETHUSDT,2026-12-25,2026-05-21,3,0.0446614
129-BINANCE-ETHUSDT-25DEC2026,129,Binance,ETH,ETHUSDT,2026-12-25,2026-05-22,3,0.05096130000000001
129-BINANCE-ETHUSDT-25DEC2026,129,Binance,ETH,ETHUSDT,2026-12-25,2026-05-23,3,0.0603929
129-BINANCE-ETHUSDT-25DEC2026,129,Binance,ETH,ETHUSDT,2026-12-25,2026-05-24,3,0.0739271
129-BINANCE-ETHUSDT-25DEC2026,129,Binance,ETH,ETHUSDT,2026-12-25,2026-05-25,3,0.0515234
129-BINANCE-ETHUSDT-25DEC2026,129,Binance,ETH,ETHUSDT,2026-12-25,2026-05-26,3,0.03890535
129-BINANCE-ETHUSDT-25DEC2026,129,Binance,ETH,ETHUSDT,2026-12-25,2026-05-27,3,0.060298
129-BINANCE-ETHUSDT-25DEC2026,129,Binance,ETH,ETHUSDT,2026-12-25,2026-05-28,3,0.0290102
129-BINANCE-ETHUSDT-25DEC2026,129,Binance,ETH,ETHUSDT,2026-12-25,2026-05-29,3,0.0809862
129-BINANCE-ETHUSDT-25DEC2026,129,Binance,ETH,ETHUSDT,2026-12-25,2026-05-30,3,0.062367549999999994
129-BINANCE-ETHUSDT-25DEC2026,129,Binance,ETH,ETHUSDT,2026-12-25,2026-05-31,3,0.0668461
129-BINANCE-ETHUSDT-25DEC2026,129,Binance,ETH,ETHUSDT,2026-12-25,2026-06-01,3,0.0779494
129-BINANCE-ETHUSDT-25DEC2026,129,Binance,ETH,ETHUSDT,2026-12-25,2026-06-02,3,0.09380135
129-BINANCE-ETHUSDT-25DEC2026,129,Binance,ETH,ETHUSDT,2026-12-25,2026-06-03,3,0.0702406
129-BINANCE-ETHUSDT-25DEC2026,129,Binance,ETH,ETHUSDT,2026-12-25,2026-06-04,3,0.05868835
129-BINANCE-ETHUSDT-25DEC2026,129,Binance,ETH,ETHUSDT,2026-12-25,2026-06-05,3,-0.021337900000000003
129-BINANCE-ETHUSDT-25DEC2026,129,Binance,ETH,ETHUSDT,2026-12-25,2026-06-06,3,-0.05306734999999999
129-BINANCE-ETHUSDT-25DEC2026,129,Binance,ETH,ETHUSDT,2026-12-25,2026-06-07,3,-0.05964465
129-BINANCE-ETHUSDT-25DEC2026,129,Binance,ETH,ETHUSDT,2026-12-25,2026-06-08,3,-0.07062385
129-BINANCE-ETHUSDT-25DEC2026,129,Binance,ETH,ETHUSDT,2026-12-25,2026-06-09,3,-0.0352298
129-BINANCE-ETHUSDT-25DEC2026,129,Binance,ETH,ETHUSDT,2026-12-25,2026-06-10,3,-0.04302620000000001
129-BINANCE-ETHUSDT-25DEC2026,129,Binance,ETH,ETHUSDT,2026-12-25,2026-06-11,3,-0.0195713
129-BINANCE-ETHUSDT-25DEC2026,129,Binance,ETH,ETHUSDT,2026-12-25,2026-06-12,3,-0.038230099999999996
129-BINANCE-ETHUSDT-25DEC2026,129,Binance,ETH,ETHUSDT,2026-12-25,2026-06-13,3,0.02042175
129-BINANCE-ETHUSDT-25DEC2026,129,Binance,ETH,ETHUSDT,2026-12-25,2026-06-14,3,-0.01329695
129-BINANCE-ETHUSDT-25DEC2026,129,Binance,ETH,ETHUSDT,2026-12-25,2026-06-15,3,0.0330033
129-BINANCE-ETHUSDT-25DEC2026,129,Binance,ETH,ETHUSDT,2026-12-25,2026-06-16,3,0.01481535
129-BINANCE-ETHUSDT-25DEC2026,129,Binance,ETH,ETHUSDT,2026-12-25,2026-06-17,3,0.016936
129-BINANCE-ETHUSDT-25DEC2026,129,Binance,ETH,ETHUSDT,2026-12-25,2026-06-18,3,0.016884899999999998
129-BINANCE-ETHUSDT-25DEC2026,129,Binance,ETH,ETHUSDT,2026-12-25,2026-06-19,3,0.016268050000000003
129-BINANCE-ETHUSDT-25DEC2026,129,Binance,ETH,ETHUSDT,2026-12-25,2026-06-20,3,0.0324266
129-BINANCE-ETHUSDT-25DEC2026,129,Binance,ETH,ETHUSDT,2026-12-25,2026-06-21,3,0.022816149999999997
129-BINANCE-ETHUSDT-25DEC2026,129,Binance,ETH,ETHUSDT,2026-12-25,2026-06-22,3,0.0241265
129-BINANCE-ETHUSDT-25DEC2026,129,Binance,ETH,ETHUSDT,2026-12-25,2026-06-23,3,-0.00419385
129-BINANCE-ETHUSDT-25DEC2026,129,Binance,ETH,ETHUSDT,2026-12-25,2026-06-24,3,0.0249441
129-BINANCE-ETHUSDT-25DEC2026,129,Binance,ETH,ETHUSDT,2026-12-25,2026-06-25,3,-0.012085149999999998
129-BINANCE-ETHUSDT-25DEC2026,129,Binance,ETH,ETHUSDT,2026-12-25,2026-06-26,3,-0.01135515
129-BINANCE-ETHUSDT-25DEC2026,129,Binance,ETH,ETHUSDT,2026-12-25,2026-06-27,3,0.010873349999999999
129-BINANCE-ETHUSDT-25DEC2026,129,Binance,ETH,ETHUSDT,2026-12-25,2026-06-28,3,-0.0234038
129-BINANCE-ETHUSDT-25DEC2026,129,Binance,ETH,ETHUSDT,2026-12-25,2026-06-29,3,0.00793875
129-BINANCE-ETHUSDT-25DEC2026,129,Binance,ETH,ETHUSDT,2026-12-25,2026-06-30,3,0.04421975
129-BINANCE-ETHUSDT-25DEC2026,129,Binance,ETH,ETHUSDT,2026-12-25,2026-07-01,3,0.049486699999999995
129-BINANCE-ETHUSDT-25DEC2026,129,Binance,ETH,ETHUSDT,2026-12-25,2026-07-02,3,0.05219864999999999
129-BINANCE-ETHUSDT-25DEC2026,129,Binance,ETH,ETHUSDT,2026-12-25,2026-07-03,1,0.08581515
13-BINANCE-ETHUSDT-28NOV2025,13,Binance,ETH,ETHUSDT,2025-11-28,2025-10-17,2,0.0235233375
13-BINANCE-ETHUSDT-28NOV2025,13,Binance,ETH,ETHUSDT,2025-11-28,2025-10-18,3,0.03291935
13-BINANCE-ETHUSDT-28NOV2025,13,Binance,ETH,ETHUSDT,2025-11-28,2025-10-19,3,0.0432671
13-BINANCE-ETHUSDT-28NOV2025,13,Binance,ETH,ETHUSDT,2025-11-28,2025-10-20,3,0.050709449999999996
13-BINANCE-ETHUSDT-28NOV2025,13,Binance,ETH,ETHUSDT,2025-11-28,2025-10-21,3,0.04124865
13-BINANCE-ETHUSDT-28NOV2025,13,Binance,ETH,ETHUSDT,2025-11-28,2025-10-22,3,0.00763945
13-BINANCE-ETHUSDT-28NOV2025,13,Binance,ETH,ETHUSDT,2025-11-28,2025-10-23,3,0.03608755
13-BINANCE-ETHUSDT-28NOV2025,13,Binance,ETH,ETHUSDT,2025-11-28,2025-10-24,3,0.048837
13-BINANCE-ETHUSDT-28NOV2025,13,Binance,ETH,ETHUSDT,2025-11-28,2025-10-25,3,0.03372965
13-BINANCE-ETHUSDT-28NOV2025,13,Binance,ETH,ETHUSDT,2025-11-28,2025-10-26,3,0.08058835
13-BINANCE-ETHUSDT-28NOV2025,13,Binance,ETH,ETHUSDT,2025-11-28,2025-10-27,3,0.10156855
13-BINANCE-ETHUSDT-28NOV2025,13,Binance,ETH,ETHUSDT,2025-11-28,2025-10-28,3,0.03776655
13-BINANCE-ETHUSDT-28NOV2025,13,Binance,ETH,ETHUSDT,2025-11-28,2025-10-29,3,-0.008219800000000001
13-BINANCE-ETHUSDT-28NOV2025,13,Binance,ETH,ETHUSDT,2025-11-28,2025-10-30,3,-0.043894899999999994
13-BINANCE-ETHUSDT-28NOV2025,13,Binance,ETH,ETHUSDT,2025-11-28,2025-10-31,3,0.03545245
13-BINANCE-ETHUSDT-28NOV2025,13,Binance,ETH,ETHUSDT,2025-11-28,2025-11-01,3,0.086797
13-BINANCE-ETHUSDT-28NOV2025,13,Binance,ETH,ETHUSDT,2025-11-28,2025-11-02,3,0.07013475
13-BINANCE-ETHUSDT-28NOV2025,13,Binance,ETH,ETHUSDT,2025-11-28,2025-11-03,3,0.043194100000000006
13-BINANCE-ETHUSDT-28NOV2025,13,Binance,ETH,ETHUSDT,2025-11-28,2025-11-04,3,0.07938384999999999
13-BINANCE-ETHUSDT-28NOV2025,13,Binance,ETH,ETHUSDT,2025-11-28,2025-11-05,3,0.02250955
13-BINANCE-ETHUSDT-28NOV2025,13,Binance,ETH,ETHUSDT,2025-11-28,2025-11-06,3,0.036412400000000004
13-BINANCE-ETHUSDT-28NOV2025,13,Binance,ETH,ETHUSDT,2025-11-28,2025-11-07,3,0.075336
13-BINANCE-ETHUSDT-28NOV2025,13,Binance,ETH,ETHUSDT,2025-11-28,2025-11-08,3,0.08257395000000001
13-BINANCE-ETHUSDT-28NOV2025,13,Binance,ETH,ETHUSDT,2025-11-28,2025-11-09,3,0.045588500000000004
13-BINANCE-ETHUSDT-28NOV2025,13,Binance,ETH,ETHUSDT,2025-11-28,2025-11-10,3,0.07515715
13-BINANCE-ETHUSDT-28NOV2025,13,Binance,ETH,ETHUSDT,2025-11-28,2025-11-11,3,0.011796800000000001
13-BINANCE-ETHUSDT-28NOV2025,13,Binance,ETH,ETHUSDT,2025-11-28,2025-11-12,3,0.024520700000000003
13-BINANCE-ETHUSDT-28NOV2025,13,Binance,ETH,ETHUSDT,2025-11-28,2025-11-13,3,0.0704012
13-BINANCE-ETHUSDT-28NOV2025,13,Binance,ETH,ETHUSDT,2025-11-28,2025-11-14,3,0.04070845
13-BINANCE-ETHUSDT-28NOV2025,13,Binance,ETH,ETHUSDT,2025-11-28,2025-11-15,3,0.05130075
13-BINANCE-ETHUSDT-28NOV2025,13,Binance,ETH,ETHUSDT,2025-11-28,2025-11-16,3,0.10139335
13-BINANCE-ETHUSDT-28NOV2025,13,Binance,ETH,ETHUSDT,2025-11-28,2025-11-17,3,0.09487079999999999
13-BINANCE-ETHUSDT-28NOV2025,13,Binance,ETH,ETHUSDT,2025-11-28,2025-11-18,3,0.0911916
13-BINANCE-ETHUSDT-28NOV2025,13,Binance,ETH,ETHUSDT,2025-11-28,2025-11-19,3,0.07274815
13-BINANCE-ETHUSDT-28NOV2025,13,Binance,ETH,ETHUSDT,2025-11-28,2025-11-20,3,0.07928895
13-BINANCE-ETHUSDT-28NOV2025,13,Binance,ETH,ETHUSDT,2025-11-28,2025-11-21,3,0.039135300000000005
13-BINANCE-ETHUSDT-28NOV2025,13,Binance,ETH,ETHUSDT,2025-11-28,2025-11-22,3,0.050045150000000004
13-BINANCE-ETHUSDT-28NOV2025,13,Binance,ETH,ETHUSDT,2025-11-28,2025-11-23,3,0.012782300000000002
13-BINANCE-ETHUSDT-28NOV2025,13,Binance,ETH,ETHUSDT,2025-11-28,2025-11-24,3,0.045756399999999996
13-BINANCE-ETHUSDT-28NOV2025,13,Binance,ETH,ETHUSDT,2025-11-28,2025-11-25,3,0.02993
13-BINANCE-ETHUSDT-28NOV2025,13,Binance,ETH,ETHUSDT,2025-11-28,2025-11-26,3,0.02070645
13-BINANCE-ETHUSDT-28NOV2025,13,Binance,ETH,ETHUSDT,2025-11-28,2025-11-27,3,0.01861865
13-BINANCE-ETHUSDT-28NOV2025,13,Binance,ETH,ETHUSDT,2025-11-28,2025-11-28,1,-0.00158775
130-BINANCE-BTCUSDT-25SEP2026,130,Binance,BTC,BTCUSDT,2026-09-25,2026-05-12,3,0.03540135
130-BINANCE-BTCUSDT-25SEP2026,130,Binance,BTC,BTCUSDT,2026-09-25,2026-05-13,3,0.045818450000000004
130-BINANCE-BTCUSDT-25SEP2026,130,Binance,BTC,BTCUSDT,2026-09-25,2026-05-14,3,0.039967499999999996
130-BINANCE-BTCUSDT-25SEP2026,130,Binance,BTC,BTCUSDT,2026-09-25,2026-05-15,3,-0.0167316
130-BINANCE-BTCUSDT-25SEP2026,130,Binance,BTC,BTCUSDT,2026-09-25,2026-05-16,3,0.031692950000000004
130-BINANCE-BTCUSDT-25SEP2026,130,Binance,BTC,BTCUSDT,2026-09-25,2026-05-17,3,0.019202649999999998
130-BINANCE-BTCUSDT-25SEP2026,130,Binance,BTC,BTCUSDT,2026-09-25,2026-05-18,3,0.043161250000000005
130-BINANCE-BTCUSDT-25SEP2026,130,Binance,BTC,BTCUSDT,2026-09-25,2026-05-19,3,0.0567064
130-BINANCE-BTCUSDT-25SEP2026,130,Binance,BTC,BTCUSDT,2026-09-25,2026-05-20,3,0.06604675
130-BINANCE-BTCUSDT-25SEP2026,130,Binance,BTC,BTCUSDT,2026-09-25,2026-05-21,3,0.04401170000000001
130-BINANCE-BTCUSDT-25SEP2026,130,Binance,BTC,BTCUSDT,2026-09-25,2026-05-22,3,0.02056775
130-BINANCE-BTCUSDT-25SEP2026,130,Binance,BTC,BTCUSDT,2026-09-25,2026-05-23,3,0.03740885
130-BINANCE-BTCUSDT-25SEP2026,130,Binance,BTC,BTCUSDT,2026-09-25,2026-05-24,3,0.07883635
130-BINANCE-BTCUSDT-25SEP2026,130,Binance,BTC,BTCUSDT,2026-09-25,2026-05-25,3,0.0419823
130-BINANCE-BTCUSDT-25SEP2026,130,Binance,BTC,BTCUSDT,2026-09-25,2026-05-26,3,0.0645539
130-BINANCE-BTCUSDT-25SEP2026,130,Binance,BTC,BTCUSDT,2026-09-25,2026-05-27,3,0.1053463
130-BINANCE-BTCUSDT-25SEP2026,130,Binance,BTC,BTCUSDT,2026-09-25,2026-05-28,3,0.09129015
130-BINANCE-BTCUSDT-25SEP2026,130,Binance,BTC,BTCUSDT,2026-09-25,2026-05-29,3,0.08063945
130-BINANCE-BTCUSDT-25SEP2026,130,Binance,BTC,BTCUSDT,2026-09-25,2026-05-30,3,0.0525965
130-BINANCE-BTCUSDT-25SEP2026,130,Binance,BTC,BTCUSDT,2026-09-25,2026-05-31,3,0.058702950000000004
130-BINANCE-BTCUSDT-25SEP2026,130,Binance,BTC,BTCUSDT,2026-09-25,2026-06-01,3,0.07351465
130-BINANCE-BTCUSDT-25SEP2026,130,Binance,BTC,BTCUSDT,2026-09-25,2026-06-02,3,0.08882274999999999
130-BINANCE-BTCUSDT-25SEP2026,130,Binance,BTC,BTCUSDT,2026-09-25,2026-06-03,3,0.0817381
130-BINANCE-BTCUSDT-25SEP2026,130,Binance,BTC,BTCUSDT,2026-09-25,2026-06-04,3,0.01148655
130-BINANCE-BTCUSDT-25SEP2026,130,Binance,BTC,BTCUSDT,2026-09-25,2026-06-05,3,-0.00357335
130-BINANCE-BTCUSDT-25SEP2026,130,Binance,BTC,BTCUSDT,2026-09-25,2026-06-06,3,0.0033945000000000004
130-BINANCE-BTCUSDT-25SEP2026,130,Binance,BTC,BTCUSDT,2026-09-25,2026-06-07,3,0.00117165
130-BINANCE-BTCUSDT-25SEP2026,130,Binance,BTC,BTCUSDT,2026-09-25,2026-06-08,3,0.025947849999999998
130-BINANCE-BTCUSDT-25SEP2026,130,Binance,BTC,BTCUSDT,2026-09-25,2026-06-09,3,0.007599300000000001
130-BINANCE-BTCUSDT-25SEP2026,130,Binance,BTC,BTCUSDT,2026-09-25,2026-06-10,3,-0.0017447000000000007
130-BINANCE-BTCUSDT-25SEP2026,130,Binance,BTC,BTCUSDT,2026-09-25,2026-06-11,3,0.0162425
130-BINANCE-BTCUSDT-25SEP2026,130,Binance,BTC,BTCUSDT,2026-09-25,2026-06-12,3,0.00723795
130-BINANCE-BTCUSDT-25SEP2026,130,Binance,BTC,BTCUSDT,2026-09-25,2026-06-13,3,0.02319575
130-BINANCE-BTCUSDT-25SEP2026,130,Binance,BTC,BTCUSDT,2026-09-25,2026-06-14,3,-0.045376799999999995
130-BINANCE-BTCUSDT-25SEP2026,130,Binance,BTC,BTCUSDT,2026-09-25,2026-06-15,3,-0.0096725
130-BINANCE-BTCUSDT-25SEP2026,130,Binance,BTC,BTCUSDT,2026-09-25,2026-06-16,3,-0.0047158
130-BINANCE-BTCUSDT-25SEP2026,130,Binance,BTC,BTCUSDT,2026-09-25,2026-06-17,3,-0.026681499999999997
130-BINANCE-BTCUSDT-25SEP2026,130,Binance,BTC,BTCUSDT,2026-09-25,2026-06-18,3,0.0197246
130-BINANCE-BTCUSDT-25SEP2026,130,Binance,BTC,BTCUSDT,2026-09-25,2026-06-19,3,0.0395879
130-BINANCE-BTCUSDT-25SEP2026,130,Binance,BTC,BTCUSDT,2026-09-25,2026-06-20,3,0.0453768
130-BINANCE-BTCUSDT-25SEP2026,130,Binance,BTC,BTCUSDT,2026-09-25,2026-06-21,3,0.02920365
130-BINANCE-BTCUSDT-25SEP2026,130,Binance,BTC,BTCUSDT,2026-09-25,2026-06-22,3,0.04708135
130-BINANCE-BTCUSDT-25SEP2026,130,Binance,BTC,BTCUSDT,2026-09-25,2026-06-23,3,0.013895550000000001
130-BINANCE-BTCUSDT-25SEP2026,130,Binance,BTC,BTCUSDT,2026-09-25,2026-06-24,3,0.01574975
130-BINANCE-BTCUSDT-25SEP2026,130,Binance,BTC,BTCUSDT,2026-09-25,2026-06-25,3,-0.006007899999999999
130-BINANCE-BTCUSDT-25SEP2026,130,Binance,BTC,BTCUSDT,2026-09-25,2026-06-26,3,0.0675615
130-BINANCE-BTCUSDT-25SEP2026,130,Binance,BTC,BTCUSDT,2026-09-25,2026-06-27,3,0.04847565
130-BINANCE-BTCUSDT-25SEP2026,130,Binance,BTC,BTCUSDT,2026-09-25,2026-06-28,3,0.03665695
130-BINANCE-BTCUSDT-25SEP2026,130,Binance,BTC,BTCUSDT,2026-09-25,2026-06-29,3,0.0701311
130-BINANCE-BTCUSDT-25SEP2026,130,Binance,BTC,BTCUSDT,2026-09-25,2026-06-30,3,0.06515615000000001
130-BINANCE-BTCUSDT-25SEP2026,130,Binance,BTC,BTCUSDT,2026-09-25,2026-07-01,3,0.0527717
130-BINANCE-BTCUSDT-25SEP2026,130,Binance,BTC,BTCUSDT,2026-09-25,2026-07-02,3,0.067525
130-BINANCE-BTCUSDT-25SEP2026,130,Binance,BTC,BTCUSDT,2026-09-25,2026-07-03,1,0.1095
131-BINANCE-CLUSDT-18JUN2026,131,Binance,CLOIL,CLUSDT,2026-06-18,2026-05-12,5,-2.6869329
131-BINANCE-CLUSDT-18JUN2026,131,Binance,CLOIL,CLUSDT,2026-06-18,2026-05-13,6,-2.4886539500000002
131-BINANCE-CLUSDT-18JUN2026,131,Binance,CLOIL,CLUSDT,2026-06-18,2026-05-14,6,-0.0157899
131-BINANCE-CLUSDT-18JUN2026,131,Binance,CLOIL,CLUSDT,2026-06-18,2026-05-15,6,-0.17554309999999998
131-BINANCE-CLUSDT-18JUN2026,131,Binance,CLOIL,CLUSDT,2026-06-18,2026-05-16,6,0.05729404999999999
131-BINANCE-CLUSDT-18JUN2026,131,Binance,CLOIL,CLUSDT,2026-06-18,2026-05-17,6,0.0
131-BINANCE-CLUSDT-18JUN2026,131,Binance,CLOIL,CLUSDT,2026-06-18,2026-05-18,6,-0.1872888
131-BINANCE-CLUSDT-18JUN2026,131,Binance,CLOIL,CLUSDT,2026-06-18,2026-05-19,6,-0.35555015
131-BINANCE-CLUSDT-18JUN2026,131,Binance,CLOIL,CLUSDT,2026-06-18,2026-05-20,6,-0.14147765
131-BINANCE-CLUSDT-18JUN2026,131,Binance,CLOIL,CLUSDT,2026-06-18,2026-05-21,6,-0.03100675
131-BINANCE-CLUSDT-18JUN2026,131,Binance,CLOIL,CLUSDT,2026-06-18,2026-05-22,6,-0.051870150000000004
131-BINANCE-CLUSDT-18JUN2026,131,Binance,CLOIL,CLUSDT,2026-06-18,2026-05-23,6,-0.608747
131-BINANCE-CLUSDT-18JUN2026,131,Binance,CLOIL,CLUSDT,2026-06-18,2026-05-24,6,0.0029857000000000447
131-BINANCE-CLUSDT-18JUN2026,131,Binance,CLOIL,CLUSDT,2026-06-18,2026-05-25,6,0.0
131-BINANCE-CLUSDT-18JUN2026,131,Binance,CLOIL,CLUSDT,2026-06-18,2026-05-26,6,-0.07441985
131-BINANCE-CLUSDT-18JUN2026,131,Binance,CLOIL,CLUSDT,2026-06-18,2026-05-27,6,-0.025020749999999998
131-BINANCE-CLUSDT-18JUN2026,131,Binance,CLOIL,CLUSDT,2026-06-18,2026-05-28,6,0.0
131-BINANCE-CLUSDT-18JUN2026,131,Binance,CLOIL,CLUSDT,2026-06-18,2026-05-29,6,0.06238944999999999
131-BINANCE-CLUSDT-18JUN2026,131,Binance,CLOIL,CLUSDT,2026-06-18,2026-05-30,6,0.1626805
131-BINANCE-CLUSDT-18JUN2026,131,Binance,CLOIL,CLUSDT,2026-06-18,2026-05-31,6,0.0
131-BINANCE-CLUSDT-18JUN2026,131,Binance,CLOIL,CLUSDT,2026-06-18,2026-06-01,6,-0.12025654999999998
131-BINANCE-CLUSDT-18JUN2026,131,Binance,CLOIL,CLUSDT,2026-06-18,2026-06-02,6,-0.18486155
131-BINANCE-CLUSDT-18JUN2026,131,Binance,CLOIL,CLUSDT,2026-06-18,2026-06-03,6,-0.420407
131-BINANCE-CLUSDT-18JUN2026,131,Binance,CLOIL,CLUSDT,2026-06-18,2026-06-04,6,-0.50038945
131-BINANCE-CLUSDT-18JUN2026,131,Binance,CLOIL,CLUSDT,2026-06-18,2026-06-05,6,-1.9667331499999998
131-BINANCE-CLUSDT-18JUN2026,131,Binance,CLOIL,CLUSDT,2026-06-18,2026-06-06,6,0.035602100000000005
131-BINANCE-CLUSDT-18JUN2026,131,Binance,CLOIL,CLUSDT,2026-06-18,2026-06-07,6,0.23940714999999999
131-BINANCE-CLUSDT-18JUN2026,131,Binance,CLOIL,CLUSDT,2026-06-18,2026-06-08,6,-1.9051576499999998
131-BINANCE-CLUSDT-18JUN2026,131,Binance,CLOIL,CLUSDT,2026-06-18,2026-06-09,6,-0.3656351
131-BINANCE-CLUSDT-18JUN2026,131,Binance,CLOIL,CLUSDT,2026-06-18,2026-06-10,6,-0.54445225
131-BINANCE-CLUSDT-18JUN2026,131,Binance,CLOIL,CLUSDT,2026-06-18,2026-06-11,6,-0.5058973
131-BINANCE-CLUSDT-18JUN2026,131,Binance,CLOIL,CLUSDT,2026-06-18,2026-06-12,6,0.2525435
131-BINANCE-CLUSDT-18JUN2026,131,Binance,CLOIL,CLUSDT,2026-06-18,2026-06-13,6,-0.14495975
131-BINANCE-CLUSDT-18JUN2026,131,Binance,CLOIL,CLUSDT,2026-06-18,2026-06-14,6,0.004675649999999994
131-BINANCE-CLUSDT-18JUN2026,131,Binance,CLOIL,CLUSDT,2026-06-18,2026-06-15,6,-0.3915537500000001
131-BINANCE-CLUSDT-18JUN2026,131,Binance,CLOIL,CLUSDT,2026-06-18,2026-06-16,6,0.1659728
131-BINANCE-CLUSDT-18JUN2026,131,Binance,CLOIL,CLUSDT,2026-06-18,2026-06-17,6,0.00946445
131-BINANCE-CLUSDT-18JUN2026,131,Binance,CLOIL,CLUSDT,2026-06-18,2026-06-18,1,0.0
132-BINANCE-BZUSDT-18JUN2026,132,Binance,BRENTOIL,BZUSDT,2026-06-18,2026-05-12,5,-2.56136706
132-BINANCE-BZUSDT-18JUN2026,132,Binance,BRENTOIL,BZUSDT,2026-06-18,2026-05-13,6,-2.01989905
132-BINANCE-BZUSDT-18JUN2026,132,Binance,BRENTOIL,BZUSDT,2026-06-18,2026-05-14,6,0.0
132-BINANCE-BZUSDT-18JUN2026,132,Binance,BRENTOIL,BZUSDT,2026-06-18,2026-05-15,6,0.00047815000000000005
132-BINANCE-BZUSDT-18JUN2026,132,Binance,BRENTOIL,BZUSDT,2026-06-18,2026-05-16,6,0.0623128
132-BINANCE-BZUSDT-18JUN2026,132,Binance,BRENTOIL,BZUSDT,2026-06-18,2026-05-17,6,0.0
132-BINANCE-BZUSDT-18JUN2026,132,Binance,BRENTOIL,BZUSDT,2026-06-18,2026-05-18,6,0.10037499999999999
132-BINANCE-BZUSDT-18JUN2026,132,Binance,BRENTOIL,BZUSDT,2026-06-18,2026-05-19,6,0.0537937
132-BINANCE-BZUSDT-18JUN2026,132,Binance,BRENTOIL,BZUSDT,2026-06-18,2026-05-20,6,0.00753725
132-BINANCE-BZUSDT-18JUN2026,132,Binance,BRENTOIL,BZUSDT,2026-06-18,2026-05-21,6,0.01035505
132-BINANCE-BZUSDT-18JUN2026,132,Binance,BRENTOIL,BZUSDT,2026-06-18,2026-05-22,6,0.0741826
132-BINANCE-BZUSDT-18JUN2026,132,Binance,BRENTOIL,BZUSDT,2026-06-18,2026-05-23,6,-0.36895659999999997
132-BINANCE-BZUSDT-18JUN2026,132,Binance,BRENTOIL,BZUSDT,2026-06-18,2026-05-24,6,-0.02436374999999998
132-BINANCE-BZUSDT-18JUN2026,132,Binance,BRENTOIL,BZUSDT,2026-06-18,2026-05-25,6,0.0222723
132-BINANCE-BZUSDT-18JUN2026,132,Binance,BRENTOIL,BZUSDT,2026-06-18,2026-05-26,6,0.14378444999999998
132-BINANCE-BZUSDT-18JUN2026,132,Binance,BRENTOIL,BZUSDT,2026-06-18,2026-05-27,6,0.1405615
132-BINANCE-BZUSDT-18JUN2026,132,Binance,BRENTOIL,BZUSDT,2026-06-18,2026-05-28,6,0.11078115
132-BINANCE-BZUSDT-18JUN2026,132,Binance,BRENTOIL,BZUSDT,2026-06-18,2026-05-29,6,0.042537099999999994
132-BINANCE-BZUSDT-18JUN2026,132,Binance,BRENTOIL,BZUSDT,2026-06-18,2026-05-30,6,0.07480674999999999
132-BINANCE-BZUSDT-18JUN2026,132,Binance,BRENTOIL,BZUSDT,2026-06-18,2026-05-31,6,0.0
132-BINANCE-BZUSDT-18JUN2026,132,Binance,BRENTOIL,BZUSDT,2026-06-18,2026-06-01,6,0.2371697
132-BINANCE-BZUSDT-18JUN2026,132,Binance,BRENTOIL,BZUSDT,2026-06-18,2026-06-02,6,0.11083955
132-BINANCE-BZUSDT-18JUN2026,132,Binance,BRENTOIL,BZUSDT,2026-06-18,2026-06-03,6,0.09026085
132-BINANCE-BZUSDT-18JUN2026,132,Binance,BRENTOIL,BZUSDT,2026-06-18,2026-06-04,6,0.01181505
132-BINANCE-BZUSDT-18JUN2026,132,Binance,BRENTOIL,BZUSDT,2026-06-18,2026-06-05,6,-0.78957895
132-BINANCE-BZUSDT-18JUN2026,132,Binance,BRENTOIL,BZUSDT,2026-06-18,2026-06-06,6,0.06702129999999999
132-BINANCE-BZUSDT-18JUN2026,132,Binance,BRENTOIL,BZUSDT,2026-06-18,2026-06-07,6,0.38371720000000004
132-BINANCE-BZUSDT-18JUN2026,132,Binance,BRENTOIL,BZUSDT,2026-06-18,2026-06-08,6,-1.0490903
132-BINANCE-BZUSDT-18JUN2026,132,Binance,BRENTOIL,BZUSDT,2026-06-18,2026-06-09,6,-0.8280828000000001
132-BINANCE-BZUSDT-18JUN2026,132,Binance,BRENTOIL,BZUSDT,2026-06-18,2026-06-10,6,-0.5435142000000001
132-BINANCE-BZUSDT-18JUN2026,132,Binance,BRENTOIL,BZUSDT,2026-06-18,2026-06-11,6,-0.3445527
132-BINANCE-BZUSDT-18JUN2026,132,Binance,BRENTOIL,BZUSDT,2026-06-18,2026-06-12,6,0.10597775
132-BINANCE-BZUSDT-18JUN2026,132,Binance,BRENTOIL,BZUSDT,2026-06-18,2026-06-13,6,-0.2219711
132-BINANCE-BZUSDT-18JUN2026,132,Binance,BRENTOIL,BZUSDT,2026-06-18,2026-06-14,6,-0.029842400000000005
132-BINANCE-BZUSDT-18JUN2026,132,Binance,BRENTOIL,BZUSDT,2026-06-18,2026-06-15,6,-0.3799139
132-BINANCE-BZUSDT-18JUN2026,132,Binance,BRENTOIL,BZUSDT,2026-06-18,2026-06-16,6,0.03015995
132-BINANCE-BZUSDT-18JUN2026,132,Binance,BRENTOIL,BZUSDT,2026-06-18,2026-06-17,6,0.0
132-BINANCE-BZUSDT-18JUN2026,132,Binance,BRENTOIL,BZUSDT,2026-06-18,2026-06-18,1,0.0
133-HYPERLIQUID-xyzCL-18JUN2026,133,Hyperliquid,CLOIL,xyzCL,2026-06-18,2026-05-12,19,-2.4876031111578945
133-HYPERLIQUID-xyzCL-18JUN2026,133,Hyperliquid,CLOIL,xyzCL,2026-06-18,2026-05-13,24,-2.0208112945
133-HYPERLIQUID-xyzCL-18JUN2026,133,Hyperliquid,CLOIL,xyzCL,2026-06-18,2026-05-14,24,0.049565978000000004
133-HYPERLIQUID-xyzCL-18JUN2026,133,Hyperliquid,CLOIL,xyzCL,2026-06-18,2026-05-15,24,0.030677885
133-HYPERLIQUID-xyzCL-18JUN2026,133,Hyperliquid,CLOIL,xyzCL,2026-06-18,2026-05-16,24,0.0666123905
133-HYPERLIQUID-xyzCL-18JUN2026,133,Hyperliquid,CLOIL,xyzCL,2026-06-18,2026-05-17,24,0.038124067500000004
133-HYPERLIQUID-xyzCL-18JUN2026,133,Hyperliquid,CLOIL,xyzCL,2026-06-18,2026-05-18,24,-0.116065036
133-HYPERLIQUID-xyzCL-18JUN2026,133,Hyperliquid,CLOIL,xyzCL,2026-06-18,2026-05-19,24,-0.156695887
133-HYPERLIQUID-xyzCL-18JUN2026,133,Hyperliquid,CLOIL,xyzCL,2026-06-18,2026-05-20,24,-0.052511966
133-HYPERLIQUID-xyzCL-18JUN2026,133,Hyperliquid,CLOIL,xyzCL,2026-06-18,2026-05-21,24,-0.076730081
133-HYPERLIQUID-xyzCL-18JUN2026,133,Hyperliquid,CLOIL,xyzCL,2026-06-18,2026-05-22,24,0.031796099
133-HYPERLIQUID-xyzCL-18JUN2026,133,Hyperliquid,CLOIL,xyzCL,2026-06-18,2026-05-23,24,-0.937767198
133-HYPERLIQUID-xyzCL-18JUN2026,133,Hyperliquid,CLOIL,xyzCL,2026-06-18,2026-05-24,24,0.44672963200000004
133-HYPERLIQUID-xyzCL-18JUN2026,133,Hyperliquid,CLOIL,xyzCL,2026-06-18,2026-05-25,24,0.07858446349999999
133-HYPERLIQUID-xyzCL-18JUN2026,133,Hyperliquid,CLOIL,xyzCL,2026-06-18,2026-05-26,24,-0.0708024445
133-HYPERLIQUID-xyzCL-18JUN2026,133,Hyperliquid,CLOIL,xyzCL,2026-06-18,2026-05-27,24,-0.0295236455
133-HYPERLIQUID-xyzCL-18JUN2026,133,Hyperliquid,CLOIL,xyzCL,2026-06-18,2026-05-28,24,0.0441994195
133-HYPERLIQUID-xyzCL-18JUN2026,133,Hyperliquid,CLOIL,xyzCL,2026-06-18,2026-05-29,24,0.097553477
133-HYPERLIQUID-xyzCL-18JUN2026,133,Hyperliquid,CLOIL,xyzCL,2026-06-18,2026-05-30,24,0.017464191499999997
133-HYPERLIQUID-xyzCL-18JUN2026,133,Hyperliquid,CLOIL,xyzCL,2026-06-18,2026-05-31,24,0.064435202
133-HYPERLIQUID-xyzCL-18JUN2026,133,Hyperliquid,CLOIL,xyzCL,2026-06-18,2026-06-01,24,0.024740649
133-HYPERLIQUID-xyzCL-18JUN2026,133,Hyperliquid,CLOIL,xyzCL,2026-06-18,2026-06-02,24,0.0136078935
133-HYPERLIQUID-xyzCL-18JUN2026,133,Hyperliquid,CLOIL,xyzCL,2026-06-18,2026-06-03,24,-0.2712237255
133-HYPERLIQUID-xyzCL-18JUN2026,133,Hyperliquid,CLOIL,xyzCL,2026-06-18,2026-06-04,24,-0.5111382985
133-HYPERLIQUID-xyzCL-18JUN2026,133,Hyperliquid,CLOIL,xyzCL,2026-06-18,2026-06-05,24,-1.648575936
133-HYPERLIQUID-xyzCL-18JUN2026,133,Hyperliquid,CLOIL,xyzCL,2026-06-18,2026-06-06,24,0.1063937405
133-HYPERLIQUID-xyzCL-18JUN2026,133,Hyperliquid,CLOIL,xyzCL,2026-06-18,2026-06-07,24,0.13342250149999998
133-HYPERLIQUID-xyzCL-18JUN2026,133,Hyperliquid,CLOIL,xyzCL,2026-06-18,2026-06-08,24,-1.1915715905
133-HYPERLIQUID-xyzCL-18JUN2026,133,Hyperliquid,CLOIL,xyzCL,2026-06-18,2026-06-09,24,-0.842414817
133-HYPERLIQUID-xyzCL-18JUN2026,133,Hyperliquid,CLOIL,xyzCL,2026-06-18,2026-06-10,24,-0.868273169
133-HYPERLIQUID-xyzCL-18JUN2026,133,Hyperliquid,CLOIL,xyzCL,2026-06-18,2026-06-11,24,-0.7406640590000001
133-HYPERLIQUID-xyzCL-18JUN2026,133,Hyperliquid,CLOIL,xyzCL,2026-06-18,2026-06-12,24,0.1538706775
133-HYPERLIQUID-xyzCL-18JUN2026,133,Hyperliquid,CLOIL,xyzCL,2026-06-18,2026-06-13,24,-0.1256528925
133-HYPERLIQUID-xyzCL-18JUN2026,133,Hyperliquid,CLOIL,xyzCL,2026-06-18,2026-06-14,24,-0.2516014715
133-HYPERLIQUID-xyzCL-18JUN2026,133,Hyperliquid,CLOIL,xyzCL,2026-06-18,2026-06-15,24,0.10544339000000001
133-HYPERLIQUID-xyzCL-18JUN2026,133,Hyperliquid,CLOIL,xyzCL,2026-06-18,2026-06-16,24,0.1396969245
133-HYPERLIQUID-xyzCL-18JUN2026,133,Hyperliquid,CLOIL,xyzCL,2026-06-18,2026-06-17,24,0.0681176505
133-HYPERLIQUID-xyzCL-18JUN2026,133,Hyperliquid,CLOIL,xyzCL,2026-06-18,2026-06-18,1,0.05475
134-HYPERLIQUID-xyzBRENTOIL-18JUN2026,134,Hyperliquid,BRENTOIL,xyzBRENTOIL,2026-06-18,2026-05-12,19,-2.1919950208421053
134-HYPERLIQUID-xyzBRENTOIL-18JUN2026,134,Hyperliquid,BRENTOIL,xyzBRENTOIL,2026-06-18,2026-05-13,24,-1.570804729
134-HYPERLIQUID-xyzBRENTOIL-18JUN2026,134,Hyperliquid,BRENTOIL,xyzBRENTOIL,2026-06-18,2026-05-14,24,0.3112813805
134-HYPERLIQUID-xyzBRENTOIL-18JUN2026,134,Hyperliquid,BRENTOIL,xyzBRENTOIL,2026-06-18,2026-05-15,24,0.17965679599999998
134-HYPERLIQUID-xyzBRENTOIL-18JUN2026,134,Hyperliquid,BRENTOIL,xyzBRENTOIL,2026-06-18,2026-05-16,24,0.0654212495
134-HYPERLIQUID-xyzBRENTOIL-18JUN2026,134,Hyperliquid,BRENTOIL,xyzBRENTOIL,2026-06-18,2026-05-17,24,0.09273770349999999
134-HYPERLIQUID-xyzBRENTOIL-18JUN2026,134,Hyperliquid,BRENTOIL,xyzBRENTOIL,2026-06-18,2026-05-18,24,0.24815904700000002
134-HYPERLIQUID-xyzBRENTOIL-18JUN2026,134,Hyperliquid,BRENTOIL,xyzBRENTOIL,2026-06-18,2026-05-19,24,0.1266555475
134-HYPERLIQUID-xyzBRENTOIL-18JUN2026,134,Hyperliquid,BRENTOIL,xyzBRENTOIL,2026-06-18,2026-05-20,24,0.13160878
134-HYPERLIQUID-xyzBRENTOIL-18JUN2026,134,Hyperliquid,BRENTOIL,xyzBRENTOIL,2026-06-18,2026-05-21,24,0.1232473235
134-HYPERLIQUID-xyzBRENTOIL-18JUN2026,134,Hyperliquid,BRENTOIL,xyzBRENTOIL,2026-06-18,2026-05-22,24,0.2905413505
134-HYPERLIQUID-xyzBRENTOIL-18JUN2026,134,Hyperliquid,BRENTOIL,xyzBRENTOIL,2026-06-18,2026-05-23,24,-0.8735253
134-HYPERLIQUID-xyzBRENTOIL-18JUN2026,134,Hyperliquid,BRENTOIL,xyzBRENTOIL,2026-06-18,2026-05-24,24,0.41755452499999995
134-HYPERLIQUID-xyzBRENTOIL-18JUN2026,134,Hyperliquid,BRENTOIL,xyzBRENTOIL,2026-06-18,2026-05-25,24,0.21504383800000001
134-HYPERLIQUID-xyzBRENTOIL-18JUN2026,134,Hyperliquid,BRENTOIL,xyzBRENTOIL,2026-06-18,2026-05-26,24,0.20053756999999997
134-HYPERLIQUID-xyzBRENTOIL-18JUN2026,134,Hyperliquid,BRENTOIL,xyzBRENTOIL,2026-06-18,2026-05-27,24,0.2022342725
134-HYPERLIQUID-xyzBRENTOIL-18JUN2026,134,Hyperliquid,BRENTOIL,xyzBRENTOIL,2026-06-18,2026-05-28,24,0.2592577115
134-HYPERLIQUID-xyzBRENTOIL-18JUN2026,134,Hyperliquid,BRENTOIL,xyzBRENTOIL,2026-06-18,2026-05-29,24,0.21549260550000002
134-HYPERLIQUID-xyzBRENTOIL-18JUN2026,134,Hyperliquid,BRENTOIL,xyzBRENTOIL,2026-06-18,2026-05-30,24,0.0689872265
134-HYPERLIQUID-xyzBRENTOIL-18JUN2026,134,Hyperliquid,BRENTOIL,xyzBRENTOIL,2026-06-18,2026-05-31,24,0.081637506
134-HYPERLIQUID-xyzBRENTOIL-18JUN2026,134,Hyperliquid,BRENTOIL,xyzBRENTOIL,2026-06-18,2026-06-01,24,0.36199163349999997
134-HYPERLIQUID-xyzBRENTOIL-18JUN2026,134,Hyperliquid,BRENTOIL,xyzBRENTOIL,2026-06-18,2026-06-02,24,0.2331683875
134-HYPERLIQUID-xyzBRENTOIL-18JUN2026,134,Hyperliquid,BRENTOIL,xyzBRENTOIL,2026-06-18,2026-06-03,24,0.135175341
134-HYPERLIQUID-xyzBRENTOIL-18JUN2026,134,Hyperliquid,BRENTOIL,xyzBRENTOIL,2026-06-18,2026-06-04,24,0.05122994
134-HYPERLIQUID-xyzBRENTOIL-18JUN2026,134,Hyperliquid,BRENTOIL,xyzBRENTOIL,2026-06-18,2026-06-05,24,-0.593667025
134-HYPERLIQUID-xyzBRENTOIL-18JUN2026,134,Hyperliquid,BRENTOIL,xyzBRENTOIL,2026-06-18,2026-06-06,24,0.10675213399999998
134-HYPERLIQUID-xyzBRENTOIL-18JUN2026,134,Hyperliquid,BRENTOIL,xyzBRENTOIL,2026-06-18,2026-06-07,24,0.18046450449999998
134-HYPERLIQUID-xyzBRENTOIL-18JUN2026,134,Hyperliquid,BRENTOIL,xyzBRENTOIL,2026-06-18,2026-06-08,24,-1.1242169725
134-HYPERLIQUID-xyzBRENTOIL-18JUN2026,134,Hyperliquid,BRENTOIL,xyzBRENTOIL,2026-06-18,2026-06-09,24,-0.738170379
134-HYPERLIQUID-xyzBRENTOIL-18JUN2026,134,Hyperliquid,BRENTOIL,xyzBRENTOIL,2026-06-18,2026-06-10,24,-0.6535457495
134-HYPERLIQUID-xyzBRENTOIL-18JUN2026,134,Hyperliquid,BRENTOIL,xyzBRENTOIL,2026-06-18,2026-06-11,24,-0.4401306875
134-HYPERLIQUID-xyzBRENTOIL-18JUN2026,134,Hyperliquid,BRENTOIL,xyzBRENTOIL,2026-06-18,2026-06-12,24,0.09761187700000001
134-HYPERLIQUID-xyzBRENTOIL-18JUN2026,134,Hyperliquid,BRENTOIL,xyzBRENTOIL,2026-06-18,2026-06-13,24,-0.10186774050000001
134-HYPERLIQUID-xyzBRENTOIL-18JUN2026,134,Hyperliquid,BRENTOIL,xyzBRENTOIL,2026-06-18,2026-06-14,24,-0.25106681950000004
134-HYPERLIQUID-xyzBRENTOIL-18JUN2026,134,Hyperliquid,BRENTOIL,xyzBRENTOIL,2026-06-18,2026-06-15,24,0.1316501345
134-HYPERLIQUID-xyzBRENTOIL-18JUN2026,134,Hyperliquid,BRENTOIL,xyzBRENTOIL,2026-06-18,2026-06-16,24,0.138249006
134-HYPERLIQUID-xyzBRENTOIL-18JUN2026,134,Hyperliquid,BRENTOIL,xyzBRENTOIL,2026-06-18,2026-06-17,24,0.081303239
134-HYPERLIQUID-xyzBRENTOIL-18JUN2026,134,Hyperliquid,BRENTOIL,xyzBRENTOIL,2026-06-18,2026-06-18,1,0.312144204
135-HYPERLIQUID-BTC-26JUN2026,135,Hyperliquid,BTC,BTC,2026-06-26,2026-05-19,20,0.10402499999999999
135-HYPERLIQUID-BTC-26JUN2026,135,Hyperliquid,BTC,BTC,2026-06-26,2026-05-20,24,0.1095
135-HYPERLIQUID-BTC-26JUN2026,135,Hyperliquid,BTC,BTC,2026-06-26,2026-05-21,24,0.088553891
135-HYPERLIQUID-BTC-26JUN2026,135,Hyperliquid,BTC,BTC,2026-06-26,2026-05-22,24,0.06981219949999999
135-HYPERLIQUID-BTC-26JUN2026,135,Hyperliquid,BTC,BTC,2026-06-26,2026-05-23,24,-0.024785981999999998
135-HYPERLIQUID-BTC-26JUN2026,135,Hyperliquid,BTC,BTC,2026-06-26,2026-05-24,24,-0.0575752095
135-HYPERLIQUID-BTC-26JUN2026,135,Hyperliquid,BTC,BTC,2026-06-26,2026-05-25,24,-0.060408668
135-HYPERLIQUID-BTC-26JUN2026,135,Hyperliquid,BTC,BTC,2026-06-26,2026-05-26,24,-0.04664919
135-HYPERLIQUID-BTC-26JUN2026,135,Hyperliquid,BTC,BTC,2026-06-26,2026-05-27,24,-0.005608626500000001
135-HYPERLIQUID-BTC-26JUN2026,135,Hyperliquid,BTC,BTC,2026-06-26,2026-05-28,24,0.0816891535
135-HYPERLIQUID-BTC-26JUN2026,135,Hyperliquid,BTC,BTC,2026-06-26,2026-05-29,24,0.0665964765
135-HYPERLIQUID-BTC-26JUN2026,135,Hyperliquid,BTC,BTC,2026-06-26,2026-05-30,24,0.053833266
135-HYPERLIQUID-BTC-26JUN2026,135,Hyperliquid,BTC,BTC,2026-06-26,2026-05-31,24,0.09655637
135-HYPERLIQUID-BTC-26JUN2026,135,Hyperliquid,BTC,BTC,2026-06-26,2026-06-01,24,0.1095
135-HYPERLIQUID-BTC-26JUN2026,135,Hyperliquid,BTC,BTC,2026-06-26,2026-06-02,24,0.108718535
135-HYPERLIQUID-BTC-26JUN2026,135,Hyperliquid,BTC,BTC,2026-06-26,2026-06-03,24,0.0778872405
135-HYPERLIQUID-BTC-26JUN2026,135,Hyperliquid,BTC,BTC,2026-06-26,2026-06-04,24,0.048711111499999994
135-HYPERLIQUID-BTC-26JUN2026,135,Hyperliquid,BTC,BTC,2026-06-26,2026-06-05,24,0.060328514
135-HYPERLIQUID-BTC-26JUN2026,135,Hyperliquid,BTC,BTC,2026-06-26,2026-06-06,24,0.056056261999999996
135-HYPERLIQUID-BTC-26JUN2026,135,Hyperliquid,BTC,BTC,2026-06-26,2026-06-07,24,0.100657072
135-HYPERLIQUID-BTC-26JUN2026,135,Hyperliquid,BTC,BTC,2026-06-26,2026-06-08,24,0.0923254725
135-HYPERLIQUID-BTC-26JUN2026,135,Hyperliquid,BTC,BTC,2026-06-26,2026-06-09,24,0.08552019350000001
135-HYPERLIQUID-BTC-26JUN2026,135,Hyperliquid,BTC,BTC,2026-06-26,2026-06-10,24,0.044761337000000005
135-HYPERLIQUID-BTC-26JUN2026,135,Hyperliquid,BTC,BTC,2026-06-26,2026-06-11,24,0.048673188
135-HYPERLIQUID-BTC-26JUN2026,135,Hyperliquid,BTC,BTC,2026-06-26,2026-06-12,24,0.0733415305
135-HYPERLIQUID-BTC-26JUN2026,135,Hyperliquid,BTC,BTC,2026-06-26,2026-06-13,24,0.10899075200000001
135-HYPERLIQUID-BTC-26JUN2026,135,Hyperliquid,BTC,BTC,2026-06-26,2026-06-14,24,0.10156230849999999
135-HYPERLIQUID-BTC-26JUN2026,135,Hyperliquid,BTC,BTC,2026-06-26,2026-06-15,24,0.07607446799999999
135-HYPERLIQUID-BTC-26JUN2026,135,Hyperliquid,BTC,BTC,2026-06-26,2026-06-16,24,0.063399843
135-HYPERLIQUID-BTC-26JUN2026,135,Hyperliquid,BTC,BTC,2026-06-26,2026-06-17,24,0.066311594
135-HYPERLIQUID-BTC-26JUN2026,135,Hyperliquid,BTC,BTC,2026-06-26,2026-06-18,24,0.006619494
135-HYPERLIQUID-BTC-26JUN2026,135,Hyperliquid,BTC,BTC,2026-06-26,2026-06-19,24,0.09409951849999999
135-HYPERLIQUID-BTC-26JUN2026,135,Hyperliquid,BTC,BTC,2026-06-26,2026-06-20,24,0.0755251795
135-HYPERLIQUID-BTC-26JUN2026,135,Hyperliquid,BTC,BTC,2026-06-26,2026-06-21,24,-0.0023207064999999994
135-HYPERLIQUID-BTC-26JUN2026,135,Hyperliquid,BTC,BTC,2026-06-26,2026-06-22,24,0.055390283000000005
135-HYPERLIQUID-BTC-26JUN2026,135,Hyperliquid,BTC,BTC,2026-06-26,2026-06-23,24,0.0554670425
135-HYPERLIQUID-BTC-26JUN2026,135,Hyperliquid,BTC,BTC,2026-06-26,2026-06-24,24,0.045384903
135-HYPERLIQUID-BTC-26JUN2026,135,Hyperliquid,BTC,BTC,2026-06-26,2026-06-25,24,-0.0316112995
135-HYPERLIQUID-BTC-26JUN2026,135,Hyperliquid,BTC,BTC,2026-06-26,2026-06-26,1,-0.02917956
136-OKX-BTCUSDT-26JUN2026,136,OKX,BTC,BTCUSDT,2026-06-26,2026-05-19,3,0.0514978804576075
136-OKX-BTCUSDT-26JUN2026,136,OKX,BTC,BTCUSDT,2026-06-26,2026-05-20,3,0.0607510890470385
136-OKX-BTCUSDT-26JUN2026,136,OKX,BTC,BTCUSDT,2026-06-26,2026-05-21,3,0.05048228927452
136-OKX-BTCUSDT-26JUN2026,136,OKX,BTC,BTCUSDT,2026-06-26,2026-05-22,3,0.031151398408357997
136-OKX-BTCUSDT-26JUN2026,136,OKX,BTC,BTCUSDT,2026-06-26,2026-05-23,3,0.023995330511297
136-OKX-BTCUSDT-26JUN2026,136,OKX,BTC,BTCUSDT,2026-06-26,2026-05-24,3,0.06125284784662399
136-OKX-BTCUSDT-26JUN2026,136,OKX,BTC,BTCUSDT,2026-06-26,2026-05-25,3,0.006993671225806
136-OKX-BTCUSDT-26JUN2026,136,OKX,BTC,BTCUSDT,2026-06-26,2026-05-26,3,0.04928153174796349
136-OKX-BTCUSDT-26JUN2026,136,OKX,BTC,BTCUSDT,2026-06-26,2026-05-27,3,0.06349857300869251
136-OKX-BTCUSDT-26JUN2026,136,OKX,BTC,BTCUSDT,2026-06-26,2026-05-28,3,0.104933994613876
136-OKX-BTCUSDT-26JUN2026,136,OKX,BTC,BTCUSDT,2026-06-26,2026-05-29,3,0.0736347893097735
136-OKX-BTCUSDT-26JUN2026,136,OKX,BTC,BTCUSDT,2026-06-26,2026-05-30,3,0.0250393372279165
136-OKX-BTCUSDT-26JUN2026,136,OKX,BTC,BTCUSDT,2026-06-26,2026-05-31,3,0.006491793028479
136-OKX-BTCUSDT-26JUN2026,136,OKX,BTC,BTCUSDT,2026-06-26,2026-06-01,3,0.062181051993815996
136-OKX-BTCUSDT-26JUN2026,136,OKX,BTC,BTCUSDT,2026-06-26,2026-06-02,3,0.1095
136-OKX-BTCUSDT-26JUN2026,136,OKX,BTC,BTCUSDT,2026-06-26,2026-06-03,3,0.0782683027223755
136-OKX-BTCUSDT-26JUN2026,136,OKX,BTC,BTCUSDT,2026-06-26,2026-06-04,3,0.0442737526426805
136-OKX-BTCUSDT-26JUN2026,136,OKX,BTC,BTCUSDT,2026-06-26,2026-06-05,3,0.002797814206729999
136-OKX-BTCUSDT-26JUN2026,136,OKX,BTC,BTCUSDT,2026-06-26,2026-06-06,3,-0.0195774808097345
136-OKX-BTCUSDT-26JUN2026,136,OKX,BTC,BTCUSDT,2026-06-26,2026-06-07,3,-0.022539917642263502
136-OKX-BTCUSDT-26JUN2026,136,OKX,BTC,BTCUSDT,2026-06-26,2026-06-08,3,0.0080643324119125
136-OKX-BTCUSDT-26JUN2026,136,OKX,BTC,BTCUSDT,2026-06-26,2026-06-09,3,0.0058878892432995
136-OKX-BTCUSDT-26JUN2026,136,OKX,BTC,BTCUSDT,2026-06-26,2026-06-10,3,0.008359997642304001
136-OKX-BTCUSDT-26JUN2026,136,OKX,BTC,BTCUSDT,2026-06-26,2026-06-11,3,-0.046627717390545
136-OKX-BTCUSDT-26JUN2026,136,OKX,BTC,BTCUSDT,2026-06-26,2026-06-12,3,-0.005084482286257499
136-OKX-BTCUSDT-26JUN2026,136,OKX,BTC,BTCUSDT,2026-06-26,2026-06-13,3,-0.016844134257483
136-OKX-BTCUSDT-26JUN2026,136,OKX,BTC,BTCUSDT,2026-06-26,2026-06-14,3,-0.051502886560284504
136-OKX-BTCUSDT-26JUN2026,136,OKX,BTC,BTCUSDT,2026-06-26,2026-06-15,3,-0.0734286579673865
136-OKX-BTCUSDT-26JUN2026,136,OKX,BTC,BTCUSDT,2026-06-26,2026-06-16,3,-0.030365066482663
136-OKX-BTCUSDT-26JUN2026,136,OKX,BTC,BTCUSDT,2026-06-26,2026-06-17,3,-0.008446440523464998
136-OKX-BTCUSDT-26JUN2026,136,OKX,BTC,BTCUSDT,2026-06-26,2026-06-18,3,0.024735959754772
136-OKX-BTCUSDT-26JUN2026,136,OKX,BTC,BTCUSDT,2026-06-26,2026-06-19,3,0.0105131973606365
136-OKX-BTCUSDT-26JUN2026,136,OKX,BTC,BTCUSDT,2026-06-26,2026-06-20,3,0.0014014340322369998
136-OKX-BTCUSDT-26JUN2026,136,OKX,BTC,BTCUSDT,2026-06-26,2026-06-21,3,-0.013017262757357
136-OKX-BTCUSDT-26JUN2026,136,OKX,BTC,BTCUSDT,2026-06-26,2026-06-22,3,0.01509755792162
136-OKX-BTCUSDT-26JUN2026,136,OKX,BTC,BTCUSDT,2026-06-26,2026-06-23,3,0.031682992172455494
136-OKX-BTCUSDT-26JUN2026,136,OKX,BTC,BTCUSDT,2026-06-26,2026-06-24,3,0.055669447687947494
136-OKX-BTCUSDT-26JUN2026,136,OKX,BTC,BTCUSDT,2026-06-26,2026-06-25,3,-0.057798749518044
136-OKX-BTCUSDT-26JUN2026,136,OKX,BTC,BTCUSDT,2026-06-26,2026-06-26,1,0.001471882464624
137-HYPERLIQUID-BTC-25SEP2026,137,Hyperliquid,BTC,BTC,2026-09-25,2026-05-19,20,0.10402499999999999
137-HYPERLIQUID-BTC-25SEP2026,137,Hyperliquid,BTC,BTC,2026-09-25,2026-05-20,24,0.1095
137-HYPERLIQUID-BTC-25SEP2026,137,Hyperliquid,BTC,BTC,2026-09-25,2026-05-21,24,0.088553891
137-HYPERLIQUID-BTC-25SEP2026,137,Hyperliquid,BTC,BTC,2026-09-25,2026-05-22,24,0.06981219949999999
137-HYPERLIQUID-BTC-25SEP2026,137,Hyperliquid,BTC,BTC,2026-09-25,2026-05-23,24,-0.024785981999999998
137-HYPERLIQUID-BTC-25SEP2026,137,Hyperliquid,BTC,BTC,2026-09-25,2026-05-24,24,-0.0575752095
137-HYPERLIQUID-BTC-25SEP2026,137,Hyperliquid,BTC,BTC,2026-09-25,2026-05-25,24,-0.060408668
137-HYPERLIQUID-BTC-25SEP2026,137,Hyperliquid,BTC,BTC,2026-09-25,2026-05-26,24,-0.04664919
137-HYPERLIQUID-BTC-25SEP2026,137,Hyperliquid,BTC,BTC,2026-09-25,2026-05-27,24,-0.005608626500000001
137-HYPERLIQUID-BTC-25SEP2026,137,Hyperliquid,BTC,BTC,2026-09-25,2026-05-28,24,0.0816891535
137-HYPERLIQUID-BTC-25SEP2026,137,Hyperliquid,BTC,BTC,2026-09-25,2026-05-29,24,0.0665964765
137-HYPERLIQUID-BTC-25SEP2026,137,Hyperliquid,BTC,BTC,2026-09-25,2026-05-30,24,0.053833266
137-HYPERLIQUID-BTC-25SEP2026,137,Hyperliquid,BTC,BTC,2026-09-25,2026-05-31,24,0.09655637
137-HYPERLIQUID-BTC-25SEP2026,137,Hyperliquid,BTC,BTC,2026-09-25,2026-06-01,24,0.1095
137-HYPERLIQUID-BTC-25SEP2026,137,Hyperliquid,BTC,BTC,2026-09-25,2026-06-02,24,0.108718535
137-HYPERLIQUID-BTC-25SEP2026,137,Hyperliquid,BTC,BTC,2026-09-25,2026-06-03,24,0.0778872405
137-HYPERLIQUID-BTC-25SEP2026,137,Hyperliquid,BTC,BTC,2026-09-25,2026-06-04,24,0.048711111499999994
137-HYPERLIQUID-BTC-25SEP2026,137,Hyperliquid,BTC,BTC,2026-09-25,2026-06-05,24,0.060328514
137-HYPERLIQUID-BTC-25SEP2026,137,Hyperliquid,BTC,BTC,2026-09-25,2026-06-06,24,0.056056261999999996
137-HYPERLIQUID-BTC-25SEP2026,137,Hyperliquid,BTC,BTC,2026-09-25,2026-06-07,24,0.100657072
137-HYPERLIQUID-BTC-25SEP2026,137,Hyperliquid,BTC,BTC,2026-09-25,2026-06-08,24,0.0923254725
137-HYPERLIQUID-BTC-25SEP2026,137,Hyperliquid,BTC,BTC,2026-09-25,2026-06-09,24,0.08552019350000001
137-HYPERLIQUID-BTC-25SEP2026,137,Hyperliquid,BTC,BTC,2026-09-25,2026-06-10,24,0.044761337000000005
137-HYPERLIQUID-BTC-25SEP2026,137,Hyperliquid,BTC,BTC,2026-09-25,2026-06-11,24,0.048673188
137-HYPERLIQUID-BTC-25SEP2026,137,Hyperliquid,BTC,BTC,2026-09-25,2026-06-12,24,0.0733415305
137-HYPERLIQUID-BTC-25SEP2026,137,Hyperliquid,BTC,BTC,2026-09-25,2026-06-13,24,0.10899075200000001
137-HYPERLIQUID-BTC-25SEP2026,137,Hyperliquid,BTC,BTC,2026-09-25,2026-06-14,24,0.10156230849999999
137-HYPERLIQUID-BTC-25SEP2026,137,Hyperliquid,BTC,BTC,2026-09-25,2026-06-15,24,0.07607446799999999
137-HYPERLIQUID-BTC-25SEP2026,137,Hyperliquid,BTC,BTC,2026-09-25,2026-06-16,24,0.063399843
137-HYPERLIQUID-BTC-25SEP2026,137,Hyperliquid,BTC,BTC,2026-09-25,2026-06-17,24,0.066311594
137-HYPERLIQUID-BTC-25SEP2026,137,Hyperliquid,BTC,BTC,2026-09-25,2026-06-18,24,0.006619494
137-HYPERLIQUID-BTC-25SEP2026,137,Hyperliquid,BTC,BTC,2026-09-25,2026-06-19,24,0.09409951849999999
137-HYPERLIQUID-BTC-25SEP2026,137,Hyperliquid,BTC,BTC,2026-09-25,2026-06-20,24,0.0755251795
137-HYPERLIQUID-BTC-25SEP2026,137,Hyperliquid,BTC,BTC,2026-09-25,2026-06-21,24,-0.0023207064999999994
137-HYPERLIQUID-BTC-25SEP2026,137,Hyperliquid,BTC,BTC,2026-09-25,2026-06-22,24,0.055390283000000005
137-HYPERLIQUID-BTC-25SEP2026,137,Hyperliquid,BTC,BTC,2026-09-25,2026-06-23,24,0.0554670425
137-HYPERLIQUID-BTC-25SEP2026,137,Hyperliquid,BTC,BTC,2026-09-25,2026-06-24,24,0.045384903
137-HYPERLIQUID-BTC-25SEP2026,137,Hyperliquid,BTC,BTC,2026-09-25,2026-06-25,24,-0.0316112995
137-HYPERLIQUID-BTC-25SEP2026,137,Hyperliquid,BTC,BTC,2026-09-25,2026-06-26,24,-0.0216316885
137-HYPERLIQUID-BTC-25SEP2026,137,Hyperliquid,BTC,BTC,2026-09-25,2026-06-27,24,0.024042184999999997
137-HYPERLIQUID-BTC-25SEP2026,137,Hyperliquid,BTC,BTC,2026-09-25,2026-06-28,24,0.0160967555
137-HYPERLIQUID-BTC-25SEP2026,137,Hyperliquid,BTC,BTC,2026-09-25,2026-06-29,24,0.051138142500000004
137-HYPERLIQUID-BTC-25SEP2026,137,Hyperliquid,BTC,BTC,2026-09-25,2026-06-30,24,0.072550977
137-HYPERLIQUID-BTC-25SEP2026,137,Hyperliquid,BTC,BTC,2026-09-25,2026-07-01,24,0.0674777325
137-HYPERLIQUID-BTC-25SEP2026,137,Hyperliquid,BTC,BTC,2026-09-25,2026-07-02,24,0.1095
137-HYPERLIQUID-BTC-25SEP2026,137,Hyperliquid,BTC,BTC,2026-09-25,2026-07-03,5,0.1095
138-HYPERLIQUID-SOL-26JUN2026,138,Hyperliquid,SOL,SOL,2026-06-26,2026-05-26,20,-0.0427057008
138-HYPERLIQUID-SOL-26JUN2026,138,Hyperliquid,SOL,SOL,2026-06-26,2026-05-27,24,-0.0062923810000000005
138-HYPERLIQUID-SOL-26JUN2026,138,Hyperliquid,SOL,SOL,2026-06-26,2026-05-28,24,-0.020899242999999998
138-HYPERLIQUID-SOL-26JUN2026,138,Hyperliquid,SOL,SOL,2026-06-26,2026-05-29,24,0.1095
138-HYPERLIQUID-SOL-26JUN2026,138,Hyperliquid,SOL,SOL,2026-06-26,2026-05-30,24,0.052198285000000004
138-HYPERLIQUID-SOL-26JUN2026,138,Hyperliquid,SOL,SOL,2026-06-26,2026-05-31,24,0.10408715950000001
138-HYPERLIQUID-SOL-26JUN2026,138,Hyperliquid,SOL,SOL,2026-06-26,2026-06-01,24,0.081564068
138-HYPERLIQUID-SOL-26JUN2026,138,Hyperliquid,SOL,SOL,2026-06-26,2026-06-02,24,-0.011718325
138-HYPERLIQUID-SOL-26JUN2026,138,Hyperliquid,SOL,SOL,2026-06-26,2026-06-03,24,-0.078918475
138-HYPERLIQUID-SOL-26JUN2026,138,Hyperliquid,SOL,SOL,2026-06-26,2026-06-04,24,-0.035650426
138-HYPERLIQUID-SOL-26JUN2026,138,Hyperliquid,SOL,SOL,2026-06-26,2026-06-05,24,-0.1214294775
138-HYPERLIQUID-SOL-26JUN2026,138,Hyperliquid,SOL,SOL,2026-06-26,2026-06-06,24,-0.206023301
138-HYPERLIQUID-SOL-26JUN2026,138,Hyperliquid,SOL,SOL,2026-06-26,2026-06-07,24,-0.218252845
138-HYPERLIQUID-SOL-26JUN2026,138,Hyperliquid,SOL,SOL,2026-06-26,2026-06-08,24,-0.103394572
138-HYPERLIQUID-SOL-26JUN2026,138,Hyperliquid,SOL,SOL,2026-06-26,2026-06-09,24,-0.088774862
138-HYPERLIQUID-SOL-26JUN2026,138,Hyperliquid,SOL,SOL,2026-06-26,2026-06-10,24,-0.106404581
138-HYPERLIQUID-SOL-26JUN2026,138,Hyperliquid,SOL,SOL,2026-06-26,2026-06-11,24,0.045740741499999994
138-HYPERLIQUID-SOL-26JUN2026,138,Hyperliquid,SOL,SOL,2026-06-26,2026-06-12,24,-0.0403593275
138-HYPERLIQUID-SOL-26JUN2026,138,Hyperliquid,SOL,SOL,2026-06-26,2026-06-13,24,0.0447184495
138-HYPERLIQUID-SOL-26JUN2026,138,Hyperliquid,SOL,SOL,2026-06-26,2026-06-14,24,0.065439025
138-HYPERLIQUID-SOL-26JUN2026,138,Hyperliquid,SOL,SOL,2026-06-26,2026-06-15,24,0.08841395
138-HYPERLIQUID-SOL-26JUN2026,138,Hyperliquid,SOL,SOL,2026-06-26,2026-06-16,24,0.0655727245
138-HYPERLIQUID-SOL-26JUN2026,138,Hyperliquid,SOL,SOL,2026-06-26,2026-06-17,24,-0.019093515000000002
138-HYPERLIQUID-SOL-26JUN2026,138,Hyperliquid,SOL,SOL,2026-06-26,2026-06-18,24,-0.00866145
138-HYPERLIQUID-SOL-26JUN2026,138,Hyperliquid,SOL,SOL,2026-06-26,2026-06-19,24,0.0172809615
138-HYPERLIQUID-SOL-26JUN2026,138,Hyperliquid,SOL,SOL,2026-06-26,2026-06-20,24,0.10888493849999999
138-HYPERLIQUID-SOL-26JUN2026,138,Hyperliquid,SOL,SOL,2026-06-26,2026-06-21,24,0.103923676
138-HYPERLIQUID-SOL-26JUN2026,138,Hyperliquid,SOL,SOL,2026-06-26,2026-06-22,24,0.011661531000000001
138-HYPERLIQUID-SOL-26JUN2026,138,Hyperliquid,SOL,SOL,2026-06-26,2026-06-23,24,-0.2913772005
138-HYPERLIQUID-SOL-26JUN2026,138,Hyperliquid,SOL,SOL,2026-06-26,2026-06-24,24,-0.1460780005
138-HYPERLIQUID-SOL-26JUN2026,138,Hyperliquid,SOL,SOL,2026-06-26,2026-06-25,24,-0.0909612485
138-HYPERLIQUID-SOL-26JUN2026,138,Hyperliquid,SOL,SOL,2026-06-26,2026-06-26,1,0.1095
139-LIGHTER-SOL-26JUN2026,139,Lighter,SOL,SOL,2026-06-26,2026-05-26,20,-0.12483
139-LIGHTER-SOL-26JUN2026,139,Lighter,SOL,SOL,2026-06-26,2026-05-27,24,-0.09636
139-LIGHTER-SOL-26JUN2026,139,Lighter,SOL,SOL,2026-06-26,2026-05-28,24,0.04088
139-LIGHTER-SOL-26JUN2026,139,Lighter,SOL,SOL,2026-06-26,2026-05-29,24,0.10366000000000002
139-LIGHTER-SOL-26JUN2026,139,Lighter,SOL,SOL,2026-06-26,2026-05-30,24,0.10220000000000001
139-LIGHTER-SOL-26JUN2026,139,Lighter,SOL,SOL,2026-06-26,2026-05-31,24,0.08176
139-LIGHTER-SOL-26JUN2026,139,Lighter,SOL,SOL,2026-06-26,2026-06-01,24,0.09088500000000001
139-LIGHTER-SOL-26JUN2026,139,Lighter,SOL,SOL,2026-06-26,2026-06-02,24,0.012410000000000003
139-LIGHTER-SOL-26JUN2026,139,Lighter,SOL,SOL,2026-06-26,2026-06-03,24,-0.05621
139-LIGHTER-SOL-26JUN2026,139,Lighter,SOL,SOL,2026-06-26,2026-06-04,24,-0.08942499999999999
139-LIGHTER-SOL-26JUN2026,139,Lighter,SOL,SOL,2026-06-26,2026-06-05,24,-0.077015
139-LIGHTER-SOL-26JUN2026,139,Lighter,SOL,SOL,2026-06-26,2026-06-06,24,-0.11789499999999999
139-LIGHTER-SOL-26JUN2026,139,Lighter,SOL,SOL,2026-06-26,2026-06-07,24,-0.290905
139-LIGHTER-SOL-26JUN2026,139,Lighter,SOL,SOL,2026-06-26,2026-06-08,24,-0.085045
139-LIGHTER-SOL-26JUN2026,139,Lighter,SOL,SOL,2026-06-26,2026-06-09,24,-0.0657
139-LIGHTER-SOL-26JUN2026,139,Lighter,SOL,SOL,2026-06-26,2026-06-10,24,-0.066065
139-LIGHTER-SOL-26JUN2026,139,Lighter,SOL,SOL,2026-06-26,2026-06-11,24,0.0003650000000000009
139-LIGHTER-SOL-26JUN2026,139,Lighter,SOL,SOL,2026-06-26,2026-06-12,24,0.004745
139-LIGHTER-SOL-26JUN2026,139,Lighter,SOL,SOL,2026-06-26,2026-06-13,24,0.033215
139-LIGHTER-SOL-26JUN2026,139,Lighter,SOL,SOL,2026-06-26,2026-06-14,24,0.0073
139-LIGHTER-SOL-26JUN2026,139,Lighter,SOL,SOL,2026-06-26,2026-06-15,24,0.023725
139-LIGHTER-SOL-26JUN2026,139,Lighter,SOL,SOL,2026-06-26,2026-06-16,24,-0.019345
139-LIGHTER-SOL-26JUN2026,139,Lighter,SOL,SOL,2026-06-26,2026-06-17,24,-0.050735
139-LIGHTER-SOL-26JUN2026,139,Lighter,SOL,SOL,2026-06-26,2026-06-18,24,-0.04088
139-LIGHTER-SOL-26JUN2026,139,Lighter,SOL,SOL,2026-06-26,2026-06-19,24,-0.00803
139-LIGHTER-SOL-26JUN2026,139,Lighter,SOL,SOL,2026-06-26,2026-06-20,24,0.052195
139-LIGHTER-SOL-26JUN2026,139,Lighter,SOL,SOL,2026-06-26,2026-06-21,24,0.08614
139-LIGHTER-SOL-26JUN2026,139,Lighter,SOL,SOL,2026-06-26,2026-06-22,24,0.101105
139-LIGHTER-SOL-26JUN2026,139,Lighter,SOL,SOL,2026-06-26,2026-06-23,24,-0.018614999999999996
139-LIGHTER-SOL-26JUN2026,139,Lighter,SOL,SOL,2026-06-26,2026-06-24,24,-0.032485
139-LIGHTER-SOL-26JUN2026,139,Lighter,SOL,SOL,2026-06-26,2026-06-25,24,-0.038325
139-LIGHTER-SOL-26JUN2026,139,Lighter,SOL,SOL,2026-06-26,2026-06-26,1,0.0438
14-HYPERLIQUID-BTC-28NOV2025,14,Hyperliquid,BTC,BTC,2025-11-28,2025-10-17,10,0.09855
14-HYPERLIQUID-BTC-28NOV2025,14,Hyperliquid,BTC,BTC,2025-11-28,2025-10-18,24,0.1095
14-HYPERLIQUID-BTC-28NOV2025,14,Hyperliquid,BTC,BTC,2025-11-28,2025-10-19,24,0.054116871000000004
14-HYPERLIQUID-BTC-28NOV2025,14,Hyperliquid,BTC,BTC,2025-11-28,2025-10-20,24,0.0683660695
14-HYPERLIQUID-BTC-28NOV2025,14,Hyperliquid,BTC,BTC,2025-11-28,2025-10-21,24,0.0216555595
14-HYPERLIQUID-BTC-28NOV2025,14,Hyperliquid,BTC,BTC,2025-11-28,2025-10-22,24,0.0909371585
14-HYPERLIQUID-BTC-28NOV2025,14,Hyperliquid,BTC,BTC,2025-11-28,2025-10-23,24,0.1095
14-HYPERLIQUID-BTC-28NOV2025,14,Hyperliquid,BTC,BTC,2025-11-28,2025-10-24,24,0.1095
14-HYPERLIQUID-BTC-28NOV2025,14,Hyperliquid,BTC,BTC,2025-11-28,2025-10-25,24,0.1095
14-HYPERLIQUID-BTC-28NOV2025,14,Hyperliquid,BTC,BTC,2025-11-28,2025-10-26,24,0.1095
14-HYPERLIQUID-BTC-28NOV2025,14,Hyperliquid,BTC,BTC,2025-11-28,2025-10-27,24,0.1372539065
14-HYPERLIQUID-BTC-28NOV2025,14,Hyperliquid,BTC,BTC,2025-11-28,2025-10-28,24,0.1095
14-HYPERLIQUID-BTC-28NOV2025,14,Hyperliquid,BTC,BTC,2025-11-28,2025-10-29,24,0.111317408
14-HYPERLIQUID-BTC-28NOV2025,14,Hyperliquid,BTC,BTC,2025-11-28,2025-10-30,24,0.1183781505
14-HYPERLIQUID-BTC-28NOV2025,14,Hyperliquid,BTC,BTC,2025-11-28,2025-10-31,24,0.1095
14-HYPERLIQUID-BTC-28NOV2025,14,Hyperliquid,BTC,BTC,2025-11-28,2025-11-01,24,0.1095
14-HYPERLIQUID-BTC-28NOV2025,14,Hyperliquid,BTC,BTC,2025-11-28,2025-11-02,24,0.1095
14-HYPERLIQUID-BTC-28NOV2025,14,Hyperliquid,BTC,BTC,2025-11-28,2025-11-03,24,0.1043987965
14-HYPERLIQUID-BTC-28NOV2025,14,Hyperliquid,BTC,BTC,2025-11-28,2025-11-04,24,0.0851054805
14-HYPERLIQUID-BTC-28NOV2025,14,Hyperliquid,BTC,BTC,2025-11-28,2025-11-05,24,0.1095
14-HYPERLIQUID-BTC-28NOV2025,14,Hyperliquid,BTC,BTC,2025-11-28,2025-11-06,24,0.0994761875
14-HYPERLIQUID-BTC-28NOV2025,14,Hyperliquid,BTC,BTC,2025-11-28,2025-11-07,24,0.095994197
14-HYPERLIQUID-BTC-28NOV2025,14,Hyperliquid,BTC,BTC,2025-11-28,2025-11-08,24,0.071726296
14-HYPERLIQUID-BTC-28NOV2025,14,Hyperliquid,BTC,BTC,2025-11-28,2025-11-09,24,0.066011783
14-HYPERLIQUID-BTC-28NOV2025,14,Hyperliquid,BTC,BTC,2025-11-28,2025-11-10,24,0.1095
14-HYPERLIQUID-BTC-28NOV2025,14,Hyperliquid,BTC,BTC,2025-11-28,2025-11-11,24,0.1095
14-HYPERLIQUID-BTC-28NOV2025,14,Hyperliquid,BTC,BTC,2025-11-28,2025-11-12,24,0.1095
14-HYPERLIQUID-BTC-28NOV2025,14,Hyperliquid,BTC,BTC,2025-11-28,2025-11-13,24,0.105890661
14-HYPERLIQUID-BTC-28NOV2025,14,Hyperliquid,BTC,BTC,2025-11-28,2025-11-14,24,0.1095
14-HYPERLIQUID-BTC-28NOV2025,14,Hyperliquid,BTC,BTC,2025-11-28,2025-11-15,24,0.11038716900000001
14-HYPERLIQUID-BTC-28NOV2025,14,Hyperliquid,BTC,BTC,2025-11-28,2025-11-16,24,0.1095
14-HYPERLIQUID-BTC-28NOV2025,14,Hyperliquid,BTC,BTC,2025-11-28,2025-11-17,24,0.1145828075
14-HYPERLIQUID-BTC-28NOV2025,14,Hyperliquid,BTC,BTC,2025-11-28,2025-11-18,24,0.113465214
14-HYPERLIQUID-BTC-28NOV2025,14,Hyperliquid,BTC,BTC,2025-11-28,2025-11-19,24,0.1095
14-HYPERLIQUID-BTC-28NOV2025,14,Hyperliquid,BTC,BTC,2025-11-28,2025-11-20,24,0.1095
14-HYPERLIQUID-BTC-28NOV2025,14,Hyperliquid,BTC,BTC,2025-11-28,2025-11-21,24,0.1095
14-HYPERLIQUID-BTC-28NOV2025,14,Hyperliquid,BTC,BTC,2025-11-28,2025-11-22,24,0.09342623950000001
14-HYPERLIQUID-BTC-28NOV2025,14,Hyperliquid,BTC,BTC,2025-11-28,2025-11-23,24,0.0941927395
14-HYPERLIQUID-BTC-28NOV2025,14,Hyperliquid,BTC,BTC,2025-11-28,2025-11-24,24,0.012186693
14-HYPERLIQUID-BTC-28NOV2025,14,Hyperliquid,BTC,BTC,2025-11-28,2025-11-25,24,0.0051775614999999995
14-HYPERLIQUID-BTC-28NOV2025,14,Hyperliquid,BTC,BTC,2025-11-28,2025-11-26,24,0.064044871
14-HYPERLIQUID-BTC-28NOV2025,14,Hyperliquid,BTC,BTC,2025-11-28,2025-11-27,24,0.0395189515
14-HYPERLIQUID-BTC-28NOV2025,14,Hyperliquid,BTC,BTC,2025-11-28,2025-11-28,1,0.1095
140-HYPERLIQUID-HYPE-26JUN2026,140,Hyperliquid,HYPE,HYPE,2026-06-26,2026-05-26,20,0.0742882164
140-HYPERLIQUID-HYPE-26JUN2026,140,Hyperliquid,HYPE,HYPE,2026-06-26,2026-05-27,24,0.015958675999999998
140-HYPERLIQUID-HYPE-26JUN2026,140,Hyperliquid,HYPE,HYPE,2026-06-26,2026-05-28,24,0.052257451499999996
140-HYPERLIQUID-HYPE-26JUN2026,140,Hyperliquid,HYPE,HYPE,2026-06-26,2026-05-29,24,0.06359519100000001
140-HYPERLIQUID-HYPE-26JUN2026,140,Hyperliquid,HYPE,HYPE,2026-06-26,2026-05-30,24,0.0317145945
140-HYPERLIQUID-HYPE-26JUN2026,140,Hyperliquid,HYPE,HYPE,2026-06-26,2026-05-31,24,0.203850675
140-HYPERLIQUID-HYPE-26JUN2026,140,Hyperliquid,HYPE,HYPE,2026-06-26,2026-06-01,24,0.333655333
140-HYPERLIQUID-HYPE-26JUN2026,140,Hyperliquid,HYPE,HYPE,2026-06-26,2026-06-02,24,0.2687953805
140-HYPERLIQUID-HYPE-26JUN2026,140,Hyperliquid,HYPE,HYPE,2026-06-26,2026-06-03,24,0.1598233895
140-HYPERLIQUID-HYPE-26JUN2026,140,Hyperliquid,HYPE,HYPE,2026-06-26,2026-06-04,24,0.3038664055
140-HYPERLIQUID-HYPE-26JUN2026,140,Hyperliquid,HYPE,HYPE,2026-06-26,2026-06-05,24,0.276352377
140-HYPERLIQUID-HYPE-26JUN2026,140,Hyperliquid,HYPE,HYPE,2026-06-26,2026-06-06,24,0.1093617015
140-HYPERLIQUID-HYPE-26JUN2026,140,Hyperliquid,HYPE,HYPE,2026-06-26,2026-06-07,24,0.101503361
140-HYPERLIQUID-HYPE-26JUN2026,140,Hyperliquid,HYPE,HYPE,2026-06-26,2026-06-08,24,0.124671663
140-HYPERLIQUID-HYPE-26JUN2026,140,Hyperliquid,HYPE,HYPE,2026-06-26,2026-06-09,24,0.11880888699999999
140-HYPERLIQUID-HYPE-26JUN2026,140,Hyperliquid,HYPE,HYPE,2026-06-26,2026-06-10,24,0.12229562249999999
140-HYPERLIQUID-HYPE-26JUN2026,140,Hyperliquid,HYPE,HYPE,2026-06-26,2026-06-11,24,0.08901769650000001
140-HYPERLIQUID-HYPE-26JUN2026,140,Hyperliquid,HYPE,HYPE,2026-06-26,2026-06-12,24,0.079984129
140-HYPERLIQUID-HYPE-26JUN2026,140,Hyperliquid,HYPE,HYPE,2026-06-26,2026-06-13,24,0.0825874185
140-HYPERLIQUID-HYPE-26JUN2026,140,Hyperliquid,HYPE,HYPE,2026-06-26,2026-06-14,24,0.043532601000000004
140-HYPERLIQUID-HYPE-26JUN2026,140,Hyperliquid,HYPE,HYPE,2026-06-26,2026-06-15,24,0.08721277150000001
140-HYPERLIQUID-HYPE-26JUN2026,140,Hyperliquid,HYPE,HYPE,2026-06-26,2026-06-16,24,0.2746070565
140-HYPERLIQUID-HYPE-26JUN2026,140,Hyperliquid,HYPE,HYPE,2026-06-26,2026-06-17,24,0.1060001975
140-HYPERLIQUID-HYPE-26JUN2026,140,Hyperliquid,HYPE,HYPE,2026-06-26,2026-06-18,24,0.2712197105
140-HYPERLIQUID-HYPE-26JUN2026,140,Hyperliquid,HYPE,HYPE,2026-06-26,2026-06-19,24,0.11883611599999999
140-HYPERLIQUID-HYPE-26JUN2026,140,Hyperliquid,HYPE,HYPE,2026-06-26,2026-06-20,24,0.1095
140-HYPERLIQUID-HYPE-26JUN2026,140,Hyperliquid,HYPE,HYPE,2026-06-26,2026-06-21,24,0.011390774
140-HYPERLIQUID-HYPE-26JUN2026,140,Hyperliquid,HYPE,HYPE,2026-06-26,2026-06-22,24,0.084143231
140-HYPERLIQUID-HYPE-26JUN2026,140,Hyperliquid,HYPE,HYPE,2026-06-26,2026-06-23,24,0.12041386500000001
140-HYPERLIQUID-HYPE-26JUN2026,140,Hyperliquid,HYPE,HYPE,2026-06-26,2026-06-24,24,0.1287699195
140-HYPERLIQUID-HYPE-26JUN2026,140,Hyperliquid,HYPE,HYPE,2026-06-26,2026-06-25,24,0.105276074
140-HYPERLIQUID-HYPE-26JUN2026,140,Hyperliquid,HYPE,HYPE,2026-06-26,2026-06-26,1,0.1095
141-BYBIT-HYPEUSDT-26JUN2026,141,Bybit,HYPE,HYPEUSDT,2026-06-26,2026-05-26,3,-0.022192000000000003
141-BYBIT-HYPEUSDT-26JUN2026,141,Bybit,HYPE,HYPEUSDT,2026-06-26,2026-05-27,3,-0.15529289999999998
141-BYBIT-HYPEUSDT-26JUN2026,141,Bybit,HYPE,HYPEUSDT,2026-06-26,2026-05-28,3,0.012490299999999996
141-BYBIT-HYPEUSDT-26JUN2026,141,Bybit,HYPE,HYPEUSDT,2026-06-26,2026-05-29,3,0.09098355000000001
141-BYBIT-HYPEUSDT-26JUN2026,141,Bybit,HYPE,HYPEUSDT,2026-06-26,2026-05-30,3,-0.08289149999999999
141-BYBIT-HYPEUSDT-26JUN2026,141,Bybit,HYPE,HYPEUSDT,2026-06-26,2026-05-31,3,0.008880449999999998
141-BYBIT-HYPEUSDT-26JUN2026,141,Bybit,HYPE,HYPEUSDT,2026-06-26,2026-06-01,3,0.090301
141-BYBIT-HYPEUSDT-26JUN2026,141,Bybit,HYPE,HYPEUSDT,2026-06-26,2026-06-02,3,0.0832857
141-BYBIT-HYPEUSDT-26JUN2026,141,Bybit,HYPE,HYPEUSDT,2026-06-26,2026-06-03,3,0.1095
141-BYBIT-HYPEUSDT-26JUN2026,141,Bybit,HYPE,HYPEUSDT,2026-06-26,2026-06-04,3,0.08855265
141-BYBIT-HYPEUSDT-26JUN2026,141,Bybit,HYPE,HYPEUSDT,2026-06-26,2026-06-05,3,0.1095
141-BYBIT-HYPEUSDT-26JUN2026,141,Bybit,HYPE,HYPEUSDT,2026-06-26,2026-06-06,3,0.0219584
141-BYBIT-HYPEUSDT-26JUN2026,141,Bybit,HYPE,HYPEUSDT,2026-06-26,2026-06-07,3,0.044595699999999995
141-BYBIT-HYPEUSDT-26JUN2026,141,Bybit,HYPE,HYPEUSDT,2026-06-26,2026-06-08,3,0.05054885
141-BYBIT-HYPEUSDT-26JUN2026,141,Bybit,HYPE,HYPEUSDT,2026-06-26,2026-06-09,3,0.0754528
141-BYBIT-HYPEUSDT-26JUN2026,141,Bybit,HYPE,HYPEUSDT,2026-06-26,2026-06-10,3,-0.00464645
141-BYBIT-HYPEUSDT-26JUN2026,141,Bybit,HYPE,HYPEUSDT,2026-06-26,2026-06-11,3,0.005825400000000001
141-BYBIT-HYPEUSDT-26JUN2026,141,Bybit,HYPE,HYPEUSDT,2026-06-26,2026-06-12,3,-0.0062305500000000005
141-BYBIT-HYPEUSDT-26JUN2026,141,Bybit,HYPE,HYPEUSDT,2026-06-26,2026-06-13,3,0.052330049999999996
141-BYBIT-HYPEUSDT-26JUN2026,141,Bybit,HYPE,HYPEUSDT,2026-06-26,2026-06-14,3,0.041036949999999996
141-BYBIT-HYPEUSDT-26JUN2026,141,Bybit,HYPE,HYPEUSDT,2026-06-26,2026-06-15,3,-0.030108850000000003
141-BYBIT-HYPEUSDT-26JUN2026,141,Bybit,HYPE,HYPEUSDT,2026-06-26,2026-06-16,3,0.07159475
141-BYBIT-HYPEUSDT-26JUN2026,141,Bybit,HYPE,HYPEUSDT,2026-06-26,2026-06-17,3,0.059414699999999994
141-BYBIT-HYPEUSDT-26JUN2026,141,Bybit,HYPE,HYPEUSDT,2026-06-26,2026-06-18,3,-0.03362745
141-BYBIT-HYPEUSDT-26JUN2026,141,Bybit,HYPE,HYPEUSDT,2026-06-26,2026-06-19,3,0.055257350000000004
141-BYBIT-HYPEUSDT-26JUN2026,141,Bybit,HYPE,HYPEUSDT,2026-06-26,2026-06-20,3,0.005226800000000004
141-BYBIT-HYPEUSDT-26JUN2026,141,Bybit,HYPE,HYPEUSDT,2026-06-26,2026-06-21,3,-0.08551950000000001
141-BYBIT-HYPEUSDT-26JUN2026,141,Bybit,HYPE,HYPEUSDT,2026-06-26,2026-06-22,3,-0.003361650000000003
141-BYBIT-HYPEUSDT-26JUN2026,141,Bybit,HYPE,HYPEUSDT,2026-06-26,2026-06-23,3,0.0166732
141-BYBIT-HYPEUSDT-26JUN2026,141,Bybit,HYPE,HYPEUSDT,2026-06-26,2026-06-24,3,0.1095
141-BYBIT-HYPEUSDT-26JUN2026,141,Bybit,HYPE,HYPEUSDT,2026-06-26,2026-06-25,3,-0.0035952499999999995
141-BYBIT-HYPEUSDT-26JUN2026,141,Bybit,HYPE,HYPEUSDT,2026-06-26,2026-06-26,1,0.01017255
142-BINANCE-XRPUSDT-26JUN2026,142,Binance,XRP,XRPUSDT,2026-06-26,2026-05-26,3,-0.008457049999999999
142-BINANCE-XRPUSDT-26JUN2026,142,Binance,XRP,XRPUSDT,2026-06-26,2026-05-27,3,-0.015990650000000002
142-BINANCE-XRPUSDT-26JUN2026,142,Binance,XRP,XRPUSDT,2026-06-26,2026-05-28,3,-0.04348975
142-BINANCE-XRPUSDT-26JUN2026,142,Binance,XRP,XRPUSDT,2026-06-26,2026-05-29,3,0.03322595
142-BINANCE-XRPUSDT-26JUN2026,142,Binance,XRP,XRPUSDT,2026-06-26,2026-05-30,3,0.025024400000000002
142-BINANCE-XRPUSDT-26JUN2026,142,Binance,XRP,XRPUSDT,2026-06-26,2026-05-31,3,-0.0156074
142-BINANCE-XRPUSDT-26JUN2026,142,Binance,XRP,XRPUSDT,2026-06-26,2026-06-01,3,0.03697815
142-BINANCE-XRPUSDT-26JUN2026,142,Binance,XRP,XRPUSDT,2026-06-26,2026-06-02,3,0.0039711999999999985
142-BINANCE-XRPUSDT-26JUN2026,142,Binance,XRP,XRPUSDT,2026-06-26,2026-06-03,3,-0.050829900000000004
142-BINANCE-XRPUSDT-26JUN2026,142,Binance,XRP,XRPUSDT,2026-06-26,2026-06-04,3,-0.07224445
142-BINANCE-XRPUSDT-26JUN2026,142,Binance,XRP,XRPUSDT,2026-06-26,2026-06-05,3,-0.08388430000000001
142-BINANCE-XRPUSDT-26JUN2026,142,Binance,XRP,XRPUSDT,2026-06-26,2026-06-06,3,-0.042051649999999996
142-BINANCE-XRPUSDT-26JUN2026,142,Binance,XRP,XRPUSDT,2026-06-26,2026-06-07,3,-0.1240927
142-BINANCE-XRPUSDT-26JUN2026,142,Binance,XRP,XRPUSDT,2026-06-26,2026-06-08,3,-0.04083255
142-BINANCE-XRPUSDT-26JUN2026,142,Binance,XRP,XRPUSDT,2026-06-26,2026-06-09,3,-0.046603200000000004
142-BINANCE-XRPUSDT-26JUN2026,142,Binance,XRP,XRPUSDT,2026-06-26,2026-06-10,3,-0.0036500000000000005
142-BINANCE-XRPUSDT-26JUN2026,142,Binance,XRP,XRPUSDT,2026-06-26,2026-06-11,3,-0.043077300000000006
142-BINANCE-XRPUSDT-26JUN2026,142,Binance,XRP,XRPUSDT,2026-06-26,2026-06-12,3,-0.0062342
142-BINANCE-XRPUSDT-26JUN2026,142,Binance,XRP,XRPUSDT,2026-06-26,2026-06-13,3,-0.0404639
142-BINANCE-XRPUSDT-26JUN2026,142,Binance,XRP,XRPUSDT,2026-06-26,2026-06-14,3,-0.07767565
142-BINANCE-XRPUSDT-26JUN2026,142,Binance,XRP,XRPUSDT,2026-06-26,2026-06-15,3,-0.04597175
142-BINANCE-XRPUSDT-26JUN2026,142,Binance,XRP,XRPUSDT,2026-06-26,2026-06-16,3,0.010566750000000001
142-BINANCE-XRPUSDT-26JUN2026,142,Binance,XRP,XRPUSDT,2026-06-26,2026-06-17,3,-0.0007482500000000001
142-BINANCE-XRPUSDT-26JUN2026,142,Binance,XRP,XRPUSDT,2026-06-26,2026-06-18,3,-0.027995499999999996
142-BINANCE-XRPUSDT-26JUN2026,142,Binance,XRP,XRPUSDT,2026-06-26,2026-06-19,3,0.015121950000000002
142-BINANCE-XRPUSDT-26JUN2026,142,Binance,XRP,XRPUSDT,2026-06-26,2026-06-20,3,-0.029973800000000005
142-BINANCE-XRPUSDT-26JUN2026,142,Binance,XRP,XRPUSDT,2026-06-26,2026-06-21,3,-0.0364489
142-BINANCE-XRPUSDT-26JUN2026,142,Binance,XRP,XRPUSDT,2026-06-26,2026-06-22,3,-0.01178585
142-BINANCE-XRPUSDT-26JUN2026,142,Binance,XRP,XRPUSDT,2026-06-26,2026-06-23,3,-0.0771537
142-BINANCE-XRPUSDT-26JUN2026,142,Binance,XRP,XRPUSDT,2026-06-26,2026-06-24,3,-0.013786050000000001
142-BINANCE-XRPUSDT-26JUN2026,142,Binance,XRP,XRPUSDT,2026-06-26,2026-06-25,3,-0.11211705
142-BINANCE-XRPUSDT-26JUN2026,142,Binance,XRP,XRPUSDT,2026-06-26,2026-06-26,1,-0.10637925
143-OKX-XRPUSDT-26JUN2026,143,OKX,XRP,XRPUSDT,2026-06-26,2026-05-26,3,0.046432206327306
143-OKX-XRPUSDT-26JUN2026,143,OKX,XRP,XRPUSDT,2026-06-26,2026-05-27,3,-0.037419061779324
143-OKX-XRPUSDT-26JUN2026,143,OKX,XRP,XRPUSDT,2026-06-26,2026-05-28,3,0.003587503248285499
143-OKX-XRPUSDT-26JUN2026,143,OKX,XRP,XRPUSDT,2026-06-26,2026-05-29,3,0.0061029390207620006
143-OKX-XRPUSDT-26JUN2026,143,OKX,XRP,XRPUSDT,2026-06-26,2026-05-30,3,0.031287797980382
143-OKX-XRPUSDT-26JUN2026,143,OKX,XRP,XRPUSDT,2026-06-26,2026-05-31,3,0.02682234462831
143-OKX-XRPUSDT-26JUN2026,143,OKX,XRP,XRPUSDT,2026-06-26,2026-06-01,3,0.0738809565560805
143-OKX-XRPUSDT-26JUN2026,143,OKX,XRP,XRPUSDT,2026-06-26,2026-06-02,3,0.03932939805823
143-OKX-XRPUSDT-26JUN2026,143,OKX,XRP,XRPUSDT,2026-06-26,2026-06-03,3,-0.013857086702558497
143-OKX-XRPUSDT-26JUN2026,143,OKX,XRP,XRPUSDT,2026-06-26,2026-06-04,3,0.0285988245139005
143-OKX-XRPUSDT-26JUN2026,143,OKX,XRP,XRPUSDT,2026-06-26,2026-06-05,3,-0.031963818518012
143-OKX-XRPUSDT-26JUN2026,143,OKX,XRP,XRPUSDT,2026-06-26,2026-06-06,3,0.027754739262501504
143-OKX-XRPUSDT-26JUN2026,143,OKX,XRP,XRPUSDT,2026-06-26,2026-06-07,3,-0.07628072758845851
143-OKX-XRPUSDT-26JUN2026,143,OKX,XRP,XRPUSDT,2026-06-26,2026-06-08,3,0.0178347087695185
143-OKX-XRPUSDT-26JUN2026,143,OKX,XRP,XRPUSDT,2026-06-26,2026-06-09,3,-0.00023251330933450032
143-OKX-XRPUSDT-26JUN2026,143,OKX,XRP,XRPUSDT,2026-06-26,2026-06-10,3,0.08039618977724951
143-OKX-XRPUSDT-26JUN2026,143,OKX,XRP,XRPUSDT,2026-06-26,2026-06-11,3,0.0539994846184845
143-OKX-XRPUSDT-26JUN2026,143,OKX,XRP,XRPUSDT,2026-06-26,2026-06-12,3,-0.013677320183981498
143-OKX-XRPUSDT-26JUN2026,143,OKX,XRP,XRPUSDT,2026-06-26,2026-06-13,3,0.004265361538979
143-OKX-XRPUSDT-26JUN2026,143,OKX,XRP,XRPUSDT,2026-06-26,2026-06-14,3,-0.0193093861112665
143-OKX-XRPUSDT-26JUN2026,143,OKX,XRP,XRPUSDT,2026-06-26,2026-06-15,3,-0.031204662116386006
143-OKX-XRPUSDT-26JUN2026,143,OKX,XRP,XRPUSDT,2026-06-26,2026-06-16,3,0.075798485647298
143-OKX-XRPUSDT-26JUN2026,143,OKX,XRP,XRPUSDT,2026-06-26,2026-06-17,3,-0.0268050317363545
143-OKX-XRPUSDT-26JUN2026,143,OKX,XRP,XRPUSDT,2026-06-26,2026-06-18,3,0.022805280105382002
143-OKX-XRPUSDT-26JUN2026,143,OKX,XRP,XRPUSDT,2026-06-26,2026-06-19,3,0.0866583788962465
143-OKX-XRPUSDT-26JUN2026,143,OKX,XRP,XRPUSDT,2026-06-26,2026-06-20,3,-0.049960612675361005
143-OKX-XRPUSDT-26JUN2026,143,OKX,XRP,XRPUSDT,2026-06-26,2026-06-21,3,0.009406075131600501
143-OKX-XRPUSDT-26JUN2026,143,OKX,XRP,XRPUSDT,2026-06-26,2026-06-22,3,-0.0310277657204495
143-OKX-XRPUSDT-26JUN2026,143,OKX,XRP,XRPUSDT,2026-06-26,2026-06-23,3,-0.10187037623942351
143-OKX-XRPUSDT-26JUN2026,143,OKX,XRP,XRPUSDT,2026-06-26,2026-06-24,3,-0.06822462015228249
143-OKX-XRPUSDT-26JUN2026,143,OKX,XRP,XRPUSDT,2026-06-26,2026-06-25,3,-0.137730325494581
143-OKX-XRPUSDT-26JUN2026,143,OKX,XRP,XRPUSDT,2026-06-26,2026-06-26,1,-0.266721941329662
144-BINANCE-XAUUSDT-26JUN2026,144,Binance,XAU,XAUUSDT,2026-06-26,2026-05-26,5,0.21262272000000002
144-BINANCE-XAUUSDT-26JUN2026,144,Binance,XAU,XAUUSDT,2026-06-26,2026-05-27,6,0.2560475
144-BINANCE-XAUUSDT-26JUN2026,144,Binance,XAU,XAUUSDT,2026-06-26,2026-05-28,6,0.12708205
144-BINANCE-XAUUSDT-26JUN2026,144,Binance,XAU,XAUUSDT,2026-06-26,2026-05-29,6,0.0221847
144-BINANCE-XAUUSDT-26JUN2026,144,Binance,XAU,XAUUSDT,2026-06-26,2026-05-30,6,0.0
144-BINANCE-XAUUSDT-26JUN2026,144,Binance,XAU,XAUUSDT,2026-06-26,2026-05-31,6,0.0
144-BINANCE-XAUUSDT-26JUN2026,144,Binance,XAU,XAUUSDT,2026-06-26,2026-06-01,6,0.0924618
144-BINANCE-XAUUSDT-26JUN2026,144,Binance,XAU,XAUUSDT,2026-06-26,2026-06-02,6,0.0711458
144-BINANCE-XAUUSDT-26JUN2026,144,Binance,XAU,XAUUSDT,2026-06-26,2026-06-03,6,0.0965352
144-BINANCE-XAUUSDT-26JUN2026,144,Binance,XAU,XAUUSDT,2026-06-26,2026-06-04,6,0.0660577
144-BINANCE-XAUUSDT-26JUN2026,144,Binance,XAU,XAUUSDT,2026-06-26,2026-06-05,6,0.08553045
144-BINANCE-XAUUSDT-26JUN2026,144,Binance,XAU,XAUUSDT,2026-06-26,2026-06-06,6,0.0
144-BINANCE-XAUUSDT-26JUN2026,144,Binance,XAU,XAUUSDT,2026-06-26,2026-06-07,6,0.0
144-BINANCE-XAUUSDT-26JUN2026,144,Binance,XAU,XAUUSDT,2026-06-26,2026-06-08,6,0.0972652
144-BINANCE-XAUUSDT-26JUN2026,144,Binance,XAU,XAUUSDT,2026-06-26,2026-06-09,6,0.10879555
144-BINANCE-XAUUSDT-26JUN2026,144,Binance,XAU,XAUUSDT,2026-06-26,2026-06-10,6,0.32059774999999996
144-BINANCE-XAUUSDT-26JUN2026,144,Binance,XAU,XAUUSDT,2026-06-26,2026-06-11,6,0.20761200000000002
144-BINANCE-XAUUSDT-26JUN2026,144,Binance,XAU,XAUUSDT,2026-06-26,2026-06-12,6,0.0778618
144-BINANCE-XAUUSDT-26JUN2026,144,Binance,XAU,XAUUSDT,2026-06-26,2026-06-13,6,0.0
144-BINANCE-XAUUSDT-26JUN2026,144,Binance,XAU,XAUUSDT,2026-06-26,2026-06-14,6,0.0
144-BINANCE-XAUUSDT-26JUN2026,144,Binance,XAU,XAUUSDT,2026-06-26,2026-06-15,6,0.12179685
144-BINANCE-XAUUSDT-26JUN2026,144,Binance,XAU,XAUUSDT,2026-06-26,2026-06-16,6,0.0
144-BINANCE-XAUUSDT-26JUN2026,144,Binance,XAU,XAUUSDT,2026-06-26,2026-06-17,6,0.0021389
144-BINANCE-XAUUSDT-26JUN2026,144,Binance,XAU,XAUUSDT,2026-06-26,2026-06-18,6,0.03571525
144-BINANCE-XAUUSDT-26JUN2026,144,Binance,XAU,XAUUSDT,2026-06-26,2026-06-19,6,0.1516064
144-BINANCE-XAUUSDT-26JUN2026,144,Binance,XAU,XAUUSDT,2026-06-26,2026-06-20,6,0.0
144-BINANCE-XAUUSDT-26JUN2026,144,Binance,XAU,XAUUSDT,2026-06-26,2026-06-21,6,0.0
144-BINANCE-XAUUSDT-26JUN2026,144,Binance,XAU,XAUUSDT,2026-06-26,2026-06-22,6,0.04236555
144-BINANCE-XAUUSDT-26JUN2026,144,Binance,XAU,XAUUSDT,2026-06-26,2026-06-23,6,0.09780175
144-BINANCE-XAUUSDT-26JUN2026,144,Binance,XAU,XAUUSDT,2026-06-26,2026-06-24,6,0.2432871
144-BINANCE-XAUUSDT-26JUN2026,144,Binance,XAU,XAUUSDT,2026-06-26,2026-06-25,6,0.2333153
144-BINANCE-XAUUSDT-26JUN2026,144,Binance,XAU,XAUUSDT,2026-06-26,2026-06-26,1,0.1789668
145-HYPERLIQUID-xyzGOLD-26JUN2026,145,Hyperliquid,XAU,xyzGOLD,2026-06-26,2026-05-26,20,0.051418659600000007
145-HYPERLIQUID-xyzGOLD-26JUN2026,145,Hyperliquid,XAU,xyzGOLD,2026-06-26,2026-05-27,24,0.081640572
145-HYPERLIQUID-xyzGOLD-26JUN2026,145,Hyperliquid,XAU,xyzGOLD,2026-06-26,2026-05-28,24,0.1041689195
145-HYPERLIQUID-xyzGOLD-26JUN2026,145,Hyperliquid,XAU,xyzGOLD,2026-06-26,2026-05-29,24,0.054935237500000005
145-HYPERLIQUID-xyzGOLD-26JUN2026,145,Hyperliquid,XAU,xyzGOLD,2026-06-26,2026-05-30,24,0.0442248965
145-HYPERLIQUID-xyzGOLD-26JUN2026,145,Hyperliquid,XAU,xyzGOLD,2026-06-26,2026-05-31,24,0.061621088500000004
145-HYPERLIQUID-xyzGOLD-26JUN2026,145,Hyperliquid,XAU,xyzGOLD,2026-06-26,2026-06-01,24,0.059355716
145-HYPERLIQUID-xyzGOLD-26JUN2026,145,Hyperliquid,XAU,xyzGOLD,2026-06-26,2026-06-02,24,0.0598128055
145-HYPERLIQUID-xyzGOLD-26JUN2026,145,Hyperliquid,XAU,xyzGOLD,2026-06-26,2026-06-03,24,0.0751213435
145-HYPERLIQUID-xyzGOLD-26JUN2026,145,Hyperliquid,XAU,xyzGOLD,2026-06-26,2026-06-04,24,0.0885619575
145-HYPERLIQUID-xyzGOLD-26JUN2026,145,Hyperliquid,XAU,xyzGOLD,2026-06-26,2026-06-05,24,0.0897429515
145-HYPERLIQUID-xyzGOLD-26JUN2026,145,Hyperliquid,XAU,xyzGOLD,2026-06-26,2026-06-06,24,-6.712349999999983e-05
145-HYPERLIQUID-xyzGOLD-26JUN2026,145,Hyperliquid,XAU,xyzGOLD,2026-06-26,2026-06-07,24,0.034363582
145-HYPERLIQUID-xyzGOLD-26JUN2026,145,Hyperliquid,XAU,xyzGOLD,2026-06-26,2026-06-08,24,0.0571191785
145-HYPERLIQUID-xyzGOLD-26JUN2026,145,Hyperliquid,XAU,xyzGOLD,2026-06-26,2026-06-09,24,0.0548004065
145-HYPERLIQUID-xyzGOLD-26JUN2026,145,Hyperliquid,XAU,xyzGOLD,2026-06-26,2026-06-10,24,0.07487756
145-HYPERLIQUID-xyzGOLD-26JUN2026,145,Hyperliquid,XAU,xyzGOLD,2026-06-26,2026-06-11,24,0.073014235
145-HYPERLIQUID-xyzGOLD-26JUN2026,145,Hyperliquid,XAU,xyzGOLD,2026-06-26,2026-06-12,24,0.0656926635
145-HYPERLIQUID-xyzGOLD-26JUN2026,145,Hyperliquid,XAU,xyzGOLD,2026-06-26,2026-06-13,24,0.0563198285
145-HYPERLIQUID-xyzGOLD-26JUN2026,145,Hyperliquid,XAU,xyzGOLD,2026-06-26,2026-06-14,24,0.133881124
145-HYPERLIQUID-xyzGOLD-26JUN2026,145,Hyperliquid,XAU,xyzGOLD,2026-06-26,2026-06-15,24,0.08711553550000001
145-HYPERLIQUID-xyzGOLD-26JUN2026,145,Hyperliquid,XAU,xyzGOLD,2026-06-26,2026-06-16,24,0.05475
145-HYPERLIQUID-xyzGOLD-26JUN2026,145,Hyperliquid,XAU,xyzGOLD,2026-06-26,2026-06-17,24,0.087490281
145-HYPERLIQUID-xyzGOLD-26JUN2026,145,Hyperliquid,XAU,xyzGOLD,2026-06-26,2026-06-18,24,0.0627980675
145-HYPERLIQUID-xyzGOLD-26JUN2026,145,Hyperliquid,XAU,xyzGOLD,2026-06-26,2026-06-19,24,0.09138249500000001
145-HYPERLIQUID-xyzGOLD-26JUN2026,145,Hyperliquid,XAU,xyzGOLD,2026-06-26,2026-06-20,24,0.045073047
145-HYPERLIQUID-xyzGOLD-26JUN2026,145,Hyperliquid,XAU,xyzGOLD,2026-06-26,2026-06-21,24,0.0506265585
145-HYPERLIQUID-xyzGOLD-26JUN2026,145,Hyperliquid,XAU,xyzGOLD,2026-06-26,2026-06-22,24,0.149479764
145-HYPERLIQUID-xyzGOLD-26JUN2026,145,Hyperliquid,XAU,xyzGOLD,2026-06-26,2026-06-23,24,0.1284130225
145-HYPERLIQUID-xyzGOLD-26JUN2026,145,Hyperliquid,XAU,xyzGOLD,2026-06-26,2026-06-24,24,0.138984919
145-HYPERLIQUID-xyzGOLD-26JUN2026,145,Hyperliquid,XAU,xyzGOLD,2026-06-26,2026-06-25,24,0.1718001345
145-HYPERLIQUID-xyzGOLD-26JUN2026,145,Hyperliquid,XAU,xyzGOLD,2026-06-26,2026-06-26,1,0.200381496
146-BINANCE-XAGUSDT-26JUN2026,146,Binance,XAG,XAGUSDT,2026-06-26,2026-05-26,5,0.13726482
146-BINANCE-XAGUSDT-26JUN2026,146,Binance,XAG,XAGUSDT,2026-06-26,2026-05-27,6,0.29002900000000004
146-BINANCE-XAGUSDT-26JUN2026,146,Binance,XAG,XAGUSDT,2026-06-26,2026-05-28,6,0.0852713
146-BINANCE-XAGUSDT-26JUN2026,146,Binance,XAG,XAGUSDT,2026-06-26,2026-05-29,6,0.0618456
146-BINANCE-XAGUSDT-26JUN2026,146,Binance,XAG,XAGUSDT,2026-06-26,2026-05-30,6,0.0
146-BINANCE-XAGUSDT-26JUN2026,146,Binance,XAG,XAGUSDT,2026-06-26,2026-05-31,6,0.0
146-BINANCE-XAGUSDT-26JUN2026,146,Binance,XAG,XAGUSDT,2026-06-26,2026-06-01,6,0.15507390000000001
146-BINANCE-XAGUSDT-26JUN2026,146,Binance,XAG,XAGUSDT,2026-06-26,2026-06-02,6,0.23004855000000002
146-BINANCE-XAGUSDT-26JUN2026,146,Binance,XAG,XAGUSDT,2026-06-26,2026-06-03,6,0.18804435
146-BINANCE-XAGUSDT-26JUN2026,146,Binance,XAG,XAGUSDT,2026-06-26,2026-06-04,6,0.15722375
146-BINANCE-XAGUSDT-26JUN2026,146,Binance,XAG,XAGUSDT,2026-06-26,2026-06-05,6,0.0525527
146-BINANCE-XAGUSDT-26JUN2026,146,Binance,XAG,XAGUSDT,2026-06-26,2026-06-06,6,0.0
146-BINANCE-XAGUSDT-26JUN2026,146,Binance,XAG,XAGUSDT,2026-06-26,2026-06-07,6,-0.08363245000000001
146-BINANCE-XAGUSDT-26JUN2026,146,Binance,XAG,XAGUSDT,2026-06-26,2026-06-08,6,0.1823759
146-BINANCE-XAGUSDT-26JUN2026,146,Binance,XAG,XAGUSDT,2026-06-26,2026-06-09,6,0.2556022
146-BINANCE-XAGUSDT-26JUN2026,146,Binance,XAG,XAGUSDT,2026-06-26,2026-06-10,6,0.2477182
146-BINANCE-XAGUSDT-26JUN2026,146,Binance,XAG,XAGUSDT,2026-06-26,2026-06-11,6,0.1173986
146-BINANCE-XAGUSDT-26JUN2026,146,Binance,XAG,XAGUSDT,2026-06-26,2026-06-12,6,0.00411355
146-BINANCE-XAGUSDT-26JUN2026,146,Binance,XAG,XAGUSDT,2026-06-26,2026-06-13,6,0.0
146-BINANCE-XAGUSDT-26JUN2026,146,Binance,XAG,XAGUSDT,2026-06-26,2026-06-14,6,0.0
146-BINANCE-XAGUSDT-26JUN2026,146,Binance,XAG,XAGUSDT,2026-06-26,2026-06-15,6,0.1008276
146-BINANCE-XAGUSDT-26JUN2026,146,Binance,XAG,XAGUSDT,2026-06-26,2026-06-16,6,0.02189635
146-BINANCE-XAGUSDT-26JUN2026,146,Binance,XAG,XAGUSDT,2026-06-26,2026-06-17,6,0.01207055
146-BINANCE-XAGUSDT-26JUN2026,146,Binance,XAG,XAGUSDT,2026-06-26,2026-06-18,6,0.0944109
146-BINANCE-XAGUSDT-26JUN2026,146,Binance,XAG,XAGUSDT,2026-06-26,2026-06-19,6,0.17875875
146-BINANCE-XAGUSDT-26JUN2026,146,Binance,XAG,XAGUSDT,2026-06-26,2026-06-20,6,0.0
146-BINANCE-XAGUSDT-26JUN2026,146,Binance,XAG,XAGUSDT,2026-06-26,2026-06-21,6,-0.02931315
146-BINANCE-XAGUSDT-26JUN2026,146,Binance,XAG,XAGUSDT,2026-06-26,2026-06-22,6,0.18608795
146-BINANCE-XAGUSDT-26JUN2026,146,Binance,XAG,XAGUSDT,2026-06-26,2026-06-23,6,0.38075339999999996
146-BINANCE-XAGUSDT-26JUN2026,146,Binance,XAG,XAGUSDT,2026-06-26,2026-06-24,6,0.4776171
146-BINANCE-XAGUSDT-26JUN2026,146,Binance,XAG,XAGUSDT,2026-06-26,2026-06-25,6,0.40976725
146-BINANCE-XAGUSDT-26JUN2026,146,Binance,XAG,XAGUSDT,2026-06-26,2026-06-26,1,0.313389
147-HYPERLIQUID-xyzSILVER-26JUN2026,147,Hyperliquid,XAG,xyzSILVER,2026-06-26,2026-05-26,20,0.064879626
147-HYPERLIQUID-xyzSILVER-26JUN2026,147,Hyperliquid,XAG,xyzSILVER,2026-06-26,2026-05-27,24,0.129627487
147-HYPERLIQUID-xyzSILVER-26JUN2026,147,Hyperliquid,XAG,xyzSILVER,2026-06-26,2026-05-28,24,0.10729467
147-HYPERLIQUID-xyzSILVER-26JUN2026,147,Hyperliquid,XAG,xyzSILVER,2026-06-26,2026-05-29,24,0.072410379
147-HYPERLIQUID-xyzSILVER-26JUN2026,147,Hyperliquid,XAG,xyzSILVER,2026-06-26,2026-05-30,24,0.04833070850000001
147-HYPERLIQUID-xyzSILVER-26JUN2026,147,Hyperliquid,XAG,xyzSILVER,2026-06-26,2026-05-31,24,0.035257029
147-HYPERLIQUID-xyzSILVER-26JUN2026,147,Hyperliquid,XAG,xyzSILVER,2026-06-26,2026-06-01,24,0.096871657
147-HYPERLIQUID-xyzSILVER-26JUN2026,147,Hyperliquid,XAG,xyzSILVER,2026-06-26,2026-06-02,24,0.1172805225
147-HYPERLIQUID-xyzSILVER-26JUN2026,147,Hyperliquid,XAG,xyzSILVER,2026-06-26,2026-06-03,24,0.1405446005
147-HYPERLIQUID-xyzSILVER-26JUN2026,147,Hyperliquid,XAG,xyzSILVER,2026-06-26,2026-06-04,24,0.0962913435
147-HYPERLIQUID-xyzSILVER-26JUN2026,147,Hyperliquid,XAG,xyzSILVER,2026-06-26,2026-06-05,24,0.06739725
147-HYPERLIQUID-xyzSILVER-26JUN2026,147,Hyperliquid,XAG,xyzSILVER,2026-06-26,2026-06-06,24,0.010164082
147-HYPERLIQUID-xyzSILVER-26JUN2026,147,Hyperliquid,XAG,xyzSILVER,2026-06-26,2026-06-07,24,0.016057371999999997
147-HYPERLIQUID-xyzSILVER-26JUN2026,147,Hyperliquid,XAG,xyzSILVER,2026-06-26,2026-06-08,24,0.116784816
147-HYPERLIQUID-xyzSILVER-26JUN2026,147,Hyperliquid,XAG,xyzSILVER,2026-06-26,2026-06-09,24,0.13542671650000002
147-HYPERLIQUID-xyzSILVER-26JUN2026,147,Hyperliquid,XAG,xyzSILVER,2026-06-26,2026-06-10,24,0.13138649500000002
147-HYPERLIQUID-xyzSILVER-26JUN2026,147,Hyperliquid,XAG,xyzSILVER,2026-06-26,2026-06-11,24,0.0830952065
147-HYPERLIQUID-xyzSILVER-26JUN2026,147,Hyperliquid,XAG,xyzSILVER,2026-06-26,2026-06-12,24,0.0541062495
147-HYPERLIQUID-xyzSILVER-26JUN2026,147,Hyperliquid,XAG,xyzSILVER,2026-06-26,2026-06-13,24,0.0468169805
147-HYPERLIQUID-xyzSILVER-26JUN2026,147,Hyperliquid,XAG,xyzSILVER,2026-06-26,2026-06-14,24,0.1264355985
147-HYPERLIQUID-xyzSILVER-26JUN2026,147,Hyperliquid,XAG,xyzSILVER,2026-06-26,2026-06-15,24,0.089252866
147-HYPERLIQUID-xyzSILVER-26JUN2026,147,Hyperliquid,XAG,xyzSILVER,2026-06-26,2026-06-16,24,0.0581554865
147-HYPERLIQUID-xyzSILVER-26JUN2026,147,Hyperliquid,XAG,xyzSILVER,2026-06-26,2026-06-17,24,0.0560746945
147-HYPERLIQUID-xyzSILVER-26JUN2026,147,Hyperliquid,XAG,xyzSILVER,2026-06-26,2026-06-18,24,0.118509806
147-HYPERLIQUID-xyzSILVER-26JUN2026,147,Hyperliquid,XAG,xyzSILVER,2026-06-26,2026-06-19,24,0.156713042
147-HYPERLIQUID-xyzSILVER-26JUN2026,147,Hyperliquid,XAG,xyzSILVER,2026-06-26,2026-06-20,24,0.07333656649999999
147-HYPERLIQUID-xyzSILVER-26JUN2026,147,Hyperliquid,XAG,xyzSILVER,2026-06-26,2026-06-21,24,-0.0217183395
147-HYPERLIQUID-xyzSILVER-26JUN2026,147,Hyperliquid,XAG,xyzSILVER,2026-06-26,2026-06-22,24,0.1501465825
147-HYPERLIQUID-xyzSILVER-26JUN2026,147,Hyperliquid,XAG,xyzSILVER,2026-06-26,2026-06-23,24,0.3224773905
147-HYPERLIQUID-xyzSILVER-26JUN2026,147,Hyperliquid,XAG,xyzSILVER,2026-06-26,2026-06-24,24,0.3791718185
147-HYPERLIQUID-xyzSILVER-26JUN2026,147,Hyperliquid,XAG,xyzSILVER,2026-06-26,2026-06-25,24,0.1930808025
147-HYPERLIQUID-xyzSILVER-26JUN2026,147,Hyperliquid,XAG,xyzSILVER,2026-06-26,2026-06-26,1,0.119216592
148-HYPERLIQUID-xyzSP500-26JUN2026,148,Hyperliquid,S&P500,xyzSP500,2026-06-26,2026-05-26,20,0.0068164188000000014
148-HYPERLIQUID-xyzSP500-26JUN2026,148,Hyperliquid,S&P500,xyzSP500,2026-06-26,2026-05-27,24,0.045748808
148-HYPERLIQUID-xyzSP500-26JUN2026,148,Hyperliquid,S&P500,xyzSP500,2026-06-26,2026-05-28,24,-0.045451333000000003
148-HYPERLIQUID-xyzSP500-26JUN2026,148,Hyperliquid,S&P500,xyzSP500,2026-06-26,2026-05-29,24,-0.038323357499999995
148-HYPERLIQUID-xyzSP500-26JUN2026,148,Hyperliquid,S&P500,xyzSP500,2026-06-26,2026-05-30,24,0.033063963
148-HYPERLIQUID-xyzSP500-26JUN2026,148,Hyperliquid,S&P500,xyzSP500,2026-06-26,2026-05-31,24,0.0472630835
148-HYPERLIQUID-xyzSP500-26JUN2026,148,Hyperliquid,S&P500,xyzSP500,2026-06-26,2026-06-01,24,-0.0153723765
148-HYPERLIQUID-xyzSP500-26JUN2026,148,Hyperliquid,S&P500,xyzSP500,2026-06-26,2026-06-02,24,-0.1101776955
148-HYPERLIQUID-xyzSP500-26JUN2026,148,Hyperliquid,S&P500,xyzSP500,2026-06-26,2026-06-03,24,-0.11270616
148-HYPERLIQUID-xyzSP500-26JUN2026,148,Hyperliquid,S&P500,xyzSP500,2026-06-26,2026-06-04,24,-0.0843575955
148-HYPERLIQUID-xyzSP500-26JUN2026,148,Hyperliquid,S&P500,xyzSP500,2026-06-26,2026-06-05,24,0.005265270999999998
148-HYPERLIQUID-xyzSP500-26JUN2026,148,Hyperliquid,S&P500,xyzSP500,2026-06-26,2026-06-06,24,0.011989191499999996
148-HYPERLIQUID-xyzSP500-26JUN2026,148,Hyperliquid,S&P500,xyzSP500,2026-06-26,2026-06-07,24,0.009940665500000001
148-HYPERLIQUID-xyzSP500-26JUN2026,148,Hyperliquid,S&P500,xyzSP500,2026-06-26,2026-06-08,24,0.047874276
148-HYPERLIQUID-xyzSP500-26JUN2026,148,Hyperliquid,S&P500,xyzSP500,2026-06-26,2026-06-09,24,-0.126218752
148-HYPERLIQUID-xyzSP500-26JUN2026,148,Hyperliquid,S&P500,xyzSP500,2026-06-26,2026-06-10,24,-0.040604863
148-HYPERLIQUID-xyzSP500-26JUN2026,148,Hyperliquid,S&P500,xyzSP500,2026-06-26,2026-06-11,24,0.06015331399999999
148-HYPERLIQUID-xyzSP500-26JUN2026,148,Hyperliquid,S&P500,xyzSP500,2026-06-26,2026-06-12,24,0.050306818499999996
148-HYPERLIQUID-xyzSP500-26JUN2026,148,Hyperliquid,S&P500,xyzSP500,2026-06-26,2026-06-13,24,0.0220263265
148-HYPERLIQUID-xyzSP500-26JUN2026,148,Hyperliquid,S&P500,xyzSP500,2026-06-26,2026-06-14,24,0.087039725
148-HYPERLIQUID-xyzSP500-26JUN2026,148,Hyperliquid,S&P500,xyzSP500,2026-06-26,2026-06-15,24,0.06750959699999999
148-HYPERLIQUID-xyzSP500-26JUN2026,148,Hyperliquid,S&P500,xyzSP500,2026-06-26,2026-06-16,24,0.055932490499999994
148-HYPERLIQUID-xyzSP500-26JUN2026,148,Hyperliquid,S&P500,xyzSP500,2026-06-26,2026-06-17,24,0.0528060465
148-HYPERLIQUID-xyzSP500-26JUN2026,148,Hyperliquid,S&P500,xyzSP500,2026-06-26,2026-06-18,24,0.053307301
148-HYPERLIQUID-xyzSP500-26JUN2026,148,Hyperliquid,S&P500,xyzSP500,2026-06-26,2026-06-19,24,0.033142438
148-HYPERLIQUID-xyzSP500-26JUN2026,148,Hyperliquid,S&P500,xyzSP500,2026-06-26,2026-06-20,24,0.044907957500000005
148-HYPERLIQUID-xyzSP500-26JUN2026,148,Hyperliquid,S&P500,xyzSP500,2026-06-26,2026-06-21,24,0.010184741
148-HYPERLIQUID-xyzSP500-26JUN2026,148,Hyperliquid,S&P500,xyzSP500,2026-06-26,2026-06-22,24,-0.010579379
148-HYPERLIQUID-xyzSP500-26JUN2026,148,Hyperliquid,S&P500,xyzSP500,2026-06-26,2026-06-23,24,0.052176494500000004
148-HYPERLIQUID-xyzSP500-26JUN2026,148,Hyperliquid,S&P500,xyzSP500,2026-06-26,2026-06-24,24,-0.0415473295
148-HYPERLIQUID-xyzSP500-26JUN2026,148,Hyperliquid,S&P500,xyzSP500,2026-06-26,2026-06-25,24,-0.047172892
148-HYPERLIQUID-xyzSP500-26JUN2026,148,Hyperliquid,S&P500,xyzSP500,2026-06-26,2026-06-26,1,-0.026002308
149-LIGHTER-ETH-26JUN2026,149,Lighter,ETH,ETH,2026-06-26,2026-06-03,20,0.077964
149-LIGHTER-ETH-26JUN2026,149,Lighter,ETH,ETH,2026-06-26,2026-06-04,24,0.09855000000000001
149-LIGHTER-ETH-26JUN2026,149,Lighter,ETH,ETH,2026-06-26,2026-06-05,24,0.07811
149-LIGHTER-ETH-26JUN2026,149,Lighter,ETH,ETH,2026-06-26,2026-06-06,24,0.06497
149-LIGHTER-ETH-26JUN2026,149,Lighter,ETH,ETH,2026-06-26,2026-06-07,24,0.004015
149-LIGHTER-ETH-26JUN2026,149,Lighter,ETH,ETH,2026-06-26,2026-06-08,24,0.033945
149-LIGHTER-ETH-26JUN2026,149,Lighter,ETH,ETH,2026-06-26,2026-06-09,24,0.00511
149-LIGHTER-ETH-26JUN2026,149,Lighter,ETH,ETH,2026-06-26,2026-06-10,24,-0.027375
149-LIGHTER-ETH-26JUN2026,149,Lighter,ETH,ETH,2026-06-26,2026-06-11,24,0.02555
149-LIGHTER-ETH-26JUN2026,149,Lighter,ETH,ETH,2026-06-26,2026-06-12,24,-0.03212
149-LIGHTER-ETH-26JUN2026,149,Lighter,ETH,ETH,2026-06-26,2026-06-13,24,0.06497
149-LIGHTER-ETH-26JUN2026,149,Lighter,ETH,ETH,2026-06-26,2026-06-14,24,0.06862
149-LIGHTER-ETH-26JUN2026,149,Lighter,ETH,ETH,2026-06-26,2026-06-15,24,0.025914999999999997
149-LIGHTER-ETH-26JUN2026,149,Lighter,ETH,ETH,2026-06-26,2026-06-16,24,0.025915000000000004
149-LIGHTER-ETH-26JUN2026,149,Lighter,ETH,ETH,2026-06-26,2026-06-17,24,0.09125
149-LIGHTER-ETH-26JUN2026,149,Lighter,ETH,ETH,2026-06-26,2026-06-18,24,0.055115000000000004
149-LIGHTER-ETH-26JUN2026,149,Lighter,ETH,ETH,2026-06-26,2026-06-19,24,0.070445
149-LIGHTER-ETH-26JUN2026,149,Lighter,ETH,ETH,2026-06-26,2026-06-20,24,0.057305
149-LIGHTER-ETH-26JUN2026,149,Lighter,ETH,ETH,2026-06-26,2026-06-21,24,0.01387
149-LIGHTER-ETH-26JUN2026,149,Lighter,ETH,ETH,2026-06-26,2026-06-22,24,0.070445
149-LIGHTER-ETH-26JUN2026,149,Lighter,ETH,ETH,2026-06-26,2026-06-23,24,0.0029200000000000007
149-LIGHTER-ETH-26JUN2026,149,Lighter,ETH,ETH,2026-06-26,2026-06-24,24,0.003285000000000001
149-LIGHTER-ETH-26JUN2026,149,Lighter,ETH,ETH,2026-06-26,2026-06-25,24,0.037595
149-LIGHTER-ETH-26JUN2026,149,Lighter,ETH,ETH,2026-06-26,2026-06-26,1,0.07884
15-HYPERLIQUID-ETH-28NOV2025,15,Hyperliquid,ETH,ETH,2025-11-28,2025-10-17,10,0.0933953532
15-HYPERLIQUID-ETH-28NOV2025,15,Hyperliquid,ETH,ETH,2025-11-28,2025-10-18,24,0.10665730699999999
15-HYPERLIQUID-ETH-28NOV2025,15,Hyperliquid,ETH,ETH,2025-11-28,2025-10-19,24,-0.008265571000000001
15-HYPERLIQUID-ETH-28NOV2025,15,Hyperliquid,ETH,ETH,2025-11-28,2025-10-20,24,0.07726042600000001
15-HYPERLIQUID-ETH-28NOV2025,15,Hyperliquid,ETH,ETH,2025-11-28,2025-10-21,24,0.0956609155
15-HYPERLIQUID-ETH-28NOV2025,15,Hyperliquid,ETH,ETH,2025-11-28,2025-10-22,24,0.0009594025000000008
15-HYPERLIQUID-ETH-28NOV2025,15,Hyperliquid,ETH,ETH,2025-11-28,2025-10-23,24,0.0893459775
15-HYPERLIQUID-ETH-28NOV2025,15,Hyperliquid,ETH,ETH,2025-11-28,2025-10-24,24,0.1095
15-HYPERLIQUID-ETH-28NOV2025,15,Hyperliquid,ETH,ETH,2025-11-28,2025-10-25,24,0.1095
15-HYPERLIQUID-ETH-28NOV2025,15,Hyperliquid,ETH,ETH,2025-11-28,2025-10-26,24,0.1095
15-HYPERLIQUID-ETH-28NOV2025,15,Hyperliquid,ETH,ETH,2025-11-28,2025-10-27,24,0.1095
15-HYPERLIQUID-ETH-28NOV2025,15,Hyperliquid,ETH,ETH,2025-11-28,2025-10-28,24,0.1087543415
15-HYPERLIQUID-ETH-28NOV2025,15,Hyperliquid,ETH,ETH,2025-11-28,2025-10-29,24,0.038512172
15-HYPERLIQUID-ETH-28NOV2025,15,Hyperliquid,ETH,ETH,2025-11-28,2025-10-30,24,0.1095
15-HYPERLIQUID-ETH-28NOV2025,15,Hyperliquid,ETH,ETH,2025-11-28,2025-10-31,24,0.08688693600000001
15-HYPERLIQUID-ETH-28NOV2025,15,Hyperliquid,ETH,ETH,2025-11-28,2025-11-01,24,0.0366839235
15-HYPERLIQUID-ETH-28NOV2025,15,Hyperliquid,ETH,ETH,2025-11-28,2025-11-02,24,0.0547563875
15-HYPERLIQUID-ETH-28NOV2025,15,Hyperliquid,ETH,ETH,2025-11-28,2025-11-03,24,-0.0025683225
15-HYPERLIQUID-ETH-28NOV2025,15,Hyperliquid,ETH,ETH,2025-11-28,2025-11-04,24,0.0112361235
15-HYPERLIQUID-ETH-28NOV2025,15,Hyperliquid,ETH,ETH,2025-11-28,2025-11-05,24,0.055942746999999994
15-HYPERLIQUID-ETH-28NOV2025,15,Hyperliquid,ETH,ETH,2025-11-28,2025-11-06,24,0.07889613699999999
15-HYPERLIQUID-ETH-28NOV2025,15,Hyperliquid,ETH,ETH,2025-11-28,2025-11-07,24,0.060101192
15-HYPERLIQUID-ETH-28NOV2025,15,Hyperliquid,ETH,ETH,2025-11-28,2025-11-08,24,0.1095
15-HYPERLIQUID-ETH-28NOV2025,15,Hyperliquid,ETH,ETH,2025-11-28,2025-11-09,24,0.1095
15-HYPERLIQUID-ETH-28NOV2025,15,Hyperliquid,ETH,ETH,2025-11-28,2025-11-10,24,0.1095
15-HYPERLIQUID-ETH-28NOV2025,15,Hyperliquid,ETH,ETH,2025-11-28,2025-11-11,24,0.045017421
15-HYPERLIQUID-ETH-28NOV2025,15,Hyperliquid,ETH,ETH,2025-11-28,2025-11-12,24,-0.022059943
15-HYPERLIQUID-ETH-28NOV2025,15,Hyperliquid,ETH,ETH,2025-11-28,2025-11-13,24,0.092752997
15-HYPERLIQUID-ETH-28NOV2025,15,Hyperliquid,ETH,ETH,2025-11-28,2025-11-14,24,0.1095
15-HYPERLIQUID-ETH-28NOV2025,15,Hyperliquid,ETH,ETH,2025-11-28,2025-11-15,24,0.1095
15-HYPERLIQUID-ETH-28NOV2025,15,Hyperliquid,ETH,ETH,2025-11-28,2025-11-16,24,0.1095
15-HYPERLIQUID-ETH-28NOV2025,15,Hyperliquid,ETH,ETH,2025-11-28,2025-11-17,24,0.1095
15-HYPERLIQUID-ETH-28NOV2025,15,Hyperliquid,ETH,ETH,2025-11-28,2025-11-18,24,0.11573350649999999
15-HYPERLIQUID-ETH-28NOV2025,15,Hyperliquid,ETH,ETH,2025-11-28,2025-11-19,24,0.1095
15-HYPERLIQUID-ETH-28NOV2025,15,Hyperliquid,ETH,ETH,2025-11-28,2025-11-20,24,0.1095
15-HYPERLIQUID-ETH-28NOV2025,15,Hyperliquid,ETH,ETH,2025-11-28,2025-11-21,24,0.097895409
15-HYPERLIQUID-ETH-28NOV2025,15,Hyperliquid,ETH,ETH,2025-11-28,2025-11-22,24,0.10086023100000001
15-HYPERLIQUID-ETH-28NOV2025,15,Hyperliquid,ETH,ETH,2025-11-28,2025-11-23,24,0.09341182199999999
15-HYPERLIQUID-ETH-28NOV2025,15,Hyperliquid,ETH,ETH,2025-11-28,2025-11-24,24,0.0982905215
15-HYPERLIQUID-ETH-28NOV2025,15,Hyperliquid,ETH,ETH,2025-11-28,2025-11-25,24,0.1095
15-HYPERLIQUID-ETH-28NOV2025,15,Hyperliquid,ETH,ETH,2025-11-28,2025-11-26,24,0.10505119750000001
15-HYPERLIQUID-ETH-28NOV2025,15,Hyperliquid,ETH,ETH,2025-11-28,2025-11-27,24,0.105776562
15-HYPERLIQUID-ETH-28NOV2025,15,Hyperliquid,ETH,ETH,2025-11-28,2025-11-28,1,0.1095
150-KUCOIN-ETHUSDT-26JUN2026,150,KuCoin,ETH,ETHUSDT,2026-06-26,2026-06-03,3,0.04270499999999999
150-KUCOIN-ETHUSDT-26JUN2026,150,KuCoin,ETH,ETHUSDT,2026-06-26,2026-06-04,3,0.052195
150-KUCOIN-ETHUSDT-26JUN2026,150,KuCoin,ETH,ETHUSDT,2026-06-26,2026-06-05,3,0.021900000000000003
150-KUCOIN-ETHUSDT-26JUN2026,150,KuCoin,ETH,ETHUSDT,2026-06-26,2026-06-06,3,-0.029564999999999998
150-KUCOIN-ETHUSDT-26JUN2026,150,KuCoin,ETH,ETHUSDT,2026-06-26,2026-06-07,3,-0.05256
150-KUCOIN-ETHUSDT-26JUN2026,150,KuCoin,ETH,ETHUSDT,2026-06-26,2026-06-08,3,-0.095995
150-KUCOIN-ETHUSDT-26JUN2026,150,KuCoin,ETH,ETHUSDT,2026-06-26,2026-06-09,3,-0.07665000000000001
150-KUCOIN-ETHUSDT-26JUN2026,150,KuCoin,ETH,ETHUSDT,2026-06-26,2026-06-10,3,-0.050005
150-KUCOIN-ETHUSDT-26JUN2026,150,KuCoin,ETH,ETHUSDT,2026-06-26,2026-06-11,3,-0.01825
150-KUCOIN-ETHUSDT-26JUN2026,150,KuCoin,ETH,ETHUSDT,2026-06-26,2026-06-12,3,-0.0292
150-KUCOIN-ETHUSDT-26JUN2026,150,KuCoin,ETH,ETHUSDT,2026-06-26,2026-06-13,3,0.02993
150-KUCOIN-ETHUSDT-26JUN2026,150,KuCoin,ETH,ETHUSDT,2026-06-26,2026-06-14,3,0.038325
150-KUCOIN-ETHUSDT-26JUN2026,150,KuCoin,ETH,ETHUSDT,2026-06-26,2026-06-15,3,0.042339999999999996
150-KUCOIN-ETHUSDT-26JUN2026,150,KuCoin,ETH,ETHUSDT,2026-06-26,2026-06-16,3,0.006205000000000002
150-KUCOIN-ETHUSDT-26JUN2026,150,KuCoin,ETH,ETHUSDT,2026-06-26,2026-06-17,3,0.024455
150-KUCOIN-ETHUSDT-26JUN2026,150,KuCoin,ETH,ETHUSDT,2026-06-26,2026-06-18,3,0.04307
150-KUCOIN-ETHUSDT-26JUN2026,150,KuCoin,ETH,ETHUSDT,2026-06-26,2026-06-19,3,0.05219499999999999
150-KUCOIN-ETHUSDT-26JUN2026,150,KuCoin,ETH,ETHUSDT,2026-06-26,2026-06-20,3,0.029930000000000002
150-KUCOIN-ETHUSDT-26JUN2026,150,KuCoin,ETH,ETHUSDT,2026-06-26,2026-06-21,3,-0.02044
150-KUCOIN-ETHUSDT-26JUN2026,150,KuCoin,ETH,ETHUSDT,2026-06-26,2026-06-22,3,0.025915000000000004
150-KUCOIN-ETHUSDT-26JUN2026,150,KuCoin,ETH,ETHUSDT,2026-06-26,2026-06-23,3,0.0876
150-KUCOIN-ETHUSDT-26JUN2026,150,KuCoin,ETH,ETHUSDT,2026-06-26,2026-06-24,3,0.083585
150-KUCOIN-ETHUSDT-26JUN2026,150,KuCoin,ETH,ETHUSDT,2026-06-26,2026-06-25,3,0.041975000000000005
150-KUCOIN-ETHUSDT-26JUN2026,150,KuCoin,ETH,ETHUSDT,2026-06-26,2026-06-26,1,0.03504
151-KUCOIN-BTCUSDT-26JUN2026,151,KuCoin,BTC,BTCUSDT,2026-06-26,2026-06-03,3,0.044895
151-KUCOIN-BTCUSDT-26JUN2026,151,KuCoin,BTC,BTCUSDT,2026-06-26,2026-06-04,3,0.032485
151-KUCOIN-BTCUSDT-26JUN2026,151,KuCoin,BTC,BTCUSDT,2026-06-26,2026-06-05,3,0.025185
151-KUCOIN-BTCUSDT-26JUN2026,151,KuCoin,BTC,BTCUSDT,2026-06-26,2026-06-06,3,0.0073
151-KUCOIN-BTCUSDT-26JUN2026,151,KuCoin,BTC,BTCUSDT,2026-06-26,2026-06-07,3,0.00949
151-KUCOIN-BTCUSDT-26JUN2026,151,KuCoin,BTC,BTCUSDT,2026-06-26,2026-06-08,3,0.01387
151-KUCOIN-BTCUSDT-26JUN2026,151,KuCoin,BTC,BTCUSDT,2026-06-26,2026-06-09,3,0.039055
151-KUCOIN-BTCUSDT-26JUN2026,151,KuCoin,BTC,BTCUSDT,2026-06-26,2026-06-10,3,0.01022
151-KUCOIN-BTCUSDT-26JUN2026,151,KuCoin,BTC,BTCUSDT,2026-06-26,2026-06-11,3,-0.014235
151-KUCOIN-BTCUSDT-26JUN2026,151,KuCoin,BTC,BTCUSDT,2026-06-26,2026-06-12,3,-0.00949
151-KUCOIN-BTCUSDT-26JUN2026,151,KuCoin,BTC,BTCUSDT,2026-06-26,2026-06-13,3,0.032485
151-KUCOIN-BTCUSDT-26JUN2026,151,KuCoin,BTC,BTCUSDT,2026-06-26,2026-06-14,3,-0.00949
151-KUCOIN-BTCUSDT-26JUN2026,151,KuCoin,BTC,BTCUSDT,2026-06-26,2026-06-15,3,-0.045625
151-KUCOIN-BTCUSDT-26JUN2026,151,KuCoin,BTC,BTCUSDT,2026-06-26,2026-06-16,3,-0.12921000000000002
151-KUCOIN-BTCUSDT-26JUN2026,151,KuCoin,BTC,BTCUSDT,2026-06-26,2026-06-17,3,0.0029199999999999994
151-KUCOIN-BTCUSDT-26JUN2026,151,KuCoin,BTC,BTCUSDT,2026-06-26,2026-06-18,3,0.006935
151-KUCOIN-BTCUSDT-26JUN2026,151,KuCoin,BTC,BTCUSDT,2026-06-26,2026-06-19,3,-0.005110000000000001
151-KUCOIN-BTCUSDT-26JUN2026,151,KuCoin,BTC,BTCUSDT,2026-06-26,2026-06-20,3,-0.014235
151-KUCOIN-BTCUSDT-26JUN2026,151,KuCoin,BTC,BTCUSDT,2026-06-26,2026-06-21,3,-0.044165
151-KUCOIN-BTCUSDT-26JUN2026,151,KuCoin,BTC,BTCUSDT,2026-06-26,2026-06-22,3,-0.04088
151-KUCOIN-BTCUSDT-26JUN2026,151,KuCoin,BTC,BTCUSDT,2026-06-26,2026-06-23,3,0.01241
151-KUCOIN-BTCUSDT-26JUN2026,151,KuCoin,BTC,BTCUSDT,2026-06-26,2026-06-24,3,0.01387
151-KUCOIN-BTCUSDT-26JUN2026,151,KuCoin,BTC,BTCUSDT,2026-06-26,2026-06-25,3,-0.021535
151-KUCOIN-BTCUSDT-26JUN2026,151,KuCoin,BTC,BTCUSDT,2026-06-26,2026-06-26,1,0.014235
152-HYPERLIQUID-xyzCL-17JUL2026,152,Hyperliquid,CLOIL,xyzCL,2026-07-17,2026-06-09,20,-0.9275037192
152-HYPERLIQUID-xyzCL-17JUL2026,152,Hyperliquid,CLOIL,xyzCL,2026-07-17,2026-06-10,24,-0.868273169
152-HYPERLIQUID-xyzCL-17JUL2026,152,Hyperliquid,CLOIL,xyzCL,2026-07-17,2026-06-11,24,-0.7406640590000001
152-HYPERLIQUID-xyzCL-17JUL2026,152,Hyperliquid,CLOIL,xyzCL,2026-07-17,2026-06-12,24,0.1538706775
152-HYPERLIQUID-xyzCL-17JUL2026,152,Hyperliquid,CLOIL,xyzCL,2026-07-17,2026-06-13,24,-0.1256528925
152-HYPERLIQUID-xyzCL-17JUL2026,152,Hyperliquid,CLOIL,xyzCL,2026-07-17,2026-06-14,24,-0.2516014715
152-HYPERLIQUID-xyzCL-17JUL2026,152,Hyperliquid,CLOIL,xyzCL,2026-07-17,2026-06-15,24,0.10544339000000001
152-HYPERLIQUID-xyzCL-17JUL2026,152,Hyperliquid,CLOIL,xyzCL,2026-07-17,2026-06-16,24,0.1396969245
152-HYPERLIQUID-xyzCL-17JUL2026,152,Hyperliquid,CLOIL,xyzCL,2026-07-17,2026-06-17,24,0.0681176505
152-HYPERLIQUID-xyzCL-17JUL2026,152,Hyperliquid,CLOIL,xyzCL,2026-07-17,2026-06-18,24,0.0355176755
152-HYPERLIQUID-xyzCL-17JUL2026,152,Hyperliquid,CLOIL,xyzCL,2026-07-17,2026-06-19,24,0.154608233
152-HYPERLIQUID-xyzCL-17JUL2026,152,Hyperliquid,CLOIL,xyzCL,2026-07-17,2026-06-20,24,0.1269572565
152-HYPERLIQUID-xyzCL-17JUL2026,152,Hyperliquid,CLOIL,xyzCL,2026-07-17,2026-06-21,24,0.198774255
152-HYPERLIQUID-xyzCL-17JUL2026,152,Hyperliquid,CLOIL,xyzCL,2026-07-17,2026-06-22,24,0.24799501599999998
152-HYPERLIQUID-xyzCL-17JUL2026,152,Hyperliquid,CLOIL,xyzCL,2026-07-17,2026-06-23,24,0.087416113
152-HYPERLIQUID-xyzCL-17JUL2026,152,Hyperliquid,CLOIL,xyzCL,2026-07-17,2026-06-24,24,0.1153019305
152-HYPERLIQUID-xyzCL-17JUL2026,152,Hyperliquid,CLOIL,xyzCL,2026-07-17,2026-06-25,24,0.0964946485
152-HYPERLIQUID-xyzCL-17JUL2026,152,Hyperliquid,CLOIL,xyzCL,2026-07-17,2026-06-26,24,0.169468843
152-HYPERLIQUID-xyzCL-17JUL2026,152,Hyperliquid,CLOIL,xyzCL,2026-07-17,2026-06-27,24,0.104094715
152-HYPERLIQUID-xyzCL-17JUL2026,152,Hyperliquid,CLOIL,xyzCL,2026-07-17,2026-06-28,24,-0.0875819325
152-HYPERLIQUID-xyzCL-17JUL2026,152,Hyperliquid,CLOIL,xyzCL,2026-07-17,2026-06-29,24,0.1481293735
152-HYPERLIQUID-xyzCL-17JUL2026,152,Hyperliquid,CLOIL,xyzCL,2026-07-17,2026-06-30,24,0.163096746
152-HYPERLIQUID-xyzCL-17JUL2026,152,Hyperliquid,CLOIL,xyzCL,2026-07-17,2026-07-01,24,0.1248340515
152-HYPERLIQUID-xyzCL-17JUL2026,152,Hyperliquid,CLOIL,xyzCL,2026-07-17,2026-07-02,24,0.090387286
152-HYPERLIQUID-xyzCL-17JUL2026,152,Hyperliquid,CLOIL,xyzCL,2026-07-17,2026-07-03,5,0.05475
153-HYPERLIQUID-xyzBRENTOIL-17JUL2026,153,Hyperliquid,BRENTOIL,xyzBRENTOIL,2026-07-17,2026-06-09,20,-0.8234227428
153-HYPERLIQUID-xyzBRENTOIL-17JUL2026,153,Hyperliquid,BRENTOIL,xyzBRENTOIL,2026-07-17,2026-06-10,24,-0.6535457495
153-HYPERLIQUID-xyzBRENTOIL-17JUL2026,153,Hyperliquid,BRENTOIL,xyzBRENTOIL,2026-07-17,2026-06-11,24,-0.4401306875
153-HYPERLIQUID-xyzBRENTOIL-17JUL2026,153,Hyperliquid,BRENTOIL,xyzBRENTOIL,2026-07-17,2026-06-12,24,0.09761187700000001
153-HYPERLIQUID-xyzBRENTOIL-17JUL2026,153,Hyperliquid,BRENTOIL,xyzBRENTOIL,2026-07-17,2026-06-13,24,-0.10186774050000001
153-HYPERLIQUID-xyzBRENTOIL-17JUL2026,153,Hyperliquid,BRENTOIL,xyzBRENTOIL,2026-07-17,2026-06-14,24,-0.25106681950000004
153-HYPERLIQUID-xyzBRENTOIL-17JUL2026,153,Hyperliquid,BRENTOIL,xyzBRENTOIL,2026-07-17,2026-06-15,24,0.1316501345
153-HYPERLIQUID-xyzBRENTOIL-17JUL2026,153,Hyperliquid,BRENTOIL,xyzBRENTOIL,2026-07-17,2026-06-16,24,0.138249006
153-HYPERLIQUID-xyzBRENTOIL-17JUL2026,153,Hyperliquid,BRENTOIL,xyzBRENTOIL,2026-07-17,2026-06-17,24,0.081303239
153-HYPERLIQUID-xyzBRENTOIL-17JUL2026,153,Hyperliquid,BRENTOIL,xyzBRENTOIL,2026-07-17,2026-06-18,24,0.0708511355
153-HYPERLIQUID-xyzBRENTOIL-17JUL2026,153,Hyperliquid,BRENTOIL,xyzBRENTOIL,2026-07-17,2026-06-19,24,0.2298033065
153-HYPERLIQUID-xyzBRENTOIL-17JUL2026,153,Hyperliquid,BRENTOIL,xyzBRENTOIL,2026-07-17,2026-06-20,24,0.10526694900000001
153-HYPERLIQUID-xyzBRENTOIL-17JUL2026,153,Hyperliquid,BRENTOIL,xyzBRENTOIL,2026-07-17,2026-06-21,24,0.2106107305
153-HYPERLIQUID-xyzBRENTOIL-17JUL2026,153,Hyperliquid,BRENTOIL,xyzBRENTOIL,2026-07-17,2026-06-22,24,0.1527239205
153-HYPERLIQUID-xyzBRENTOIL-17JUL2026,153,Hyperliquid,BRENTOIL,xyzBRENTOIL,2026-07-17,2026-06-23,24,0.18570991950000001
153-HYPERLIQUID-xyzBRENTOIL-17JUL2026,153,Hyperliquid,BRENTOIL,xyzBRENTOIL,2026-07-17,2026-06-24,24,0.20880135249999998
153-HYPERLIQUID-xyzBRENTOIL-17JUL2026,153,Hyperliquid,BRENTOIL,xyzBRENTOIL,2026-07-17,2026-06-25,24,0.16830734
153-HYPERLIQUID-xyzBRENTOIL-17JUL2026,153,Hyperliquid,BRENTOIL,xyzBRENTOIL,2026-07-17,2026-06-26,24,0.15760232799999999
153-HYPERLIQUID-xyzBRENTOIL-17JUL2026,153,Hyperliquid,BRENTOIL,xyzBRENTOIL,2026-07-17,2026-06-27,24,0.11738936550000001
153-HYPERLIQUID-xyzBRENTOIL-17JUL2026,153,Hyperliquid,BRENTOIL,xyzBRENTOIL,2026-07-17,2026-06-28,24,-0.08788254649999999
153-HYPERLIQUID-xyzBRENTOIL-17JUL2026,153,Hyperliquid,BRENTOIL,xyzBRENTOIL,2026-07-17,2026-06-29,24,0.24186338100000002
153-HYPERLIQUID-xyzBRENTOIL-17JUL2026,153,Hyperliquid,BRENTOIL,xyzBRENTOIL,2026-07-17,2026-06-30,24,0.14628794850000001
153-HYPERLIQUID-xyzBRENTOIL-17JUL2026,153,Hyperliquid,BRENTOIL,xyzBRENTOIL,2026-07-17,2026-07-01,24,0.157974555
153-HYPERLIQUID-xyzBRENTOIL-17JUL2026,153,Hyperliquid,BRENTOIL,xyzBRENTOIL,2026-07-17,2026-07-02,24,0.147091131
153-HYPERLIQUID-xyzBRENTOIL-17JUL2026,153,Hyperliquid,BRENTOIL,xyzBRENTOIL,2026-07-17,2026-07-03,5,0.08127054959999999
154-BINANCE-ETHUSDT-31JUL2026,154,Binance,ETH,ETHUSDT,2026-07-31,2026-06-11,3,-0.006124699999999999
154-BINANCE-ETHUSDT-31JUL2026,154,Binance,ETH,ETHUSDT,2026-07-31,2026-06-12,3,-0.038230099999999996
154-BINANCE-ETHUSDT-31JUL2026,154,Binance,ETH,ETHUSDT,2026-07-31,2026-06-13,3,0.02042175
154-BINANCE-ETHUSDT-31JUL2026,154,Binance,ETH,ETHUSDT,2026-07-31,2026-06-14,3,-0.01329695
154-BINANCE-ETHUSDT-31JUL2026,154,Binance,ETH,ETHUSDT,2026-07-31,2026-06-15,3,0.0330033
154-BINANCE-ETHUSDT-31JUL2026,154,Binance,ETH,ETHUSDT,2026-07-31,2026-06-16,3,0.01481535
154-BINANCE-ETHUSDT-31JUL2026,154,Binance,ETH,ETHUSDT,2026-07-31,2026-06-17,3,0.016936
154-BINANCE-ETHUSDT-31JUL2026,154,Binance,ETH,ETHUSDT,2026-07-31,2026-06-18,3,0.016884899999999998
154-BINANCE-ETHUSDT-31JUL2026,154,Binance,ETH,ETHUSDT,2026-07-31,2026-06-19,3,0.016268050000000003
154-BINANCE-ETHUSDT-31JUL2026,154,Binance,ETH,ETHUSDT,2026-07-31,2026-06-20,3,0.0324266
154-BINANCE-ETHUSDT-31JUL2026,154,Binance,ETH,ETHUSDT,2026-07-31,2026-06-21,3,0.022816149999999997
154-BINANCE-ETHUSDT-31JUL2026,154,Binance,ETH,ETHUSDT,2026-07-31,2026-06-22,3,0.0241265
154-BINANCE-ETHUSDT-31JUL2026,154,Binance,ETH,ETHUSDT,2026-07-31,2026-06-23,3,-0.00419385
154-BINANCE-ETHUSDT-31JUL2026,154,Binance,ETH,ETHUSDT,2026-07-31,2026-06-24,3,0.0249441
154-BINANCE-ETHUSDT-31JUL2026,154,Binance,ETH,ETHUSDT,2026-07-31,2026-06-25,3,-0.012085149999999998
154-BINANCE-ETHUSDT-31JUL2026,154,Binance,ETH,ETHUSDT,2026-07-31,2026-06-26,3,-0.01135515
154-BINANCE-ETHUSDT-31JUL2026,154,Binance,ETH,ETHUSDT,2026-07-31,2026-06-27,3,0.010873349999999999
154-BINANCE-ETHUSDT-31JUL2026,154,Binance,ETH,ETHUSDT,2026-07-31,2026-06-28,3,-0.0234038
154-BINANCE-ETHUSDT-31JUL2026,154,Binance,ETH,ETHUSDT,2026-07-31,2026-06-29,3,0.00793875
154-BINANCE-ETHUSDT-31JUL2026,154,Binance,ETH,ETHUSDT,2026-07-31,2026-06-30,3,0.04421975
154-BINANCE-ETHUSDT-31JUL2026,154,Binance,ETH,ETHUSDT,2026-07-31,2026-07-01,3,0.049486699999999995
154-BINANCE-ETHUSDT-31JUL2026,154,Binance,ETH,ETHUSDT,2026-07-31,2026-07-02,3,0.05219864999999999
154-BINANCE-ETHUSDT-31JUL2026,154,Binance,ETH,ETHUSDT,2026-07-31,2026-07-03,1,0.08581515
155-HYPERLIQUID-ETH-31JUL2026,155,Hyperliquid,ETH,ETH,2026-07-31,2026-06-11,20,0.009574329599999999
155-HYPERLIQUID-ETH-31JUL2026,155,Hyperliquid,ETH,ETH,2026-07-31,2026-06-12,24,0.0009366995000000002
155-HYPERLIQUID-ETH-31JUL2026,155,Hyperliquid,ETH,ETH,2026-07-31,2026-06-13,24,0.0948196635
155-HYPERLIQUID-ETH-31JUL2026,155,Hyperliquid,ETH,ETH,2026-07-31,2026-06-14,24,0.104912972
155-HYPERLIQUID-ETH-31JUL2026,155,Hyperliquid,ETH,ETH,2026-07-31,2026-06-15,24,0.10948507149999999
155-HYPERLIQUID-ETH-31JUL2026,155,Hyperliquid,ETH,ETH,2026-07-31,2026-06-16,24,0.099514695
155-HYPERLIQUID-ETH-31JUL2026,155,Hyperliquid,ETH,ETH,2026-07-31,2026-06-17,24,0.099521776
155-HYPERLIQUID-ETH-31JUL2026,155,Hyperliquid,ETH,ETH,2026-07-31,2026-06-18,24,0.104521619
155-HYPERLIQUID-ETH-31JUL2026,155,Hyperliquid,ETH,ETH,2026-07-31,2026-06-19,24,0.1095
155-HYPERLIQUID-ETH-31JUL2026,155,Hyperliquid,ETH,ETH,2026-07-31,2026-06-20,24,0.1089804955
155-HYPERLIQUID-ETH-31JUL2026,155,Hyperliquid,ETH,ETH,2026-07-31,2026-06-21,24,0.0212069745
155-HYPERLIQUID-ETH-31JUL2026,155,Hyperliquid,ETH,ETH,2026-07-31,2026-06-22,24,0.082592127
155-HYPERLIQUID-ETH-31JUL2026,155,Hyperliquid,ETH,ETH,2026-07-31,2026-06-23,24,-0.006674134500000001
155-HYPERLIQUID-ETH-31JUL2026,155,Hyperliquid,ETH,ETH,2026-07-31,2026-06-24,24,0.0038843665000000004
155-HYPERLIQUID-ETH-31JUL2026,155,Hyperliquid,ETH,ETH,2026-07-31,2026-06-25,24,-0.073339815
155-HYPERLIQUID-ETH-31JUL2026,155,Hyperliquid,ETH,ETH,2026-07-31,2026-06-26,24,-0.12426472449999999
155-HYPERLIQUID-ETH-31JUL2026,155,Hyperliquid,ETH,ETH,2026-07-31,2026-06-27,24,-0.0731846535
155-HYPERLIQUID-ETH-31JUL2026,155,Hyperliquid,ETH,ETH,2026-07-31,2026-06-28,24,-0.0939767325
155-HYPERLIQUID-ETH-31JUL2026,155,Hyperliquid,ETH,ETH,2026-07-31,2026-06-29,24,-0.0164600765
155-HYPERLIQUID-ETH-31JUL2026,155,Hyperliquid,ETH,ETH,2026-07-31,2026-06-30,24,0.050787633
155-HYPERLIQUID-ETH-31JUL2026,155,Hyperliquid,ETH,ETH,2026-07-31,2026-07-01,24,0.08023284
155-HYPERLIQUID-ETH-31JUL2026,155,Hyperliquid,ETH,ETH,2026-07-31,2026-07-02,24,0.1075883125
155-HYPERLIQUID-ETH-31JUL2026,155,Hyperliquid,ETH,ETH,2026-07-31,2026-07-03,5,0.1095
156-BINANCE-BTCUSDT-31JUL2026,156,Binance,BTC,BTCUSDT,2026-07-31,2026-06-11,3,0.019202649999999998
156-BINANCE-BTCUSDT-31JUL2026,156,Binance,BTC,BTCUSDT,2026-07-31,2026-06-12,3,0.00723795
156-BINANCE-BTCUSDT-31JUL2026,156,Binance,BTC,BTCUSDT,2026-07-31,2026-06-13,3,0.02319575
156-BINANCE-BTCUSDT-31JUL2026,156,Binance,BTC,BTCUSDT,2026-07-31,2026-06-14,3,-0.045376799999999995
156-BINANCE-BTCUSDT-31JUL2026,156,Binance,BTC,BTCUSDT,2026-07-31,2026-06-15,3,-0.0096725
156-BINANCE-BTCUSDT-31JUL2026,156,Binance,BTC,BTCUSDT,2026-07-31,2026-06-16,3,-0.0047158
156-BINANCE-BTCUSDT-31JUL2026,156,Binance,BTC,BTCUSDT,2026-07-31,2026-06-17,3,-0.026681499999999997
156-BINANCE-BTCUSDT-31JUL2026,156,Binance,BTC,BTCUSDT,2026-07-31,2026-06-18,3,0.0197246
156-BINANCE-BTCUSDT-31JUL2026,156,Binance,BTC,BTCUSDT,2026-07-31,2026-06-19,3,0.0395879
156-BINANCE-BTCUSDT-31JUL2026,156,Binance,BTC,BTCUSDT,2026-07-31,2026-06-20,3,0.0453768
156-BINANCE-BTCUSDT-31JUL2026,156,Binance,BTC,BTCUSDT,2026-07-31,2026-06-21,3,0.02920365
156-BINANCE-BTCUSDT-31JUL2026,156,Binance,BTC,BTCUSDT,2026-07-31,2026-06-22,3,0.04708135
156-BINANCE-BTCUSDT-31JUL2026,156,Binance,BTC,BTCUSDT,2026-07-31,2026-06-23,3,0.013895550000000001
156-BINANCE-BTCUSDT-31JUL2026,156,Binance,BTC,BTCUSDT,2026-07-31,2026-06-24,3,0.01574975
156-BINANCE-BTCUSDT-31JUL2026,156,Binance,BTC,BTCUSDT,2026-07-31,2026-06-25,3,-0.006007899999999999
156-BINANCE-BTCUSDT-31JUL2026,156,Binance,BTC,BTCUSDT,2026-07-31,2026-06-26,3,0.0675615
156-BINANCE-BTCUSDT-31JUL2026,156,Binance,BTC,BTCUSDT,2026-07-31,2026-06-27,3,0.04847565
156-BINANCE-BTCUSDT-31JUL2026,156,Binance,BTC,BTCUSDT,2026-07-31,2026-06-28,3,0.03665695
156-BINANCE-BTCUSDT-31JUL2026,156,Binance,BTC,BTCUSDT,2026-07-31,2026-06-29,3,0.0701311
156-BINANCE-BTCUSDT-31JUL2026,156,Binance,BTC,BTCUSDT,2026-07-31,2026-06-30,3,0.06515615000000001
156-BINANCE-BTCUSDT-31JUL2026,156,Binance,BTC,BTCUSDT,2026-07-31,2026-07-01,3,0.0527717
156-BINANCE-BTCUSDT-31JUL2026,156,Binance,BTC,BTCUSDT,2026-07-31,2026-07-02,3,0.067525
156-BINANCE-BTCUSDT-31JUL2026,156,Binance,BTC,BTCUSDT,2026-07-31,2026-07-03,1,0.1095
157-HYPERLIQUID-BTC-31JUL2026,157,Hyperliquid,BTC,BTC,2026-07-31,2026-06-11,20,0.0381118254
157-HYPERLIQUID-BTC-31JUL2026,157,Hyperliquid,BTC,BTC,2026-07-31,2026-06-12,24,0.0733415305
157-HYPERLIQUID-BTC-31JUL2026,157,Hyperliquid,BTC,BTC,2026-07-31,2026-06-13,24,0.10899075200000001
157-HYPERLIQUID-BTC-31JUL2026,157,Hyperliquid,BTC,BTC,2026-07-31,2026-06-14,24,0.10156230849999999
157-HYPERLIQUID-BTC-31JUL2026,157,Hyperliquid,BTC,BTC,2026-07-31,2026-06-15,24,0.07607446799999999
157-HYPERLIQUID-BTC-31JUL2026,157,Hyperliquid,BTC,BTC,2026-07-31,2026-06-16,24,0.063399843
157-HYPERLIQUID-BTC-31JUL2026,157,Hyperliquid,BTC,BTC,2026-07-31,2026-06-17,24,0.066311594
157-HYPERLIQUID-BTC-31JUL2026,157,Hyperliquid,BTC,BTC,2026-07-31,2026-06-18,24,0.006619494
157-HYPERLIQUID-BTC-31JUL2026,157,Hyperliquid,BTC,BTC,2026-07-31,2026-06-19,24,0.09409951849999999
157-HYPERLIQUID-BTC-31JUL2026,157,Hyperliquid,BTC,BTC,2026-07-31,2026-06-20,24,0.0755251795
157-HYPERLIQUID-BTC-31JUL2026,157,Hyperliquid,BTC,BTC,2026-07-31,2026-06-21,24,-0.0023207064999999994
157-HYPERLIQUID-BTC-31JUL2026,157,Hyperliquid,BTC,BTC,2026-07-31,2026-06-22,24,0.055390283000000005
157-HYPERLIQUID-BTC-31JUL2026,157,Hyperliquid,BTC,BTC,2026-07-31,2026-06-23,24,0.0554670425
157-HYPERLIQUID-BTC-31JUL2026,157,Hyperliquid,BTC,BTC,2026-07-31,2026-06-24,24,0.045384903
157-HYPERLIQUID-BTC-31JUL2026,157,Hyperliquid,BTC,BTC,2026-07-31,2026-06-25,24,-0.0316112995
157-HYPERLIQUID-BTC-31JUL2026,157,Hyperliquid,BTC,BTC,2026-07-31,2026-06-26,24,-0.0216316885
157-HYPERLIQUID-BTC-31JUL2026,157,Hyperliquid,BTC,BTC,2026-07-31,2026-06-27,24,0.024042184999999997
157-HYPERLIQUID-BTC-31JUL2026,157,Hyperliquid,BTC,BTC,2026-07-31,2026-06-28,24,0.0160967555
157-HYPERLIQUID-BTC-31JUL2026,157,Hyperliquid,BTC,BTC,2026-07-31,2026-06-29,24,0.051138142500000004
157-HYPERLIQUID-BTC-31JUL2026,157,Hyperliquid,BTC,BTC,2026-07-31,2026-06-30,24,0.072550977
157-HYPERLIQUID-BTC-31JUL2026,157,Hyperliquid,BTC,BTC,2026-07-31,2026-07-01,24,0.0674777325
157-HYPERLIQUID-BTC-31JUL2026,157,Hyperliquid,BTC,BTC,2026-07-31,2026-07-02,24,0.1095
157-HYPERLIQUID-BTC-31JUL2026,157,Hyperliquid,BTC,BTC,2026-07-31,2026-07-03,5,0.1095
158-OKX-ETHUSDT-31JUL2026,158,OKX,ETH,ETHUSDT,2026-07-31,2026-06-16,3,0.0121244871359845
158-OKX-ETHUSDT-31JUL2026,158,OKX,ETH,ETHUSDT,2026-07-31,2026-06-17,3,0.013677408727469998
158-OKX-ETHUSDT-31JUL2026,158,OKX,ETH,ETHUSDT,2026-07-31,2026-06-18,3,0.024646037754639
158-OKX-ETHUSDT-31JUL2026,158,OKX,ETH,ETHUSDT,2026-07-31,2026-06-19,3,-0.009708031018951
158-OKX-ETHUSDT-31JUL2026,158,OKX,ETH,ETHUSDT,2026-07-31,2026-06-20,3,0.00028505422505400026
158-OKX-ETHUSDT-31JUL2026,158,OKX,ETH,ETHUSDT,2026-07-31,2026-06-21,3,0.025033365310054498
158-OKX-ETHUSDT-31JUL2026,158,OKX,ETH,ETHUSDT,2026-07-31,2026-06-22,3,0.012644769842812001
158-OKX-ETHUSDT-31JUL2026,158,OKX,ETH,ETHUSDT,2026-07-31,2026-06-23,3,0.0071395314941335
158-OKX-ETHUSDT-31JUL2026,158,OKX,ETH,ETHUSDT,2026-07-31,2026-06-24,3,0.0350719695024335
158-OKX-ETHUSDT-31JUL2026,158,OKX,ETH,ETHUSDT,2026-07-31,2026-06-25,3,-0.006534890893308998
158-OKX-ETHUSDT-31JUL2026,158,OKX,ETH,ETHUSDT,2026-07-31,2026-06-26,3,-0.020118953315038
158-OKX-ETHUSDT-31JUL2026,158,OKX,ETH,ETHUSDT,2026-07-31,2026-06-27,3,-0.018937695345578
158-OKX-ETHUSDT-31JUL2026,158,OKX,ETH,ETHUSDT,2026-07-31,2026-06-28,3,0.0185908628920415
158-OKX-ETHUSDT-31JUL2026,158,OKX,ETH,ETHUSDT,2026-07-31,2026-06-29,3,-0.0005885446931829993
158-OKX-ETHUSDT-31JUL2026,158,OKX,ETH,ETHUSDT,2026-07-31,2026-06-30,3,0.038017548247534
158-OKX-ETHUSDT-31JUL2026,158,OKX,ETH,ETHUSDT,2026-07-31,2026-07-01,3,0.0385045694547485
158-OKX-ETHUSDT-31JUL2026,158,OKX,ETH,ETHUSDT,2026-07-31,2026-07-02,3,0.045235168311605005
158-OKX-ETHUSDT-31JUL2026,158,OKX,ETH,ETHUSDT,2026-07-31,2026-07-03,1,0.040256684490594
159-KUCOIN-ETHUSDT-31JUL2026,159,KuCoin,ETH,ETHUSDT,2026-07-31,2026-06-16,3,0.004380000000000002
159-KUCOIN-ETHUSDT-31JUL2026,159,KuCoin,ETH,ETHUSDT,2026-07-31,2026-06-17,3,0.024455
159-KUCOIN-ETHUSDT-31JUL2026,159,KuCoin,ETH,ETHUSDT,2026-07-31,2026-06-18,3,0.04307
159-KUCOIN-ETHUSDT-31JUL2026,159,KuCoin,ETH,ETHUSDT,2026-07-31,2026-06-19,3,0.05219499999999999
159-KUCOIN-ETHUSDT-31JUL2026,159,KuCoin,ETH,ETHUSDT,2026-07-31,2026-06-20,3,0.029930000000000002
159-KUCOIN-ETHUSDT-31JUL2026,159,KuCoin,ETH,ETHUSDT,2026-07-31,2026-06-21,3,-0.02044
159-KUCOIN-ETHUSDT-31JUL2026,159,KuCoin,ETH,ETHUSDT,2026-07-31,2026-06-22,3,0.025915000000000004
159-KUCOIN-ETHUSDT-31JUL2026,159,KuCoin,ETH,ETHUSDT,2026-07-31,2026-06-23,3,0.0876
159-KUCOIN-ETHUSDT-31JUL2026,159,KuCoin,ETH,ETHUSDT,2026-07-31,2026-06-24,3,0.083585
159-KUCOIN-ETHUSDT-31JUL2026,159,KuCoin,ETH,ETHUSDT,2026-07-31,2026-06-25,3,0.041975000000000005
159-KUCOIN-ETHUSDT-31JUL2026,159,KuCoin,ETH,ETHUSDT,2026-07-31,2026-06-26,3,0.05183000000000001
159-KUCOIN-ETHUSDT-31JUL2026,159,KuCoin,ETH,ETHUSDT,2026-07-31,2026-06-27,3,0.052925
159-KUCOIN-ETHUSDT-31JUL2026,159,KuCoin,ETH,ETHUSDT,2026-07-31,2026-06-28,3,0.029930000000000002
159-KUCOIN-ETHUSDT-31JUL2026,159,KuCoin,ETH,ETHUSDT,2026-07-31,2026-06-29,3,0.0365
159-KUCOIN-ETHUSDT-31JUL2026,159,KuCoin,ETH,ETHUSDT,2026-07-31,2026-06-30,3,0.045989999999999996
159-KUCOIN-ETHUSDT-31JUL2026,159,KuCoin,ETH,ETHUSDT,2026-07-31,2026-07-01,3,0.10037499999999999
159-KUCOIN-ETHUSDT-31JUL2026,159,KuCoin,ETH,ETHUSDT,2026-07-31,2026-07-02,3,0.08467999999999999
159-KUCOIN-ETHUSDT-31JUL2026,159,KuCoin,ETH,ETHUSDT,2026-07-31,2026-07-03,1,0.066795
16-HYPERLIQUID-BTC-28NOV2025,16,Hyperliquid,BTC,BTC,2025-11-28,2025-10-17,10,0.09855
16-HYPERLIQUID-BTC-28NOV2025,16,Hyperliquid,BTC,BTC,2025-11-28,2025-10-18,24,0.1095
16-HYPERLIQUID-BTC-28NOV2025,16,Hyperliquid,BTC,BTC,2025-11-28,2025-10-19,24,0.054116871000000004
16-HYPERLIQUID-BTC-28NOV2025,16,Hyperliquid,BTC,BTC,2025-11-28,2025-10-20,24,0.0683660695
16-HYPERLIQUID-BTC-28NOV2025,16,Hyperliquid,BTC,BTC,2025-11-28,2025-10-21,24,0.0216555595
16-HYPERLIQUID-BTC-28NOV2025,16,Hyperliquid,BTC,BTC,2025-11-28,2025-10-22,24,0.0909371585
16-HYPERLIQUID-BTC-28NOV2025,16,Hyperliquid,BTC,BTC,2025-11-28,2025-10-23,24,0.1095
16-HYPERLIQUID-BTC-28NOV2025,16,Hyperliquid,BTC,BTC,2025-11-28,2025-10-24,24,0.1095
16-HYPERLIQUID-BTC-28NOV2025,16,Hyperliquid,BTC,BTC,2025-11-28,2025-10-25,24,0.1095
16-HYPERLIQUID-BTC-28NOV2025,16,Hyperliquid,BTC,BTC,2025-11-28,2025-10-26,24,0.1095
16-HYPERLIQUID-BTC-28NOV2025,16,Hyperliquid,BTC,BTC,2025-11-28,2025-10-27,24,0.1372539065
16-HYPERLIQUID-BTC-28NOV2025,16,Hyperliquid,BTC,BTC,2025-11-28,2025-10-28,24,0.1095
16-HYPERLIQUID-BTC-28NOV2025,16,Hyperliquid,BTC,BTC,2025-11-28,2025-10-29,24,0.111317408
16-HYPERLIQUID-BTC-28NOV2025,16,Hyperliquid,BTC,BTC,2025-11-28,2025-10-30,24,0.1183781505
16-HYPERLIQUID-BTC-28NOV2025,16,Hyperliquid,BTC,BTC,2025-11-28,2025-10-31,24,0.1095
16-HYPERLIQUID-BTC-28NOV2025,16,Hyperliquid,BTC,BTC,2025-11-28,2025-11-01,24,0.1095
16-HYPERLIQUID-BTC-28NOV2025,16,Hyperliquid,BTC,BTC,2025-11-28,2025-11-02,24,0.1095
16-HYPERLIQUID-BTC-28NOV2025,16,Hyperliquid,BTC,BTC,2025-11-28,2025-11-03,24,0.1043987965
16-HYPERLIQUID-BTC-28NOV2025,16,Hyperliquid,BTC,BTC,2025-11-28,2025-11-04,24,0.0851054805
16-HYPERLIQUID-BTC-28NOV2025,16,Hyperliquid,BTC,BTC,2025-11-28,2025-11-05,24,0.1095
16-HYPERLIQUID-BTC-28NOV2025,16,Hyperliquid,BTC,BTC,2025-11-28,2025-11-06,24,0.0994761875
16-HYPERLIQUID-BTC-28NOV2025,16,Hyperliquid,BTC,BTC,2025-11-28,2025-11-07,24,0.095994197
16-HYPERLIQUID-BTC-28NOV2025,16,Hyperliquid,BTC,BTC,2025-11-28,2025-11-08,24,0.071726296
16-HYPERLIQUID-BTC-28NOV2025,16,Hyperliquid,BTC,BTC,2025-11-28,2025-11-09,24,0.066011783
16-HYPERLIQUID-BTC-28NOV2025,16,Hyperliquid,BTC,BTC,2025-11-28,2025-11-10,24,0.1095
16-HYPERLIQUID-BTC-28NOV2025,16,Hyperliquid,BTC,BTC,2025-11-28,2025-11-11,24,0.1095
16-HYPERLIQUID-BTC-28NOV2025,16,Hyperliquid,BTC,BTC,2025-11-28,2025-11-12,24,0.1095
16-HYPERLIQUID-BTC-28NOV2025,16,Hyperliquid,BTC,BTC,2025-11-28,2025-11-13,24,0.105890661
16-HYPERLIQUID-BTC-28NOV2025,16,Hyperliquid,BTC,BTC,2025-11-28,2025-11-14,24,0.1095
16-HYPERLIQUID-BTC-28NOV2025,16,Hyperliquid,BTC,BTC,2025-11-28,2025-11-15,24,0.11038716900000001
16-HYPERLIQUID-BTC-28NOV2025,16,Hyperliquid,BTC,BTC,2025-11-28,2025-11-16,24,0.1095
16-HYPERLIQUID-BTC-28NOV2025,16,Hyperliquid,BTC,BTC,2025-11-28,2025-11-17,24,0.1145828075
16-HYPERLIQUID-BTC-28NOV2025,16,Hyperliquid,BTC,BTC,2025-11-28,2025-11-18,24,0.113465214
16-HYPERLIQUID-BTC-28NOV2025,16,Hyperliquid,BTC,BTC,2025-11-28,2025-11-19,24,0.1095
16-HYPERLIQUID-BTC-28NOV2025,16,Hyperliquid,BTC,BTC,2025-11-28,2025-11-20,24,0.1095
16-HYPERLIQUID-BTC-28NOV2025,16,Hyperliquid,BTC,BTC,2025-11-28,2025-11-21,24,0.1095
16-HYPERLIQUID-BTC-28NOV2025,16,Hyperliquid,BTC,BTC,2025-11-28,2025-11-22,24,0.09342623950000001
16-HYPERLIQUID-BTC-28NOV2025,16,Hyperliquid,BTC,BTC,2025-11-28,2025-11-23,24,0.0941927395
16-HYPERLIQUID-BTC-28NOV2025,16,Hyperliquid,BTC,BTC,2025-11-28,2025-11-24,24,0.012186693
16-HYPERLIQUID-BTC-28NOV2025,16,Hyperliquid,BTC,BTC,2025-11-28,2025-11-25,24,0.0051775614999999995
16-HYPERLIQUID-BTC-28NOV2025,16,Hyperliquid,BTC,BTC,2025-11-28,2025-11-26,24,0.064044871
16-HYPERLIQUID-BTC-28NOV2025,16,Hyperliquid,BTC,BTC,2025-11-28,2025-11-27,24,0.0395189515
16-HYPERLIQUID-BTC-28NOV2025,16,Hyperliquid,BTC,BTC,2025-11-28,2025-11-28,1,0.1095
160-LIGHTER-ETH-31JUL2026,160,Lighter,ETH,ETH,2026-07-31,2026-06-16,20,0.035478
160-LIGHTER-ETH-31JUL2026,160,Lighter,ETH,ETH,2026-07-31,2026-06-17,24,0.09125
160-LIGHTER-ETH-31JUL2026,160,Lighter,ETH,ETH,2026-07-31,2026-06-18,24,0.055115000000000004
160-LIGHTER-ETH-31JUL2026,160,Lighter,ETH,ETH,2026-07-31,2026-06-19,24,0.070445
160-LIGHTER-ETH-31JUL2026,160,Lighter,ETH,ETH,2026-07-31,2026-06-20,24,0.057305
160-LIGHTER-ETH-31JUL2026,160,Lighter,ETH,ETH,2026-07-31,2026-06-21,24,0.01387
160-LIGHTER-ETH-31JUL2026,160,Lighter,ETH,ETH,2026-07-31,2026-06-22,24,0.070445
160-LIGHTER-ETH-31JUL2026,160,Lighter,ETH,ETH,2026-07-31,2026-06-23,24,0.0029200000000000007
160-LIGHTER-ETH-31JUL2026,160,Lighter,ETH,ETH,2026-07-31,2026-06-24,24,0.003285000000000001
160-LIGHTER-ETH-31JUL2026,160,Lighter,ETH,ETH,2026-07-31,2026-06-25,24,0.037595
160-LIGHTER-ETH-31JUL2026,160,Lighter,ETH,ETH,2026-07-31,2026-06-26,24,0.0292
160-LIGHTER-ETH-31JUL2026,160,Lighter,ETH,ETH,2026-07-31,2026-06-27,24,-0.03212
160-LIGHTER-ETH-31JUL2026,160,Lighter,ETH,ETH,2026-07-31,2026-06-28,24,0.011680000000000001
160-LIGHTER-ETH-31JUL2026,160,Lighter,ETH,ETH,2026-07-31,2026-06-29,24,0.042705
160-LIGHTER-ETH-31JUL2026,160,Lighter,ETH,ETH,2026-07-31,2026-06-30,24,0.080665
160-LIGHTER-ETH-31JUL2026,160,Lighter,ETH,ETH,2026-07-31,2026-07-01,24,0.09782
160-LIGHTER-ETH-31JUL2026,160,Lighter,ETH,ETH,2026-07-31,2026-07-02,24,0.095265
160-LIGHTER-ETH-31JUL2026,160,Lighter,ETH,ETH,2026-07-31,2026-07-03,5,0.10512000000000002
161-HYPERLIQUID-BTC-31JUL2026,161,Hyperliquid,BTC,BTC,2026-07-31,2026-06-16,20,0.07402878900000001
161-HYPERLIQUID-BTC-31JUL2026,161,Hyperliquid,BTC,BTC,2026-07-31,2026-06-17,24,0.066311594
161-HYPERLIQUID-BTC-31JUL2026,161,Hyperliquid,BTC,BTC,2026-07-31,2026-06-18,24,0.006619494
161-HYPERLIQUID-BTC-31JUL2026,161,Hyperliquid,BTC,BTC,2026-07-31,2026-06-19,24,0.09409951849999999
161-HYPERLIQUID-BTC-31JUL2026,161,Hyperliquid,BTC,BTC,2026-07-31,2026-06-20,24,0.0755251795
161-HYPERLIQUID-BTC-31JUL2026,161,Hyperliquid,BTC,BTC,2026-07-31,2026-06-21,24,-0.0023207064999999994
161-HYPERLIQUID-BTC-31JUL2026,161,Hyperliquid,BTC,BTC,2026-07-31,2026-06-22,24,0.055390283000000005
161-HYPERLIQUID-BTC-31JUL2026,161,Hyperliquid,BTC,BTC,2026-07-31,2026-06-23,24,0.0554670425
161-HYPERLIQUID-BTC-31JUL2026,161,Hyperliquid,BTC,BTC,2026-07-31,2026-06-24,24,0.045384903
161-HYPERLIQUID-BTC-31JUL2026,161,Hyperliquid,BTC,BTC,2026-07-31,2026-06-25,24,-0.0316112995
161-HYPERLIQUID-BTC-31JUL2026,161,Hyperliquid,BTC,BTC,2026-07-31,2026-06-26,24,-0.0216316885
161-HYPERLIQUID-BTC-31JUL2026,161,Hyperliquid,BTC,BTC,2026-07-31,2026-06-27,24,0.024042184999999997
161-HYPERLIQUID-BTC-31JUL2026,161,Hyperliquid,BTC,BTC,2026-07-31,2026-06-28,24,0.0160967555
161-HYPERLIQUID-BTC-31JUL2026,161,Hyperliquid,BTC,BTC,2026-07-31,2026-06-29,24,0.051138142500000004
161-HYPERLIQUID-BTC-31JUL2026,161,Hyperliquid,BTC,BTC,2026-07-31,2026-06-30,24,0.072550977
161-HYPERLIQUID-BTC-31JUL2026,161,Hyperliquid,BTC,BTC,2026-07-31,2026-07-01,24,0.0674777325
161-HYPERLIQUID-BTC-31JUL2026,161,Hyperliquid,BTC,BTC,2026-07-31,2026-07-02,24,0.1095
161-HYPERLIQUID-BTC-31JUL2026,161,Hyperliquid,BTC,BTC,2026-07-31,2026-07-03,5,0.1095
162-OKX-BTCUSDT-31JUL2026,162,OKX,BTC,BTCUSDT,2026-07-31,2026-06-16,3,-0.025583599047926498
162-OKX-BTCUSDT-31JUL2026,162,OKX,BTC,BTCUSDT,2026-07-31,2026-06-17,3,-0.008446440523464998
162-OKX-BTCUSDT-31JUL2026,162,OKX,BTC,BTCUSDT,2026-07-31,2026-06-18,3,0.024735959754772
162-OKX-BTCUSDT-31JUL2026,162,OKX,BTC,BTCUSDT,2026-07-31,2026-06-19,3,0.0105131973606365
162-OKX-BTCUSDT-31JUL2026,162,OKX,BTC,BTCUSDT,2026-07-31,2026-06-20,3,0.0014014340322369998
162-OKX-BTCUSDT-31JUL2026,162,OKX,BTC,BTCUSDT,2026-07-31,2026-06-21,3,-0.013017262757357
162-OKX-BTCUSDT-31JUL2026,162,OKX,BTC,BTCUSDT,2026-07-31,2026-06-22,3,0.01509755792162
162-OKX-BTCUSDT-31JUL2026,162,OKX,BTC,BTCUSDT,2026-07-31,2026-06-23,3,0.031682992172455494
162-OKX-BTCUSDT-31JUL2026,162,OKX,BTC,BTCUSDT,2026-07-31,2026-06-24,3,0.055669447687947494
162-OKX-BTCUSDT-31JUL2026,162,OKX,BTC,BTCUSDT,2026-07-31,2026-06-25,3,-0.057798749518044
162-OKX-BTCUSDT-31JUL2026,162,OKX,BTC,BTCUSDT,2026-07-31,2026-06-26,3,0.033974444119373
162-OKX-BTCUSDT-31JUL2026,162,OKX,BTC,BTCUSDT,2026-07-31,2026-06-27,3,0.045057720473267004
162-OKX-BTCUSDT-31JUL2026,162,OKX,BTC,BTCUSDT,2026-07-31,2026-06-28,3,0.040796487537909994
162-OKX-BTCUSDT-31JUL2026,162,OKX,BTC,BTCUSDT,2026-07-31,2026-06-29,3,0.0462889063406015
162-OKX-BTCUSDT-31JUL2026,162,OKX,BTC,BTCUSDT,2026-07-31,2026-06-30,3,0.073325255892775
162-OKX-BTCUSDT-31JUL2026,162,OKX,BTC,BTCUSDT,2026-07-31,2026-07-01,3,0.035935436258504504
162-OKX-BTCUSDT-31JUL2026,162,OKX,BTC,BTCUSDT,2026-07-31,2026-07-02,3,0.0808462508019905
162-OKX-BTCUSDT-31JUL2026,162,OKX,BTC,BTCUSDT,2026-07-31,2026-07-03,1,0.1095
163-KUCOIN-BTCUSDT-31JUL2026,163,KuCoin,BTC,BTCUSDT,2026-07-31,2026-06-16,3,-0.06424
163-KUCOIN-BTCUSDT-31JUL2026,163,KuCoin,BTC,BTCUSDT,2026-07-31,2026-06-17,3,0.0029199999999999994
163-KUCOIN-BTCUSDT-31JUL2026,163,KuCoin,BTC,BTCUSDT,2026-07-31,2026-06-18,3,0.006935
163-KUCOIN-BTCUSDT-31JUL2026,163,KuCoin,BTC,BTCUSDT,2026-07-31,2026-06-19,3,-0.005110000000000001
163-KUCOIN-BTCUSDT-31JUL2026,163,KuCoin,BTC,BTCUSDT,2026-07-31,2026-06-20,3,-0.014235
163-KUCOIN-BTCUSDT-31JUL2026,163,KuCoin,BTC,BTCUSDT,2026-07-31,2026-06-21,3,-0.044165
163-KUCOIN-BTCUSDT-31JUL2026,163,KuCoin,BTC,BTCUSDT,2026-07-31,2026-06-22,3,-0.04088
163-KUCOIN-BTCUSDT-31JUL2026,163,KuCoin,BTC,BTCUSDT,2026-07-31,2026-06-23,3,0.01241
163-KUCOIN-BTCUSDT-31JUL2026,163,KuCoin,BTC,BTCUSDT,2026-07-31,2026-06-24,3,0.01387
163-KUCOIN-BTCUSDT-31JUL2026,163,KuCoin,BTC,BTCUSDT,2026-07-31,2026-06-25,3,-0.021535
163-KUCOIN-BTCUSDT-31JUL2026,163,KuCoin,BTC,BTCUSDT,2026-07-31,2026-06-26,3,0.0018249999999999996
163-KUCOIN-BTCUSDT-31JUL2026,163,KuCoin,BTC,BTCUSDT,2026-07-31,2026-06-27,3,0.021170000000000005
163-KUCOIN-BTCUSDT-31JUL2026,163,KuCoin,BTC,BTCUSDT,2026-07-31,2026-06-28,3,0.04088
163-KUCOIN-BTCUSDT-31JUL2026,163,KuCoin,BTC,BTCUSDT,2026-07-31,2026-06-29,3,0.02993
163-KUCOIN-BTCUSDT-31JUL2026,163,KuCoin,BTC,BTCUSDT,2026-07-31,2026-06-30,3,0.046720000000000005
163-KUCOIN-BTCUSDT-31JUL2026,163,KuCoin,BTC,BTCUSDT,2026-07-31,2026-07-01,3,0.09818500000000001
163-KUCOIN-BTCUSDT-31JUL2026,163,KuCoin,BTC,BTCUSDT,2026-07-31,2026-07-02,3,0.070445
163-KUCOIN-BTCUSDT-31JUL2026,163,KuCoin,BTC,BTCUSDT,2026-07-31,2026-07-03,1,0.132495
164-HYPERLIQUID-HYPE-31JUL2026,164,Hyperliquid,HYPE,HYPE,2026-07-31,2026-06-16,20,0.3021534678
164-HYPERLIQUID-HYPE-31JUL2026,164,Hyperliquid,HYPE,HYPE,2026-07-31,2026-06-17,24,0.1060001975
164-HYPERLIQUID-HYPE-31JUL2026,164,Hyperliquid,HYPE,HYPE,2026-07-31,2026-06-18,24,0.2712197105
164-HYPERLIQUID-HYPE-31JUL2026,164,Hyperliquid,HYPE,HYPE,2026-07-31,2026-06-19,24,0.11883611599999999
164-HYPERLIQUID-HYPE-31JUL2026,164,Hyperliquid,HYPE,HYPE,2026-07-31,2026-06-20,24,0.1095
164-HYPERLIQUID-HYPE-31JUL2026,164,Hyperliquid,HYPE,HYPE,2026-07-31,2026-06-21,24,0.011390774
164-HYPERLIQUID-HYPE-31JUL2026,164,Hyperliquid,HYPE,HYPE,2026-07-31,2026-06-22,24,0.084143231
164-HYPERLIQUID-HYPE-31JUL2026,164,Hyperliquid,HYPE,HYPE,2026-07-31,2026-06-23,24,0.12041386500000001
164-HYPERLIQUID-HYPE-31JUL2026,164,Hyperliquid,HYPE,HYPE,2026-07-31,2026-06-24,24,0.1287699195
164-HYPERLIQUID-HYPE-31JUL2026,164,Hyperliquid,HYPE,HYPE,2026-07-31,2026-06-25,24,0.105276074
164-HYPERLIQUID-HYPE-31JUL2026,164,Hyperliquid,HYPE,HYPE,2026-07-31,2026-06-26,24,0.1095
164-HYPERLIQUID-HYPE-31JUL2026,164,Hyperliquid,HYPE,HYPE,2026-07-31,2026-06-27,24,0.1051057285
164-HYPERLIQUID-HYPE-31JUL2026,164,Hyperliquid,HYPE,HYPE,2026-07-31,2026-06-28,24,0.1095
164-HYPERLIQUID-HYPE-31JUL2026,164,Hyperliquid,HYPE,HYPE,2026-07-31,2026-06-29,24,0.118496593
164-HYPERLIQUID-HYPE-31JUL2026,164,Hyperliquid,HYPE,HYPE,2026-07-31,2026-06-30,24,0.1095
164-HYPERLIQUID-HYPE-31JUL2026,164,Hyperliquid,HYPE,HYPE,2026-07-31,2026-07-01,24,0.0755272965
164-HYPERLIQUID-HYPE-31JUL2026,164,Hyperliquid,HYPE,HYPE,2026-07-31,2026-07-02,24,0.102493825
164-HYPERLIQUID-HYPE-31JUL2026,164,Hyperliquid,HYPE,HYPE,2026-07-31,2026-07-03,5,0.0903198048
165-BYBIT-HYPEUSDT-31JUL2026,165,Bybit,HYPE,HYPEUSDT,2026-07-31,2026-06-16,3,0.073
165-BYBIT-HYPEUSDT-31JUL2026,165,Bybit,HYPE,HYPEUSDT,2026-07-31,2026-06-17,3,0.059414699999999994
165-BYBIT-HYPEUSDT-31JUL2026,165,Bybit,HYPE,HYPEUSDT,2026-07-31,2026-06-18,3,-0.03362745
165-BYBIT-HYPEUSDT-31JUL2026,165,Bybit,HYPE,HYPEUSDT,2026-07-31,2026-06-19,3,0.055257350000000004
165-BYBIT-HYPEUSDT-31JUL2026,165,Bybit,HYPE,HYPEUSDT,2026-07-31,2026-06-20,3,0.005226800000000004
165-BYBIT-HYPEUSDT-31JUL2026,165,Bybit,HYPE,HYPEUSDT,2026-07-31,2026-06-21,3,-0.08551950000000001
165-BYBIT-HYPEUSDT-31JUL2026,165,Bybit,HYPE,HYPEUSDT,2026-07-31,2026-06-22,3,-0.003361650000000003
165-BYBIT-HYPEUSDT-31JUL2026,165,Bybit,HYPE,HYPEUSDT,2026-07-31,2026-06-23,3,0.0166732
165-BYBIT-HYPEUSDT-31JUL2026,165,Bybit,HYPE,HYPEUSDT,2026-07-31,2026-06-24,3,0.1095
165-BYBIT-HYPEUSDT-31JUL2026,165,Bybit,HYPE,HYPEUSDT,2026-07-31,2026-06-25,3,-0.0035952499999999995
165-BYBIT-HYPEUSDT-31JUL2026,165,Bybit,HYPE,HYPEUSDT,2026-07-31,2026-06-26,3,0.070299
165-BYBIT-HYPEUSDT-31JUL2026,165,Bybit,HYPE,HYPEUSDT,2026-07-31,2026-06-27,3,-0.016527200000000002
165-BYBIT-HYPEUSDT-31JUL2026,165,Bybit,HYPE,HYPEUSDT,2026-07-31,2026-06-28,3,0.0545821
165-BYBIT-HYPEUSDT-31JUL2026,165,Bybit,HYPE,HYPEUSDT,2026-07-31,2026-06-29,3,0.1000319
165-BYBIT-HYPEUSDT-31JUL2026,165,Bybit,HYPE,HYPEUSDT,2026-07-31,2026-06-30,3,0.0685908
165-BYBIT-HYPEUSDT-31JUL2026,165,Bybit,HYPE,HYPEUSDT,2026-07-31,2026-07-01,3,0.059830799999999996
165-BYBIT-HYPEUSDT-31JUL2026,165,Bybit,HYPE,HYPEUSDT,2026-07-31,2026-07-02,3,-0.023943999999999997
165-BYBIT-HYPEUSDT-31JUL2026,165,Bybit,HYPE,HYPEUSDT,2026-07-31,2026-07-03,1,0.07337595
166-HYPERLIQUID-SOL-31JUL2026,166,Hyperliquid,SOL,SOL,2026-07-31,2026-06-16,20,0.0634822308
166-HYPERLIQUID-SOL-31JUL2026,166,Hyperliquid,SOL,SOL,2026-07-31,2026-06-17,24,-0.019093515000000002
166-HYPERLIQUID-SOL-31JUL2026,166,Hyperliquid,SOL,SOL,2026-07-31,2026-06-18,24,-0.00866145
166-HYPERLIQUID-SOL-31JUL2026,166,Hyperliquid,SOL,SOL,2026-07-31,2026-06-19,24,0.0172809615
166-HYPERLIQUID-SOL-31JUL2026,166,Hyperliquid,SOL,SOL,2026-07-31,2026-06-20,24,0.10888493849999999
166-HYPERLIQUID-SOL-31JUL2026,166,Hyperliquid,SOL,SOL,2026-07-31,2026-06-21,24,0.103923676
166-HYPERLIQUID-SOL-31JUL2026,166,Hyperliquid,SOL,SOL,2026-07-31,2026-06-22,24,0.011661531000000001
166-HYPERLIQUID-SOL-31JUL2026,166,Hyperliquid,SOL,SOL,2026-07-31,2026-06-23,24,-0.2913772005
166-HYPERLIQUID-SOL-31JUL2026,166,Hyperliquid,SOL,SOL,2026-07-31,2026-06-24,24,-0.1460780005
166-HYPERLIQUID-SOL-31JUL2026,166,Hyperliquid,SOL,SOL,2026-07-31,2026-06-25,24,-0.0909612485
166-HYPERLIQUID-SOL-31JUL2026,166,Hyperliquid,SOL,SOL,2026-07-31,2026-06-26,24,0.081634586
166-HYPERLIQUID-SOL-31JUL2026,166,Hyperliquid,SOL,SOL,2026-07-31,2026-06-27,24,0.0351854525
166-HYPERLIQUID-SOL-31JUL2026,166,Hyperliquid,SOL,SOL,2026-07-31,2026-06-28,24,-0.031658786
166-HYPERLIQUID-SOL-31JUL2026,166,Hyperliquid,SOL,SOL,2026-07-31,2026-06-29,24,0.075428418
166-HYPERLIQUID-SOL-31JUL2026,166,Hyperliquid,SOL,SOL,2026-07-31,2026-06-30,24,0.10895268250000001
166-HYPERLIQUID-SOL-31JUL2026,166,Hyperliquid,SOL,SOL,2026-07-31,2026-07-01,24,0.1057776205
166-HYPERLIQUID-SOL-31JUL2026,166,Hyperliquid,SOL,SOL,2026-07-31,2026-07-02,24,0.11044775899999999
166-HYPERLIQUID-SOL-31JUL2026,166,Hyperliquid,SOL,SOL,2026-07-31,2026-07-03,5,0.1095
167-LIGHTER-SOL-31JUL2026,167,Lighter,SOL,SOL,2026-07-31,2026-06-16,20,-0.017958
167-LIGHTER-SOL-31JUL2026,167,Lighter,SOL,SOL,2026-07-31,2026-06-17,24,-0.050735
167-LIGHTER-SOL-31JUL2026,167,Lighter,SOL,SOL,2026-07-31,2026-06-18,24,-0.04088
167-LIGHTER-SOL-31JUL2026,167,Lighter,SOL,SOL,2026-07-31,2026-06-19,24,-0.00803
167-LIGHTER-SOL-31JUL2026,167,Lighter,SOL,SOL,2026-07-31,2026-06-20,24,0.052195
167-LIGHTER-SOL-31JUL2026,167,Lighter,SOL,SOL,2026-07-31,2026-06-21,24,0.08614
167-LIGHTER-SOL-31JUL2026,167,Lighter,SOL,SOL,2026-07-31,2026-06-22,24,0.101105
167-LIGHTER-SOL-31JUL2026,167,Lighter,SOL,SOL,2026-07-31,2026-06-23,24,-0.018614999999999996
167-LIGHTER-SOL-31JUL2026,167,Lighter,SOL,SOL,2026-07-31,2026-06-24,24,-0.032485
167-LIGHTER-SOL-31JUL2026,167,Lighter,SOL,SOL,2026-07-31,2026-06-25,24,-0.038325
167-LIGHTER-SOL-31JUL2026,167,Lighter,SOL,SOL,2026-07-31,2026-06-26,24,0.053290000000000004
167-LIGHTER-SOL-31JUL2026,167,Lighter,SOL,SOL,2026-07-31,2026-06-27,24,-0.07409500000000001
167-LIGHTER-SOL-31JUL2026,167,Lighter,SOL,SOL,2026-07-31,2026-06-28,24,-0.095995
167-LIGHTER-SOL-31JUL2026,167,Lighter,SOL,SOL,2026-07-31,2026-06-29,24,-0.018614999999999996
167-LIGHTER-SOL-31JUL2026,167,Lighter,SOL,SOL,2026-07-31,2026-06-30,24,0.05548
167-LIGHTER-SOL-31JUL2026,167,Lighter,SOL,SOL,2026-07-31,2026-07-01,24,0.0657
167-LIGHTER-SOL-31JUL2026,167,Lighter,SOL,SOL,2026-07-31,2026-07-02,24,0.07081
167-LIGHTER-SOL-31JUL2026,167,Lighter,SOL,SOL,2026-07-31,2026-07-03,5,0.10512000000000002
168-BINANCE-ETHUSDT-28AUG2026,168,Binance,ETH,ETHUSDT,2026-08-28,2026-06-29,2,0.0117384
168-BINANCE-ETHUSDT-28AUG2026,168,Binance,ETH,ETHUSDT,2026-08-28,2026-06-30,3,0.04421975
168-BINANCE-ETHUSDT-28AUG2026,168,Binance,ETH,ETHUSDT,2026-08-28,2026-07-01,3,0.049486699999999995
168-BINANCE-ETHUSDT-28AUG2026,168,Binance,ETH,ETHUSDT,2026-08-28,2026-07-02,3,0.05219864999999999
168-BINANCE-ETHUSDT-28AUG2026,168,Binance,ETH,ETHUSDT,2026-08-28,2026-07-03,1,0.08581515
169-HYPERLIQUID-ETH-28AUG2026,169,Hyperliquid,ETH,ETH,2026-08-28,2026-06-29,16,0.03877794675
169-HYPERLIQUID-ETH-28AUG2026,169,Hyperliquid,ETH,ETH,2026-08-28,2026-06-30,24,0.050787633
169-HYPERLIQUID-ETH-28AUG2026,169,Hyperliquid,ETH,ETH,2026-08-28,2026-07-01,24,0.08023284
169-HYPERLIQUID-ETH-28AUG2026,169,Hyperliquid,ETH,ETH,2026-08-28,2026-07-02,24,0.1075883125
169-HYPERLIQUID-ETH-28AUG2026,169,Hyperliquid,ETH,ETH,2026-08-28,2026-07-03,5,0.1095
17-HYPERLIQUID-ETH-28NOV2025,17,Hyperliquid,ETH,ETH,2025-11-28,2025-10-17,10,0.09355682021538461
17-HYPERLIQUID-ETH-28NOV2025,17,Hyperliquid,ETH,ETH,2025-11-28,2025-10-18,24,0.10665730699999999
17-HYPERLIQUID-ETH-28NOV2025,17,Hyperliquid,ETH,ETH,2025-11-28,2025-10-19,24,-0.008265571000000001
17-HYPERLIQUID-ETH-28NOV2025,17,Hyperliquid,ETH,ETH,2025-11-28,2025-10-20,24,0.07726042600000001
17-HYPERLIQUID-ETH-28NOV2025,17,Hyperliquid,ETH,ETH,2025-11-28,2025-10-21,24,0.0956609155
17-HYPERLIQUID-ETH-28NOV2025,17,Hyperliquid,ETH,ETH,2025-11-28,2025-10-22,24,0.0009594025000000008
17-HYPERLIQUID-ETH-28NOV2025,17,Hyperliquid,ETH,ETH,2025-11-28,2025-10-23,24,0.0893459775
17-HYPERLIQUID-ETH-28NOV2025,17,Hyperliquid,ETH,ETH,2025-11-28,2025-10-24,24,0.1095
17-HYPERLIQUID-ETH-28NOV2025,17,Hyperliquid,ETH,ETH,2025-11-28,2025-10-25,24,0.1095
17-HYPERLIQUID-ETH-28NOV2025,17,Hyperliquid,ETH,ETH,2025-11-28,2025-10-26,24,0.1095
17-HYPERLIQUID-ETH-28NOV2025,17,Hyperliquid,ETH,ETH,2025-11-28,2025-10-27,24,0.1095
17-HYPERLIQUID-ETH-28NOV2025,17,Hyperliquid,ETH,ETH,2025-11-28,2025-10-28,24,0.1087543415
17-HYPERLIQUID-ETH-28NOV2025,17,Hyperliquid,ETH,ETH,2025-11-28,2025-10-29,24,0.038512172
17-HYPERLIQUID-ETH-28NOV2025,17,Hyperliquid,ETH,ETH,2025-11-28,2025-10-30,24,0.1095
17-HYPERLIQUID-ETH-28NOV2025,17,Hyperliquid,ETH,ETH,2025-11-28,2025-10-31,24,0.08688693600000001
17-HYPERLIQUID-ETH-28NOV2025,17,Hyperliquid,ETH,ETH,2025-11-28,2025-11-01,24,0.0366839235
17-HYPERLIQUID-ETH-28NOV2025,17,Hyperliquid,ETH,ETH,2025-11-28,2025-11-02,24,0.0547563875
17-HYPERLIQUID-ETH-28NOV2025,17,Hyperliquid,ETH,ETH,2025-11-28,2025-11-03,24,-0.0025683225
17-HYPERLIQUID-ETH-28NOV2025,17,Hyperliquid,ETH,ETH,2025-11-28,2025-11-04,24,0.0112361235
17-HYPERLIQUID-ETH-28NOV2025,17,Hyperliquid,ETH,ETH,2025-11-28,2025-11-05,24,0.055942746999999994
17-HYPERLIQUID-ETH-28NOV2025,17,Hyperliquid,ETH,ETH,2025-11-28,2025-11-06,24,0.07889613699999999
17-HYPERLIQUID-ETH-28NOV2025,17,Hyperliquid,ETH,ETH,2025-11-28,2025-11-07,24,0.060101192
17-HYPERLIQUID-ETH-28NOV2025,17,Hyperliquid,ETH,ETH,2025-11-28,2025-11-08,24,0.1095
17-HYPERLIQUID-ETH-28NOV2025,17,Hyperliquid,ETH,ETH,2025-11-28,2025-11-09,24,0.1095
17-HYPERLIQUID-ETH-28NOV2025,17,Hyperliquid,ETH,ETH,2025-11-28,2025-11-10,24,0.1095
17-HYPERLIQUID-ETH-28NOV2025,17,Hyperliquid,ETH,ETH,2025-11-28,2025-11-11,24,0.045017421
17-HYPERLIQUID-ETH-28NOV2025,17,Hyperliquid,ETH,ETH,2025-11-28,2025-11-12,24,-0.022059943
17-HYPERLIQUID-ETH-28NOV2025,17,Hyperliquid,ETH,ETH,2025-11-28,2025-11-13,24,0.092752997
17-HYPERLIQUID-ETH-28NOV2025,17,Hyperliquid,ETH,ETH,2025-11-28,2025-11-14,24,0.1095
17-HYPERLIQUID-ETH-28NOV2025,17,Hyperliquid,ETH,ETH,2025-11-28,2025-11-15,24,0.1095
17-HYPERLIQUID-ETH-28NOV2025,17,Hyperliquid,ETH,ETH,2025-11-28,2025-11-16,24,0.1095
17-HYPERLIQUID-ETH-28NOV2025,17,Hyperliquid,ETH,ETH,2025-11-28,2025-11-17,24,0.1095
17-HYPERLIQUID-ETH-28NOV2025,17,Hyperliquid,ETH,ETH,2025-11-28,2025-11-18,24,0.11573350649999999
17-HYPERLIQUID-ETH-28NOV2025,17,Hyperliquid,ETH,ETH,2025-11-28,2025-11-19,24,0.1095
17-HYPERLIQUID-ETH-28NOV2025,17,Hyperliquid,ETH,ETH,2025-11-28,2025-11-20,24,0.1095
17-HYPERLIQUID-ETH-28NOV2025,17,Hyperliquid,ETH,ETH,2025-11-28,2025-11-21,24,0.097895409
17-HYPERLIQUID-ETH-28NOV2025,17,Hyperliquid,ETH,ETH,2025-11-28,2025-11-22,24,0.10086023100000001
17-HYPERLIQUID-ETH-28NOV2025,17,Hyperliquid,ETH,ETH,2025-11-28,2025-11-23,24,0.09341182199999999
17-HYPERLIQUID-ETH-28NOV2025,17,Hyperliquid,ETH,ETH,2025-11-28,2025-11-24,24,0.0982905215
17-HYPERLIQUID-ETH-28NOV2025,17,Hyperliquid,ETH,ETH,2025-11-28,2025-11-25,24,0.1095
17-HYPERLIQUID-ETH-28NOV2025,17,Hyperliquid,ETH,ETH,2025-11-28,2025-11-26,24,0.10505119750000001
17-HYPERLIQUID-ETH-28NOV2025,17,Hyperliquid,ETH,ETH,2025-11-28,2025-11-27,24,0.105776562
17-HYPERLIQUID-ETH-28NOV2025,17,Hyperliquid,ETH,ETH,2025-11-28,2025-11-28,1,0.1095
170-BINANCE-BTCUSDT-28AUG2026,170,Binance,BTC,BTCUSDT,2026-08-28,2026-06-29,2,0.04740255
170-BINANCE-BTCUSDT-28AUG2026,170,Binance,BTC,BTCUSDT,2026-08-28,2026-06-30,3,0.06515615000000001
170-BINANCE-BTCUSDT-28AUG2026,170,Binance,BTC,BTCUSDT,2026-08-28,2026-07-01,3,0.0527717
170-BINANCE-BTCUSDT-28AUG2026,170,Binance,BTC,BTCUSDT,2026-08-28,2026-07-02,3,0.067525
170-BINANCE-BTCUSDT-28AUG2026,170,Binance,BTC,BTCUSDT,2026-08-28,2026-07-03,1,0.1095
171-HYPERLIQUID-BTC-28AUG2026,171,Hyperliquid,BTC,BTC,2026-08-28,2026-06-29,16,0.05719420425
171-HYPERLIQUID-BTC-28AUG2026,171,Hyperliquid,BTC,BTC,2026-08-28,2026-06-30,24,0.072550977
171-HYPERLIQUID-BTC-28AUG2026,171,Hyperliquid,BTC,BTC,2026-08-28,2026-07-01,24,0.0674777325
171-HYPERLIQUID-BTC-28AUG2026,171,Hyperliquid,BTC,BTC,2026-08-28,2026-07-02,24,0.1095
171-HYPERLIQUID-BTC-28AUG2026,171,Hyperliquid,BTC,BTC,2026-08-28,2026-07-03,5,0.1095
172-GATE-HYPEUSDT-31JUL2026,172,Gate,HYPE,HYPEUSDT,2026-07-31,2026-06-29,4,0.082125
172-GATE-HYPEUSDT-31JUL2026,172,Gate,HYPE,HYPEUSDT,2026-07-31,2026-06-30,6,0.1095
172-GATE-HYPEUSDT-31JUL2026,172,Gate,HYPE,HYPEUSDT,2026-07-31,2026-07-01,6,0.09891499999999999
172-GATE-HYPEUSDT-31JUL2026,172,Gate,HYPE,HYPEUSDT,2026-07-31,2026-07-02,6,0.060225
172-GATE-HYPEUSDT-31JUL2026,172,Gate,HYPE,HYPEUSDT,2026-07-31,2026-07-03,2,0.1095
18-HYPERLIQUID-HYPE-26DEC2025,18,Hyperliquid,HYPE,HYPE,2025-12-26,2025-11-13,16,0.13400002275
18-HYPERLIQUID-HYPE-26DEC2025,18,Hyperliquid,HYPE,HYPE,2025-12-26,2025-11-14,24,0.223551331
18-HYPERLIQUID-HYPE-26DEC2025,18,Hyperliquid,HYPE,HYPE,2025-12-26,2025-11-15,24,0.145146776
18-HYPERLIQUID-HYPE-26DEC2025,18,Hyperliquid,HYPE,HYPE,2025-12-26,2025-11-16,24,0.112938519
18-HYPERLIQUID-HYPE-26DEC2025,18,Hyperliquid,HYPE,HYPE,2025-12-26,2025-11-17,24,0.3008950135
18-HYPERLIQUID-HYPE-26DEC2025,18,Hyperliquid,HYPE,HYPE,2025-12-26,2025-11-18,24,0.243188696
18-HYPERLIQUID-HYPE-26DEC2025,18,Hyperliquid,HYPE,HYPE,2025-12-26,2025-11-19,24,0.147158364
18-HYPERLIQUID-HYPE-26DEC2025,18,Hyperliquid,HYPE,HYPE,2025-12-26,2025-11-20,24,0.189986734
18-HYPERLIQUID-HYPE-26DEC2025,18,Hyperliquid,HYPE,HYPE,2025-12-26,2025-11-21,24,0.18993870000000002
18-HYPERLIQUID-HYPE-26DEC2025,18,Hyperliquid,HYPE,HYPE,2025-12-26,2025-11-22,24,0.17033560849999999
18-HYPERLIQUID-HYPE-26DEC2025,18,Hyperliquid,HYPE,HYPE,2025-12-26,2025-11-23,24,0.090867991
18-HYPERLIQUID-HYPE-26DEC2025,18,Hyperliquid,HYPE,HYPE,2025-12-26,2025-11-24,24,0.0994410015
18-HYPERLIQUID-HYPE-26DEC2025,18,Hyperliquid,HYPE,HYPE,2025-12-26,2025-11-25,24,0.073231337
18-HYPERLIQUID-HYPE-26DEC2025,18,Hyperliquid,HYPE,HYPE,2025-12-26,2025-11-26,24,0.0604231585
18-HYPERLIQUID-HYPE-26DEC2025,18,Hyperliquid,HYPE,HYPE,2025-12-26,2025-11-27,24,-0.10747800950000001
18-HYPERLIQUID-HYPE-26DEC2025,18,Hyperliquid,HYPE,HYPE,2025-12-26,2025-11-28,24,0.1267030705
18-HYPERLIQUID-HYPE-26DEC2025,18,Hyperliquid,HYPE,HYPE,2025-12-26,2025-11-29,24,0.116349882
18-HYPERLIQUID-HYPE-26DEC2025,18,Hyperliquid,HYPE,HYPE,2025-12-26,2025-11-30,24,0.148417176
18-HYPERLIQUID-HYPE-26DEC2025,18,Hyperliquid,HYPE,HYPE,2025-12-26,2025-12-01,24,0.111915351
18-HYPERLIQUID-HYPE-26DEC2025,18,Hyperliquid,HYPE,HYPE,2025-12-26,2025-12-02,24,0.10729320999999999
18-HYPERLIQUID-HYPE-26DEC2025,18,Hyperliquid,HYPE,HYPE,2025-12-26,2025-12-03,24,0.1095
18-HYPERLIQUID-HYPE-26DEC2025,18,Hyperliquid,HYPE,HYPE,2025-12-26,2025-12-04,24,0.1207809455
18-HYPERLIQUID-HYPE-26DEC2025,18,Hyperliquid,HYPE,HYPE,2025-12-26,2025-12-05,24,0.115158303
18-HYPERLIQUID-HYPE-26DEC2025,18,Hyperliquid,HYPE,HYPE,2025-12-26,2025-12-06,24,0.1095
18-HYPERLIQUID-HYPE-26DEC2025,18,Hyperliquid,HYPE,HYPE,2025-12-26,2025-12-07,24,0.1585634095
18-HYPERLIQUID-HYPE-26DEC2025,18,Hyperliquid,HYPE,HYPE,2025-12-26,2025-12-08,24,0.1036699645
18-HYPERLIQUID-HYPE-26DEC2025,18,Hyperliquid,HYPE,HYPE,2025-12-26,2025-12-09,24,0.1751743405
18-HYPERLIQUID-HYPE-26DEC2025,18,Hyperliquid,HYPE,HYPE,2025-12-26,2025-12-10,24,0.1111753135
18-HYPERLIQUID-HYPE-26DEC2025,18,Hyperliquid,HYPE,HYPE,2025-12-26,2025-12-11,24,0.1234160995
18-HYPERLIQUID-HYPE-26DEC2025,18,Hyperliquid,HYPE,HYPE,2025-12-26,2025-12-12,24,0.11576810850000001
18-HYPERLIQUID-HYPE-26DEC2025,18,Hyperliquid,HYPE,HYPE,2025-12-26,2025-12-13,24,0.1095
18-HYPERLIQUID-HYPE-26DEC2025,18,Hyperliquid,HYPE,HYPE,2025-12-26,2025-12-14,24,0.170712325
18-HYPERLIQUID-HYPE-26DEC2025,18,Hyperliquid,HYPE,HYPE,2025-12-26,2025-12-15,24,0.139653599
18-HYPERLIQUID-HYPE-26DEC2025,18,Hyperliquid,HYPE,HYPE,2025-12-26,2025-12-16,24,0.1144079725
18-HYPERLIQUID-HYPE-26DEC2025,18,Hyperliquid,HYPE,HYPE,2025-12-26,2025-12-17,24,0.189875555
18-HYPERLIQUID-HYPE-26DEC2025,18,Hyperliquid,HYPE,HYPE,2025-12-26,2025-12-18,24,0.1315537015
18-HYPERLIQUID-HYPE-26DEC2025,18,Hyperliquid,HYPE,HYPE,2025-12-26,2025-12-19,24,0.1095
18-HYPERLIQUID-HYPE-26DEC2025,18,Hyperliquid,HYPE,HYPE,2025-12-26,2025-12-20,24,0.1095
18-HYPERLIQUID-HYPE-26DEC2025,18,Hyperliquid,HYPE,HYPE,2025-12-26,2025-12-21,24,0.10598198399999999
18-HYPERLIQUID-HYPE-26DEC2025,18,Hyperliquid,HYPE,HYPE,2025-12-26,2025-12-22,24,0.1029577035
18-HYPERLIQUID-HYPE-26DEC2025,18,Hyperliquid,HYPE,HYPE,2025-12-26,2025-12-23,24,0.1095
18-HYPERLIQUID-HYPE-26DEC2025,18,Hyperliquid,HYPE,HYPE,2025-12-26,2025-12-24,24,0.10432002950000001
18-HYPERLIQUID-HYPE-26DEC2025,18,Hyperliquid,HYPE,HYPE,2025-12-26,2025-12-25,24,0.0990771695
18-HYPERLIQUID-HYPE-26DEC2025,18,Hyperliquid,HYPE,HYPE,2025-12-26,2025-12-26,1,0.1095
19-HYPERLIQUID-BTC-26DEC2025,19,Hyperliquid,BTC,BTC,2025-12-26,2025-11-19,17,0.10305882352941176
19-HYPERLIQUID-BTC-26DEC2025,19,Hyperliquid,BTC,BTC,2025-12-26,2025-11-20,24,0.1095
19-HYPERLIQUID-BTC-26DEC2025,19,Hyperliquid,BTC,BTC,2025-12-26,2025-11-21,24,0.1095
19-HYPERLIQUID-BTC-26DEC2025,19,Hyperliquid,BTC,BTC,2025-12-26,2025-11-22,24,0.09342623950000001
19-HYPERLIQUID-BTC-26DEC2025,19,Hyperliquid,BTC,BTC,2025-12-26,2025-11-23,24,0.0941927395
19-HYPERLIQUID-BTC-26DEC2025,19,Hyperliquid,BTC,BTC,2025-12-26,2025-11-24,24,0.012186693
19-HYPERLIQUID-BTC-26DEC2025,19,Hyperliquid,BTC,BTC,2025-12-26,2025-11-25,24,0.0051775614999999995
19-HYPERLIQUID-BTC-26DEC2025,19,Hyperliquid,BTC,BTC,2025-12-26,2025-11-26,24,0.064044871
19-HYPERLIQUID-BTC-26DEC2025,19,Hyperliquid,BTC,BTC,2025-12-26,2025-11-27,24,0.0395189515
19-HYPERLIQUID-BTC-26DEC2025,19,Hyperliquid,BTC,BTC,2025-12-26,2025-11-28,24,0.0736895945
19-HYPERLIQUID-BTC-26DEC2025,19,Hyperliquid,BTC,BTC,2025-12-26,2025-11-29,24,0.0402968395
19-HYPERLIQUID-BTC-26DEC2025,19,Hyperliquid,BTC,BTC,2025-12-26,2025-11-30,24,0.09467063399999999
19-HYPERLIQUID-BTC-26DEC2025,19,Hyperliquid,BTC,BTC,2025-12-26,2025-12-01,24,0.0385377585
19-HYPERLIQUID-BTC-26DEC2025,19,Hyperliquid,BTC,BTC,2025-12-26,2025-12-02,24,-0.0750840405
19-HYPERLIQUID-BTC-26DEC2025,19,Hyperliquid,BTC,BTC,2025-12-26,2025-12-03,24,0.0761683095
19-HYPERLIQUID-BTC-26DEC2025,19,Hyperliquid,BTC,BTC,2025-12-26,2025-12-04,24,0.052571643499999994
19-HYPERLIQUID-BTC-26DEC2025,19,Hyperliquid,BTC,BTC,2025-12-26,2025-12-05,24,0.059235996000000006
19-HYPERLIQUID-BTC-26DEC2025,19,Hyperliquid,BTC,BTC,2025-12-26,2025-12-06,24,0.0305652825
19-HYPERLIQUID-BTC-26DEC2025,19,Hyperliquid,BTC,BTC,2025-12-26,2025-12-07,24,-0.0377092815
19-HYPERLIQUID-BTC-26DEC2025,19,Hyperliquid,BTC,BTC,2025-12-26,2025-12-08,24,0.022669821500000003
19-HYPERLIQUID-BTC-26DEC2025,19,Hyperliquid,BTC,BTC,2025-12-26,2025-12-09,24,0.038439719500000004
19-HYPERLIQUID-BTC-26DEC2025,19,Hyperliquid,BTC,BTC,2025-12-26,2025-12-10,24,0.0960406615
19-HYPERLIQUID-BTC-26DEC2025,19,Hyperliquid,BTC,BTC,2025-12-26,2025-12-11,24,0.0908980305
19-HYPERLIQUID-BTC-26DEC2025,19,Hyperliquid,BTC,BTC,2025-12-26,2025-12-12,24,0.10741665299999999
19-HYPERLIQUID-BTC-26DEC2025,19,Hyperliquid,BTC,BTC,2025-12-26,2025-12-13,24,0.1074046445
19-HYPERLIQUID-BTC-26DEC2025,19,Hyperliquid,BTC,BTC,2025-12-26,2025-12-14,24,0.07273282
19-HYPERLIQUID-BTC-26DEC2025,19,Hyperliquid,BTC,BTC,2025-12-26,2025-12-15,24,0.047592167500000004
19-HYPERLIQUID-BTC-26DEC2025,19,Hyperliquid,BTC,BTC,2025-12-26,2025-12-16,24,0.047644910000000006
19-HYPERLIQUID-BTC-26DEC2025,19,Hyperliquid,BTC,BTC,2025-12-26,2025-12-17,24,0.019589039
19-HYPERLIQUID-BTC-26DEC2025,19,Hyperliquid,BTC,BTC,2025-12-26,2025-12-18,24,0.08776392150000001
19-HYPERLIQUID-BTC-26DEC2025,19,Hyperliquid,BTC,BTC,2025-12-26,2025-12-19,24,0.047104929
19-HYPERLIQUID-BTC-26DEC2025,19,Hyperliquid,BTC,BTC,2025-12-26,2025-12-20,24,-0.036613369
19-HYPERLIQUID-BTC-26DEC2025,19,Hyperliquid,BTC,BTC,2025-12-26,2025-12-21,24,0.07487511449999999
19-HYPERLIQUID-BTC-26DEC2025,19,Hyperliquid,BTC,BTC,2025-12-26,2025-12-22,24,0.059159784
19-HYPERLIQUID-BTC-26DEC2025,19,Hyperliquid,BTC,BTC,2025-12-26,2025-12-23,24,0.061104942
19-HYPERLIQUID-BTC-26DEC2025,19,Hyperliquid,BTC,BTC,2025-12-26,2025-12-24,24,0.1060379385
19-HYPERLIQUID-BTC-26DEC2025,19,Hyperliquid,BTC,BTC,2025-12-26,2025-12-25,24,0.1095
19-HYPERLIQUID-BTC-26DEC2025,19,Hyperliquid,BTC,BTC,2025-12-26,2025-12-26,1,0.1095
2-BINANCE-BTCUSDT-26SEP2025,2,Binance,BTC,BTCUSDT,2025-09-26,2025-08-01,3,0.0212503
2-BINANCE-BTCUSDT-26SEP2025,2,Binance,BTC,BTCUSDT,2025-09-26,2025-08-02,3,0.03701465
2-BINANCE-BTCUSDT-26SEP2025,2,Binance,BTC,BTCUSDT,2025-09-26,2025-08-03,3,0.0644955
2-BINANCE-BTCUSDT-26SEP2025,2,Binance,BTC,BTCUSDT,2025-09-26,2025-08-04,3,0.050439349999999994
2-BINANCE-BTCUSDT-26SEP2025,2,Binance,BTC,BTCUSDT,2025-09-26,2025-08-05,3,0.07473010000000001
2-BINANCE-BTCUSDT-26SEP2025,2,Binance,BTC,BTCUSDT,2025-09-26,2025-08-06,3,0.08298275000000001
2-BINANCE-BTCUSDT-26SEP2025,2,Binance,BTC,BTCUSDT,2025-09-26,2025-08-07,3,0.0682258
2-BINANCE-BTCUSDT-26SEP2025,2,Binance,BTC,BTCUSDT,2025-09-26,2025-08-08,3,0.04418325
2-BINANCE-BTCUSDT-26SEP2025,2,Binance,BTC,BTCUSDT,2025-09-26,2025-08-09,3,0.08421645
2-BINANCE-BTCUSDT-26SEP2025,2,Binance,BTC,BTCUSDT,2025-09-26,2025-08-10,3,0.10894885
2-BINANCE-BTCUSDT-26SEP2025,2,Binance,BTC,BTCUSDT,2025-09-26,2025-08-11,3,0.1095
2-BINANCE-BTCUSDT-26SEP2025,2,Binance,BTC,BTCUSDT,2025-09-26,2025-08-12,3,0.09683815
2-BINANCE-BTCUSDT-26SEP2025,2,Binance,BTC,BTCUSDT,2025-09-26,2025-08-13,3,0.09899894999999999
2-BINANCE-BTCUSDT-26SEP2025,2,Binance,BTC,BTCUSDT,2025-09-26,2025-08-14,3,0.1095
2-BINANCE-BTCUSDT-26SEP2025,2,Binance,BTC,BTCUSDT,2025-09-26,2025-08-15,3,0.04982614999999999
2-BINANCE-BTCUSDT-26SEP2025,2,Binance,BTC,BTCUSDT,2025-09-26,2025-08-16,3,0.09541465
2-BINANCE-BTCUSDT-26SEP2025,2,Binance,BTC,BTCUSDT,2025-09-26,2025-08-17,3,0.053830199999999995
2-BINANCE-BTCUSDT-26SEP2025,2,Binance,BTC,BTCUSDT,2025-09-26,2025-08-18,3,0.027229
2-BINANCE-BTCUSDT-26SEP2025,2,Binance,BTC,BTCUSDT,2025-09-26,2025-08-19,3,0.060465899999999996
2-BINANCE-BTCUSDT-26SEP2025,2,Binance,BTC,BTCUSDT,2025-09-26,2025-08-20,3,0.03957695
2-BINANCE-BTCUSDT-26SEP2025,2,Binance,BTC,BTCUSDT,2025-09-26,2025-08-21,3,0.0595461
2-BINANCE-BTCUSDT-26SEP2025,2,Binance,BTC,BTCUSDT,2025-09-26,2025-08-22,3,0.08454495
2-BINANCE-BTCUSDT-26SEP2025,2,Binance,BTC,BTCUSDT,2025-09-26,2025-08-23,3,0.10844514999999999
2-BINANCE-BTCUSDT-26SEP2025,2,Binance,BTC,BTCUSDT,2025-09-26,2025-08-24,3,0.1095
2-BINANCE-BTCUSDT-26SEP2025,2,Binance,BTC,BTCUSDT,2025-09-26,2025-08-25,3,0.1034556
2-BINANCE-BTCUSDT-26SEP2025,2,Binance,BTC,BTCUSDT,2025-09-26,2025-08-26,3,0.0672403
2-BINANCE-BTCUSDT-26SEP2025,2,Binance,BTC,BTCUSDT,2025-09-26,2025-08-27,3,0.03942365
2-BINANCE-BTCUSDT-26SEP2025,2,Binance,BTC,BTCUSDT,2025-09-26,2025-08-28,3,0.0821323
2-BINANCE-BTCUSDT-26SEP2025,2,Binance,BTC,BTCUSDT,2025-09-26,2025-08-29,3,0.039277650000000004
2-BINANCE-BTCUSDT-26SEP2025,2,Binance,BTC,BTCUSDT,2025-09-26,2025-08-30,3,0.0859356
2-BINANCE-BTCUSDT-26SEP2025,2,Binance,BTC,BTCUSDT,2025-09-26,2025-08-31,3,0.04933705
2-BINANCE-BTCUSDT-26SEP2025,2,Binance,BTC,BTCUSDT,2025-09-26,2025-09-01,3,0.07162395
2-BINANCE-BTCUSDT-26SEP2025,2,Binance,BTC,BTCUSDT,2025-09-26,2025-09-02,3,0.08069055
2-BINANCE-BTCUSDT-26SEP2025,2,Binance,BTC,BTCUSDT,2025-09-26,2025-09-03,3,0.0300687
2-BINANCE-BTCUSDT-26SEP2025,2,Binance,BTC,BTCUSDT,2025-09-26,2025-09-04,3,0.0515891
2-BINANCE-BTCUSDT-26SEP2025,2,Binance,BTC,BTCUSDT,2025-09-26,2025-09-05,3,0.0927246
2-BINANCE-BTCUSDT-26SEP2025,2,Binance,BTC,BTCUSDT,2025-09-26,2025-09-06,3,0.044044549999999995
2-BINANCE-BTCUSDT-26SEP2025,2,Binance,BTC,BTCUSDT,2025-09-26,2025-09-07,3,0.0458075
2-BINANCE-BTCUSDT-26SEP2025,2,Binance,BTC,BTCUSDT,2025-09-26,2025-09-08,3,0.08539904999999999
2-BINANCE-BTCUSDT-26SEP2025,2,Binance,BTC,BTCUSDT,2025-09-26,2025-09-09,3,0.08686635
2-BINANCE-BTCUSDT-26SEP2025,2,Binance,BTC,BTCUSDT,2025-09-26,2025-09-10,3,0.07603315000000001
2-BINANCE-BTCUSDT-26SEP2025,2,Binance,BTC,BTCUSDT,2025-09-26,2025-09-11,3,0.0490998
2-BINANCE-BTCUSDT-26SEP2025,2,Binance,BTC,BTCUSDT,2025-09-26,2025-09-12,3,0.0613054
2-BINANCE-BTCUSDT-26SEP2025,2,Binance,BTC,BTCUSDT,2025-09-26,2025-09-13,3,0.0139941
2-BINANCE-BTCUSDT-26SEP2025,2,Binance,BTC,BTCUSDT,2025-09-26,2025-09-14,3,0.058681050000000005
2-BINANCE-BTCUSDT-26SEP2025,2,Binance,BTC,BTCUSDT,2025-09-26,2025-09-15,3,0.08269075
2-BINANCE-BTCUSDT-26SEP2025,2,Binance,BTC,BTCUSDT,2025-09-26,2025-09-16,3,0.052779
2-BINANCE-BTCUSDT-26SEP2025,2,Binance,BTC,BTCUSDT,2025-09-26,2025-09-17,3,0.0792634
2-BINANCE-BTCUSDT-26SEP2025,2,Binance,BTC,BTCUSDT,2025-09-26,2025-09-18,3,0.06598105
2-BINANCE-BTCUSDT-26SEP2025,2,Binance,BTC,BTCUSDT,2025-09-26,2025-09-19,3,0.0260683
2-BINANCE-BTCUSDT-26SEP2025,2,Binance,BTC,BTCUSDT,2025-09-26,2025-09-20,3,0.0099426
2-BINANCE-BTCUSDT-26SEP2025,2,Binance,BTC,BTCUSDT,2025-09-26,2025-09-21,3,0.0035879500000000008
2-BINANCE-BTCUSDT-26SEP2025,2,Binance,BTC,BTCUSDT,2025-09-26,2025-09-22,3,0.0483479
2-BINANCE-BTCUSDT-26SEP2025,2,Binance,BTC,BTCUSDT,2025-09-26,2025-09-23,3,0.07892395
2-BINANCE-BTCUSDT-26SEP2025,2,Binance,BTC,BTCUSDT,2025-09-26,2025-09-24,3,0.06185654999999999
2-BINANCE-BTCUSDT-26SEP2025,2,Binance,BTC,BTCUSDT,2025-09-26,2025-09-25,3,0.0404055
2-BINANCE-BTCUSDT-26SEP2025,2,Binance,BTC,BTCUSDT,2025-09-26,2025-09-26,1,0.03441585
20-HYPERLIQUID-ETH-26DEC2025,20,Hyperliquid,ETH,ETH,2025-12-26,2025-11-19,17,0.10305882352941176
20-HYPERLIQUID-ETH-26DEC2025,20,Hyperliquid,ETH,ETH,2025-12-26,2025-11-20,24,0.1095
20-HYPERLIQUID-ETH-26DEC2025,20,Hyperliquid,ETH,ETH,2025-12-26,2025-11-21,24,0.097895409
20-HYPERLIQUID-ETH-26DEC2025,20,Hyperliquid,ETH,ETH,2025-12-26,2025-11-22,24,0.10086023100000001
20-HYPERLIQUID-ETH-26DEC2025,20,Hyperliquid,ETH,ETH,2025-12-26,2025-11-23,24,0.09341182199999999
20-HYPERLIQUID-ETH-26DEC2025,20,Hyperliquid,ETH,ETH,2025-12-26,2025-11-24,24,0.0982905215
20-HYPERLIQUID-ETH-26DEC2025,20,Hyperliquid,ETH,ETH,2025-12-26,2025-11-25,24,0.1095
20-HYPERLIQUID-ETH-26DEC2025,20,Hyperliquid,ETH,ETH,2025-12-26,2025-11-26,24,0.10505119750000001
20-HYPERLIQUID-ETH-26DEC2025,20,Hyperliquid,ETH,ETH,2025-12-26,2025-11-27,24,0.105776562
20-HYPERLIQUID-ETH-26DEC2025,20,Hyperliquid,ETH,ETH,2025-12-26,2025-11-28,24,0.061592910499999994
20-HYPERLIQUID-ETH-26DEC2025,20,Hyperliquid,ETH,ETH,2025-12-26,2025-11-29,24,0.028731924000000002
20-HYPERLIQUID-ETH-26DEC2025,20,Hyperliquid,ETH,ETH,2025-12-26,2025-11-30,24,0.10141641800000001
20-HYPERLIQUID-ETH-26DEC2025,20,Hyperliquid,ETH,ETH,2025-12-26,2025-12-01,24,0.0915245165
20-HYPERLIQUID-ETH-26DEC2025,20,Hyperliquid,ETH,ETH,2025-12-26,2025-12-02,24,0.087843966
20-HYPERLIQUID-ETH-26DEC2025,20,Hyperliquid,ETH,ETH,2025-12-26,2025-12-03,24,0.0887778915
20-HYPERLIQUID-ETH-26DEC2025,20,Hyperliquid,ETH,ETH,2025-12-26,2025-12-04,24,0.073000657
20-HYPERLIQUID-ETH-26DEC2025,20,Hyperliquid,ETH,ETH,2025-12-26,2025-12-05,24,0.028717251
20-HYPERLIQUID-ETH-26DEC2025,20,Hyperliquid,ETH,ETH,2025-12-26,2025-12-06,24,0.0459151385
20-HYPERLIQUID-ETH-26DEC2025,20,Hyperliquid,ETH,ETH,2025-12-26,2025-12-07,24,0.105079193
20-HYPERLIQUID-ETH-26DEC2025,20,Hyperliquid,ETH,ETH,2025-12-26,2025-12-08,24,0.1095
20-HYPERLIQUID-ETH-26DEC2025,20,Hyperliquid,ETH,ETH,2025-12-26,2025-12-09,24,0.1095
20-HYPERLIQUID-ETH-26DEC2025,20,Hyperliquid,ETH,ETH,2025-12-26,2025-12-10,24,0.1095
20-HYPERLIQUID-ETH-26DEC2025,20,Hyperliquid,ETH,ETH,2025-12-26,2025-12-11,24,0.1148966345
20-HYPERLIQUID-ETH-26DEC2025,20,Hyperliquid,ETH,ETH,2025-12-26,2025-12-12,24,0.1330657505
20-HYPERLIQUID-ETH-26DEC2025,20,Hyperliquid,ETH,ETH,2025-12-26,2025-12-13,24,0.1095
20-HYPERLIQUID-ETH-26DEC2025,20,Hyperliquid,ETH,ETH,2025-12-26,2025-12-14,24,0.1095
20-HYPERLIQUID-ETH-26DEC2025,20,Hyperliquid,ETH,ETH,2025-12-26,2025-12-15,24,0.1095
20-HYPERLIQUID-ETH-26DEC2025,20,Hyperliquid,ETH,ETH,2025-12-26,2025-12-16,24,0.1082713735
20-HYPERLIQUID-ETH-26DEC2025,20,Hyperliquid,ETH,ETH,2025-12-26,2025-12-17,24,0.102360454
20-HYPERLIQUID-ETH-26DEC2025,20,Hyperliquid,ETH,ETH,2025-12-26,2025-12-18,24,0.07797995049999999
20-HYPERLIQUID-ETH-26DEC2025,20,Hyperliquid,ETH,ETH,2025-12-26,2025-12-19,24,0.08961177050000001
20-HYPERLIQUID-ETH-26DEC2025,20,Hyperliquid,ETH,ETH,2025-12-26,2025-12-20,24,0.09923598099999999
20-HYPERLIQUID-ETH-26DEC2025,20,Hyperliquid,ETH,ETH,2025-12-26,2025-12-21,24,0.105833794
20-HYPERLIQUID-ETH-26DEC2025,20,Hyperliquid,ETH,ETH,2025-12-26,2025-12-22,24,0.094090722
20-HYPERLIQUID-ETH-26DEC2025,20,Hyperliquid,ETH,ETH,2025-12-26,2025-12-23,24,0.07338441799999999
20-HYPERLIQUID-ETH-26DEC2025,20,Hyperliquid,ETH,ETH,2025-12-26,2025-12-24,24,0.09954502650000001
20-HYPERLIQUID-ETH-26DEC2025,20,Hyperliquid,ETH,ETH,2025-12-26,2025-12-25,24,0.10945335299999999
20-HYPERLIQUID-ETH-26DEC2025,20,Hyperliquid,ETH,ETH,2025-12-26,2025-12-26,1,0.10624566
21-HYPERLIQUID-BTC-26DEC2025,21,Hyperliquid,BTC,BTC,2025-12-26,2025-11-19,17,0.10305882352941176
21-HYPERLIQUID-BTC-26DEC2025,21,Hyperliquid,BTC,BTC,2025-12-26,2025-11-20,24,0.1095
21-HYPERLIQUID-BTC-26DEC2025,21,Hyperliquid,BTC,BTC,2025-12-26,2025-11-21,24,0.1095
21-HYPERLIQUID-BTC-26DEC2025,21,Hyperliquid,BTC,BTC,2025-12-26,2025-11-22,24,0.09342623950000001
21-HYPERLIQUID-BTC-26DEC2025,21,Hyperliquid,BTC,BTC,2025-12-26,2025-11-23,24,0.0941927395
21-HYPERLIQUID-BTC-26DEC2025,21,Hyperliquid,BTC,BTC,2025-12-26,2025-11-24,24,0.012186693
21-HYPERLIQUID-BTC-26DEC2025,21,Hyperliquid,BTC,BTC,2025-12-26,2025-11-25,24,0.0051775614999999995
21-HYPERLIQUID-BTC-26DEC2025,21,Hyperliquid,BTC,BTC,2025-12-26,2025-11-26,24,0.064044871
21-HYPERLIQUID-BTC-26DEC2025,21,Hyperliquid,BTC,BTC,2025-12-26,2025-11-27,24,0.0395189515
21-HYPERLIQUID-BTC-26DEC2025,21,Hyperliquid,BTC,BTC,2025-12-26,2025-11-28,24,0.0736895945
21-HYPERLIQUID-BTC-26DEC2025,21,Hyperliquid,BTC,BTC,2025-12-26,2025-11-29,24,0.0402968395
21-HYPERLIQUID-BTC-26DEC2025,21,Hyperliquid,BTC,BTC,2025-12-26,2025-11-30,24,0.09467063399999999
21-HYPERLIQUID-BTC-26DEC2025,21,Hyperliquid,BTC,BTC,2025-12-26,2025-12-01,24,0.0385377585
21-HYPERLIQUID-BTC-26DEC2025,21,Hyperliquid,BTC,BTC,2025-12-26,2025-12-02,24,-0.0750840405
21-HYPERLIQUID-BTC-26DEC2025,21,Hyperliquid,BTC,BTC,2025-12-26,2025-12-03,24,0.0761683095
21-HYPERLIQUID-BTC-26DEC2025,21,Hyperliquid,BTC,BTC,2025-12-26,2025-12-04,24,0.052571643499999994
21-HYPERLIQUID-BTC-26DEC2025,21,Hyperliquid,BTC,BTC,2025-12-26,2025-12-05,24,0.059235996000000006
21-HYPERLIQUID-BTC-26DEC2025,21,Hyperliquid,BTC,BTC,2025-12-26,2025-12-06,24,0.0305652825
21-HYPERLIQUID-BTC-26DEC2025,21,Hyperliquid,BTC,BTC,2025-12-26,2025-12-07,24,-0.0377092815
21-HYPERLIQUID-BTC-26DEC2025,21,Hyperliquid,BTC,BTC,2025-12-26,2025-12-08,24,0.022669821500000003
21-HYPERLIQUID-BTC-26DEC2025,21,Hyperliquid,BTC,BTC,2025-12-26,2025-12-09,24,0.038439719500000004
21-HYPERLIQUID-BTC-26DEC2025,21,Hyperliquid,BTC,BTC,2025-12-26,2025-12-10,24,0.0960406615
21-HYPERLIQUID-BTC-26DEC2025,21,Hyperliquid,BTC,BTC,2025-12-26,2025-12-11,24,0.0908980305
21-HYPERLIQUID-BTC-26DEC2025,21,Hyperliquid,BTC,BTC,2025-12-26,2025-12-12,24,0.10741665299999999
21-HYPERLIQUID-BTC-26DEC2025,21,Hyperliquid,BTC,BTC,2025-12-26,2025-12-13,24,0.1074046445
21-HYPERLIQUID-BTC-26DEC2025,21,Hyperliquid,BTC,BTC,2025-12-26,2025-12-14,24,0.07273282
21-HYPERLIQUID-BTC-26DEC2025,21,Hyperliquid,BTC,BTC,2025-12-26,2025-12-15,24,0.047592167500000004
21-HYPERLIQUID-BTC-26DEC2025,21,Hyperliquid,BTC,BTC,2025-12-26,2025-12-16,24,0.047644910000000006
21-HYPERLIQUID-BTC-26DEC2025,21,Hyperliquid,BTC,BTC,2025-12-26,2025-12-17,24,0.019589039
21-HYPERLIQUID-BTC-26DEC2025,21,Hyperliquid,BTC,BTC,2025-12-26,2025-12-18,24,0.08776392150000001
21-HYPERLIQUID-BTC-26DEC2025,21,Hyperliquid,BTC,BTC,2025-12-26,2025-12-19,24,0.047104929
21-HYPERLIQUID-BTC-26DEC2025,21,Hyperliquid,BTC,BTC,2025-12-26,2025-12-20,24,-0.036613369
21-HYPERLIQUID-BTC-26DEC2025,21,Hyperliquid,BTC,BTC,2025-12-26,2025-12-21,24,0.07487511449999999
21-HYPERLIQUID-BTC-26DEC2025,21,Hyperliquid,BTC,BTC,2025-12-26,2025-12-22,24,0.059159784
21-HYPERLIQUID-BTC-26DEC2025,21,Hyperliquid,BTC,BTC,2025-12-26,2025-12-23,24,0.061104942
21-HYPERLIQUID-BTC-26DEC2025,21,Hyperliquid,BTC,BTC,2025-12-26,2025-12-24,24,0.1060379385
21-HYPERLIQUID-BTC-26DEC2025,21,Hyperliquid,BTC,BTC,2025-12-26,2025-12-25,24,0.1095
21-HYPERLIQUID-BTC-26DEC2025,21,Hyperliquid,BTC,BTC,2025-12-26,2025-12-26,1,0.1095
22-HYPERLIQUID-ETH-26DEC2025,22,Hyperliquid,ETH,ETH,2025-12-26,2025-11-19,17,0.10305882352941176
22-HYPERLIQUID-ETH-26DEC2025,22,Hyperliquid,ETH,ETH,2025-12-26,2025-11-20,24,0.1095
22-HYPERLIQUID-ETH-26DEC2025,22,Hyperliquid,ETH,ETH,2025-12-26,2025-11-21,24,0.097895409
22-HYPERLIQUID-ETH-26DEC2025,22,Hyperliquid,ETH,ETH,2025-12-26,2025-11-22,24,0.10086023100000001
22-HYPERLIQUID-ETH-26DEC2025,22,Hyperliquid,ETH,ETH,2025-12-26,2025-11-23,24,0.09341182199999999
22-HYPERLIQUID-ETH-26DEC2025,22,Hyperliquid,ETH,ETH,2025-12-26,2025-11-24,24,0.0982905215
22-HYPERLIQUID-ETH-26DEC2025,22,Hyperliquid,ETH,ETH,2025-12-26,2025-11-25,24,0.1095
22-HYPERLIQUID-ETH-26DEC2025,22,Hyperliquid,ETH,ETH,2025-12-26,2025-11-26,24,0.10505119750000001
22-HYPERLIQUID-ETH-26DEC2025,22,Hyperliquid,ETH,ETH,2025-12-26,2025-11-27,24,0.105776562
22-HYPERLIQUID-ETH-26DEC2025,22,Hyperliquid,ETH,ETH,2025-12-26,2025-11-28,24,0.061592910499999994
22-HYPERLIQUID-ETH-26DEC2025,22,Hyperliquid,ETH,ETH,2025-12-26,2025-11-29,24,0.028731924000000002
22-HYPERLIQUID-ETH-26DEC2025,22,Hyperliquid,ETH,ETH,2025-12-26,2025-11-30,24,0.10141641800000001
22-HYPERLIQUID-ETH-26DEC2025,22,Hyperliquid,ETH,ETH,2025-12-26,2025-12-01,24,0.0915245165
22-HYPERLIQUID-ETH-26DEC2025,22,Hyperliquid,ETH,ETH,2025-12-26,2025-12-02,24,0.087843966
22-HYPERLIQUID-ETH-26DEC2025,22,Hyperliquid,ETH,ETH,2025-12-26,2025-12-03,24,0.0887778915
22-HYPERLIQUID-ETH-26DEC2025,22,Hyperliquid,ETH,ETH,2025-12-26,2025-12-04,24,0.073000657
22-HYPERLIQUID-ETH-26DEC2025,22,Hyperliquid,ETH,ETH,2025-12-26,2025-12-05,24,0.028717251
22-HYPERLIQUID-ETH-26DEC2025,22,Hyperliquid,ETH,ETH,2025-12-26,2025-12-06,24,0.0459151385
22-HYPERLIQUID-ETH-26DEC2025,22,Hyperliquid,ETH,ETH,2025-12-26,2025-12-07,24,0.105079193
22-HYPERLIQUID-ETH-26DEC2025,22,Hyperliquid,ETH,ETH,2025-12-26,2025-12-08,24,0.1095
22-HYPERLIQUID-ETH-26DEC2025,22,Hyperliquid,ETH,ETH,2025-12-26,2025-12-09,24,0.1095
22-HYPERLIQUID-ETH-26DEC2025,22,Hyperliquid,ETH,ETH,2025-12-26,2025-12-10,24,0.1095
22-HYPERLIQUID-ETH-26DEC2025,22,Hyperliquid,ETH,ETH,2025-12-26,2025-12-11,24,0.1148966345
22-HYPERLIQUID-ETH-26DEC2025,22,Hyperliquid,ETH,ETH,2025-12-26,2025-12-12,24,0.1330657505
22-HYPERLIQUID-ETH-26DEC2025,22,Hyperliquid,ETH,ETH,2025-12-26,2025-12-13,24,0.1095
22-HYPERLIQUID-ETH-26DEC2025,22,Hyperliquid,ETH,ETH,2025-12-26,2025-12-14,24,0.1095
22-HYPERLIQUID-ETH-26DEC2025,22,Hyperliquid,ETH,ETH,2025-12-26,2025-12-15,24,0.1095
22-HYPERLIQUID-ETH-26DEC2025,22,Hyperliquid,ETH,ETH,2025-12-26,2025-12-16,24,0.1082713735
22-HYPERLIQUID-ETH-26DEC2025,22,Hyperliquid,ETH,ETH,2025-12-26,2025-12-17,24,0.102360454
22-HYPERLIQUID-ETH-26DEC2025,22,Hyperliquid,ETH,ETH,2025-12-26,2025-12-18,24,0.07797995049999999
22-HYPERLIQUID-ETH-26DEC2025,22,Hyperliquid,ETH,ETH,2025-12-26,2025-12-19,24,0.08961177050000001
22-HYPERLIQUID-ETH-26DEC2025,22,Hyperliquid,ETH,ETH,2025-12-26,2025-12-20,24,0.09923598099999999
22-HYPERLIQUID-ETH-26DEC2025,22,Hyperliquid,ETH,ETH,2025-12-26,2025-12-21,24,0.105833794
22-HYPERLIQUID-ETH-26DEC2025,22,Hyperliquid,ETH,ETH,2025-12-26,2025-12-22,24,0.094090722
22-HYPERLIQUID-ETH-26DEC2025,22,Hyperliquid,ETH,ETH,2025-12-26,2025-12-23,24,0.07338441799999999
22-HYPERLIQUID-ETH-26DEC2025,22,Hyperliquid,ETH,ETH,2025-12-26,2025-12-24,24,0.09954502650000001
22-HYPERLIQUID-ETH-26DEC2025,22,Hyperliquid,ETH,ETH,2025-12-26,2025-12-25,24,0.10945335299999999
22-HYPERLIQUID-ETH-26DEC2025,22,Hyperliquid,ETH,ETH,2025-12-26,2025-12-26,1,0.10624566
23-BINANCE-BTCUSDT-27MAR2026,23,Binance,BTC,BTCUSDT,2026-03-27,2025-11-27,3,0.0256668
23-BINANCE-BTCUSDT-27MAR2026,23,Binance,BTC,BTCUSDT,2026-03-27,2025-11-28,3,0.022173750000000002
23-BINANCE-BTCUSDT-27MAR2026,23,Binance,BTC,BTCUSDT,2026-03-27,2025-11-29,3,0.00887315
23-BINANCE-BTCUSDT-27MAR2026,23,Binance,BTC,BTCUSDT,2026-03-27,2025-11-30,3,0.049340699999999994
23-BINANCE-BTCUSDT-27MAR2026,23,Binance,BTC,BTCUSDT,2026-03-27,2025-12-01,3,0.03006505
23-BINANCE-BTCUSDT-27MAR2026,23,Binance,BTC,BTCUSDT,2026-03-27,2025-12-02,3,0.02056045
23-BINANCE-BTCUSDT-27MAR2026,23,Binance,BTC,BTCUSDT,2026-03-27,2025-12-03,3,0.00579985
23-BINANCE-BTCUSDT-27MAR2026,23,Binance,BTC,BTCUSDT,2026-03-27,2025-12-04,3,0.0400332
23-BINANCE-BTCUSDT-27MAR2026,23,Binance,BTC,BTCUSDT,2026-03-27,2025-12-05,3,0.0371278
23-BINANCE-BTCUSDT-27MAR2026,23,Binance,BTC,BTCUSDT,2026-03-27,2025-12-06,3,0.013833499999999999
23-BINANCE-BTCUSDT-27MAR2026,23,Binance,BTC,BTCUSDT,2026-03-27,2025-12-07,3,0.040405500000000004
23-BINANCE-BTCUSDT-27MAR2026,23,Binance,BTC,BTCUSDT,2026-03-27,2025-12-08,3,0.03431365
23-BINANCE-BTCUSDT-27MAR2026,23,Binance,BTC,BTCUSDT,2026-03-27,2025-12-09,3,0.0462601
23-BINANCE-BTCUSDT-27MAR2026,23,Binance,BTC,BTCUSDT,2026-03-27,2025-12-10,3,0.0291197
23-BINANCE-BTCUSDT-27MAR2026,23,Binance,BTC,BTCUSDT,2026-03-27,2025-12-11,3,0.025962449999999998
23-BINANCE-BTCUSDT-27MAR2026,23,Binance,BTC,BTCUSDT,2026-03-27,2025-12-12,3,0.05473175
23-BINANCE-BTCUSDT-27MAR2026,23,Binance,BTC,BTCUSDT,2026-03-27,2025-12-13,3,0.044464300000000005
23-BINANCE-BTCUSDT-27MAR2026,23,Binance,BTC,BTCUSDT,2026-03-27,2025-12-14,3,0.06084915
23-BINANCE-BTCUSDT-27MAR2026,23,Binance,BTC,BTCUSDT,2026-03-27,2025-12-15,3,0.0086797
23-BINANCE-BTCUSDT-27MAR2026,23,Binance,BTC,BTCUSDT,2026-03-27,2025-12-16,3,0.0471069
23-BINANCE-BTCUSDT-27MAR2026,23,Binance,BTC,BTCUSDT,2026-03-27,2025-12-17,3,0.07710625
23-BINANCE-BTCUSDT-27MAR2026,23,Binance,BTC,BTCUSDT,2026-03-27,2025-12-18,3,0.0500707
23-BINANCE-BTCUSDT-27MAR2026,23,Binance,BTC,BTCUSDT,2026-03-27,2025-12-19,3,0.09304215
23-BINANCE-BTCUSDT-27MAR2026,23,Binance,BTC,BTCUSDT,2026-03-27,2025-12-20,3,0.06717825
23-BINANCE-BTCUSDT-27MAR2026,23,Binance,BTC,BTCUSDT,2026-03-27,2025-12-21,3,0.0822418
23-BINANCE-BTCUSDT-27MAR2026,23,Binance,BTC,BTCUSDT,2026-03-27,2025-12-22,3,0.056819549999999996
23-BINANCE-BTCUSDT-27MAR2026,23,Binance,BTC,BTCUSDT,2026-03-27,2025-12-23,3,0.03525535
23-BINANCE-BTCUSDT-27MAR2026,23,Binance,BTC,BTCUSDT,2026-03-27,2025-12-24,3,0.08899430000000001
23-BINANCE-BTCUSDT-27MAR2026,23,Binance,BTC,BTCUSDT,2026-03-27,2025-12-25,3,0.0811322
23-BINANCE-BTCUSDT-27MAR2026,23,Binance,BTC,BTCUSDT,2026-03-27,2025-12-26,3,0.07228825
23-BINANCE-BTCUSDT-27MAR2026,23,Binance,BTC,BTCUSDT,2026-03-27,2025-12-27,3,0.03813155
23-BINANCE-BTCUSDT-27MAR2026,23,Binance,BTC,BTCUSDT,2026-03-27,2025-12-28,3,0.06344794999999999
23-BINANCE-BTCUSDT-27MAR2026,23,Binance,BTC,BTCUSDT,2026-03-27,2025-12-29,3,0.0906149
23-BINANCE-BTCUSDT-27MAR2026,23,Binance,BTC,BTCUSDT,2026-03-27,2025-12-30,3,0.0837967
23-BINANCE-BTCUSDT-27MAR2026,23,Binance,BTC,BTCUSDT,2026-03-27,2025-12-31,3,0.02965625
23-BINANCE-BTCUSDT-27MAR2026,23,Binance,BTC,BTCUSDT,2026-03-27,2026-01-01,3,0.07924515
23-BINANCE-BTCUSDT-27MAR2026,23,Binance,BTC,BTCUSDT,2026-03-27,2026-01-02,3,0.053436000000000004
23-BINANCE-BTCUSDT-27MAR2026,23,Binance,BTC,BTCUSDT,2026-03-27,2026-01-03,3,0.04052595
23-BINANCE-BTCUSDT-27MAR2026,23,Binance,BTC,BTCUSDT,2026-03-27,2026-01-04,3,0.07204005000000001
23-BINANCE-BTCUSDT-27MAR2026,23,Binance,BTC,BTCUSDT,2026-03-27,2026-01-05,3,0.0797379
23-BINANCE-BTCUSDT-27MAR2026,23,Binance,BTC,BTCUSDT,2026-03-27,2026-01-06,3,0.01507815
23-BINANCE-BTCUSDT-27MAR2026,23,Binance,BTC,BTCUSDT,2026-03-27,2026-01-07,3,0.07105455
23-BINANCE-BTCUSDT-27MAR2026,23,Binance,BTC,BTCUSDT,2026-03-27,2026-01-08,3,0.09172085
23-BINANCE-BTCUSDT-27MAR2026,23,Binance,BTC,BTCUSDT,2026-03-27,2026-01-09,3,0.017019950000000002
23-BINANCE-BTCUSDT-27MAR2026,23,Binance,BTC,BTCUSDT,2026-03-27,2026-01-10,3,0.07130275
23-BINANCE-BTCUSDT-27MAR2026,23,Binance,BTC,BTCUSDT,2026-03-27,2026-01-11,3,0.05504565
23-BINANCE-BTCUSDT-27MAR2026,23,Binance,BTC,BTCUSDT,2026-03-27,2026-01-12,3,0.03418225
23-BINANCE-BTCUSDT-27MAR2026,23,Binance,BTC,BTCUSDT,2026-03-27,2026-01-13,3,0.056677200000000004
23-BINANCE-BTCUSDT-27MAR2026,23,Binance,BTC,BTCUSDT,2026-03-27,2026-01-14,3,0.024462299999999996
23-BINANCE-BTCUSDT-27MAR2026,23,Binance,BTC,BTCUSDT,2026-03-27,2026-01-15,3,0.010614199999999999
23-BINANCE-BTCUSDT-27MAR2026,23,Binance,BTC,BTCUSDT,2026-03-27,2026-01-16,3,0.06267779999999999
23-BINANCE-BTCUSDT-27MAR2026,23,Binance,BTC,BTCUSDT,2026-03-27,2026-01-17,3,0.021188250000000002
23-BINANCE-BTCUSDT-27MAR2026,23,Binance,BTC,BTCUSDT,2026-03-27,2026-01-18,3,0.0718685
23-BINANCE-BTCUSDT-27MAR2026,23,Binance,BTC,BTCUSDT,2026-03-27,2026-01-19,3,0.028871500000000005
23-BINANCE-BTCUSDT-27MAR2026,23,Binance,BTC,BTCUSDT,2026-03-27,2026-01-20,3,0.08065404999999999
23-BINANCE-BTCUSDT-27MAR2026,23,Binance,BTC,BTCUSDT,2026-03-27,2026-01-21,3,0.06739725
23-BINANCE-BTCUSDT-27MAR2026,23,Binance,BTC,BTCUSDT,2026-03-27,2026-01-22,3,0.07622659999999999
23-BINANCE-BTCUSDT-27MAR2026,23,Binance,BTC,BTCUSDT,2026-03-27,2026-01-23,3,0.056385199999999996
23-BINANCE-BTCUSDT-27MAR2026,23,Binance,BTC,BTCUSDT,2026-03-27,2026-01-24,3,0.05234465
23-BINANCE-BTCUSDT-27MAR2026,23,Binance,BTC,BTCUSDT,2026-03-27,2026-01-25,3,0.052209599999999995
23-BINANCE-BTCUSDT-27MAR2026,23,Binance,BTC,BTCUSDT,2026-03-27,2026-01-26,3,0.045697999999999996
23-BINANCE-BTCUSDT-27MAR2026,23,Binance,BTC,BTCUSDT,2026-03-27,2026-01-27,3,0.0649627
23-BINANCE-BTCUSDT-27MAR2026,23,Binance,BTC,BTCUSDT,2026-03-27,2026-01-28,3,0.059279649999999996
23-BINANCE-BTCUSDT-27MAR2026,23,Binance,BTC,BTCUSDT,2026-03-27,2026-01-29,3,0.06237485
23-BINANCE-BTCUSDT-27MAR2026,23,Binance,BTC,BTCUSDT,2026-03-27,2026-01-30,3,0.023732299999999998
23-BINANCE-BTCUSDT-27MAR2026,23,Binance,BTC,BTCUSDT,2026-03-27,2026-01-31,3,0.0723649
23-BINANCE-BTCUSDT-27MAR2026,23,Binance,BTC,BTCUSDT,2026-03-27,2026-02-01,3,0.0068474
23-BINANCE-BTCUSDT-27MAR2026,23,Binance,BTC,BTCUSDT,2026-03-27,2026-02-02,3,-0.0317112
23-BINANCE-BTCUSDT-27MAR2026,23,Binance,BTC,BTCUSDT,2026-03-27,2026-02-03,3,-0.0015439500000000003
23-BINANCE-BTCUSDT-27MAR2026,23,Binance,BTC,BTCUSDT,2026-03-27,2026-02-04,3,0.030251199999999995
23-BINANCE-BTCUSDT-27MAR2026,23,Binance,BTC,BTCUSDT,2026-03-27,2026-02-05,3,0.0164761
23-BINANCE-BTCUSDT-27MAR2026,23,Binance,BTC,BTCUSDT,2026-03-27,2026-02-06,3,-0.10498495000000001
23-BINANCE-BTCUSDT-27MAR2026,23,Binance,BTC,BTCUSDT,2026-03-27,2026-02-07,3,-0.09640015
23-BINANCE-BTCUSDT-27MAR2026,23,Binance,BTC,BTCUSDT,2026-03-27,2026-02-08,3,-0.04311745
23-BINANCE-BTCUSDT-27MAR2026,23,Binance,BTC,BTCUSDT,2026-03-27,2026-02-09,3,-0.02012245
23-BINANCE-BTCUSDT-27MAR2026,23,Binance,BTC,BTCUSDT,2026-03-27,2026-02-10,3,-0.08191695
23-BINANCE-BTCUSDT-27MAR2026,23,Binance,BTC,BTCUSDT,2026-03-27,2026-02-11,3,-0.0298789
23-BINANCE-BTCUSDT-27MAR2026,23,Binance,BTC,BTCUSDT,2026-03-27,2026-02-12,3,0.0014235000000000005
23-BINANCE-BTCUSDT-27MAR2026,23,Binance,BTC,BTCUSDT,2026-03-27,2026-02-13,3,0.0192574
23-BINANCE-BTCUSDT-27MAR2026,23,Binance,BTC,BTCUSDT,2026-03-27,2026-02-14,3,0.005004150000000001
23-BINANCE-BTCUSDT-27MAR2026,23,Binance,BTC,BTCUSDT,2026-03-27,2026-02-15,3,0.0044712499999999995
23-BINANCE-BTCUSDT-27MAR2026,23,Binance,BTC,BTCUSDT,2026-03-27,2026-02-16,3,-0.017264500000000002
23-BINANCE-BTCUSDT-27MAR2026,23,Binance,BTC,BTCUSDT,2026-03-27,2026-02-17,3,0.0497568
23-BINANCE-BTCUSDT-27MAR2026,23,Binance,BTC,BTCUSDT,2026-03-27,2026-02-18,3,0.0243747
23-BINANCE-BTCUSDT-27MAR2026,23,Binance,BTC,BTCUSDT,2026-03-27,2026-02-19,3,-0.015987
23-BINANCE-BTCUSDT-27MAR2026,23,Binance,BTC,BTCUSDT,2026-03-27,2026-02-20,3,0.0218854
23-BINANCE-BTCUSDT-27MAR2026,23,Binance,BTC,BTCUSDT,2026-03-27,2026-02-21,3,0.0371424
23-BINANCE-BTCUSDT-27MAR2026,23,Binance,BTC,BTCUSDT,2026-03-27,2026-02-22,3,0.0209656
23-BINANCE-BTCUSDT-27MAR2026,23,Binance,BTC,BTCUSDT,2026-03-27,2026-02-23,3,-0.00043799999999999975
23-BINANCE-BTCUSDT-27MAR2026,23,Binance,BTC,BTCUSDT,2026-03-27,2026-02-24,3,0.01580815
23-BINANCE-BTCUSDT-27MAR2026,23,Binance,BTC,BTCUSDT,2026-03-27,2026-02-25,3,0.005256
23-BINANCE-BTCUSDT-27MAR2026,23,Binance,BTC,BTCUSDT,2026-03-27,2026-02-26,3,0.0032156500000000005
23-BINANCE-BTCUSDT-27MAR2026,23,Binance,BTC,BTCUSDT,2026-03-27,2026-02-27,3,-0.0356605
23-BINANCE-BTCUSDT-27MAR2026,23,Binance,BTC,BTCUSDT,2026-03-27,2026-02-28,3,-0.01456715
23-BINANCE-BTCUSDT-27MAR2026,23,Binance,BTC,BTCUSDT,2026-03-27,2026-03-01,3,0.024903949999999998
23-BINANCE-BTCUSDT-27MAR2026,23,Binance,BTC,BTCUSDT,2026-03-27,2026-03-02,3,-0.012183699999999999
23-BINANCE-BTCUSDT-27MAR2026,23,Binance,BTC,BTCUSDT,2026-03-27,2026-03-03,3,0.009971800000000001
23-BINANCE-BTCUSDT-27MAR2026,23,Binance,BTC,BTCUSDT,2026-03-27,2026-03-04,3,0.006617450000000001
23-BINANCE-BTCUSDT-27MAR2026,23,Binance,BTC,BTCUSDT,2026-03-27,2026-03-05,3,0.031776900000000004
23-BINANCE-BTCUSDT-27MAR2026,23,Binance,BTC,BTCUSDT,2026-03-27,2026-03-06,3,-0.0129502
23-BINANCE-BTCUSDT-27MAR2026,23,Binance,BTC,BTCUSDT,2026-03-27,2026-03-07,3,-0.0002664499999999994
23-BINANCE-BTCUSDT-27MAR2026,23,Binance,BTC,BTCUSDT,2026-03-27,2026-03-08,3,-0.03094835
23-BINANCE-BTCUSDT-27MAR2026,23,Binance,BTC,BTCUSDT,2026-03-27,2026-03-09,3,-0.050297
23-BINANCE-BTCUSDT-27MAR2026,23,Binance,BTC,BTCUSDT,2026-03-27,2026-03-10,3,0.0020950999999999995
23-BINANCE-BTCUSDT-27MAR2026,23,Binance,BTC,BTCUSDT,2026-03-27,2026-03-11,3,-0.0807672
23-BINANCE-BTCUSDT-27MAR2026,23,Binance,BTC,BTCUSDT,2026-03-27,2026-03-12,3,-0.07509875
23-BINANCE-BTCUSDT-27MAR2026,23,Binance,BTC,BTCUSDT,2026-03-27,2026-03-13,3,0.003051400000000001
23-BINANCE-BTCUSDT-27MAR2026,23,Binance,BTC,BTCUSDT,2026-03-27,2026-03-14,3,-0.0336457
23-BINANCE-BTCUSDT-27MAR2026,23,Binance,BTC,BTCUSDT,2026-03-27,2026-03-15,3,-0.02075025
23-BINANCE-BTCUSDT-27MAR2026,23,Binance,BTC,BTCUSDT,2026-03-27,2026-03-16,3,0.04258455
23-BINANCE-BTCUSDT-27MAR2026,23,Binance,BTC,BTCUSDT,2026-03-27,2026-03-17,3,-0.0128626
23-BINANCE-BTCUSDT-27MAR2026,23,Binance,BTC,BTCUSDT,2026-03-27,2026-03-18,3,-0.0327186
23-BINANCE-BTCUSDT-27MAR2026,23,Binance,BTC,BTCUSDT,2026-03-27,2026-03-19,3,-0.01015065
23-BINANCE-BTCUSDT-27MAR2026,23,Binance,BTC,BTCUSDT,2026-03-27,2026-03-20,3,0.00421575
23-BINANCE-BTCUSDT-27MAR2026,23,Binance,BTC,BTCUSDT,2026-03-27,2026-03-21,3,-0.004153700000000001
23-BINANCE-BTCUSDT-27MAR2026,23,Binance,BTC,BTCUSDT,2026-03-27,2026-03-22,3,-0.0381644
23-BINANCE-BTCUSDT-27MAR2026,23,Binance,BTC,BTCUSDT,2026-03-27,2026-03-23,3,-0.0174543
23-BINANCE-BTCUSDT-27MAR2026,23,Binance,BTC,BTCUSDT,2026-03-27,2026-03-24,3,0.040004000000000005
23-BINANCE-BTCUSDT-27MAR2026,23,Binance,BTC,BTCUSDT,2026-03-27,2026-03-25,3,0.029583250000000002
23-BINANCE-BTCUSDT-27MAR2026,23,Binance,BTC,BTCUSDT,2026-03-27,2026-03-26,3,0.0062926
23-BINANCE-BTCUSDT-27MAR2026,23,Binance,BTC,BTCUSDT,2026-03-27,2026-03-27,1,0.03202875
24-BINANCE-ETHUSDT-27MAR2026,24,Binance,ETH,ETHUSDT,2026-03-27,2025-11-27,3,0.0096141
24-BINANCE-ETHUSDT-27MAR2026,24,Binance,ETH,ETHUSDT,2026-03-27,2025-11-28,3,0.0058035000000000005
24-BINANCE-ETHUSDT-27MAR2026,24,Binance,ETH,ETHUSDT,2026-03-27,2025-11-29,3,0.0107018
24-BINANCE-ETHUSDT-27MAR2026,24,Binance,ETH,ETHUSDT,2026-03-27,2025-11-30,3,0.05709329999999999
24-BINANCE-ETHUSDT-27MAR2026,24,Binance,ETH,ETHUSDT,2026-03-27,2025-12-01,3,0.038675400000000006
24-BINANCE-ETHUSDT-27MAR2026,24,Binance,ETH,ETHUSDT,2026-03-27,2025-12-02,3,0.0607652
24-BINANCE-ETHUSDT-27MAR2026,24,Binance,ETH,ETHUSDT,2026-03-27,2025-12-03,3,0.039493
24-BINANCE-ETHUSDT-27MAR2026,24,Binance,ETH,ETHUSDT,2026-03-27,2025-12-04,3,0.09465544999999999
24-BINANCE-ETHUSDT-27MAR2026,24,Binance,ETH,ETHUSDT,2026-03-27,2025-12-05,3,0.062269
24-BINANCE-ETHUSDT-27MAR2026,24,Binance,ETH,ETHUSDT,2026-03-27,2025-12-06,3,0.029652599999999998
24-BINANCE-ETHUSDT-27MAR2026,24,Binance,ETH,ETHUSDT,2026-03-27,2025-12-07,3,0.015293500000000002
24-BINANCE-ETHUSDT-27MAR2026,24,Binance,ETH,ETHUSDT,2026-03-27,2025-12-08,3,0.051778899999999996
24-BINANCE-ETHUSDT-27MAR2026,24,Binance,ETH,ETHUSDT,2026-03-27,2025-12-09,3,0.0561005
24-BINANCE-ETHUSDT-27MAR2026,24,Binance,ETH,ETHUSDT,2026-03-27,2025-12-10,3,0.07625215
24-BINANCE-ETHUSDT-27MAR2026,24,Binance,ETH,ETHUSDT,2026-03-27,2025-12-11,3,0.0353101
24-BINANCE-ETHUSDT-27MAR2026,24,Binance,ETH,ETHUSDT,2026-03-27,2025-12-12,3,0.009975449999999999
24-BINANCE-ETHUSDT-27MAR2026,24,Binance,ETH,ETHUSDT,2026-03-27,2025-12-13,3,0.0074642499999999995
24-BINANCE-ETHUSDT-27MAR2026,24,Binance,ETH,ETHUSDT,2026-03-27,2025-12-14,3,0.07809905
24-BINANCE-ETHUSDT-27MAR2026,24,Binance,ETH,ETHUSDT,2026-03-27,2025-12-15,3,0.042413
24-BINANCE-ETHUSDT-27MAR2026,24,Binance,ETH,ETHUSDT,2026-03-27,2025-12-16,3,-0.0008395000000000003
24-BINANCE-ETHUSDT-27MAR2026,24,Binance,ETH,ETHUSDT,2026-03-27,2025-12-17,3,0.0151694
24-BINANCE-ETHUSDT-27MAR2026,24,Binance,ETH,ETHUSDT,2026-03-27,2025-12-18,3,0.0031791499999999986
24-BINANCE-ETHUSDT-27MAR2026,24,Binance,ETH,ETHUSDT,2026-03-27,2025-12-19,3,0.0812636
24-BINANCE-ETHUSDT-27MAR2026,24,Binance,ETH,ETHUSDT,2026-03-27,2025-12-20,3,0.01755285
24-BINANCE-ETHUSDT-27MAR2026,24,Binance,ETH,ETHUSDT,2026-03-27,2025-12-21,3,0.02325415
24-BINANCE-ETHUSDT-27MAR2026,24,Binance,ETH,ETHUSDT,2026-03-27,2025-12-22,3,-0.008486249999999999
24-BINANCE-ETHUSDT-27MAR2026,24,Binance,ETH,ETHUSDT,2026-03-27,2025-12-23,3,0.048333299999999996
24-BINANCE-ETHUSDT-27MAR2026,24,Binance,ETH,ETHUSDT,2026-03-27,2025-12-24,3,0.05255635
24-BINANCE-ETHUSDT-27MAR2026,24,Binance,ETH,ETHUSDT,2026-03-27,2025-12-25,3,0.06637525
24-BINANCE-ETHUSDT-27MAR2026,24,Binance,ETH,ETHUSDT,2026-03-27,2025-12-26,3,0.0545748
24-BINANCE-ETHUSDT-27MAR2026,24,Binance,ETH,ETHUSDT,2026-03-27,2025-12-27,3,0.042529800000000006
24-BINANCE-ETHUSDT-27MAR2026,24,Binance,ETH,ETHUSDT,2026-03-27,2025-12-28,3,0.06525104999999999
24-BINANCE-ETHUSDT-27MAR2026,24,Binance,ETH,ETHUSDT,2026-03-27,2025-12-29,3,0.0712845
24-BINANCE-ETHUSDT-27MAR2026,24,Binance,ETH,ETHUSDT,2026-03-27,2025-12-30,3,0.0452016
24-BINANCE-ETHUSDT-27MAR2026,24,Binance,ETH,ETHUSDT,2026-03-27,2025-12-31,3,0.036094850000000005
24-BINANCE-ETHUSDT-27MAR2026,24,Binance,ETH,ETHUSDT,2026-03-27,2026-01-01,3,0.06657235
24-BINANCE-ETHUSDT-27MAR2026,24,Binance,ETH,ETHUSDT,2026-03-27,2026-01-02,3,0.06622195
24-BINANCE-ETHUSDT-27MAR2026,24,Binance,ETH,ETHUSDT,2026-03-27,2026-01-03,3,0.043212350000000004
24-BINANCE-ETHUSDT-27MAR2026,24,Binance,ETH,ETHUSDT,2026-03-27,2026-01-04,3,0.054899649999999994
24-BINANCE-ETHUSDT-27MAR2026,24,Binance,ETH,ETHUSDT,2026-03-27,2026-01-05,3,0.05101605
24-BINANCE-ETHUSDT-27MAR2026,24,Binance,ETH,ETHUSDT,2026-03-27,2026-01-06,3,0.06993765
24-BINANCE-ETHUSDT-27MAR2026,24,Binance,ETH,ETHUSDT,2026-03-27,2026-01-07,3,0.0687222
24-BINANCE-ETHUSDT-27MAR2026,24,Binance,ETH,ETHUSDT,2026-03-27,2026-01-08,3,0.053841150000000004
24-BINANCE-ETHUSDT-27MAR2026,24,Binance,ETH,ETHUSDT,2026-03-27,2026-01-09,3,0.058345249999999994
24-BINANCE-ETHUSDT-27MAR2026,24,Binance,ETH,ETHUSDT,2026-03-27,2026-01-10,3,0.08846140000000001
24-BINANCE-ETHUSDT-27MAR2026,24,Binance,ETH,ETHUSDT,2026-03-27,2026-01-11,3,0.08129645
24-BINANCE-ETHUSDT-27MAR2026,24,Binance,ETH,ETHUSDT,2026-03-27,2026-01-12,3,0.07349275000000001
24-BINANCE-ETHUSDT-27MAR2026,24,Binance,ETH,ETHUSDT,2026-03-27,2026-01-13,3,0.060371
24-BINANCE-ETHUSDT-27MAR2026,24,Binance,ETH,ETHUSDT,2026-03-27,2026-01-14,3,0.10340814999999999
24-BINANCE-ETHUSDT-27MAR2026,24,Binance,ETH,ETHUSDT,2026-03-27,2026-01-15,3,0.05744370000000001
24-BINANCE-ETHUSDT-27MAR2026,24,Binance,ETH,ETHUSDT,2026-03-27,2026-01-16,3,0.035072849999999996
24-BINANCE-ETHUSDT-27MAR2026,24,Binance,ETH,ETHUSDT,2026-03-27,2026-01-17,3,0.08200455000000001
24-BINANCE-ETHUSDT-27MAR2026,24,Binance,ETH,ETHUSDT,2026-03-27,2026-01-18,3,0.027699849999999998
24-BINANCE-ETHUSDT-27MAR2026,24,Binance,ETH,ETHUSDT,2026-03-27,2026-01-19,3,0.02010785
24-BINANCE-ETHUSDT-27MAR2026,24,Binance,ETH,ETHUSDT,2026-03-27,2026-01-20,3,0.05819559999999999
24-BINANCE-ETHUSDT-27MAR2026,24,Binance,ETH,ETHUSDT,2026-03-27,2026-01-21,3,0.00801175
24-BINANCE-ETHUSDT-27MAR2026,24,Binance,ETH,ETHUSDT,2026-03-27,2026-01-22,3,0.02506455
24-BINANCE-ETHUSDT-27MAR2026,24,Binance,ETH,ETHUSDT,2026-03-27,2026-01-23,3,0.034992550000000004
24-BINANCE-ETHUSDT-27MAR2026,24,Binance,ETH,ETHUSDT,2026-03-27,2026-01-24,3,0.0224037
24-BINANCE-ETHUSDT-27MAR2026,24,Binance,ETH,ETHUSDT,2026-03-27,2026-01-25,3,0.05432295
24-BINANCE-ETHUSDT-27MAR2026,24,Binance,ETH,ETHUSDT,2026-03-27,2026-01-26,3,-0.02103495
24-BINANCE-ETHUSDT-27MAR2026,24,Binance,ETH,ETHUSDT,2026-03-27,2026-01-27,3,0.09284505
24-BINANCE-ETHUSDT-27MAR2026,24,Binance,ETH,ETHUSDT,2026-03-27,2026-01-28,3,0.08306670000000001
24-BINANCE-ETHUSDT-27MAR2026,24,Binance,ETH,ETHUSDT,2026-03-27,2026-01-29,3,0.0278933
24-BINANCE-ETHUSDT-27MAR2026,24,Binance,ETH,ETHUSDT,2026-03-27,2026-01-30,3,0.0003978500000000001
24-BINANCE-ETHUSDT-27MAR2026,24,Binance,ETH,ETHUSDT,2026-03-27,2026-01-31,3,-0.051308049999999994
24-BINANCE-ETHUSDT-27MAR2026,24,Binance,ETH,ETHUSDT,2026-03-27,2026-02-01,3,-0.081468
24-BINANCE-ETHUSDT-27MAR2026,24,Binance,ETH,ETHUSDT,2026-03-27,2026-02-02,3,-0.12567315
24-BINANCE-ETHUSDT-27MAR2026,24,Binance,ETH,ETHUSDT,2026-03-27,2026-02-03,3,-0.06706875
24-BINANCE-ETHUSDT-27MAR2026,24,Binance,ETH,ETHUSDT,2026-03-27,2026-02-04,3,-0.023779750000000002
24-BINANCE-ETHUSDT-27MAR2026,24,Binance,ETH,ETHUSDT,2026-03-27,2026-02-05,3,-0.0102127
24-BINANCE-ETHUSDT-27MAR2026,24,Binance,ETH,ETHUSDT,2026-03-27,2026-02-06,3,-0.12514755
24-BINANCE-ETHUSDT-27MAR2026,24,Binance,ETH,ETHUSDT,2026-03-27,2026-02-07,3,0.04180345
24-BINANCE-ETHUSDT-27MAR2026,24,Binance,ETH,ETHUSDT,2026-03-27,2026-02-08,3,-0.02109335
24-BINANCE-ETHUSDT-27MAR2026,24,Binance,ETH,ETHUSDT,2026-03-27,2026-02-09,3,-0.0336968
24-BINANCE-ETHUSDT-27MAR2026,24,Binance,ETH,ETHUSDT,2026-03-27,2026-02-10,3,-0.11087969999999998
24-BINANCE-ETHUSDT-27MAR2026,24,Binance,ETH,ETHUSDT,2026-03-27,2026-02-11,3,-0.1231145
24-BINANCE-ETHUSDT-27MAR2026,24,Binance,ETH,ETHUSDT,2026-03-27,2026-02-12,3,-0.01610745
24-BINANCE-ETHUSDT-27MAR2026,24,Binance,ETH,ETHUSDT,2026-03-27,2026-02-13,3,-0.0338209
24-BINANCE-ETHUSDT-27MAR2026,24,Binance,ETH,ETHUSDT,2026-03-27,2026-02-14,3,-0.00272655
24-BINANCE-ETHUSDT-27MAR2026,24,Binance,ETH,ETHUSDT,2026-03-27,2026-02-15,3,-0.028152449999999996
24-BINANCE-ETHUSDT-27MAR2026,24,Binance,ETH,ETHUSDT,2026-03-27,2026-02-16,3,-0.0537937
24-BINANCE-ETHUSDT-27MAR2026,24,Binance,ETH,ETHUSDT,2026-03-27,2026-02-17,3,0.005139199999999999
24-BINANCE-ETHUSDT-27MAR2026,24,Binance,ETH,ETHUSDT,2026-03-27,2026-02-18,3,-0.0128772
24-BINANCE-ETHUSDT-27MAR2026,24,Binance,ETH,ETHUSDT,2026-03-27,2026-02-19,3,-0.07823775
24-BINANCE-ETHUSDT-27MAR2026,24,Binance,ETH,ETHUSDT,2026-03-27,2026-02-20,3,-0.054702549999999996
24-BINANCE-ETHUSDT-27MAR2026,24,Binance,ETH,ETHUSDT,2026-03-27,2026-02-21,3,0.0520855
24-BINANCE-ETHUSDT-27MAR2026,24,Binance,ETH,ETHUSDT,2026-03-27,2026-02-22,3,0.0038325000000000004
24-BINANCE-ETHUSDT-27MAR2026,24,Binance,ETH,ETHUSDT,2026-03-27,2026-02-23,3,-0.13948475
24-BINANCE-ETHUSDT-27MAR2026,24,Binance,ETH,ETHUSDT,2026-03-27,2026-02-24,3,-0.0175565
24-BINANCE-ETHUSDT-27MAR2026,24,Binance,ETH,ETHUSDT,2026-03-27,2026-02-25,3,0.028674400000000003
24-BINANCE-ETHUSDT-27MAR2026,24,Binance,ETH,ETHUSDT,2026-03-27,2026-02-26,3,0.0332953
24-BINANCE-ETHUSDT-27MAR2026,24,Binance,ETH,ETHUSDT,2026-03-27,2026-02-27,3,-0.03391215
24-BINANCE-ETHUSDT-27MAR2026,24,Binance,ETH,ETHUSDT,2026-03-27,2026-02-28,3,-0.09293995
24-BINANCE-ETHUSDT-27MAR2026,24,Binance,ETH,ETHUSDT,2026-03-27,2026-03-01,3,0.025079149999999998
24-BINANCE-ETHUSDT-27MAR2026,24,Binance,ETH,ETHUSDT,2026-03-27,2026-03-02,3,-0.06813455
24-BINANCE-ETHUSDT-27MAR2026,24,Binance,ETH,ETHUSDT,2026-03-27,2026-03-03,3,-0.02705015
24-BINANCE-ETHUSDT-27MAR2026,24,Binance,ETH,ETHUSDT,2026-03-27,2026-03-04,3,-0.0032266
24-BINANCE-ETHUSDT-27MAR2026,24,Binance,ETH,ETHUSDT,2026-03-27,2026-03-05,3,-0.01325315
24-BINANCE-ETHUSDT-27MAR2026,24,Binance,ETH,ETHUSDT,2026-03-27,2026-03-06,3,-0.02870725
24-BINANCE-ETHUSDT-27MAR2026,24,Binance,ETH,ETHUSDT,2026-03-27,2026-03-07,3,-0.029824150000000004
24-BINANCE-ETHUSDT-27MAR2026,24,Binance,ETH,ETHUSDT,2026-03-27,2026-03-08,3,-0.07687995
24-BINANCE-ETHUSDT-27MAR2026,24,Binance,ETH,ETHUSDT,2026-03-27,2026-03-09,3,-0.0529469
24-BINANCE-ETHUSDT-27MAR2026,24,Binance,ETH,ETHUSDT,2026-03-27,2026-03-10,3,0.04382555
24-BINANCE-ETHUSDT-27MAR2026,24,Binance,ETH,ETHUSDT,2026-03-27,2026-03-11,3,0.0092126
24-BINANCE-ETHUSDT-27MAR2026,24,Binance,ETH,ETHUSDT,2026-03-27,2026-03-12,3,-0.0270903
24-BINANCE-ETHUSDT-27MAR2026,24,Binance,ETH,ETHUSDT,2026-03-27,2026-03-13,3,0.015695
24-BINANCE-ETHUSDT-27MAR2026,24,Binance,ETH,ETHUSDT,2026-03-27,2026-03-14,3,-0.013826199999999999
24-BINANCE-ETHUSDT-27MAR2026,24,Binance,ETH,ETHUSDT,2026-03-27,2026-03-15,3,0.0006132
24-BINANCE-ETHUSDT-27MAR2026,24,Binance,ETH,ETHUSDT,2026-03-27,2026-03-16,3,0.09009660000000001
24-BINANCE-ETHUSDT-27MAR2026,24,Binance,ETH,ETHUSDT,2026-03-27,2026-03-17,3,0.022126299999999998
24-BINANCE-ETHUSDT-27MAR2026,24,Binance,ETH,ETHUSDT,2026-03-27,2026-03-18,3,0.005131899999999999
24-BINANCE-ETHUSDT-27MAR2026,24,Binance,ETH,ETHUSDT,2026-03-27,2026-03-19,3,-0.00432525
24-BINANCE-ETHUSDT-27MAR2026,24,Binance,ETH,ETHUSDT,2026-03-27,2026-03-20,3,-0.04513955
24-BINANCE-ETHUSDT-27MAR2026,24,Binance,ETH,ETHUSDT,2026-03-27,2026-03-21,3,0.0202867
24-BINANCE-ETHUSDT-27MAR2026,24,Binance,ETH,ETHUSDT,2026-03-27,2026-03-22,3,-0.0267545
24-BINANCE-ETHUSDT-27MAR2026,24,Binance,ETH,ETHUSDT,2026-03-27,2026-03-23,3,-0.0004927499999999967
24-BINANCE-ETHUSDT-27MAR2026,24,Binance,ETH,ETHUSDT,2026-03-27,2026-03-24,3,0.008468000000000002
24-BINANCE-ETHUSDT-27MAR2026,24,Binance,ETH,ETHUSDT,2026-03-27,2026-03-25,3,-0.000368650000000001
24-BINANCE-ETHUSDT-27MAR2026,24,Binance,ETH,ETHUSDT,2026-03-27,2026-03-26,3,-0.011110599999999998
24-BINANCE-ETHUSDT-27MAR2026,24,Binance,ETH,ETHUSDT,2026-03-27,2026-03-27,1,-0.0022776
25-BINANCE-HYPEUSDT-26DEC2025,25,Binance,HYPE,HYPEUSDT,2025-12-26,2025-12-02,4,0.082125
25-BINANCE-HYPEUSDT-26DEC2025,25,Binance,HYPE,HYPEUSDT,2025-12-26,2025-12-03,6,0.1095
25-BINANCE-HYPEUSDT-26DEC2025,25,Binance,HYPE,HYPEUSDT,2025-12-26,2025-12-04,6,0.1095
25-BINANCE-HYPEUSDT-26DEC2025,25,Binance,HYPE,HYPEUSDT,2025-12-26,2025-12-05,6,0.0205641
25-BINANCE-HYPEUSDT-26DEC2025,25,Binance,HYPE,HYPEUSDT,2025-12-26,2025-12-06,6,0.0022192
25-BINANCE-HYPEUSDT-26DEC2025,25,Binance,HYPE,HYPEUSDT,2025-12-26,2025-12-07,6,0.025820100000000002
25-BINANCE-HYPEUSDT-26DEC2025,25,Binance,HYPE,HYPEUSDT,2025-12-26,2025-12-08,6,0.1008276
25-BINANCE-HYPEUSDT-26DEC2025,25,Binance,HYPE,HYPEUSDT,2025-12-26,2025-12-09,6,0.1095
25-BINANCE-HYPEUSDT-26DEC2025,25,Binance,HYPE,HYPEUSDT,2025-12-26,2025-12-10,6,0.1056383
25-BINANCE-HYPEUSDT-26DEC2025,25,Binance,HYPE,HYPEUSDT,2025-12-26,2025-12-11,6,0.0877168
25-BINANCE-HYPEUSDT-26DEC2025,25,Binance,HYPE,HYPEUSDT,2025-12-26,2025-12-12,6,0.1095
25-BINANCE-HYPEUSDT-26DEC2025,25,Binance,HYPE,HYPEUSDT,2025-12-26,2025-12-13,6,0.1004918
25-BINANCE-HYPEUSDT-26DEC2025,25,Binance,HYPE,HYPEUSDT,2025-12-26,2025-12-14,6,0.1086021
25-BINANCE-HYPEUSDT-26DEC2025,25,Binance,HYPE,HYPEUSDT,2025-12-26,2025-12-15,6,0.08972065
25-BINANCE-HYPEUSDT-26DEC2025,25,Binance,HYPE,HYPEUSDT,2025-12-26,2025-12-16,6,0.0183522
25-BINANCE-HYPEUSDT-26DEC2025,25,Binance,HYPE,HYPEUSDT,2025-12-26,2025-12-17,6,0.1095
25-BINANCE-HYPEUSDT-26DEC2025,25,Binance,HYPE,HYPEUSDT,2025-12-26,2025-12-18,6,0.1095
25-BINANCE-HYPEUSDT-26DEC2025,25,Binance,HYPE,HYPEUSDT,2025-12-26,2025-12-19,6,0.1095
25-BINANCE-HYPEUSDT-26DEC2025,25,Binance,HYPE,HYPEUSDT,2025-12-26,2025-12-20,6,0.1095
25-BINANCE-HYPEUSDT-26DEC2025,25,Binance,HYPE,HYPEUSDT,2025-12-26,2025-12-21,6,0.09237055
25-BINANCE-HYPEUSDT-26DEC2025,25,Binance,HYPE,HYPEUSDT,2025-12-26,2025-12-22,6,0.09076820000000001
25-BINANCE-HYPEUSDT-26DEC2025,25,Binance,HYPE,HYPEUSDT,2025-12-26,2025-12-23,6,0.09083755
25-BINANCE-HYPEUSDT-26DEC2025,25,Binance,HYPE,HYPEUSDT,2025-12-26,2025-12-24,6,0.06658694999999999
25-BINANCE-HYPEUSDT-26DEC2025,25,Binance,HYPE,HYPEUSDT,2025-12-26,2025-12-25,6,0.10860940000000001
25-BINANCE-HYPEUSDT-26DEC2025,25,Binance,HYPE,HYPEUSDT,2025-12-26,2025-12-26,1,0.1095
26-OKX-BTCUSDT-30JAN2026,26,OKX,BTC,BTCUSDT,2026-01-30,2025-12-09,3,0.018827276505747
26-OKX-BTCUSDT-30JAN2026,26,OKX,BTC,BTCUSDT,2026-01-30,2025-12-10,3,0.020101072099723002
26-OKX-BTCUSDT-30JAN2026,26,OKX,BTC,BTCUSDT,2026-01-30,2025-12-11,3,-0.002962589011395
26-OKX-BTCUSDT-30JAN2026,26,OKX,BTC,BTCUSDT,2026-01-30,2025-12-12,3,0.058504020178204
26-OKX-BTCUSDT-30JAN2026,26,OKX,BTC,BTCUSDT,2026-01-30,2025-12-13,3,-0.0032512266605584997
26-OKX-BTCUSDT-30JAN2026,26,OKX,BTC,BTCUSDT,2026-01-30,2025-12-14,3,0.0279852309344005
26-OKX-BTCUSDT-30JAN2026,26,OKX,BTC,BTCUSDT,2026-01-30,2025-12-15,3,-0.0019788340482170003
26-OKX-BTCUSDT-30JAN2026,26,OKX,BTC,BTCUSDT,2026-01-30,2025-12-16,3,0.026279580649966997
26-OKX-BTCUSDT-30JAN2026,26,OKX,BTC,BTCUSDT,2026-01-30,2025-12-17,3,0.0371551980157685
26-OKX-BTCUSDT-30JAN2026,26,OKX,BTC,BTCUSDT,2026-01-30,2025-12-18,3,0.019465138997589
26-OKX-BTCUSDT-30JAN2026,26,OKX,BTC,BTCUSDT,2026-01-30,2025-12-19,3,0.0513358022468815
26-OKX-BTCUSDT-30JAN2026,26,OKX,BTC,BTCUSDT,2026-01-30,2025-12-20,3,0.052378588650825
26-OKX-BTCUSDT-30JAN2026,26,OKX,BTC,BTCUSDT,2026-01-30,2025-12-21,3,0.0918656313286925
26-OKX-BTCUSDT-30JAN2026,26,OKX,BTC,BTCUSDT,2026-01-30,2025-12-22,3,0.074573406441846
26-OKX-BTCUSDT-30JAN2026,26,OKX,BTC,BTCUSDT,2026-01-30,2025-12-23,3,-0.0049952349895369995
26-OKX-BTCUSDT-30JAN2026,26,OKX,BTC,BTCUSDT,2026-01-30,2025-12-24,3,0.022343772601472505
26-OKX-BTCUSDT-30JAN2026,26,OKX,BTC,BTCUSDT,2026-01-30,2025-12-25,3,0.0746778825404185
26-OKX-BTCUSDT-30JAN2026,26,OKX,BTC,BTCUSDT,2026-01-30,2025-12-26,3,0.079459651844609
26-OKX-BTCUSDT-30JAN2026,26,OKX,BTC,BTCUSDT,2026-01-30,2025-12-27,3,0.06483851332366901
26-OKX-BTCUSDT-30JAN2026,26,OKX,BTC,BTCUSDT,2026-01-30,2025-12-28,3,0.059006779791182
26-OKX-BTCUSDT-30JAN2026,26,OKX,BTC,BTCUSDT,2026-01-30,2025-12-29,3,0.0492392711703575
26-OKX-BTCUSDT-30JAN2026,26,OKX,BTC,BTCUSDT,2026-01-30,2025-12-30,3,0.0446325064968875
26-OKX-BTCUSDT-30JAN2026,26,OKX,BTC,BTCUSDT,2026-01-30,2025-12-31,3,0.050995987625715
26-OKX-BTCUSDT-30JAN2026,26,OKX,BTC,BTCUSDT,2026-01-30,2026-01-01,3,0.0163366044266185
26-OKX-BTCUSDT-30JAN2026,26,OKX,BTC,BTCUSDT,2026-01-30,2026-01-02,3,0.029109212586546
26-OKX-BTCUSDT-30JAN2026,26,OKX,BTC,BTCUSDT,2026-01-30,2026-01-03,3,-0.008210763815121501
26-OKX-BTCUSDT-30JAN2026,26,OKX,BTC,BTCUSDT,2026-01-30,2026-01-04,3,0.0460164279919145
26-OKX-BTCUSDT-30JAN2026,26,OKX,BTC,BTCUSDT,2026-01-30,2026-01-05,3,0.0709649627934525
26-OKX-BTCUSDT-30JAN2026,26,OKX,BTC,BTCUSDT,2026-01-30,2026-01-06,3,0.0044246347348154995
26-OKX-BTCUSDT-30JAN2026,26,OKX,BTC,BTCUSDT,2026-01-30,2026-01-07,3,0.0624716515925855
26-OKX-BTCUSDT-30JAN2026,26,OKX,BTC,BTCUSDT,2026-01-30,2026-01-08,3,0.060171677264390995
26-OKX-BTCUSDT-30JAN2026,26,OKX,BTC,BTCUSDT,2026-01-30,2026-01-09,3,0.0044648329651125005
26-OKX-BTCUSDT-30JAN2026,26,OKX,BTC,BTCUSDT,2026-01-30,2026-01-10,3,0.057984321106705004
26-OKX-BTCUSDT-30JAN2026,26,OKX,BTC,BTCUSDT,2026-01-30,2026-01-11,3,0.05577372896594499
26-OKX-BTCUSDT-30JAN2026,26,OKX,BTC,BTCUSDT,2026-01-30,2026-01-12,3,0.053315592102823
26-OKX-BTCUSDT-30JAN2026,26,OKX,BTC,BTCUSDT,2026-01-30,2026-01-13,3,0.065195852354218
26-OKX-BTCUSDT-30JAN2026,26,OKX,BTC,BTCUSDT,2026-01-30,2026-01-14,3,0.089658906423194
26-OKX-BTCUSDT-30JAN2026,26,OKX,BTC,BTCUSDT,2026-01-30,2026-01-15,3,0.029178576551555497
26-OKX-BTCUSDT-30JAN2026,26,OKX,BTC,BTCUSDT,2026-01-30,2026-01-16,3,0.058422894584339004
26-OKX-BTCUSDT-30JAN2026,26,OKX,BTC,BTCUSDT,2026-01-30,2026-01-17,3,0.010138226343780499
26-OKX-BTCUSDT-30JAN2026,26,OKX,BTC,BTCUSDT,2026-01-30,2026-01-18,3,0.076647732775125
26-OKX-BTCUSDT-30JAN2026,26,OKX,BTC,BTCUSDT,2026-01-30,2026-01-19,3,0.0003878797254079994
26-OKX-BTCUSDT-30JAN2026,26,OKX,BTC,BTCUSDT,2026-01-30,2026-01-20,3,0.07374915597745
26-OKX-BTCUSDT-30JAN2026,26,OKX,BTC,BTCUSDT,2026-01-30,2026-01-21,3,0.023088348286194504
26-OKX-BTCUSDT-30JAN2026,26,OKX,BTC,BTCUSDT,2026-01-30,2026-01-22,3,0.0205370364589165
26-OKX-BTCUSDT-30JAN2026,26,OKX,BTC,BTCUSDT,2026-01-30,2026-01-23,3,0.0471405708299945
26-OKX-BTCUSDT-30JAN2026,26,OKX,BTC,BTCUSDT,2026-01-30,2026-01-24,3,0.04821040293269
26-OKX-BTCUSDT-30JAN2026,26,OKX,BTC,BTCUSDT,2026-01-30,2026-01-25,3,0.030427369400507
26-OKX-BTCUSDT-30JAN2026,26,OKX,BTC,BTCUSDT,2026-01-30,2026-01-26,3,0.015543746002937502
26-OKX-BTCUSDT-30JAN2026,26,OKX,BTC,BTCUSDT,2026-01-30,2026-01-27,3,0.071923621656651
26-OKX-BTCUSDT-30JAN2026,26,OKX,BTC,BTCUSDT,2026-01-30,2026-01-28,3,0.059612883993863
26-OKX-BTCUSDT-30JAN2026,26,OKX,BTC,BTCUSDT,2026-01-30,2026-01-29,3,0.049771823226552
26-OKX-BTCUSDT-30JAN2026,26,OKX,BTC,BTCUSDT,2026-01-30,2026-01-30,1,-0.007167711865137
27-OKX-ETHUSDT-30JAN2026,27,OKX,ETH,ETHUSDT,2026-01-30,2025-12-09,3,0.0030119518094805
27-OKX-ETHUSDT-30JAN2026,27,OKX,ETH,ETHUSDT,2026-01-30,2025-12-10,3,0.07501114929967449
27-OKX-ETHUSDT-30JAN2026,27,OKX,ETH,ETHUSDT,2026-01-30,2025-12-11,3,0.0018400185925849996
27-OKX-ETHUSDT-30JAN2026,27,OKX,ETH,ETHUSDT,2026-01-30,2025-12-12,3,-0.0022898325478770006
27-OKX-ETHUSDT-30JAN2026,27,OKX,ETH,ETHUSDT,2026-01-30,2025-12-13,3,-0.072485714205395
27-OKX-ETHUSDT-30JAN2026,27,OKX,ETH,ETHUSDT,2026-01-30,2025-12-14,3,-0.0304725591295025
27-OKX-ETHUSDT-30JAN2026,27,OKX,ETH,ETHUSDT,2026-01-30,2025-12-15,3,0.012560296853511002
27-OKX-ETHUSDT-30JAN2026,27,OKX,ETH,ETHUSDT,2026-01-30,2025-12-16,3,0.0018646427479295
27-OKX-ETHUSDT-30JAN2026,27,OKX,ETH,ETHUSDT,2026-01-30,2025-12-17,3,0.008666487900309
27-OKX-ETHUSDT-30JAN2026,27,OKX,ETH,ETHUSDT,2026-01-30,2025-12-18,3,-0.0103328038741865
27-OKX-ETHUSDT-30JAN2026,27,OKX,ETH,ETHUSDT,2026-01-30,2025-12-19,3,-0.0089373802238765
27-OKX-ETHUSDT-30JAN2026,27,OKX,ETH,ETHUSDT,2026-01-30,2025-12-20,3,-0.025454911505678
27-OKX-ETHUSDT-30JAN2026,27,OKX,ETH,ETHUSDT,2026-01-30,2025-12-21,3,0.019825691550042
27-OKX-ETHUSDT-30JAN2026,27,OKX,ETH,ETHUSDT,2026-01-30,2025-12-22,3,-0.0018466774955255012
27-OKX-ETHUSDT-30JAN2026,27,OKX,ETH,ETHUSDT,2026-01-30,2025-12-23,3,0.039013352437996
27-OKX-ETHUSDT-30JAN2026,27,OKX,ETH,ETHUSDT,2026-01-30,2025-12-24,3,-0.0313538020329375
27-OKX-ETHUSDT-30JAN2026,27,OKX,ETH,ETHUSDT,2026-01-30,2025-12-25,3,0.048539962285658496
27-OKX-ETHUSDT-30JAN2026,27,OKX,ETH,ETHUSDT,2026-01-30,2025-12-26,3,0.0081544973860485
27-OKX-ETHUSDT-30JAN2026,27,OKX,ETH,ETHUSDT,2026-01-30,2025-12-27,3,0.028697760694522
27-OKX-ETHUSDT-30JAN2026,27,OKX,ETH,ETHUSDT,2026-01-30,2025-12-28,3,0.015543697490787498
27-OKX-ETHUSDT-30JAN2026,27,OKX,ETH,ETHUSDT,2026-01-30,2025-12-29,3,0.0359488714339315
27-OKX-ETHUSDT-30JAN2026,27,OKX,ETH,ETHUSDT,2026-01-30,2025-12-30,3,-0.017496614354370003
27-OKX-ETHUSDT-30JAN2026,27,OKX,ETH,ETHUSDT,2026-01-30,2025-12-31,3,0.026772798988767
27-OKX-ETHUSDT-30JAN2026,27,OKX,ETH,ETHUSDT,2026-01-30,2026-01-01,3,0.051796085417858996
27-OKX-ETHUSDT-30JAN2026,27,OKX,ETH,ETHUSDT,2026-01-30,2026-01-02,3,-0.035636461931360504
27-OKX-ETHUSDT-30JAN2026,27,OKX,ETH,ETHUSDT,2026-01-30,2026-01-03,3,0.0010532662841624997
27-OKX-ETHUSDT-30JAN2026,27,OKX,ETH,ETHUSDT,2026-01-30,2026-01-04,3,-0.018269619144382496
27-OKX-ETHUSDT-30JAN2026,27,OKX,ETH,ETHUSDT,2026-01-30,2026-01-05,3,0.043226971180329504
27-OKX-ETHUSDT-30JAN2026,27,OKX,ETH,ETHUSDT,2026-01-30,2026-01-06,3,0.034230473646882496
27-OKX-ETHUSDT-30JAN2026,27,OKX,ETH,ETHUSDT,2026-01-30,2026-01-07,3,0.06175095917266651
27-OKX-ETHUSDT-30JAN2026,27,OKX,ETH,ETHUSDT,2026-01-30,2026-01-08,3,-0.0207979444983525
27-OKX-ETHUSDT-30JAN2026,27,OKX,ETH,ETHUSDT,2026-01-30,2026-01-09,3,0.028966889629614998
27-OKX-ETHUSDT-30JAN2026,27,OKX,ETH,ETHUSDT,2026-01-30,2026-01-10,3,0.055744579899724
27-OKX-ETHUSDT-30JAN2026,27,OKX,ETH,ETHUSDT,2026-01-30,2026-01-11,3,0.065188226682019
27-OKX-ETHUSDT-30JAN2026,27,OKX,ETH,ETHUSDT,2026-01-30,2026-01-12,3,0.06401524616555
27-OKX-ETHUSDT-30JAN2026,27,OKX,ETH,ETHUSDT,2026-01-30,2026-01-13,3,0.0319587713396585
27-OKX-ETHUSDT-30JAN2026,27,OKX,ETH,ETHUSDT,2026-01-30,2026-01-14,3,0.091283229737605
27-OKX-ETHUSDT-30JAN2026,27,OKX,ETH,ETHUSDT,2026-01-30,2026-01-15,3,0.036231779339886
27-OKX-ETHUSDT-30JAN2026,27,OKX,ETH,ETHUSDT,2026-01-30,2026-01-16,3,0.0618557370896295
27-OKX-ETHUSDT-30JAN2026,27,OKX,ETH,ETHUSDT,2026-01-30,2026-01-17,3,0.010849954185068502
27-OKX-ETHUSDT-30JAN2026,27,OKX,ETH,ETHUSDT,2026-01-30,2026-01-18,3,0.032413140622846504
27-OKX-ETHUSDT-30JAN2026,27,OKX,ETH,ETHUSDT,2026-01-30,2026-01-19,3,-0.015721612437693
27-OKX-ETHUSDT-30JAN2026,27,OKX,ETH,ETHUSDT,2026-01-30,2026-01-20,3,0.021118563816166
27-OKX-ETHUSDT-30JAN2026,27,OKX,ETH,ETHUSDT,2026-01-30,2026-01-21,3,-0.032316654252546505
27-OKX-ETHUSDT-30JAN2026,27,OKX,ETH,ETHUSDT,2026-01-30,2026-01-22,3,0.007698043868509
27-OKX-ETHUSDT-30JAN2026,27,OKX,ETH,ETHUSDT,2026-01-30,2026-01-23,3,0.023500396745752498
27-OKX-ETHUSDT-30JAN2026,27,OKX,ETH,ETHUSDT,2026-01-30,2026-01-24,3,-0.011304788019159502
27-OKX-ETHUSDT-30JAN2026,27,OKX,ETH,ETHUSDT,2026-01-30,2026-01-25,3,0.009535125879034498
27-OKX-ETHUSDT-30JAN2026,27,OKX,ETH,ETHUSDT,2026-01-30,2026-01-26,3,-0.031311862859768
27-OKX-ETHUSDT-30JAN2026,27,OKX,ETH,ETHUSDT,2026-01-30,2026-01-27,3,0.05727996742181
27-OKX-ETHUSDT-30JAN2026,27,OKX,ETH,ETHUSDT,2026-01-30,2026-01-28,3,0.050076406745362005
27-OKX-ETHUSDT-30JAN2026,27,OKX,ETH,ETHUSDT,2026-01-30,2026-01-29,3,0.026790598843976
27-OKX-ETHUSDT-30JAN2026,27,OKX,ETH,ETHUSDT,2026-01-30,2026-01-30,1,-0.0475757773762245
28-BINANCE-BTCUSDT-30JAN2026,28,Binance,BTC,BTCUSDT,2026-01-30,2025-12-16,3,0.01985235
28-BINANCE-BTCUSDT-30JAN2026,28,Binance,BTC,BTCUSDT,2026-01-30,2025-12-17,3,0.07710625
28-BINANCE-BTCUSDT-30JAN2026,28,Binance,BTC,BTCUSDT,2026-01-30,2025-12-18,3,0.0500707
28-BINANCE-BTCUSDT-30JAN2026,28,Binance,BTC,BTCUSDT,2026-01-30,2025-12-19,3,0.09304215
28-BINANCE-BTCUSDT-30JAN2026,28,Binance,BTC,BTCUSDT,2026-01-30,2025-12-20,3,0.06717825
28-BINANCE-BTCUSDT-30JAN2026,28,Binance,BTC,BTCUSDT,2026-01-30,2025-12-21,3,0.0822418
28-BINANCE-BTCUSDT-30JAN2026,28,Binance,BTC,BTCUSDT,2026-01-30,2025-12-22,3,0.056819549999999996
28-BINANCE-BTCUSDT-30JAN2026,28,Binance,BTC,BTCUSDT,2026-01-30,2025-12-23,3,0.03525535
28-BINANCE-BTCUSDT-30JAN2026,28,Binance,BTC,BTCUSDT,2026-01-30,2025-12-24,3,0.08899430000000001
28-BINANCE-BTCUSDT-30JAN2026,28,Binance,BTC,BTCUSDT,2026-01-30,2025-12-25,3,0.0811322
28-BINANCE-BTCUSDT-30JAN2026,28,Binance,BTC,BTCUSDT,2026-01-30,2025-12-26,3,0.07228825
28-BINANCE-BTCUSDT-30JAN2026,28,Binance,BTC,BTCUSDT,2026-01-30,2025-12-27,3,0.03813155
28-BINANCE-BTCUSDT-30JAN2026,28,Binance,BTC,BTCUSDT,2026-01-30,2025-12-28,3,0.06344794999999999
28-BINANCE-BTCUSDT-30JAN2026,28,Binance,BTC,BTCUSDT,2026-01-30,2025-12-29,3,0.0906149
28-BINANCE-BTCUSDT-30JAN2026,28,Binance,BTC,BTCUSDT,2026-01-30,2025-12-30,3,0.0837967
28-BINANCE-BTCUSDT-30JAN2026,28,Binance,BTC,BTCUSDT,2026-01-30,2025-12-31,3,0.02965625
28-BINANCE-BTCUSDT-30JAN2026,28,Binance,BTC,BTCUSDT,2026-01-30,2026-01-01,3,0.07924515
28-BINANCE-BTCUSDT-30JAN2026,28,Binance,BTC,BTCUSDT,2026-01-30,2026-01-02,3,0.053436000000000004
28-BINANCE-BTCUSDT-30JAN2026,28,Binance,BTC,BTCUSDT,2026-01-30,2026-01-03,3,0.04052595
28-BINANCE-BTCUSDT-30JAN2026,28,Binance,BTC,BTCUSDT,2026-01-30,2026-01-04,3,0.07204005000000001
28-BINANCE-BTCUSDT-30JAN2026,28,Binance,BTC,BTCUSDT,2026-01-30,2026-01-05,3,0.0797379
28-BINANCE-BTCUSDT-30JAN2026,28,Binance,BTC,BTCUSDT,2026-01-30,2026-01-06,3,0.01507815
28-BINANCE-BTCUSDT-30JAN2026,28,Binance,BTC,BTCUSDT,2026-01-30,2026-01-07,3,0.07105455
28-BINANCE-BTCUSDT-30JAN2026,28,Binance,BTC,BTCUSDT,2026-01-30,2026-01-08,3,0.09172085
28-BINANCE-BTCUSDT-30JAN2026,28,Binance,BTC,BTCUSDT,2026-01-30,2026-01-09,3,0.017019950000000002
28-BINANCE-BTCUSDT-30JAN2026,28,Binance,BTC,BTCUSDT,2026-01-30,2026-01-10,3,0.07130275
28-BINANCE-BTCUSDT-30JAN2026,28,Binance,BTC,BTCUSDT,2026-01-30,2026-01-11,3,0.05504565
28-BINANCE-BTCUSDT-30JAN2026,28,Binance,BTC,BTCUSDT,2026-01-30,2026-01-12,3,0.03418225
28-BINANCE-BTCUSDT-30JAN2026,28,Binance,BTC,BTCUSDT,2026-01-30,2026-01-13,3,0.056677200000000004
28-BINANCE-BTCUSDT-30JAN2026,28,Binance,BTC,BTCUSDT,2026-01-30,2026-01-14,3,0.024462299999999996
28-BINANCE-BTCUSDT-30JAN2026,28,Binance,BTC,BTCUSDT,2026-01-30,2026-01-15,3,0.010614199999999999
28-BINANCE-BTCUSDT-30JAN2026,28,Binance,BTC,BTCUSDT,2026-01-30,2026-01-16,3,0.06267779999999999
28-BINANCE-BTCUSDT-30JAN2026,28,Binance,BTC,BTCUSDT,2026-01-30,2026-01-17,3,0.021188250000000002
28-BINANCE-BTCUSDT-30JAN2026,28,Binance,BTC,BTCUSDT,2026-01-30,2026-01-18,3,0.0718685
28-BINANCE-BTCUSDT-30JAN2026,28,Binance,BTC,BTCUSDT,2026-01-30,2026-01-19,3,0.028871500000000005
28-BINANCE-BTCUSDT-30JAN2026,28,Binance,BTC,BTCUSDT,2026-01-30,2026-01-20,3,0.08065404999999999
28-BINANCE-BTCUSDT-30JAN2026,28,Binance,BTC,BTCUSDT,2026-01-30,2026-01-21,3,0.06739725
28-BINANCE-BTCUSDT-30JAN2026,28,Binance,BTC,BTCUSDT,2026-01-30,2026-01-22,3,0.07622659999999999
28-BINANCE-BTCUSDT-30JAN2026,28,Binance,BTC,BTCUSDT,2026-01-30,2026-01-23,3,0.056385199999999996
28-BINANCE-BTCUSDT-30JAN2026,28,Binance,BTC,BTCUSDT,2026-01-30,2026-01-24,3,0.05234465
28-BINANCE-BTCUSDT-30JAN2026,28,Binance,BTC,BTCUSDT,2026-01-30,2026-01-25,3,0.052209599999999995
28-BINANCE-BTCUSDT-30JAN2026,28,Binance,BTC,BTCUSDT,2026-01-30,2026-01-26,3,0.045697999999999996
28-BINANCE-BTCUSDT-30JAN2026,28,Binance,BTC,BTCUSDT,2026-01-30,2026-01-27,3,0.0649627
28-BINANCE-BTCUSDT-30JAN2026,28,Binance,BTC,BTCUSDT,2026-01-30,2026-01-28,3,0.059279649999999996
28-BINANCE-BTCUSDT-30JAN2026,28,Binance,BTC,BTCUSDT,2026-01-30,2026-01-29,3,0.06237485
28-BINANCE-BTCUSDT-30JAN2026,28,Binance,BTC,BTCUSDT,2026-01-30,2026-01-30,1,0.0490341
29-BINANCE-ETHUSDT-30JAN2026,29,Binance,ETH,ETHUSDT,2026-01-30,2025-12-16,3,0.0015001499999999998
29-BINANCE-ETHUSDT-30JAN2026,29,Binance,ETH,ETHUSDT,2026-01-30,2025-12-17,3,0.0151694
29-BINANCE-ETHUSDT-30JAN2026,29,Binance,ETH,ETHUSDT,2026-01-30,2025-12-18,3,0.0031791499999999986
29-BINANCE-ETHUSDT-30JAN2026,29,Binance,ETH,ETHUSDT,2026-01-30,2025-12-19,3,0.0812636
29-BINANCE-ETHUSDT-30JAN2026,29,Binance,ETH,ETHUSDT,2026-01-30,2025-12-20,3,0.01755285
29-BINANCE-ETHUSDT-30JAN2026,29,Binance,ETH,ETHUSDT,2026-01-30,2025-12-21,3,0.02325415
29-BINANCE-ETHUSDT-30JAN2026,29,Binance,ETH,ETHUSDT,2026-01-30,2025-12-22,3,-0.008486249999999999
29-BINANCE-ETHUSDT-30JAN2026,29,Binance,ETH,ETHUSDT,2026-01-30,2025-12-23,3,0.048333299999999996
29-BINANCE-ETHUSDT-30JAN2026,29,Binance,ETH,ETHUSDT,2026-01-30,2025-12-24,3,0.05255635
29-BINANCE-ETHUSDT-30JAN2026,29,Binance,ETH,ETHUSDT,2026-01-30,2025-12-25,3,0.06637525
29-BINANCE-ETHUSDT-30JAN2026,29,Binance,ETH,ETHUSDT,2026-01-30,2025-12-26,3,0.0545748
29-BINANCE-ETHUSDT-30JAN2026,29,Binance,ETH,ETHUSDT,2026-01-30,2025-12-27,3,0.042529800000000006
29-BINANCE-ETHUSDT-30JAN2026,29,Binance,ETH,ETHUSDT,2026-01-30,2025-12-28,3,0.06525104999999999
29-BINANCE-ETHUSDT-30JAN2026,29,Binance,ETH,ETHUSDT,2026-01-30,2025-12-29,3,0.0712845
29-BINANCE-ETHUSDT-30JAN2026,29,Binance,ETH,ETHUSDT,2026-01-30,2025-12-30,3,0.0452016
29-BINANCE-ETHUSDT-30JAN2026,29,Binance,ETH,ETHUSDT,2026-01-30,2025-12-31,3,0.036094850000000005
29-BINANCE-ETHUSDT-30JAN2026,29,Binance,ETH,ETHUSDT,2026-01-30,2026-01-01,3,0.06657235
29-BINANCE-ETHUSDT-30JAN2026,29,Binance,ETH,ETHUSDT,2026-01-30,2026-01-02,3,0.06622195
29-BINANCE-ETHUSDT-30JAN2026,29,Binance,ETH,ETHUSDT,2026-01-30,2026-01-03,3,0.043212350000000004
29-BINANCE-ETHUSDT-30JAN2026,29,Binance,ETH,ETHUSDT,2026-01-30,2026-01-04,3,0.054899649999999994
29-BINANCE-ETHUSDT-30JAN2026,29,Binance,ETH,ETHUSDT,2026-01-30,2026-01-05,3,0.05101605
29-BINANCE-ETHUSDT-30JAN2026,29,Binance,ETH,ETHUSDT,2026-01-30,2026-01-06,3,0.06993765
29-BINANCE-ETHUSDT-30JAN2026,29,Binance,ETH,ETHUSDT,2026-01-30,2026-01-07,3,0.0687222
29-BINANCE-ETHUSDT-30JAN2026,29,Binance,ETH,ETHUSDT,2026-01-30,2026-01-08,3,0.053841150000000004
29-BINANCE-ETHUSDT-30JAN2026,29,Binance,ETH,ETHUSDT,2026-01-30,2026-01-09,3,0.058345249999999994
29-BINANCE-ETHUSDT-30JAN2026,29,Binance,ETH,ETHUSDT,2026-01-30,2026-01-10,3,0.08846140000000001
29-BINANCE-ETHUSDT-30JAN2026,29,Binance,ETH,ETHUSDT,2026-01-30,2026-01-11,3,0.08129645
29-BINANCE-ETHUSDT-30JAN2026,29,Binance,ETH,ETHUSDT,2026-01-30,2026-01-12,3,0.07349275000000001
29-BINANCE-ETHUSDT-30JAN2026,29,Binance,ETH,ETHUSDT,2026-01-30,2026-01-13,3,0.060371
29-BINANCE-ETHUSDT-30JAN2026,29,Binance,ETH,ETHUSDT,2026-01-30,2026-01-14,3,0.10340814999999999
29-BINANCE-ETHUSDT-30JAN2026,29,Binance,ETH,ETHUSDT,2026-01-30,2026-01-15,3,0.05744370000000001
29-BINANCE-ETHUSDT-30JAN2026,29,Binance,ETH,ETHUSDT,2026-01-30,2026-01-16,3,0.035072849999999996
29-BINANCE-ETHUSDT-30JAN2026,29,Binance,ETH,ETHUSDT,2026-01-30,2026-01-17,3,0.08200455000000001
29-BINANCE-ETHUSDT-30JAN2026,29,Binance,ETH,ETHUSDT,2026-01-30,2026-01-18,3,0.027699849999999998
29-BINANCE-ETHUSDT-30JAN2026,29,Binance,ETH,ETHUSDT,2026-01-30,2026-01-19,3,0.02010785
29-BINANCE-ETHUSDT-30JAN2026,29,Binance,ETH,ETHUSDT,2026-01-30,2026-01-20,3,0.05819559999999999
29-BINANCE-ETHUSDT-30JAN2026,29,Binance,ETH,ETHUSDT,2026-01-30,2026-01-21,3,0.00801175
29-BINANCE-ETHUSDT-30JAN2026,29,Binance,ETH,ETHUSDT,2026-01-30,2026-01-22,3,0.02506455
29-BINANCE-ETHUSDT-30JAN2026,29,Binance,ETH,ETHUSDT,2026-01-30,2026-01-23,3,0.034992550000000004
29-BINANCE-ETHUSDT-30JAN2026,29,Binance,ETH,ETHUSDT,2026-01-30,2026-01-24,3,0.0224037
29-BINANCE-ETHUSDT-30JAN2026,29,Binance,ETH,ETHUSDT,2026-01-30,2026-01-25,3,0.05432295
29-BINANCE-ETHUSDT-30JAN2026,29,Binance,ETH,ETHUSDT,2026-01-30,2026-01-26,3,-0.02103495
29-BINANCE-ETHUSDT-30JAN2026,29,Binance,ETH,ETHUSDT,2026-01-30,2026-01-27,3,0.09284505
29-BINANCE-ETHUSDT-30JAN2026,29,Binance,ETH,ETHUSDT,2026-01-30,2026-01-28,3,0.08306670000000001
29-BINANCE-ETHUSDT-30JAN2026,29,Binance,ETH,ETHUSDT,2026-01-30,2026-01-29,3,0.0278933
29-BINANCE-ETHUSDT-30JAN2026,29,Binance,ETH,ETHUSDT,2026-01-30,2026-01-30,1,0.00517935
3-BINANCE-ETHUSDT-26SEP2025,3,Binance,ETH,ETHUSDT,2025-09-26,2025-08-01,3,0.00811395
3-BINANCE-ETHUSDT-26SEP2025,3,Binance,ETH,ETHUSDT,2025-09-26,2025-08-02,3,0.052622050000000004
3-BINANCE-ETHUSDT-26SEP2025,3,Binance,ETH,ETHUSDT,2025-09-26,2025-08-03,3,0.0593198
3-BINANCE-ETHUSDT-26SEP2025,3,Binance,ETH,ETHUSDT,2025-09-26,2025-08-04,3,0.02351695
3-BINANCE-ETHUSDT-26SEP2025,3,Binance,ETH,ETHUSDT,2025-09-26,2025-08-05,3,0.01691045
3-BINANCE-ETHUSDT-26SEP2025,3,Binance,ETH,ETHUSDT,2025-09-26,2025-08-06,3,0.061535349999999996
3-BINANCE-ETHUSDT-26SEP2025,3,Binance,ETH,ETHUSDT,2025-09-26,2025-08-07,3,0.0748688
3-BINANCE-ETHUSDT-26SEP2025,3,Binance,ETH,ETHUSDT,2025-09-26,2025-08-08,3,0.088549
3-BINANCE-ETHUSDT-26SEP2025,3,Binance,ETH,ETHUSDT,2025-09-26,2025-08-09,3,0.1095
3-BINANCE-ETHUSDT-26SEP2025,3,Binance,ETH,ETHUSDT,2025-09-26,2025-08-10,3,0.1091934
3-BINANCE-ETHUSDT-26SEP2025,3,Binance,ETH,ETHUSDT,2025-09-26,2025-08-11,3,0.10302855
3-BINANCE-ETHUSDT-26SEP2025,3,Binance,ETH,ETHUSDT,2025-09-26,2025-08-12,3,0.08635535
3-BINANCE-ETHUSDT-26SEP2025,3,Binance,ETH,ETHUSDT,2025-09-26,2025-08-13,3,0.1095
3-BINANCE-ETHUSDT-26SEP2025,3,Binance,ETH,ETHUSDT,2025-09-26,2025-08-14,3,0.1095
3-BINANCE-ETHUSDT-26SEP2025,3,Binance,ETH,ETHUSDT,2025-09-26,2025-08-15,3,0.09577235
3-BINANCE-ETHUSDT-26SEP2025,3,Binance,ETH,ETHUSDT,2025-09-26,2025-08-16,3,0.06177625
3-BINANCE-ETHUSDT-26SEP2025,3,Binance,ETH,ETHUSDT,2025-09-26,2025-08-17,3,0.03407275
3-BINANCE-ETHUSDT-26SEP2025,3,Binance,ETH,ETHUSDT,2025-09-26,2025-08-18,3,0.0685543
3-BINANCE-ETHUSDT-26SEP2025,3,Binance,ETH,ETHUSDT,2025-09-26,2025-08-19,3,0.1095
3-BINANCE-ETHUSDT-26SEP2025,3,Binance,ETH,ETHUSDT,2025-09-26,2025-08-20,3,0.0707662
3-BINANCE-ETHUSDT-26SEP2025,3,Binance,ETH,ETHUSDT,2025-09-26,2025-08-21,3,0.05385575
3-BINANCE-ETHUSDT-26SEP2025,3,Binance,ETH,ETHUSDT,2025-09-26,2025-08-22,3,0.0695325
3-BINANCE-ETHUSDT-26SEP2025,3,Binance,ETH,ETHUSDT,2025-09-26,2025-08-23,3,0.1095
3-BINANCE-ETHUSDT-26SEP2025,3,Binance,ETH,ETHUSDT,2025-09-26,2025-08-24,3,0.1095
3-BINANCE-ETHUSDT-26SEP2025,3,Binance,ETH,ETHUSDT,2025-09-26,2025-08-25,3,0.04099315
3-BINANCE-ETHUSDT-26SEP2025,3,Binance,ETH,ETHUSDT,2025-09-26,2025-08-26,3,0.0050005
3-BINANCE-ETHUSDT-26SEP2025,3,Binance,ETH,ETHUSDT,2025-09-26,2025-08-27,3,0.019220900000000003
3-BINANCE-ETHUSDT-26SEP2025,3,Binance,ETH,ETHUSDT,2025-09-26,2025-08-28,3,0.03935795
3-BINANCE-ETHUSDT-26SEP2025,3,Binance,ETH,ETHUSDT,2025-09-26,2025-08-29,3,0.02994825
3-BINANCE-ETHUSDT-26SEP2025,3,Binance,ETH,ETHUSDT,2025-09-26,2025-08-30,3,0.02595515
3-BINANCE-ETHUSDT-26SEP2025,3,Binance,ETH,ETHUSDT,2025-09-26,2025-08-31,3,0.01094635
3-BINANCE-ETHUSDT-26SEP2025,3,Binance,ETH,ETHUSDT,2025-09-26,2025-09-01,3,-0.0120158
3-BINANCE-ETHUSDT-26SEP2025,3,Binance,ETH,ETHUSDT,2025-09-26,2025-09-02,3,0.03264925
3-BINANCE-ETHUSDT-26SEP2025,3,Binance,ETH,ETHUSDT,2025-09-26,2025-09-03,3,0.01779375
3-BINANCE-ETHUSDT-26SEP2025,3,Binance,ETH,ETHUSDT,2025-09-26,2025-09-04,3,-0.008132200000000001
3-BINANCE-ETHUSDT-26SEP2025,3,Binance,ETH,ETHUSDT,2025-09-26,2025-09-05,3,-0.022374500000000002
3-BINANCE-ETHUSDT-26SEP2025,3,Binance,ETH,ETHUSDT,2025-09-26,2025-09-06,3,0.0215788
3-BINANCE-ETHUSDT-26SEP2025,3,Binance,ETH,ETHUSDT,2025-09-26,2025-09-07,3,0.06649935
3-BINANCE-ETHUSDT-26SEP2025,3,Binance,ETH,ETHUSDT,2025-09-26,2025-09-08,3,0.05000865000000001
3-BINANCE-ETHUSDT-26SEP2025,3,Binance,ETH,ETHUSDT,2025-09-26,2025-09-09,3,0.07793115
3-BINANCE-ETHUSDT-26SEP2025,3,Binance,ETH,ETHUSDT,2025-09-26,2025-09-10,3,0.09116239999999999
3-BINANCE-ETHUSDT-26SEP2025,3,Binance,ETH,ETHUSDT,2025-09-26,2025-09-11,3,0.0724233
3-BINANCE-ETHUSDT-26SEP2025,3,Binance,ETH,ETHUSDT,2025-09-26,2025-09-12,3,0.09073170000000001
3-BINANCE-ETHUSDT-26SEP2025,3,Binance,ETH,ETHUSDT,2025-09-26,2025-09-13,3,0.10882474999999998
3-BINANCE-ETHUSDT-26SEP2025,3,Binance,ETH,ETHUSDT,2025-09-26,2025-09-14,3,0.051957750000000004
3-BINANCE-ETHUSDT-26SEP2025,3,Binance,ETH,ETHUSDT,2025-09-26,2025-09-15,3,0.0639918
3-BINANCE-ETHUSDT-26SEP2025,3,Binance,ETH,ETHUSDT,2025-09-26,2025-09-16,3,0.04052595
3-BINANCE-ETHUSDT-26SEP2025,3,Binance,ETH,ETHUSDT,2025-09-26,2025-09-17,3,0.04446795
3-BINANCE-ETHUSDT-26SEP2025,3,Binance,ETH,ETHUSDT,2025-09-26,2025-09-18,3,0.04165745
3-BINANCE-ETHUSDT-26SEP2025,3,Binance,ETH,ETHUSDT,2025-09-26,2025-09-19,3,0.0018870499999999988
3-BINANCE-ETHUSDT-26SEP2025,3,Binance,ETH,ETHUSDT,2025-09-26,2025-09-20,3,-0.0028251
3-BINANCE-ETHUSDT-26SEP2025,3,Binance,ETH,ETHUSDT,2025-09-26,2025-09-21,3,0.02005675
3-BINANCE-ETHUSDT-26SEP2025,3,Binance,ETH,ETHUSDT,2025-09-26,2025-09-22,3,-0.007522650000000001
3-BINANCE-ETHUSDT-26SEP2025,3,Binance,ETH,ETHUSDT,2025-09-26,2025-09-23,3,0.0117238
3-BINANCE-ETHUSDT-26SEP2025,3,Binance,ETH,ETHUSDT,2025-09-26,2025-09-24,3,-0.0070225999999999995
3-BINANCE-ETHUSDT-26SEP2025,3,Binance,ETH,ETHUSDT,2025-09-26,2025-09-25,3,-0.024498799999999998
3-BINANCE-ETHUSDT-26SEP2025,3,Binance,ETH,ETHUSDT,2025-09-26,2025-09-26,1,0.0982872
30-HYPERLIQUID-BTC-30JAN2026,30,Hyperliquid,BTC,BTC,2026-01-30,2025-12-16,19,0.025604096842105264
30-HYPERLIQUID-BTC-30JAN2026,30,Hyperliquid,BTC,BTC,2026-01-30,2025-12-17,24,0.019589039
30-HYPERLIQUID-BTC-30JAN2026,30,Hyperliquid,BTC,BTC,2026-01-30,2025-12-18,24,0.08776392150000001
30-HYPERLIQUID-BTC-30JAN2026,30,Hyperliquid,BTC,BTC,2026-01-30,2025-12-19,24,0.047104929
30-HYPERLIQUID-BTC-30JAN2026,30,Hyperliquid,BTC,BTC,2026-01-30,2025-12-20,24,-0.036613369
30-HYPERLIQUID-BTC-30JAN2026,30,Hyperliquid,BTC,BTC,2026-01-30,2025-12-21,24,0.07487511449999999
30-HYPERLIQUID-BTC-30JAN2026,30,Hyperliquid,BTC,BTC,2026-01-30,2025-12-22,24,0.059159784
30-HYPERLIQUID-BTC-30JAN2026,30,Hyperliquid,BTC,BTC,2026-01-30,2025-12-23,24,0.061104942
30-HYPERLIQUID-BTC-30JAN2026,30,Hyperliquid,BTC,BTC,2026-01-30,2025-12-24,24,0.1060379385
30-HYPERLIQUID-BTC-30JAN2026,30,Hyperliquid,BTC,BTC,2026-01-30,2025-12-25,24,0.1095
30-HYPERLIQUID-BTC-30JAN2026,30,Hyperliquid,BTC,BTC,2026-01-30,2025-12-26,24,0.1003203595
30-HYPERLIQUID-BTC-30JAN2026,30,Hyperliquid,BTC,BTC,2026-01-30,2025-12-27,24,0.1095
30-HYPERLIQUID-BTC-30JAN2026,30,Hyperliquid,BTC,BTC,2026-01-30,2025-12-28,24,0.101485987
30-HYPERLIQUID-BTC-30JAN2026,30,Hyperliquid,BTC,BTC,2026-01-30,2025-12-29,24,0.100799495
30-HYPERLIQUID-BTC-30JAN2026,30,Hyperliquid,BTC,BTC,2026-01-30,2025-12-30,24,0.10693941550000001
30-HYPERLIQUID-BTC-30JAN2026,30,Hyperliquid,BTC,BTC,2026-01-30,2025-12-31,24,0.1095
30-HYPERLIQUID-BTC-30JAN2026,30,Hyperliquid,BTC,BTC,2026-01-30,2026-01-01,24,0.1095
30-HYPERLIQUID-BTC-30JAN2026,30,Hyperliquid,BTC,BTC,2026-01-30,2026-01-02,24,0.0632773125
30-HYPERLIQUID-BTC-30JAN2026,30,Hyperliquid,BTC,BTC,2026-01-30,2026-01-03,24,0.077964438
30-HYPERLIQUID-BTC-30JAN2026,30,Hyperliquid,BTC,BTC,2026-01-30,2026-01-04,24,0.0725187475
30-HYPERLIQUID-BTC-30JAN2026,30,Hyperliquid,BTC,BTC,2026-01-30,2026-01-05,24,0.079413415
30-HYPERLIQUID-BTC-30JAN2026,30,Hyperliquid,BTC,BTC,2026-01-30,2026-01-06,24,0.1038334845
30-HYPERLIQUID-BTC-30JAN2026,30,Hyperliquid,BTC,BTC,2026-01-30,2026-01-07,24,0.17193868850000002
30-HYPERLIQUID-BTC-30JAN2026,30,Hyperliquid,BTC,BTC,2026-01-30,2026-01-08,24,0.1095
30-HYPERLIQUID-BTC-30JAN2026,30,Hyperliquid,BTC,BTC,2026-01-30,2026-01-09,24,0.1095
30-HYPERLIQUID-BTC-30JAN2026,30,Hyperliquid,BTC,BTC,2026-01-30,2026-01-10,24,0.1095
30-HYPERLIQUID-BTC-30JAN2026,30,Hyperliquid,BTC,BTC,2026-01-30,2026-01-11,24,0.103790013
30-HYPERLIQUID-BTC-30JAN2026,30,Hyperliquid,BTC,BTC,2026-01-30,2026-01-12,24,0.07595558749999999
30-HYPERLIQUID-BTC-30JAN2026,30,Hyperliquid,BTC,BTC,2026-01-30,2026-01-13,24,0.076261859
30-HYPERLIQUID-BTC-30JAN2026,30,Hyperliquid,BTC,BTC,2026-01-30,2026-01-14,24,0.08420498900000001
30-HYPERLIQUID-BTC-30JAN2026,30,Hyperliquid,BTC,BTC,2026-01-30,2026-01-15,24,0.1095
30-HYPERLIQUID-BTC-30JAN2026,30,Hyperliquid,BTC,BTC,2026-01-30,2026-01-16,24,0.1095
30-HYPERLIQUID-BTC-30JAN2026,30,Hyperliquid,BTC,BTC,2026-01-30,2026-01-17,24,0.1095
30-HYPERLIQUID-BTC-30JAN2026,30,Hyperliquid,BTC,BTC,2026-01-30,2026-01-18,24,0.1095
30-HYPERLIQUID-BTC-30JAN2026,30,Hyperliquid,BTC,BTC,2026-01-30,2026-01-19,24,0.0809936825
30-HYPERLIQUID-BTC-30JAN2026,30,Hyperliquid,BTC,BTC,2026-01-30,2026-01-20,24,-0.0789866935
30-HYPERLIQUID-BTC-30JAN2026,30,Hyperliquid,BTC,BTC,2026-01-30,2026-01-21,24,0.016762844
30-HYPERLIQUID-BTC-30JAN2026,30,Hyperliquid,BTC,BTC,2026-01-30,2026-01-22,24,0.002872586499999999
30-HYPERLIQUID-BTC-30JAN2026,30,Hyperliquid,BTC,BTC,2026-01-30,2026-01-23,24,-0.0699892975
30-HYPERLIQUID-BTC-30JAN2026,30,Hyperliquid,BTC,BTC,2026-01-30,2026-01-24,24,-0.015348396
30-HYPERLIQUID-BTC-30JAN2026,30,Hyperliquid,BTC,BTC,2026-01-30,2026-01-25,24,0.0447851715
30-HYPERLIQUID-BTC-30JAN2026,30,Hyperliquid,BTC,BTC,2026-01-30,2026-01-26,24,0.0555756665
30-HYPERLIQUID-BTC-30JAN2026,30,Hyperliquid,BTC,BTC,2026-01-30,2026-01-27,24,0.094410316
30-HYPERLIQUID-BTC-30JAN2026,30,Hyperliquid,BTC,BTC,2026-01-30,2026-01-28,24,0.1061693385
30-HYPERLIQUID-BTC-30JAN2026,30,Hyperliquid,BTC,BTC,2026-01-30,2026-01-29,24,0.0973799925
30-HYPERLIQUID-BTC-30JAN2026,30,Hyperliquid,BTC,BTC,2026-01-30,2026-01-30,1,0.1095
31-HYPERLIQUID-ETH-30JAN2026,31,Hyperliquid,ETH,ETH,2026-01-30,2025-12-16,19,0.10218489284210526
31-HYPERLIQUID-ETH-30JAN2026,31,Hyperliquid,ETH,ETH,2026-01-30,2025-12-17,24,0.102360454
31-HYPERLIQUID-ETH-30JAN2026,31,Hyperliquid,ETH,ETH,2026-01-30,2025-12-18,24,0.07797995049999999
31-HYPERLIQUID-ETH-30JAN2026,31,Hyperliquid,ETH,ETH,2026-01-30,2025-12-19,24,0.08961177050000001
31-HYPERLIQUID-ETH-30JAN2026,31,Hyperliquid,ETH,ETH,2026-01-30,2025-12-20,24,0.09923598099999999
31-HYPERLIQUID-ETH-30JAN2026,31,Hyperliquid,ETH,ETH,2026-01-30,2025-12-21,24,0.105833794
31-HYPERLIQUID-ETH-30JAN2026,31,Hyperliquid,ETH,ETH,2026-01-30,2025-12-22,24,0.094090722
31-HYPERLIQUID-ETH-30JAN2026,31,Hyperliquid,ETH,ETH,2026-01-30,2025-12-23,24,0.07338441799999999
31-HYPERLIQUID-ETH-30JAN2026,31,Hyperliquid,ETH,ETH,2026-01-30,2025-12-24,24,0.09954502650000001
31-HYPERLIQUID-ETH-30JAN2026,31,Hyperliquid,ETH,ETH,2026-01-30,2025-12-25,24,0.10945335299999999
31-HYPERLIQUID-ETH-30JAN2026,31,Hyperliquid,ETH,ETH,2026-01-30,2025-12-26,24,0.081538664
31-HYPERLIQUID-ETH-30JAN2026,31,Hyperliquid,ETH,ETH,2026-01-30,2025-12-27,24,0.024458029500000002
31-HYPERLIQUID-ETH-30JAN2026,31,Hyperliquid,ETH,ETH,2026-01-30,2025-12-28,24,-0.009810835
31-HYPERLIQUID-ETH-30JAN2026,31,Hyperliquid,ETH,ETH,2026-01-30,2025-12-29,24,0.07922252
31-HYPERLIQUID-ETH-30JAN2026,31,Hyperliquid,ETH,ETH,2026-01-30,2025-12-30,24,0.091600692
31-HYPERLIQUID-ETH-30JAN2026,31,Hyperliquid,ETH,ETH,2026-01-30,2025-12-31,24,0.1095
31-HYPERLIQUID-ETH-30JAN2026,31,Hyperliquid,ETH,ETH,2026-01-30,2026-01-01,24,0.1095
31-HYPERLIQUID-ETH-30JAN2026,31,Hyperliquid,ETH,ETH,2026-01-30,2026-01-02,24,0.0697981835
31-HYPERLIQUID-ETH-30JAN2026,31,Hyperliquid,ETH,ETH,2026-01-30,2026-01-03,24,0.073506766
31-HYPERLIQUID-ETH-30JAN2026,31,Hyperliquid,ETH,ETH,2026-01-30,2026-01-04,24,0.077729159
31-HYPERLIQUID-ETH-30JAN2026,31,Hyperliquid,ETH,ETH,2026-01-30,2026-01-05,24,0.051043753500000004
31-HYPERLIQUID-ETH-30JAN2026,31,Hyperliquid,ETH,ETH,2026-01-30,2026-01-06,24,0.088969772
31-HYPERLIQUID-ETH-30JAN2026,31,Hyperliquid,ETH,ETH,2026-01-30,2026-01-07,24,0.1095
31-HYPERLIQUID-ETH-30JAN2026,31,Hyperliquid,ETH,ETH,2026-01-30,2026-01-08,24,0.1093398015
31-HYPERLIQUID-ETH-30JAN2026,31,Hyperliquid,ETH,ETH,2026-01-30,2026-01-09,24,0.1095
31-HYPERLIQUID-ETH-30JAN2026,31,Hyperliquid,ETH,ETH,2026-01-30,2026-01-10,24,0.1095
31-HYPERLIQUID-ETH-30JAN2026,31,Hyperliquid,ETH,ETH,2026-01-30,2026-01-11,24,0.103023586
31-HYPERLIQUID-ETH-30JAN2026,31,Hyperliquid,ETH,ETH,2026-01-30,2026-01-12,24,0.103089213
31-HYPERLIQUID-ETH-30JAN2026,31,Hyperliquid,ETH,ETH,2026-01-30,2026-01-13,24,0.1018701495
31-HYPERLIQUID-ETH-30JAN2026,31,Hyperliquid,ETH,ETH,2026-01-30,2026-01-14,24,0.10732492850000001
31-HYPERLIQUID-ETH-30JAN2026,31,Hyperliquid,ETH,ETH,2026-01-30,2026-01-15,24,0.1095
31-HYPERLIQUID-ETH-30JAN2026,31,Hyperliquid,ETH,ETH,2026-01-30,2026-01-16,24,0.1095
31-HYPERLIQUID-ETH-30JAN2026,31,Hyperliquid,ETH,ETH,2026-01-30,2026-01-17,24,0.1095
31-HYPERLIQUID-ETH-30JAN2026,31,Hyperliquid,ETH,ETH,2026-01-30,2026-01-18,24,0.1095
31-HYPERLIQUID-ETH-30JAN2026,31,Hyperliquid,ETH,ETH,2026-01-30,2026-01-19,24,0.1022625975
31-HYPERLIQUID-ETH-30JAN2026,31,Hyperliquid,ETH,ETH,2026-01-30,2026-01-20,24,0.056622596
31-HYPERLIQUID-ETH-30JAN2026,31,Hyperliquid,ETH,ETH,2026-01-30,2026-01-21,24,0.0782345015
31-HYPERLIQUID-ETH-30JAN2026,31,Hyperliquid,ETH,ETH,2026-01-30,2026-01-22,24,0.10074941700000001
31-HYPERLIQUID-ETH-30JAN2026,31,Hyperliquid,ETH,ETH,2026-01-30,2026-01-23,24,-0.008155961500000001
31-HYPERLIQUID-ETH-30JAN2026,31,Hyperliquid,ETH,ETH,2026-01-30,2026-01-24,24,-0.027949583
31-HYPERLIQUID-ETH-30JAN2026,31,Hyperliquid,ETH,ETH,2026-01-30,2026-01-25,24,-0.034748584
31-HYPERLIQUID-ETH-30JAN2026,31,Hyperliquid,ETH,ETH,2026-01-30,2026-01-26,24,0.024971292500000002
31-HYPERLIQUID-ETH-30JAN2026,31,Hyperliquid,ETH,ETH,2026-01-30,2026-01-27,24,0.1062194895
31-HYPERLIQUID-ETH-30JAN2026,31,Hyperliquid,ETH,ETH,2026-01-30,2026-01-28,24,0.1073928185
31-HYPERLIQUID-ETH-30JAN2026,31,Hyperliquid,ETH,ETH,2026-01-30,2026-01-29,24,0.106545179
31-HYPERLIQUID-ETH-30JAN2026,31,Hyperliquid,ETH,ETH,2026-01-30,2026-01-30,1,0.05976948
32-HYPERLIQUID-BTC-30JAN2026,32,Hyperliquid,BTC,BTC,2026-01-30,2025-12-16,19,0.025604096842105264
32-HYPERLIQUID-BTC-30JAN2026,32,Hyperliquid,BTC,BTC,2026-01-30,2025-12-17,24,0.019589039
32-HYPERLIQUID-BTC-30JAN2026,32,Hyperliquid,BTC,BTC,2026-01-30,2025-12-18,24,0.08776392150000001
32-HYPERLIQUID-BTC-30JAN2026,32,Hyperliquid,BTC,BTC,2026-01-30,2025-12-19,24,0.047104929
32-HYPERLIQUID-BTC-30JAN2026,32,Hyperliquid,BTC,BTC,2026-01-30,2025-12-20,24,-0.036613369
32-HYPERLIQUID-BTC-30JAN2026,32,Hyperliquid,BTC,BTC,2026-01-30,2025-12-21,24,0.07487511449999999
32-HYPERLIQUID-BTC-30JAN2026,32,Hyperliquid,BTC,BTC,2026-01-30,2025-12-22,24,0.059159784
32-HYPERLIQUID-BTC-30JAN2026,32,Hyperliquid,BTC,BTC,2026-01-30,2025-12-23,24,0.061104942
32-HYPERLIQUID-BTC-30JAN2026,32,Hyperliquid,BTC,BTC,2026-01-30,2025-12-24,24,0.1060379385
32-HYPERLIQUID-BTC-30JAN2026,32,Hyperliquid,BTC,BTC,2026-01-30,2025-12-25,24,0.1095
32-HYPERLIQUID-BTC-30JAN2026,32,Hyperliquid,BTC,BTC,2026-01-30,2025-12-26,24,0.1003203595
32-HYPERLIQUID-BTC-30JAN2026,32,Hyperliquid,BTC,BTC,2026-01-30,2025-12-27,24,0.1095
32-HYPERLIQUID-BTC-30JAN2026,32,Hyperliquid,BTC,BTC,2026-01-30,2025-12-28,24,0.101485987
32-HYPERLIQUID-BTC-30JAN2026,32,Hyperliquid,BTC,BTC,2026-01-30,2025-12-29,24,0.100799495
32-HYPERLIQUID-BTC-30JAN2026,32,Hyperliquid,BTC,BTC,2026-01-30,2025-12-30,24,0.10693941550000001
32-HYPERLIQUID-BTC-30JAN2026,32,Hyperliquid,BTC,BTC,2026-01-30,2025-12-31,24,0.1095
32-HYPERLIQUID-BTC-30JAN2026,32,Hyperliquid,BTC,BTC,2026-01-30,2026-01-01,24,0.1095
32-HYPERLIQUID-BTC-30JAN2026,32,Hyperliquid,BTC,BTC,2026-01-30,2026-01-02,24,0.0632773125
32-HYPERLIQUID-BTC-30JAN2026,32,Hyperliquid,BTC,BTC,2026-01-30,2026-01-03,24,0.077964438
32-HYPERLIQUID-BTC-30JAN2026,32,Hyperliquid,BTC,BTC,2026-01-30,2026-01-04,24,0.0725187475
32-HYPERLIQUID-BTC-30JAN2026,32,Hyperliquid,BTC,BTC,2026-01-30,2026-01-05,24,0.079413415
32-HYPERLIQUID-BTC-30JAN2026,32,Hyperliquid,BTC,BTC,2026-01-30,2026-01-06,24,0.1038334845
32-HYPERLIQUID-BTC-30JAN2026,32,Hyperliquid,BTC,BTC,2026-01-30,2026-01-07,24,0.17193868850000002
32-HYPERLIQUID-BTC-30JAN2026,32,Hyperliquid,BTC,BTC,2026-01-30,2026-01-08,24,0.1095
32-HYPERLIQUID-BTC-30JAN2026,32,Hyperliquid,BTC,BTC,2026-01-30,2026-01-09,24,0.1095
32-HYPERLIQUID-BTC-30JAN2026,32,Hyperliquid,BTC,BTC,2026-01-30,2026-01-10,24,0.1095
32-HYPERLIQUID-BTC-30JAN2026,32,Hyperliquid,BTC,BTC,2026-01-30,2026-01-11,24,0.103790013
32-HYPERLIQUID-BTC-30JAN2026,32,Hyperliquid,BTC,BTC,2026-01-30,2026-01-12,24,0.07595558749999999
32-HYPERLIQUID-BTC-30JAN2026,32,Hyperliquid,BTC,BTC,2026-01-30,2026-01-13,24,0.076261859
32-HYPERLIQUID-BTC-30JAN2026,32,Hyperliquid,BTC,BTC,2026-01-30,2026-01-14,24,0.08420498900000001
32-HYPERLIQUID-BTC-30JAN2026,32,Hyperliquid,BTC,BTC,2026-01-30,2026-01-15,24,0.1095
32-HYPERLIQUID-BTC-30JAN2026,32,Hyperliquid,BTC,BTC,2026-01-30,2026-01-16,24,0.1095
32-HYPERLIQUID-BTC-30JAN2026,32,Hyperliquid,BTC,BTC,2026-01-30,2026-01-17,24,0.1095
32-HYPERLIQUID-BTC-30JAN2026,32,Hyperliquid,BTC,BTC,2026-01-30,2026-01-18,24,0.1095
32-HYPERLIQUID-BTC-30JAN2026,32,Hyperliquid,BTC,BTC,2026-01-30,2026-01-19,24,0.0809936825
32-HYPERLIQUID-BTC-30JAN2026,32,Hyperliquid,BTC,BTC,2026-01-30,2026-01-20,24,-0.0789866935
32-HYPERLIQUID-BTC-30JAN2026,32,Hyperliquid,BTC,BTC,2026-01-30,2026-01-21,24,0.016762844
32-HYPERLIQUID-BTC-30JAN2026,32,Hyperliquid,BTC,BTC,2026-01-30,2026-01-22,24,0.002872586499999999
32-HYPERLIQUID-BTC-30JAN2026,32,Hyperliquid,BTC,BTC,2026-01-30,2026-01-23,24,-0.0699892975
32-HYPERLIQUID-BTC-30JAN2026,32,Hyperliquid,BTC,BTC,2026-01-30,2026-01-24,24,-0.015348396
32-HYPERLIQUID-BTC-30JAN2026,32,Hyperliquid,BTC,BTC,2026-01-30,2026-01-25,24,0.0447851715
32-HYPERLIQUID-BTC-30JAN2026,32,Hyperliquid,BTC,BTC,2026-01-30,2026-01-26,24,0.0555756665
32-HYPERLIQUID-BTC-30JAN2026,32,Hyperliquid,BTC,BTC,2026-01-30,2026-01-27,24,0.094410316
32-HYPERLIQUID-BTC-30JAN2026,32,Hyperliquid,BTC,BTC,2026-01-30,2026-01-28,24,0.1061693385
32-HYPERLIQUID-BTC-30JAN2026,32,Hyperliquid,BTC,BTC,2026-01-30,2026-01-29,24,0.0973799925
32-HYPERLIQUID-BTC-30JAN2026,32,Hyperliquid,BTC,BTC,2026-01-30,2026-01-30,1,0.1095
33-HYPERLIQUID-ETH-30JAN2026,33,Hyperliquid,ETH,ETH,2026-01-30,2025-12-16,19,0.10218489284210526
33-HYPERLIQUID-ETH-30JAN2026,33,Hyperliquid,ETH,ETH,2026-01-30,2025-12-17,24,0.102360454
33-HYPERLIQUID-ETH-30JAN2026,33,Hyperliquid,ETH,ETH,2026-01-30,2025-12-18,24,0.07797995049999999
33-HYPERLIQUID-ETH-30JAN2026,33,Hyperliquid,ETH,ETH,2026-01-30,2025-12-19,24,0.08961177050000001
33-HYPERLIQUID-ETH-30JAN2026,33,Hyperliquid,ETH,ETH,2026-01-30,2025-12-20,24,0.09923598099999999
33-HYPERLIQUID-ETH-30JAN2026,33,Hyperliquid,ETH,ETH,2026-01-30,2025-12-21,24,0.105833794
33-HYPERLIQUID-ETH-30JAN2026,33,Hyperliquid,ETH,ETH,2026-01-30,2025-12-22,24,0.094090722
33-HYPERLIQUID-ETH-30JAN2026,33,Hyperliquid,ETH,ETH,2026-01-30,2025-12-23,24,0.07338441799999999
33-HYPERLIQUID-ETH-30JAN2026,33,Hyperliquid,ETH,ETH,2026-01-30,2025-12-24,24,0.09954502650000001
33-HYPERLIQUID-ETH-30JAN2026,33,Hyperliquid,ETH,ETH,2026-01-30,2025-12-25,24,0.10945335299999999
33-HYPERLIQUID-ETH-30JAN2026,33,Hyperliquid,ETH,ETH,2026-01-30,2025-12-26,24,0.081538664
33-HYPERLIQUID-ETH-30JAN2026,33,Hyperliquid,ETH,ETH,2026-01-30,2025-12-27,24,0.024458029500000002
33-HYPERLIQUID-ETH-30JAN2026,33,Hyperliquid,ETH,ETH,2026-01-30,2025-12-28,24,-0.009810835
33-HYPERLIQUID-ETH-30JAN2026,33,Hyperliquid,ETH,ETH,2026-01-30,2025-12-29,24,0.07922252
33-HYPERLIQUID-ETH-30JAN2026,33,Hyperliquid,ETH,ETH,2026-01-30,2025-12-30,24,0.091600692
33-HYPERLIQUID-ETH-30JAN2026,33,Hyperliquid,ETH,ETH,2026-01-30,2025-12-31,24,0.1095
33-HYPERLIQUID-ETH-30JAN2026,33,Hyperliquid,ETH,ETH,2026-01-30,2026-01-01,24,0.1095
33-HYPERLIQUID-ETH-30JAN2026,33,Hyperliquid,ETH,ETH,2026-01-30,2026-01-02,24,0.0697981835
33-HYPERLIQUID-ETH-30JAN2026,33,Hyperliquid,ETH,ETH,2026-01-30,2026-01-03,24,0.073506766
33-HYPERLIQUID-ETH-30JAN2026,33,Hyperliquid,ETH,ETH,2026-01-30,2026-01-04,24,0.077729159
33-HYPERLIQUID-ETH-30JAN2026,33,Hyperliquid,ETH,ETH,2026-01-30,2026-01-05,24,0.051043753500000004
33-HYPERLIQUID-ETH-30JAN2026,33,Hyperliquid,ETH,ETH,2026-01-30,2026-01-06,24,0.088969772
33-HYPERLIQUID-ETH-30JAN2026,33,Hyperliquid,ETH,ETH,2026-01-30,2026-01-07,24,0.1095
33-HYPERLIQUID-ETH-30JAN2026,33,Hyperliquid,ETH,ETH,2026-01-30,2026-01-08,24,0.1093398015
33-HYPERLIQUID-ETH-30JAN2026,33,Hyperliquid,ETH,ETH,2026-01-30,2026-01-09,24,0.1095
33-HYPERLIQUID-ETH-30JAN2026,33,Hyperliquid,ETH,ETH,2026-01-30,2026-01-10,24,0.1095
33-HYPERLIQUID-ETH-30JAN2026,33,Hyperliquid,ETH,ETH,2026-01-30,2026-01-11,24,0.103023586
33-HYPERLIQUID-ETH-30JAN2026,33,Hyperliquid,ETH,ETH,2026-01-30,2026-01-12,24,0.103089213
33-HYPERLIQUID-ETH-30JAN2026,33,Hyperliquid,ETH,ETH,2026-01-30,2026-01-13,24,0.1018701495
33-HYPERLIQUID-ETH-30JAN2026,33,Hyperliquid,ETH,ETH,2026-01-30,2026-01-14,24,0.10732492850000001
33-HYPERLIQUID-ETH-30JAN2026,33,Hyperliquid,ETH,ETH,2026-01-30,2026-01-15,24,0.1095
33-HYPERLIQUID-ETH-30JAN2026,33,Hyperliquid,ETH,ETH,2026-01-30,2026-01-16,24,0.1095
33-HYPERLIQUID-ETH-30JAN2026,33,Hyperliquid,ETH,ETH,2026-01-30,2026-01-17,24,0.1095
33-HYPERLIQUID-ETH-30JAN2026,33,Hyperliquid,ETH,ETH,2026-01-30,2026-01-18,24,0.1095
33-HYPERLIQUID-ETH-30JAN2026,33,Hyperliquid,ETH,ETH,2026-01-30,2026-01-19,24,0.1022625975
33-HYPERLIQUID-ETH-30JAN2026,33,Hyperliquid,ETH,ETH,2026-01-30,2026-01-20,24,0.056622596
33-HYPERLIQUID-ETH-30JAN2026,33,Hyperliquid,ETH,ETH,2026-01-30,2026-01-21,24,0.0782345015
33-HYPERLIQUID-ETH-30JAN2026,33,Hyperliquid,ETH,ETH,2026-01-30,2026-01-22,24,0.10074941700000001
33-HYPERLIQUID-ETH-30JAN2026,33,Hyperliquid,ETH,ETH,2026-01-30,2026-01-23,24,-0.008155961500000001
33-HYPERLIQUID-ETH-30JAN2026,33,Hyperliquid,ETH,ETH,2026-01-30,2026-01-24,24,-0.027949583
33-HYPERLIQUID-ETH-30JAN2026,33,Hyperliquid,ETH,ETH,2026-01-30,2026-01-25,24,-0.034748584
33-HYPERLIQUID-ETH-30JAN2026,33,Hyperliquid,ETH,ETH,2026-01-30,2026-01-26,24,0.024971292500000002
33-HYPERLIQUID-ETH-30JAN2026,33,Hyperliquid,ETH,ETH,2026-01-30,2026-01-27,24,0.1062194895
33-HYPERLIQUID-ETH-30JAN2026,33,Hyperliquid,ETH,ETH,2026-01-30,2026-01-28,24,0.1073928185
33-HYPERLIQUID-ETH-30JAN2026,33,Hyperliquid,ETH,ETH,2026-01-30,2026-01-29,24,0.106545179
33-HYPERLIQUID-ETH-30JAN2026,33,Hyperliquid,ETH,ETH,2026-01-30,2026-01-30,1,0.05976948
34-HYPERLIQUID-HYPE-30JAN2026,34,Hyperliquid,HYPE,HYPE,2026-01-30,2025-12-22,1,0.0
34-HYPERLIQUID-HYPE-30JAN2026,34,Hyperliquid,HYPE,HYPE,2026-01-30,2025-12-23,20,0.10928828957142858
34-HYPERLIQUID-HYPE-30JAN2026,34,Hyperliquid,HYPE,HYPE,2026-01-30,2025-12-24,24,0.10432002950000001
34-HYPERLIQUID-HYPE-30JAN2026,34,Hyperliquid,HYPE,HYPE,2026-01-30,2025-12-25,24,0.0990771695
34-HYPERLIQUID-HYPE-30JAN2026,34,Hyperliquid,HYPE,HYPE,2026-01-30,2025-12-26,24,0.1142751125
34-HYPERLIQUID-HYPE-30JAN2026,34,Hyperliquid,HYPE,HYPE,2026-01-30,2025-12-27,24,0.1095
34-HYPERLIQUID-HYPE-30JAN2026,34,Hyperliquid,HYPE,HYPE,2026-01-30,2025-12-28,24,0.1095
34-HYPERLIQUID-HYPE-30JAN2026,34,Hyperliquid,HYPE,HYPE,2026-01-30,2025-12-29,24,0.1161793175
34-HYPERLIQUID-HYPE-30JAN2026,34,Hyperliquid,HYPE,HYPE,2026-01-30,2025-12-30,24,0.11139778099999999
34-HYPERLIQUID-HYPE-30JAN2026,34,Hyperliquid,HYPE,HYPE,2026-01-30,2025-12-31,24,0.1194304455
34-HYPERLIQUID-HYPE-30JAN2026,34,Hyperliquid,HYPE,HYPE,2026-01-30,2026-01-01,24,0.134140639
34-HYPERLIQUID-HYPE-30JAN2026,34,Hyperliquid,HYPE,HYPE,2026-01-30,2026-01-02,24,0.103141627
34-HYPERLIQUID-HYPE-30JAN2026,34,Hyperliquid,HYPE,HYPE,2026-01-30,2026-01-03,24,0.10719805449999999
34-HYPERLIQUID-HYPE-30JAN2026,34,Hyperliquid,HYPE,HYPE,2026-01-30,2026-01-04,24,0.108961187
34-HYPERLIQUID-HYPE-30JAN2026,34,Hyperliquid,HYPE,HYPE,2026-01-30,2026-01-05,24,0.10779245700000001
34-HYPERLIQUID-HYPE-30JAN2026,34,Hyperliquid,HYPE,HYPE,2026-01-30,2026-01-06,24,0.10456333849999999
34-HYPERLIQUID-HYPE-30JAN2026,34,Hyperliquid,HYPE,HYPE,2026-01-30,2026-01-07,24,0.1425388145
34-HYPERLIQUID-HYPE-30JAN2026,34,Hyperliquid,HYPE,HYPE,2026-01-30,2026-01-08,24,0.119746061
34-HYPERLIQUID-HYPE-30JAN2026,34,Hyperliquid,HYPE,HYPE,2026-01-30,2026-01-09,24,0.1080288675
34-HYPERLIQUID-HYPE-30JAN2026,34,Hyperliquid,HYPE,HYPE,2026-01-30,2026-01-10,24,0.09893617
34-HYPERLIQUID-HYPE-30JAN2026,34,Hyperliquid,HYPE,HYPE,2026-01-30,2026-01-11,24,0.1095
34-HYPERLIQUID-HYPE-30JAN2026,34,Hyperliquid,HYPE,HYPE,2026-01-30,2026-01-12,24,0.111059937
34-HYPERLIQUID-HYPE-30JAN2026,34,Hyperliquid,HYPE,HYPE,2026-01-30,2026-01-13,24,0.156299351
34-HYPERLIQUID-HYPE-30JAN2026,34,Hyperliquid,HYPE,HYPE,2026-01-30,2026-01-14,24,0.1080626665
34-HYPERLIQUID-HYPE-30JAN2026,34,Hyperliquid,HYPE,HYPE,2026-01-30,2026-01-15,24,0.085603377
34-HYPERLIQUID-HYPE-30JAN2026,34,Hyperliquid,HYPE,HYPE,2026-01-30,2026-01-16,24,0.086199933
34-HYPERLIQUID-HYPE-30JAN2026,34,Hyperliquid,HYPE,HYPE,2026-01-30,2026-01-17,24,0.1095
34-HYPERLIQUID-HYPE-30JAN2026,34,Hyperliquid,HYPE,HYPE,2026-01-30,2026-01-18,24,0.1095
34-HYPERLIQUID-HYPE-30JAN2026,34,Hyperliquid,HYPE,HYPE,2026-01-30,2026-01-19,24,0.1095
34-HYPERLIQUID-HYPE-30JAN2026,34,Hyperliquid,HYPE,HYPE,2026-01-30,2026-01-20,24,0.20353954900000001
34-HYPERLIQUID-HYPE-30JAN2026,34,Hyperliquid,HYPE,HYPE,2026-01-30,2026-01-21,24,0.1257805695
34-HYPERLIQUID-HYPE-30JAN2026,34,Hyperliquid,HYPE,HYPE,2026-01-30,2026-01-22,24,0.1201440935
34-HYPERLIQUID-HYPE-30JAN2026,34,Hyperliquid,HYPE,HYPE,2026-01-30,2026-01-23,24,0.18314729100000002
34-HYPERLIQUID-HYPE-30JAN2026,34,Hyperliquid,HYPE,HYPE,2026-01-30,2026-01-24,24,0.14294075250000002
34-HYPERLIQUID-HYPE-30JAN2026,34,Hyperliquid,HYPE,HYPE,2026-01-30,2026-01-25,24,0.1095
34-HYPERLIQUID-HYPE-30JAN2026,34,Hyperliquid,HYPE,HYPE,2026-01-30,2026-01-26,24,0.1715841275
34-HYPERLIQUID-HYPE-30JAN2026,34,Hyperliquid,HYPE,HYPE,2026-01-30,2026-01-27,24,0.11087510099999999
34-HYPERLIQUID-HYPE-30JAN2026,34,Hyperliquid,HYPE,HYPE,2026-01-30,2026-01-28,24,0.059409590000000005
34-HYPERLIQUID-HYPE-30JAN2026,34,Hyperliquid,HYPE,HYPE,2026-01-30,2026-01-29,24,0.052458749
34-HYPERLIQUID-HYPE-30JAN2026,34,Hyperliquid,HYPE,HYPE,2026-01-30,2026-01-30,1,0.1095
35-BINANCE-HYPEUSDT-30JAN2026,35,Binance,HYPE,HYPEUSDT,2026-01-30,2025-12-22,1,0.0
35-BINANCE-HYPEUSDT-30JAN2026,35,Binance,HYPE,HYPEUSDT,2026-01-30,2025-12-23,5,0.095009865
35-BINANCE-HYPEUSDT-30JAN2026,35,Binance,HYPE,HYPEUSDT,2026-01-30,2025-12-24,6,0.06658694999999999
35-BINANCE-HYPEUSDT-30JAN2026,35,Binance,HYPE,HYPEUSDT,2026-01-30,2025-12-25,6,0.10860940000000001
35-BINANCE-HYPEUSDT-30JAN2026,35,Binance,HYPE,HYPEUSDT,2026-01-30,2025-12-26,6,0.09562999999999999
35-BINANCE-HYPEUSDT-30JAN2026,35,Binance,HYPE,HYPEUSDT,2026-01-30,2025-12-27,6,0.09132665
35-BINANCE-HYPEUSDT-30JAN2026,35,Binance,HYPE,HYPEUSDT,2026-01-30,2025-12-28,6,0.05370975
35-BINANCE-HYPEUSDT-30JAN2026,35,Binance,HYPE,HYPEUSDT,2026-01-30,2025-12-29,6,0.0906806
35-BINANCE-HYPEUSDT-30JAN2026,35,Binance,HYPE,HYPEUSDT,2026-01-30,2025-12-30,6,0.04210275
35-BINANCE-HYPEUSDT-30JAN2026,35,Binance,HYPE,HYPEUSDT,2026-01-30,2025-12-31,6,0.1077626
35-BINANCE-HYPEUSDT-30JAN2026,35,Binance,HYPE,HYPEUSDT,2026-01-30,2026-01-01,6,0.05561505
35-BINANCE-HYPEUSDT-30JAN2026,35,Binance,HYPE,HYPEUSDT,2026-01-30,2026-01-02,6,0.02510835
35-BINANCE-HYPEUSDT-30JAN2026,35,Binance,HYPE,HYPEUSDT,2026-01-30,2026-01-03,6,0.1095
35-BINANCE-HYPEUSDT-30JAN2026,35,Binance,HYPE,HYPEUSDT,2026-01-30,2026-01-04,6,0.1095
35-BINANCE-HYPEUSDT-30JAN2026,35,Binance,HYPE,HYPEUSDT,2026-01-30,2026-01-05,6,0.09164784999999999
35-BINANCE-HYPEUSDT-30JAN2026,35,Binance,HYPE,HYPEUSDT,2026-01-30,2026-01-06,6,0.0143956
35-BINANCE-HYPEUSDT-30JAN2026,35,Binance,HYPE,HYPEUSDT,2026-01-30,2026-01-07,6,0.1095
35-BINANCE-HYPEUSDT-30JAN2026,35,Binance,HYPE,HYPEUSDT,2026-01-30,2026-01-08,6,0.06086375
35-BINANCE-HYPEUSDT-30JAN2026,35,Binance,HYPE,HYPEUSDT,2026-01-30,2026-01-09,6,0.0450337
35-BINANCE-HYPEUSDT-30JAN2026,35,Binance,HYPE,HYPEUSDT,2026-01-30,2026-01-10,6,-0.0448512
35-BINANCE-HYPEUSDT-30JAN2026,35,Binance,HYPE,HYPEUSDT,2026-01-30,2026-01-11,6,-0.0324412
35-BINANCE-HYPEUSDT-30JAN2026,35,Binance,HYPE,HYPEUSDT,2026-01-30,2026-01-12,6,0.07304745
35-BINANCE-HYPEUSDT-30JAN2026,35,Binance,HYPE,HYPEUSDT,2026-01-30,2026-01-13,6,0.10932845000000001
35-BINANCE-HYPEUSDT-30JAN2026,35,Binance,HYPE,HYPEUSDT,2026-01-30,2026-01-14,6,0.1095
35-BINANCE-HYPEUSDT-30JAN2026,35,Binance,HYPE,HYPEUSDT,2026-01-30,2026-01-15,6,0.1095
35-BINANCE-HYPEUSDT-30JAN2026,35,Binance,HYPE,HYPEUSDT,2026-01-30,2026-01-16,6,0.1035797
35-BINANCE-HYPEUSDT-30JAN2026,35,Binance,HYPE,HYPEUSDT,2026-01-30,2026-01-17,6,0.1095
35-BINANCE-HYPEUSDT-30JAN2026,35,Binance,HYPE,HYPEUSDT,2026-01-30,2026-01-18,6,0.1095
35-BINANCE-HYPEUSDT-30JAN2026,35,Binance,HYPE,HYPEUSDT,2026-01-30,2026-01-19,6,0.1095
35-BINANCE-HYPEUSDT-30JAN2026,35,Binance,HYPE,HYPEUSDT,2026-01-30,2026-01-20,6,0.07655875
35-BINANCE-HYPEUSDT-30JAN2026,35,Binance,HYPE,HYPEUSDT,2026-01-30,2026-01-21,6,0.030813300000000002
35-BINANCE-HYPEUSDT-30JAN2026,35,Binance,HYPE,HYPEUSDT,2026-01-30,2026-01-22,6,0.0298059
35-BINANCE-HYPEUSDT-30JAN2026,35,Binance,HYPE,HYPEUSDT,2026-01-30,2026-01-23,6,-0.03338655
35-BINANCE-HYPEUSDT-30JAN2026,35,Binance,HYPE,HYPEUSDT,2026-01-30,2026-01-24,6,0.0668826
35-BINANCE-HYPEUSDT-30JAN2026,35,Binance,HYPE,HYPEUSDT,2026-01-30,2026-01-25,6,0.07632515
35-BINANCE-HYPEUSDT-30JAN2026,35,Binance,HYPE,HYPEUSDT,2026-01-30,2026-01-26,6,0.1095
35-BINANCE-HYPEUSDT-30JAN2026,35,Binance,HYPE,HYPEUSDT,2026-01-30,2026-01-27,6,0.0719634
35-BINANCE-HYPEUSDT-30JAN2026,35,Binance,HYPE,HYPEUSDT,2026-01-30,2026-01-28,6,0.023991449999999997
35-BINANCE-HYPEUSDT-30JAN2026,35,Binance,HYPE,HYPEUSDT,2026-01-30,2026-01-29,6,-0.1447006
35-BINANCE-HYPEUSDT-30JAN2026,35,Binance,HYPE,HYPEUSDT,2026-01-30,2026-01-30,1,-0.054312
36-OKX-HYPEUSDT-30JAN2026,36,OKX,HYPE,HYPEUSDT,2026-01-30,2026-01-06,5,0.0672124689966816
36-OKX-HYPEUSDT-30JAN2026,36,OKX,HYPE,HYPEUSDT,2026-01-30,2026-01-07,6,0.0960643308019125
36-OKX-HYPEUSDT-30JAN2026,36,OKX,HYPE,HYPEUSDT,2026-01-30,2026-01-08,6,-0.007610287868531002
36-OKX-HYPEUSDT-30JAN2026,36,OKX,HYPE,HYPEUSDT,2026-01-30,2026-01-09,6,-0.008925068025589998
36-OKX-HYPEUSDT-30JAN2026,36,OKX,HYPE,HYPEUSDT,2026-01-30,2026-01-10,6,0.034276772443233496
36-OKX-HYPEUSDT-30JAN2026,36,OKX,HYPE,HYPEUSDT,2026-01-30,2026-01-11,6,-0.022783681127780498
36-OKX-HYPEUSDT-30JAN2026,36,OKX,HYPE,HYPEUSDT,2026-01-30,2026-01-12,6,0.1074250722199765
36-OKX-HYPEUSDT-30JAN2026,36,OKX,HYPE,HYPEUSDT,2026-01-30,2026-01-13,6,0.1064347903159945
36-OKX-HYPEUSDT-30JAN2026,36,OKX,HYPE,HYPEUSDT,2026-01-30,2026-01-14,6,0.1095
36-OKX-HYPEUSDT-30JAN2026,36,OKX,HYPE,HYPEUSDT,2026-01-30,2026-01-15,6,0.1095
36-OKX-HYPEUSDT-30JAN2026,36,OKX,HYPE,HYPEUSDT,2026-01-30,2026-01-16,6,0.1095
36-OKX-HYPEUSDT-30JAN2026,36,OKX,HYPE,HYPEUSDT,2026-01-30,2026-01-17,6,0.1095
36-OKX-HYPEUSDT-30JAN2026,36,OKX,HYPE,HYPEUSDT,2026-01-30,2026-01-18,6,0.1095
36-OKX-HYPEUSDT-30JAN2026,36,OKX,HYPE,HYPEUSDT,2026-01-30,2026-01-19,6,0.10488955150650599
36-OKX-HYPEUSDT-30JAN2026,36,OKX,HYPE,HYPEUSDT,2026-01-30,2026-01-20,6,0.1095
36-OKX-HYPEUSDT-30JAN2026,36,OKX,HYPE,HYPEUSDT,2026-01-30,2026-01-21,6,0.013496803779912499
36-OKX-HYPEUSDT-30JAN2026,36,OKX,HYPE,HYPEUSDT,2026-01-30,2026-01-22,6,-0.11384024853550649
36-OKX-HYPEUSDT-30JAN2026,36,OKX,HYPE,HYPEUSDT,2026-01-30,2026-01-23,6,-0.0395914410078245
36-OKX-HYPEUSDT-30JAN2026,36,OKX,HYPE,HYPEUSDT,2026-01-30,2026-01-24,6,-0.0680338297695315
36-OKX-HYPEUSDT-30JAN2026,36,OKX,HYPE,HYPEUSDT,2026-01-30,2026-01-25,6,0.004578877807361498
36-OKX-HYPEUSDT-30JAN2026,36,OKX,HYPE,HYPEUSDT,2026-01-30,2026-01-26,6,0.1095
36-OKX-HYPEUSDT-30JAN2026,36,OKX,HYPE,HYPEUSDT,2026-01-30,2026-01-27,6,0.1095
36-OKX-HYPEUSDT-30JAN2026,36,OKX,HYPE,HYPEUSDT,2026-01-30,2026-01-28,6,-0.06389997168231999
36-OKX-HYPEUSDT-30JAN2026,36,OKX,HYPE,HYPEUSDT,2026-01-30,2026-01-29,6,-0.0541554326293175
36-OKX-HYPEUSDT-30JAN2026,36,OKX,HYPE,HYPEUSDT,2026-01-30,2026-01-30,1,0.1095
37-BINANCE-BNBUSDT-27FEB2026,37,Binance,BNB,BNBUSDT,2026-02-27,2026-01-06,3,0.018768299999999998
37-BINANCE-BNBUSDT-27FEB2026,37,Binance,BNB,BNBUSDT,2026-02-27,2026-01-07,3,0.04027775
37-BINANCE-BNBUSDT-27FEB2026,37,Binance,BNB,BNBUSDT,2026-02-27,2026-01-08,3,0.016625749999999998
37-BINANCE-BNBUSDT-27FEB2026,37,Binance,BNB,BNBUSDT,2026-02-27,2026-01-09,3,0.0
37-BINANCE-BNBUSDT-27FEB2026,37,Binance,BNB,BNBUSDT,2026-02-27,2026-01-10,3,0.052147549999999994
37-BINANCE-BNBUSDT-27FEB2026,37,Binance,BNB,BNBUSDT,2026-02-27,2026-01-11,3,0.0955935
37-BINANCE-BNBUSDT-27FEB2026,37,Binance,BNB,BNBUSDT,2026-02-27,2026-01-12,3,0.00027739999999999997
37-BINANCE-BNBUSDT-27FEB2026,37,Binance,BNB,BNBUSDT,2026-02-27,2026-01-13,3,0.10026185
37-BINANCE-BNBUSDT-27FEB2026,37,Binance,BNB,BNBUSDT,2026-02-27,2026-01-14,3,0.11331790000000001
37-BINANCE-BNBUSDT-27FEB2026,37,Binance,BNB,BNBUSDT,2026-02-27,2026-01-15,3,0.058732150000000004
37-BINANCE-BNBUSDT-27FEB2026,37,Binance,BNB,BNBUSDT,2026-02-27,2026-01-16,3,0.0
37-BINANCE-BNBUSDT-27FEB2026,37,Binance,BNB,BNBUSDT,2026-02-27,2026-01-17,3,0.0
37-BINANCE-BNBUSDT-27FEB2026,37,Binance,BNB,BNBUSDT,2026-02-27,2026-01-18,3,0.01739955
37-BINANCE-BNBUSDT-27FEB2026,37,Binance,BNB,BNBUSDT,2026-02-27,2026-01-19,3,0.0
37-BINANCE-BNBUSDT-27FEB2026,37,Binance,BNB,BNBUSDT,2026-02-27,2026-01-20,3,0.0048764
37-BINANCE-BNBUSDT-27FEB2026,37,Binance,BNB,BNBUSDT,2026-02-27,2026-01-21,3,0.0
37-BINANCE-BNBUSDT-27FEB2026,37,Binance,BNB,BNBUSDT,2026-02-27,2026-01-22,3,0.0
37-BINANCE-BNBUSDT-27FEB2026,37,Binance,BNB,BNBUSDT,2026-02-27,2026-01-23,3,0.00542755
37-BINANCE-BNBUSDT-27FEB2026,37,Binance,BNB,BNBUSDT,2026-02-27,2026-01-24,3,0.0170236
37-BINANCE-BNBUSDT-27FEB2026,37,Binance,BNB,BNBUSDT,2026-02-27,2026-01-25,3,0.0134539
37-BINANCE-BNBUSDT-27FEB2026,37,Binance,BNB,BNBUSDT,2026-02-27,2026-01-26,3,0.02433455
37-BINANCE-BNBUSDT-27FEB2026,37,Binance,BNB,BNBUSDT,2026-02-27,2026-01-27,3,0.0407924
37-BINANCE-BNBUSDT-27FEB2026,37,Binance,BNB,BNBUSDT,2026-02-27,2026-01-28,3,0.0355145
37-BINANCE-BNBUSDT-27FEB2026,37,Binance,BNB,BNBUSDT,2026-02-27,2026-01-29,3,0.033747900000000004
37-BINANCE-BNBUSDT-27FEB2026,37,Binance,BNB,BNBUSDT,2026-02-27,2026-01-30,3,0.0
37-BINANCE-BNBUSDT-27FEB2026,37,Binance,BNB,BNBUSDT,2026-02-27,2026-01-31,3,0.0
37-BINANCE-BNBUSDT-27FEB2026,37,Binance,BNB,BNBUSDT,2026-02-27,2026-02-01,3,0.0
37-BINANCE-BNBUSDT-27FEB2026,37,Binance,BNB,BNBUSDT,2026-02-27,2026-02-02,3,0.0
37-BINANCE-BNBUSDT-27FEB2026,37,Binance,BNB,BNBUSDT,2026-02-27,2026-02-03,3,0.0
37-BINANCE-BNBUSDT-27FEB2026,37,Binance,BNB,BNBUSDT,2026-02-27,2026-02-04,3,0.0
37-BINANCE-BNBUSDT-27FEB2026,37,Binance,BNB,BNBUSDT,2026-02-27,2026-02-05,3,0.0
37-BINANCE-BNBUSDT-27FEB2026,37,Binance,BNB,BNBUSDT,2026-02-27,2026-02-06,3,0.0063145
37-BINANCE-BNBUSDT-27FEB2026,37,Binance,BNB,BNBUSDT,2026-02-27,2026-02-07,3,0.0
37-BINANCE-BNBUSDT-27FEB2026,37,Binance,BNB,BNBUSDT,2026-02-27,2026-02-08,3,0.0
37-BINANCE-BNBUSDT-27FEB2026,37,Binance,BNB,BNBUSDT,2026-02-27,2026-02-09,3,0.0
37-BINANCE-BNBUSDT-27FEB2026,37,Binance,BNB,BNBUSDT,2026-02-27,2026-02-10,3,0.0
37-BINANCE-BNBUSDT-27FEB2026,37,Binance,BNB,BNBUSDT,2026-02-27,2026-02-11,3,0.0
37-BINANCE-BNBUSDT-27FEB2026,37,Binance,BNB,BNBUSDT,2026-02-27,2026-02-12,3,0.0
37-BINANCE-BNBUSDT-27FEB2026,37,Binance,BNB,BNBUSDT,2026-02-27,2026-02-13,3,0.0
37-BINANCE-BNBUSDT-27FEB2026,37,Binance,BNB,BNBUSDT,2026-02-27,2026-02-14,3,0.0
37-BINANCE-BNBUSDT-27FEB2026,37,Binance,BNB,BNBUSDT,2026-02-27,2026-02-15,3,0.0
37-BINANCE-BNBUSDT-27FEB2026,37,Binance,BNB,BNBUSDT,2026-02-27,2026-02-16,3,0.0
37-BINANCE-BNBUSDT-27FEB2026,37,Binance,BNB,BNBUSDT,2026-02-27,2026-02-17,3,0.0
37-BINANCE-BNBUSDT-27FEB2026,37,Binance,BNB,BNBUSDT,2026-02-27,2026-02-18,3,0.0
37-BINANCE-BNBUSDT-27FEB2026,37,Binance,BNB,BNBUSDT,2026-02-27,2026-02-19,3,-0.026057350000000003
37-BINANCE-BNBUSDT-27FEB2026,37,Binance,BNB,BNBUSDT,2026-02-27,2026-02-20,3,0.0
37-BINANCE-BNBUSDT-27FEB2026,37,Binance,BNB,BNBUSDT,2026-02-27,2026-02-21,3,0.0
37-BINANCE-BNBUSDT-27FEB2026,37,Binance,BNB,BNBUSDT,2026-02-27,2026-02-22,3,0.0
37-BINANCE-BNBUSDT-27FEB2026,37,Binance,BNB,BNBUSDT,2026-02-27,2026-02-23,3,0.0
37-BINANCE-BNBUSDT-27FEB2026,37,Binance,BNB,BNBUSDT,2026-02-27,2026-02-24,3,0.0
37-BINANCE-BNBUSDT-27FEB2026,37,Binance,BNB,BNBUSDT,2026-02-27,2026-02-25,3,0.0
37-BINANCE-BNBUSDT-27FEB2026,37,Binance,BNB,BNBUSDT,2026-02-27,2026-02-26,3,0.0
37-BINANCE-BNBUSDT-27FEB2026,37,Binance,BNB,BNBUSDT,2026-02-27,2026-02-27,1,0.0
38-HYPERLIQUID-BNB-27FEB2026,38,Hyperliquid,BNB,BNB,2026-02-27,2026-01-06,18,0.10341666666666666
38-HYPERLIQUID-BNB-27FEB2026,38,Hyperliquid,BNB,BNB,2026-02-27,2026-01-07,24,0.1095
38-HYPERLIQUID-BNB-27FEB2026,38,Hyperliquid,BNB,BNB,2026-02-27,2026-01-08,24,0.024561141999999998
38-HYPERLIQUID-BNB-27FEB2026,38,Hyperliquid,BNB,BNB,2026-02-27,2026-01-09,24,0.108578375
38-HYPERLIQUID-BNB-27FEB2026,38,Hyperliquid,BNB,BNB,2026-02-27,2026-01-10,24,0.1095
38-HYPERLIQUID-BNB-27FEB2026,38,Hyperliquid,BNB,BNB,2026-02-27,2026-01-11,24,0.1095
38-HYPERLIQUID-BNB-27FEB2026,38,Hyperliquid,BNB,BNB,2026-02-27,2026-01-12,24,0.1095
38-HYPERLIQUID-BNB-27FEB2026,38,Hyperliquid,BNB,BNB,2026-02-27,2026-01-13,24,0.094760424
38-HYPERLIQUID-BNB-27FEB2026,38,Hyperliquid,BNB,BNB,2026-02-27,2026-01-14,24,0.1095
38-HYPERLIQUID-BNB-27FEB2026,38,Hyperliquid,BNB,BNB,2026-02-27,2026-01-15,24,0.0973815985
38-HYPERLIQUID-BNB-27FEB2026,38,Hyperliquid,BNB,BNB,2026-02-27,2026-01-16,24,0.08343925549999999
38-HYPERLIQUID-BNB-27FEB2026,38,Hyperliquid,BNB,BNB,2026-02-27,2026-01-17,24,0.10221153399999999
38-HYPERLIQUID-BNB-27FEB2026,38,Hyperliquid,BNB,BNB,2026-02-27,2026-01-18,24,0.09010452050000001
38-HYPERLIQUID-BNB-27FEB2026,38,Hyperliquid,BNB,BNB,2026-02-27,2026-01-19,24,0.06562462749999999
38-HYPERLIQUID-BNB-27FEB2026,38,Hyperliquid,BNB,BNB,2026-02-27,2026-01-20,24,0.09924543450000001
38-HYPERLIQUID-BNB-27FEB2026,38,Hyperliquid,BNB,BNB,2026-02-27,2026-01-21,24,-0.0998005265
38-HYPERLIQUID-BNB-27FEB2026,38,Hyperliquid,BNB,BNB,2026-02-27,2026-01-22,24,-0.005762839
38-HYPERLIQUID-BNB-27FEB2026,38,Hyperliquid,BNB,BNB,2026-02-27,2026-01-23,24,0.046533777
38-HYPERLIQUID-BNB-27FEB2026,38,Hyperliquid,BNB,BNB,2026-02-27,2026-01-24,24,0.034687483
38-HYPERLIQUID-BNB-27FEB2026,38,Hyperliquid,BNB,BNB,2026-02-27,2026-01-25,24,-0.0414495095
38-HYPERLIQUID-BNB-27FEB2026,38,Hyperliquid,BNB,BNB,2026-02-27,2026-01-26,24,0.0201676735
38-HYPERLIQUID-BNB-27FEB2026,38,Hyperliquid,BNB,BNB,2026-02-27,2026-01-27,24,0.10296580649999999
38-HYPERLIQUID-BNB-27FEB2026,38,Hyperliquid,BNB,BNB,2026-02-27,2026-01-28,24,0.107614994
38-HYPERLIQUID-BNB-27FEB2026,38,Hyperliquid,BNB,BNB,2026-02-27,2026-01-29,24,0.003150460999999999
38-HYPERLIQUID-BNB-27FEB2026,38,Hyperliquid,BNB,BNB,2026-02-27,2026-01-30,24,-0.096120195
38-HYPERLIQUID-BNB-27FEB2026,38,Hyperliquid,BNB,BNB,2026-02-27,2026-01-31,24,-0.1280958375
38-HYPERLIQUID-BNB-27FEB2026,38,Hyperliquid,BNB,BNB,2026-02-27,2026-02-01,24,-0.08761606
38-HYPERLIQUID-BNB-27FEB2026,38,Hyperliquid,BNB,BNB,2026-02-27,2026-02-02,24,-0.09311525949999999
38-HYPERLIQUID-BNB-27FEB2026,38,Hyperliquid,BNB,BNB,2026-02-27,2026-02-03,24,0.0193635785
38-HYPERLIQUID-BNB-27FEB2026,38,Hyperliquid,BNB,BNB,2026-02-27,2026-02-04,24,0.045615437
38-HYPERLIQUID-BNB-27FEB2026,38,Hyperliquid,BNB,BNB,2026-02-27,2026-02-05,24,0.05939761799999999
38-HYPERLIQUID-BNB-27FEB2026,38,Hyperliquid,BNB,BNB,2026-02-27,2026-02-06,24,0.037734977499999996
38-HYPERLIQUID-BNB-27FEB2026,38,Hyperliquid,BNB,BNB,2026-02-27,2026-02-07,24,-0.026314748
38-HYPERLIQUID-BNB-27FEB2026,38,Hyperliquid,BNB,BNB,2026-02-27,2026-02-08,24,-0.096332187
38-HYPERLIQUID-BNB-27FEB2026,38,Hyperliquid,BNB,BNB,2026-02-27,2026-02-09,24,-0.041134514500000004
38-HYPERLIQUID-BNB-27FEB2026,38,Hyperliquid,BNB,BNB,2026-02-27,2026-02-10,24,-0.1389315925
38-HYPERLIQUID-BNB-27FEB2026,38,Hyperliquid,BNB,BNB,2026-02-27,2026-02-11,24,-0.0838125045
38-HYPERLIQUID-BNB-27FEB2026,38,Hyperliquid,BNB,BNB,2026-02-27,2026-02-12,24,0.048680269
38-HYPERLIQUID-BNB-27FEB2026,38,Hyperliquid,BNB,BNB,2026-02-27,2026-02-13,24,0.0015015369999999996
38-HYPERLIQUID-BNB-27FEB2026,38,Hyperliquid,BNB,BNB,2026-02-27,2026-02-14,24,0.081427412
38-HYPERLIQUID-BNB-27FEB2026,38,Hyperliquid,BNB,BNB,2026-02-27,2026-02-15,24,-0.011364566999999999
38-HYPERLIQUID-BNB-27FEB2026,38,Hyperliquid,BNB,BNB,2026-02-27,2026-02-16,24,-0.1274083965
38-HYPERLIQUID-BNB-27FEB2026,38,Hyperliquid,BNB,BNB,2026-02-27,2026-02-17,24,0.08306451
38-HYPERLIQUID-BNB-27FEB2026,38,Hyperliquid,BNB,BNB,2026-02-27,2026-02-18,24,-0.028765212
38-HYPERLIQUID-BNB-27FEB2026,38,Hyperliquid,BNB,BNB,2026-02-27,2026-02-19,24,-0.1206213675
38-HYPERLIQUID-BNB-27FEB2026,38,Hyperliquid,BNB,BNB,2026-02-27,2026-02-20,24,0.0877236255
38-HYPERLIQUID-BNB-27FEB2026,38,Hyperliquid,BNB,BNB,2026-02-27,2026-02-21,24,0.1095
38-HYPERLIQUID-BNB-27FEB2026,38,Hyperliquid,BNB,BNB,2026-02-27,2026-02-22,24,0.08301370200000001
38-HYPERLIQUID-BNB-27FEB2026,38,Hyperliquid,BNB,BNB,2026-02-27,2026-02-23,24,-0.0755140835
38-HYPERLIQUID-BNB-27FEB2026,38,Hyperliquid,BNB,BNB,2026-02-27,2026-02-24,24,-0.1272701345
38-HYPERLIQUID-BNB-27FEB2026,38,Hyperliquid,BNB,BNB,2026-02-27,2026-02-25,24,0.06710608950000001
38-HYPERLIQUID-BNB-27FEB2026,38,Hyperliquid,BNB,BNB,2026-02-27,2026-02-26,24,0.1095
38-HYPERLIQUID-BNB-27FEB2026,38,Hyperliquid,BNB,BNB,2026-02-27,2026-02-27,1,0.1095
39-HYPERLIQUID-xyzNVDA-27FEB2026,39,Hyperliquid,NVDA,xyzNVDA,2026-02-27,2026-01-13,19,0.1590406585263158
39-HYPERLIQUID-xyzNVDA-27FEB2026,39,Hyperliquid,NVDA,xyzNVDA,2026-02-27,2026-01-14,24,0.0755575185
39-HYPERLIQUID-xyzNVDA-27FEB2026,39,Hyperliquid,NVDA,xyzNVDA,2026-02-27,2026-01-15,24,0.056683076500000006
39-HYPERLIQUID-xyzNVDA-27FEB2026,39,Hyperliquid,NVDA,xyzNVDA,2026-02-27,2026-01-16,24,0.1592858175
39-HYPERLIQUID-xyzNVDA-27FEB2026,39,Hyperliquid,NVDA,xyzNVDA,2026-02-27,2026-01-17,24,0.044499595499999996
39-HYPERLIQUID-xyzNVDA-27FEB2026,39,Hyperliquid,NVDA,xyzNVDA,2026-02-27,2026-01-18,24,-0.09992298399999999
39-HYPERLIQUID-xyzNVDA-27FEB2026,39,Hyperliquid,NVDA,xyzNVDA,2026-02-27,2026-01-19,24,-0.23999896099999998
39-HYPERLIQUID-xyzNVDA-27FEB2026,39,Hyperliquid,NVDA,xyzNVDA,2026-02-27,2026-01-20,24,0.010998691
39-HYPERLIQUID-xyzNVDA-27FEB2026,39,Hyperliquid,NVDA,xyzNVDA,2026-02-27,2026-01-21,24,0.05475
39-HYPERLIQUID-xyzNVDA-27FEB2026,39,Hyperliquid,NVDA,xyzNVDA,2026-02-27,2026-01-22,24,0.0582917775
39-HYPERLIQUID-xyzNVDA-27FEB2026,39,Hyperliquid,NVDA,xyzNVDA,2026-02-27,2026-01-23,24,0.0601126165
39-HYPERLIQUID-xyzNVDA-27FEB2026,39,Hyperliquid,NVDA,xyzNVDA,2026-02-27,2026-01-24,24,0.0419497055
39-HYPERLIQUID-xyzNVDA-27FEB2026,39,Hyperliquid,NVDA,xyzNVDA,2026-02-27,2026-01-25,24,-0.2266984705
39-HYPERLIQUID-xyzNVDA-27FEB2026,39,Hyperliquid,NVDA,xyzNVDA,2026-02-27,2026-01-26,24,0.152059584
39-HYPERLIQUID-xyzNVDA-27FEB2026,39,Hyperliquid,NVDA,xyzNVDA,2026-02-27,2026-01-27,24,0.13884760599999998
39-HYPERLIQUID-xyzNVDA-27FEB2026,39,Hyperliquid,NVDA,xyzNVDA,2026-02-27,2026-01-28,24,0.2822271615
39-HYPERLIQUID-xyzNVDA-27FEB2026,39,Hyperliquid,NVDA,xyzNVDA,2026-02-27,2026-01-29,24,0.14658498550000001
39-HYPERLIQUID-xyzNVDA-27FEB2026,39,Hyperliquid,NVDA,xyzNVDA,2026-02-27,2026-01-30,24,0.064779689
39-HYPERLIQUID-xyzNVDA-27FEB2026,39,Hyperliquid,NVDA,xyzNVDA,2026-02-27,2026-01-31,24,-0.1656551405
39-HYPERLIQUID-xyzNVDA-27FEB2026,39,Hyperliquid,NVDA,xyzNVDA,2026-02-27,2026-02-01,24,0.014923682
39-HYPERLIQUID-xyzNVDA-27FEB2026,39,Hyperliquid,NVDA,xyzNVDA,2026-02-27,2026-02-02,24,0.27011368750000003
39-HYPERLIQUID-xyzNVDA-27FEB2026,39,Hyperliquid,NVDA,xyzNVDA,2026-02-27,2026-02-03,24,0.13883067000000002
39-HYPERLIQUID-xyzNVDA-27FEB2026,39,Hyperliquid,NVDA,xyzNVDA,2026-02-27,2026-02-04,24,0.2301882355
39-HYPERLIQUID-xyzNVDA-27FEB2026,39,Hyperliquid,NVDA,xyzNVDA,2026-02-27,2026-02-05,24,0.1654731515
39-HYPERLIQUID-xyzNVDA-27FEB2026,39,Hyperliquid,NVDA,xyzNVDA,2026-02-27,2026-02-06,24,0.206814913
39-HYPERLIQUID-xyzNVDA-27FEB2026,39,Hyperliquid,NVDA,xyzNVDA,2026-02-27,2026-02-07,24,0.09354690850000001
39-HYPERLIQUID-xyzNVDA-27FEB2026,39,Hyperliquid,NVDA,xyzNVDA,2026-02-27,2026-02-08,24,0.118085603
39-HYPERLIQUID-xyzNVDA-27FEB2026,39,Hyperliquid,NVDA,xyzNVDA,2026-02-27,2026-02-09,24,0.49977588500000003
39-HYPERLIQUID-xyzNVDA-27FEB2026,39,Hyperliquid,NVDA,xyzNVDA,2026-02-27,2026-02-10,24,0.5319538105
39-HYPERLIQUID-xyzNVDA-27FEB2026,39,Hyperliquid,NVDA,xyzNVDA,2026-02-27,2026-02-11,24,0.364020924
39-HYPERLIQUID-xyzNVDA-27FEB2026,39,Hyperliquid,NVDA,xyzNVDA,2026-02-27,2026-02-12,24,0.30058396049999997
39-HYPERLIQUID-xyzNVDA-27FEB2026,39,Hyperliquid,NVDA,xyzNVDA,2026-02-27,2026-02-13,24,0.289333018
39-HYPERLIQUID-xyzNVDA-27FEB2026,39,Hyperliquid,NVDA,xyzNVDA,2026-02-27,2026-02-14,24,0.119331421
39-HYPERLIQUID-xyzNVDA-27FEB2026,39,Hyperliquid,NVDA,xyzNVDA,2026-02-27,2026-02-15,24,-0.060508203499999996
39-HYPERLIQUID-xyzNVDA-27FEB2026,39,Hyperliquid,NVDA,xyzNVDA,2026-02-27,2026-02-16,24,-0.053675513
39-HYPERLIQUID-xyzNVDA-27FEB2026,39,Hyperliquid,NVDA,xyzNVDA,2026-02-27,2026-02-17,24,0.1399823545
39-HYPERLIQUID-xyzNVDA-27FEB2026,39,Hyperliquid,NVDA,xyzNVDA,2026-02-27,2026-02-18,24,0.232764588
39-HYPERLIQUID-xyzNVDA-27FEB2026,39,Hyperliquid,NVDA,xyzNVDA,2026-02-27,2026-02-19,24,0.2970668205
39-HYPERLIQUID-xyzNVDA-27FEB2026,39,Hyperliquid,NVDA,xyzNVDA,2026-02-27,2026-02-20,24,0.37731455249999996
39-HYPERLIQUID-xyzNVDA-27FEB2026,39,Hyperliquid,NVDA,xyzNVDA,2026-02-27,2026-02-21,24,0.06949180249999999
39-HYPERLIQUID-xyzNVDA-27FEB2026,39,Hyperliquid,NVDA,xyzNVDA,2026-02-27,2026-02-22,24,0.05234684
39-HYPERLIQUID-xyzNVDA-27FEB2026,39,Hyperliquid,NVDA,xyzNVDA,2026-02-27,2026-02-23,24,0.07396287
39-HYPERLIQUID-xyzNVDA-27FEB2026,39,Hyperliquid,NVDA,xyzNVDA,2026-02-27,2026-02-24,24,0.4894341575
39-HYPERLIQUID-xyzNVDA-27FEB2026,39,Hyperliquid,NVDA,xyzNVDA,2026-02-27,2026-02-25,24,0.37849693349999997
39-HYPERLIQUID-xyzNVDA-27FEB2026,39,Hyperliquid,NVDA,xyzNVDA,2026-02-27,2026-02-26,24,0.23086063850000002
39-HYPERLIQUID-xyzNVDA-27FEB2026,39,Hyperliquid,NVDA,xyzNVDA,2026-02-27,2026-02-27,1,0.844596276
4-BINANCE-BTCUSDT-26DEC2025,4,Binance,BTC,BTCUSDT,2025-12-26,2025-08-21,2,0.04059165
4-BINANCE-BTCUSDT-26DEC2025,4,Binance,BTC,BTCUSDT,2025-12-26,2025-08-22,3,0.08454495
4-BINANCE-BTCUSDT-26DEC2025,4,Binance,BTC,BTCUSDT,2025-12-26,2025-08-23,3,0.10844514999999999
4-BINANCE-BTCUSDT-26DEC2025,4,Binance,BTC,BTCUSDT,2025-12-26,2025-08-24,3,0.1095
4-BINANCE-BTCUSDT-26DEC2025,4,Binance,BTC,BTCUSDT,2025-12-26,2025-08-25,3,0.1034556
4-BINANCE-BTCUSDT-26DEC2025,4,Binance,BTC,BTCUSDT,2025-12-26,2025-08-26,3,0.0672403
4-BINANCE-BTCUSDT-26DEC2025,4,Binance,BTC,BTCUSDT,2025-12-26,2025-08-27,3,0.03942365
4-BINANCE-BTCUSDT-26DEC2025,4,Binance,BTC,BTCUSDT,2025-12-26,2025-08-28,3,0.0821323
4-BINANCE-BTCUSDT-26DEC2025,4,Binance,BTC,BTCUSDT,2025-12-26,2025-08-29,3,0.039277650000000004
4-BINANCE-BTCUSDT-26DEC2025,4,Binance,BTC,BTCUSDT,2025-12-26,2025-08-30,3,0.0859356
4-BINANCE-BTCUSDT-26DEC2025,4,Binance,BTC,BTCUSDT,2025-12-26,2025-08-31,3,0.04933705
4-BINANCE-BTCUSDT-26DEC2025,4,Binance,BTC,BTCUSDT,2025-12-26,2025-09-01,3,0.07162395
4-BINANCE-BTCUSDT-26DEC2025,4,Binance,BTC,BTCUSDT,2025-12-26,2025-09-02,3,0.08069055
4-BINANCE-BTCUSDT-26DEC2025,4,Binance,BTC,BTCUSDT,2025-12-26,2025-09-03,3,0.0300687
4-BINANCE-BTCUSDT-26DEC2025,4,Binance,BTC,BTCUSDT,2025-12-26,2025-09-04,3,0.0515891
4-BINANCE-BTCUSDT-26DEC2025,4,Binance,BTC,BTCUSDT,2025-12-26,2025-09-05,3,0.0927246
4-BINANCE-BTCUSDT-26DEC2025,4,Binance,BTC,BTCUSDT,2025-12-26,2025-09-06,3,0.044044549999999995
4-BINANCE-BTCUSDT-26DEC2025,4,Binance,BTC,BTCUSDT,2025-12-26,2025-09-07,3,0.0458075
4-BINANCE-BTCUSDT-26DEC2025,4,Binance,BTC,BTCUSDT,2025-12-26,2025-09-08,3,0.08539904999999999
4-BINANCE-BTCUSDT-26DEC2025,4,Binance,BTC,BTCUSDT,2025-12-26,2025-09-09,3,0.08686635
4-BINANCE-BTCUSDT-26DEC2025,4,Binance,BTC,BTCUSDT,2025-12-26,2025-09-10,3,0.07603315000000001
4-BINANCE-BTCUSDT-26DEC2025,4,Binance,BTC,BTCUSDT,2025-12-26,2025-09-11,3,0.0490998
4-BINANCE-BTCUSDT-26DEC2025,4,Binance,BTC,BTCUSDT,2025-12-26,2025-09-12,3,0.0613054
4-BINANCE-BTCUSDT-26DEC2025,4,Binance,BTC,BTCUSDT,2025-12-26,2025-09-13,3,0.0139941
4-BINANCE-BTCUSDT-26DEC2025,4,Binance,BTC,BTCUSDT,2025-12-26,2025-09-14,3,0.058681050000000005
4-BINANCE-BTCUSDT-26DEC2025,4,Binance,BTC,BTCUSDT,2025-12-26,2025-09-15,3,0.08269075
4-BINANCE-BTCUSDT-26DEC2025,4,Binance,BTC,BTCUSDT,2025-12-26,2025-09-16,3,0.052779
4-BINANCE-BTCUSDT-26DEC2025,4,Binance,BTC,BTCUSDT,2025-12-26,2025-09-17,3,0.0792634
4-BINANCE-BTCUSDT-26DEC2025,4,Binance,BTC,BTCUSDT,2025-12-26,2025-09-18,3,0.06598105
4-BINANCE-BTCUSDT-26DEC2025,4,Binance,BTC,BTCUSDT,2025-12-26,2025-09-19,3,0.0260683
4-BINANCE-BTCUSDT-26DEC2025,4,Binance,BTC,BTCUSDT,2025-12-26,2025-09-20,3,0.0099426
4-BINANCE-BTCUSDT-26DEC2025,4,Binance,BTC,BTCUSDT,2025-12-26,2025-09-21,3,0.0035879500000000008
4-BINANCE-BTCUSDT-26DEC2025,4,Binance,BTC,BTCUSDT,2025-12-26,2025-09-22,3,0.0483479
4-BINANCE-BTCUSDT-26DEC2025,4,Binance,BTC,BTCUSDT,2025-12-26,2025-09-23,3,0.07892395
4-BINANCE-BTCUSDT-26DEC2025,4,Binance,BTC,BTCUSDT,2025-12-26,2025-09-24,3,0.06185654999999999
4-BINANCE-BTCUSDT-26DEC2025,4,Binance,BTC,BTCUSDT,2025-12-26,2025-09-25,3,0.0404055
4-BINANCE-BTCUSDT-26DEC2025,4,Binance,BTC,BTCUSDT,2025-12-26,2025-09-26,3,0.05554935
4-BINANCE-BTCUSDT-26DEC2025,4,Binance,BTC,BTCUSDT,2025-12-26,2025-09-27,3,0.0410114
4-BINANCE-BTCUSDT-26DEC2025,4,Binance,BTC,BTCUSDT,2025-12-26,2025-09-28,3,0.04946115
4-BINANCE-BTCUSDT-26DEC2025,4,Binance,BTC,BTCUSDT,2025-12-26,2025-09-29,3,0.0133152
4-BINANCE-BTCUSDT-26DEC2025,4,Binance,BTC,BTCUSDT,2025-12-26,2025-09-30,3,0.0395295
4-BINANCE-BTCUSDT-26DEC2025,4,Binance,BTC,BTCUSDT,2025-12-26,2025-10-01,3,0.0613638
4-BINANCE-BTCUSDT-26DEC2025,4,Binance,BTC,BTCUSDT,2025-12-26,2025-10-02,3,0.09974355
4-BINANCE-BTCUSDT-26DEC2025,4,Binance,BTC,BTCUSDT,2025-12-26,2025-10-03,3,0.10922989999999999
4-BINANCE-BTCUSDT-26DEC2025,4,Binance,BTC,BTCUSDT,2025-12-26,2025-10-04,3,0.1033388
4-BINANCE-BTCUSDT-26DEC2025,4,Binance,BTC,BTCUSDT,2025-12-26,2025-10-05,3,0.1029811
4-BINANCE-BTCUSDT-26DEC2025,4,Binance,BTC,BTCUSDT,2025-12-26,2025-10-06,3,0.08472015
4-BINANCE-BTCUSDT-26DEC2025,4,Binance,BTC,BTCUSDT,2025-12-26,2025-10-07,3,0.09052729999999999
4-BINANCE-BTCUSDT-26DEC2025,4,Binance,BTC,BTCUSDT,2025-12-26,2025-10-08,3,0.0654737
4-BINANCE-BTCUSDT-26DEC2025,4,Binance,BTC,BTCUSDT,2025-12-26,2025-10-09,3,0.029743850000000002
4-BINANCE-BTCUSDT-26DEC2025,4,Binance,BTC,BTCUSDT,2025-12-26,2025-10-10,3,0.02072105
4-BINANCE-BTCUSDT-26DEC2025,4,Binance,BTC,BTCUSDT,2025-12-26,2025-10-11,3,0.07470455
4-BINANCE-BTCUSDT-26DEC2025,4,Binance,BTC,BTCUSDT,2025-12-26,2025-10-12,3,-0.04053325
4-BINANCE-BTCUSDT-26DEC2025,4,Binance,BTC,BTCUSDT,2025-12-26,2025-10-13,3,-0.0136072
4-BINANCE-BTCUSDT-26DEC2025,4,Binance,BTC,BTCUSDT,2025-12-26,2025-10-14,3,-0.02856855
4-BINANCE-BTCUSDT-26DEC2025,4,Binance,BTC,BTCUSDT,2025-12-26,2025-10-15,3,-0.00447855
4-BINANCE-BTCUSDT-26DEC2025,4,Binance,BTC,BTCUSDT,2025-12-26,2025-10-16,3,-0.02910875
4-BINANCE-BTCUSDT-26DEC2025,4,Binance,BTC,BTCUSDT,2025-12-26,2025-10-17,3,-0.0044165
4-BINANCE-BTCUSDT-26DEC2025,4,Binance,BTC,BTCUSDT,2025-12-26,2025-10-18,3,-0.054297399999999996
4-BINANCE-BTCUSDT-26DEC2025,4,Binance,BTC,BTCUSDT,2025-12-26,2025-10-19,3,0.0105412
4-BINANCE-BTCUSDT-26DEC2025,4,Binance,BTC,BTCUSDT,2025-12-26,2025-10-20,3,-0.010512
4-BINANCE-BTCUSDT-26DEC2025,4,Binance,BTC,BTCUSDT,2025-12-26,2025-10-21,3,-0.02135615
4-BINANCE-BTCUSDT-26DEC2025,4,Binance,BTC,BTCUSDT,2025-12-26,2025-10-22,3,0.014362749999999999
4-BINANCE-BTCUSDT-26DEC2025,4,Binance,BTC,BTCUSDT,2025-12-26,2025-10-23,3,0.05663705
4-BINANCE-BTCUSDT-26DEC2025,4,Binance,BTC,BTCUSDT,2025-12-26,2025-10-24,3,0.0306527
4-BINANCE-BTCUSDT-26DEC2025,4,Binance,BTC,BTCUSDT,2025-12-26,2025-10-25,3,0.0440701
4-BINANCE-BTCUSDT-26DEC2025,4,Binance,BTC,BTCUSDT,2025-12-26,2025-10-26,3,0.0340983
4-BINANCE-BTCUSDT-26DEC2025,4,Binance,BTC,BTCUSDT,2025-12-26,2025-10-27,3,0.0996596
4-BINANCE-BTCUSDT-26DEC2025,4,Binance,BTC,BTCUSDT,2025-12-26,2025-10-28,3,0.06152805
4-BINANCE-BTCUSDT-26DEC2025,4,Binance,BTC,BTCUSDT,2025-12-26,2025-10-29,3,0.03124035
4-BINANCE-BTCUSDT-26DEC2025,4,Binance,BTC,BTCUSDT,2025-12-26,2025-10-30,3,0.0295942
4-BINANCE-BTCUSDT-26DEC2025,4,Binance,BTC,BTCUSDT,2025-12-26,2025-10-31,3,0.07377745000000001
4-BINANCE-BTCUSDT-26DEC2025,4,Binance,BTC,BTCUSDT,2025-12-26,2025-11-01,3,0.10870429999999999
4-BINANCE-BTCUSDT-26DEC2025,4,Binance,BTC,BTCUSDT,2025-12-26,2025-11-02,3,0.08024525
4-BINANCE-BTCUSDT-26DEC2025,4,Binance,BTC,BTCUSDT,2025-12-26,2025-11-03,3,0.066722
4-BINANCE-BTCUSDT-26DEC2025,4,Binance,BTC,BTCUSDT,2025-12-26,2025-11-04,3,0.08083655000000001
4-BINANCE-BTCUSDT-26DEC2025,4,Binance,BTC,BTCUSDT,2025-12-26,2025-11-05,3,0.04664335
4-BINANCE-BTCUSDT-26DEC2025,4,Binance,BTC,BTCUSDT,2025-12-26,2025-11-06,3,0.05984175
4-BINANCE-BTCUSDT-26DEC2025,4,Binance,BTC,BTCUSDT,2025-12-26,2025-11-07,3,0.06410495
4-BINANCE-BTCUSDT-26DEC2025,4,Binance,BTC,BTCUSDT,2025-12-26,2025-11-08,3,0.053154950000000006
4-BINANCE-BTCUSDT-26DEC2025,4,Binance,BTC,BTCUSDT,2025-12-26,2025-11-09,3,0.041956749999999994
4-BINANCE-BTCUSDT-26DEC2025,4,Binance,BTC,BTCUSDT,2025-12-26,2025-11-10,3,0.0773946
4-BINANCE-BTCUSDT-26DEC2025,4,Binance,BTC,BTCUSDT,2025-12-26,2025-11-11,3,0.021410899999999997
4-BINANCE-BTCUSDT-26DEC2025,4,Binance,BTC,BTCUSDT,2025-12-26,2025-11-12,3,0.03261275
4-BINANCE-BTCUSDT-26DEC2025,4,Binance,BTC,BTCUSDT,2025-12-26,2025-11-13,3,0.06525105
4-BINANCE-BTCUSDT-26DEC2025,4,Binance,BTC,BTCUSDT,2025-12-26,2025-11-14,3,0.09772144999999999
4-BINANCE-BTCUSDT-26DEC2025,4,Binance,BTC,BTCUSDT,2025-12-26,2025-11-15,3,0.0891695
4-BINANCE-BTCUSDT-26DEC2025,4,Binance,BTC,BTCUSDT,2025-12-26,2025-11-16,3,0.09053825
4-BINANCE-BTCUSDT-26DEC2025,4,Binance,BTC,BTCUSDT,2025-12-26,2025-11-17,3,0.0977324
4-BINANCE-BTCUSDT-26DEC2025,4,Binance,BTC,BTCUSDT,2025-12-26,2025-11-18,3,0.08659625
4-BINANCE-BTCUSDT-26DEC2025,4,Binance,BTC,BTCUSDT,2025-12-26,2025-11-19,3,0.0601812
4-BINANCE-BTCUSDT-26DEC2025,4,Binance,BTC,BTCUSDT,2025-12-26,2025-11-20,3,0.0848917
4-BINANCE-BTCUSDT-26DEC2025,4,Binance,BTC,BTCUSDT,2025-12-26,2025-11-21,3,0.0417487
4-BINANCE-BTCUSDT-26DEC2025,4,Binance,BTC,BTCUSDT,2025-12-26,2025-11-22,3,0.04805225
4-BINANCE-BTCUSDT-26DEC2025,4,Binance,BTC,BTCUSDT,2025-12-26,2025-11-23,3,0.0112128
4-BINANCE-BTCUSDT-26DEC2025,4,Binance,BTC,BTCUSDT,2025-12-26,2025-11-24,3,0.017899599999999998
4-BINANCE-BTCUSDT-26DEC2025,4,Binance,BTC,BTCUSDT,2025-12-26,2025-11-25,3,-0.023042450000000003
4-BINANCE-BTCUSDT-26DEC2025,4,Binance,BTC,BTCUSDT,2025-12-26,2025-11-26,3,0.032875549999999996
4-BINANCE-BTCUSDT-26DEC2025,4,Binance,BTC,BTCUSDT,2025-12-26,2025-11-27,3,0.01618045
4-BINANCE-BTCUSDT-26DEC2025,4,Binance,BTC,BTCUSDT,2025-12-26,2025-11-28,3,0.022173750000000002
4-BINANCE-BTCUSDT-26DEC2025,4,Binance,BTC,BTCUSDT,2025-12-26,2025-11-29,3,0.00887315
4-BINANCE-BTCUSDT-26DEC2025,4,Binance,BTC,BTCUSDT,2025-12-26,2025-11-30,3,0.049340699999999994
4-BINANCE-BTCUSDT-26DEC2025,4,Binance,BTC,BTCUSDT,2025-12-26,2025-12-01,3,0.03006505
4-BINANCE-BTCUSDT-26DEC2025,4,Binance,BTC,BTCUSDT,2025-12-26,2025-12-02,3,0.02056045
4-BINANCE-BTCUSDT-26DEC2025,4,Binance,BTC,BTCUSDT,2025-12-26,2025-12-03,3,0.00579985
4-BINANCE-BTCUSDT-26DEC2025,4,Binance,BTC,BTCUSDT,2025-12-26,2025-12-04,3,0.0400332
4-BINANCE-BTCUSDT-26DEC2025,4,Binance,BTC,BTCUSDT,2025-12-26,2025-12-05,3,0.0371278
4-BINANCE-BTCUSDT-26DEC2025,4,Binance,BTC,BTCUSDT,2025-12-26,2025-12-06,3,0.013833499999999999
4-BINANCE-BTCUSDT-26DEC2025,4,Binance,BTC,BTCUSDT,2025-12-26,2025-12-07,3,0.040405500000000004
4-BINANCE-BTCUSDT-26DEC2025,4,Binance,BTC,BTCUSDT,2025-12-26,2025-12-08,3,0.03431365
4-BINANCE-BTCUSDT-26DEC2025,4,Binance,BTC,BTCUSDT,2025-12-26,2025-12-09,3,0.0462601
4-BINANCE-BTCUSDT-26DEC2025,4,Binance,BTC,BTCUSDT,2025-12-26,2025-12-10,3,0.0291197
4-BINANCE-BTCUSDT-26DEC2025,4,Binance,BTC,BTCUSDT,2025-12-26,2025-12-11,3,0.025962449999999998
4-BINANCE-BTCUSDT-26DEC2025,4,Binance,BTC,BTCUSDT,2025-12-26,2025-12-12,3,0.05473175
4-BINANCE-BTCUSDT-26DEC2025,4,Binance,BTC,BTCUSDT,2025-12-26,2025-12-13,3,0.044464300000000005
4-BINANCE-BTCUSDT-26DEC2025,4,Binance,BTC,BTCUSDT,2025-12-26,2025-12-14,3,0.06084915
4-BINANCE-BTCUSDT-26DEC2025,4,Binance,BTC,BTCUSDT,2025-12-26,2025-12-15,3,0.0086797
4-BINANCE-BTCUSDT-26DEC2025,4,Binance,BTC,BTCUSDT,2025-12-26,2025-12-16,3,0.0471069
4-BINANCE-BTCUSDT-26DEC2025,4,Binance,BTC,BTCUSDT,2025-12-26,2025-12-17,3,0.07710625
4-BINANCE-BTCUSDT-26DEC2025,4,Binance,BTC,BTCUSDT,2025-12-26,2025-12-18,3,0.0500707
4-BINANCE-BTCUSDT-26DEC2025,4,Binance,BTC,BTCUSDT,2025-12-26,2025-12-19,3,0.09304215
4-BINANCE-BTCUSDT-26DEC2025,4,Binance,BTC,BTCUSDT,2025-12-26,2025-12-20,3,0.06717825
4-BINANCE-BTCUSDT-26DEC2025,4,Binance,BTC,BTCUSDT,2025-12-26,2025-12-21,3,0.0822418
4-BINANCE-BTCUSDT-26DEC2025,4,Binance,BTC,BTCUSDT,2025-12-26,2025-12-22,3,0.056819549999999996
4-BINANCE-BTCUSDT-26DEC2025,4,Binance,BTC,BTCUSDT,2025-12-26,2025-12-23,3,0.03525535
4-BINANCE-BTCUSDT-26DEC2025,4,Binance,BTC,BTCUSDT,2025-12-26,2025-12-24,3,0.08899430000000001
4-BINANCE-BTCUSDT-26DEC2025,4,Binance,BTC,BTCUSDT,2025-12-26,2025-12-25,3,0.0811322
4-BINANCE-BTCUSDT-26DEC2025,4,Binance,BTC,BTCUSDT,2025-12-26,2025-12-26,1,0.0479391
40-OKX-ETHUSDT-27MAR2026,40,OKX,ETH,ETHUSDT,2026-03-27,2026-01-13,3,0.01633242642532
40-OKX-ETHUSDT-27MAR2026,40,OKX,ETH,ETHUSDT,2026-03-27,2026-01-14,3,0.091283229737605
40-OKX-ETHUSDT-27MAR2026,40,OKX,ETH,ETHUSDT,2026-03-27,2026-01-15,3,0.036231779339886
40-OKX-ETHUSDT-27MAR2026,40,OKX,ETH,ETHUSDT,2026-03-27,2026-01-16,3,0.0618557370896295
40-OKX-ETHUSDT-27MAR2026,40,OKX,ETH,ETHUSDT,2026-03-27,2026-01-17,3,0.010849954185068502
40-OKX-ETHUSDT-27MAR2026,40,OKX,ETH,ETHUSDT,2026-03-27,2026-01-18,3,0.032413140622846504
40-OKX-ETHUSDT-27MAR2026,40,OKX,ETH,ETHUSDT,2026-03-27,2026-01-19,3,-0.015721612437693
40-OKX-ETHUSDT-27MAR2026,40,OKX,ETH,ETHUSDT,2026-03-27,2026-01-20,3,0.021118563816166
40-OKX-ETHUSDT-27MAR2026,40,OKX,ETH,ETHUSDT,2026-03-27,2026-01-21,3,-0.032316654252546505
40-OKX-ETHUSDT-27MAR2026,40,OKX,ETH,ETHUSDT,2026-03-27,2026-01-22,3,0.007698043868509
40-OKX-ETHUSDT-27MAR2026,40,OKX,ETH,ETHUSDT,2026-03-27,2026-01-23,3,0.023500396745752498
40-OKX-ETHUSDT-27MAR2026,40,OKX,ETH,ETHUSDT,2026-03-27,2026-01-24,3,-0.011304788019159502
40-OKX-ETHUSDT-27MAR2026,40,OKX,ETH,ETHUSDT,2026-03-27,2026-01-25,3,0.009535125879034498
40-OKX-ETHUSDT-27MAR2026,40,OKX,ETH,ETHUSDT,2026-03-27,2026-01-26,3,-0.031311862859768
40-OKX-ETHUSDT-27MAR2026,40,OKX,ETH,ETHUSDT,2026-03-27,2026-01-27,3,0.05727996742181
40-OKX-ETHUSDT-27MAR2026,40,OKX,ETH,ETHUSDT,2026-03-27,2026-01-28,3,0.050076406745362005
40-OKX-ETHUSDT-27MAR2026,40,OKX,ETH,ETHUSDT,2026-03-27,2026-01-29,3,0.026790598843976
40-OKX-ETHUSDT-27MAR2026,40,OKX,ETH,ETHUSDT,2026-03-27,2026-01-30,3,-0.039467583087249
40-OKX-ETHUSDT-27MAR2026,40,OKX,ETH,ETHUSDT,2026-03-27,2026-01-31,3,-0.0697014750912575
40-OKX-ETHUSDT-27MAR2026,40,OKX,ETH,ETHUSDT,2026-03-27,2026-02-01,3,-0.0677364404274395
40-OKX-ETHUSDT-27MAR2026,40,OKX,ETH,ETHUSDT,2026-03-27,2026-02-02,3,-0.066053674941841
40-OKX-ETHUSDT-27MAR2026,40,OKX,ETH,ETHUSDT,2026-03-27,2026-02-03,3,-0.0445732864802225
40-OKX-ETHUSDT-27MAR2026,40,OKX,ETH,ETHUSDT,2026-03-27,2026-02-04,3,-0.010724408461386498
40-OKX-ETHUSDT-27MAR2026,40,OKX,ETH,ETHUSDT,2026-03-27,2026-02-05,3,0.018503427623221002
40-OKX-ETHUSDT-27MAR2026,40,OKX,ETH,ETHUSDT,2026-03-27,2026-02-06,3,0.009114115741901999
40-OKX-ETHUSDT-27MAR2026,40,OKX,ETH,ETHUSDT,2026-03-27,2026-02-07,3,0.034497147859192
40-OKX-ETHUSDT-27MAR2026,40,OKX,ETH,ETHUSDT,2026-03-27,2026-02-08,3,0.011163181400242
40-OKX-ETHUSDT-27MAR2026,40,OKX,ETH,ETHUSDT,2026-03-27,2026-02-09,3,0.06106159986881151
40-OKX-ETHUSDT-27MAR2026,40,OKX,ETH,ETHUSDT,2026-03-27,2026-02-10,3,0.08559739048472949
40-OKX-ETHUSDT-27MAR2026,40,OKX,ETH,ETHUSDT,2026-03-27,2026-02-11,3,0.012437062038743498
40-OKX-ETHUSDT-27MAR2026,40,OKX,ETH,ETHUSDT,2026-03-27,2026-02-12,3,0.0093792897240575
40-OKX-ETHUSDT-27MAR2026,40,OKX,ETH,ETHUSDT,2026-03-27,2026-02-13,3,0.051262529345178
40-OKX-ETHUSDT-27MAR2026,40,OKX,ETH,ETHUSDT,2026-03-27,2026-02-14,3,0.052315394962526
40-OKX-ETHUSDT-27MAR2026,40,OKX,ETH,ETHUSDT,2026-03-27,2026-02-15,3,0.07152661393911901
40-OKX-ETHUSDT-27MAR2026,40,OKX,ETH,ETHUSDT,2026-03-27,2026-02-16,3,-0.0160169715776975
40-OKX-ETHUSDT-27MAR2026,40,OKX,ETH,ETHUSDT,2026-03-27,2026-02-17,3,-0.0016009368858560004
40-OKX-ETHUSDT-27MAR2026,40,OKX,ETH,ETHUSDT,2026-03-27,2026-02-18,3,0.007848673557052
40-OKX-ETHUSDT-27MAR2026,40,OKX,ETH,ETHUSDT,2026-03-27,2026-02-19,3,-0.030584302509365502
40-OKX-ETHUSDT-27MAR2026,40,OKX,ETH,ETHUSDT,2026-03-27,2026-02-20,3,-0.008475131027192
40-OKX-ETHUSDT-27MAR2026,40,OKX,ETH,ETHUSDT,2026-03-27,2026-02-21,3,0.022332629951990503
40-OKX-ETHUSDT-27MAR2026,40,OKX,ETH,ETHUSDT,2026-03-27,2026-02-22,3,0.033636902766715
40-OKX-ETHUSDT-27MAR2026,40,OKX,ETH,ETHUSDT,2026-03-27,2026-02-23,3,-0.08937732035419099
40-OKX-ETHUSDT-27MAR2026,40,OKX,ETH,ETHUSDT,2026-03-27,2026-02-24,3,-0.012171442036698496
40-OKX-ETHUSDT-27MAR2026,40,OKX,ETH,ETHUSDT,2026-03-27,2026-02-25,3,0.003743570896811002
40-OKX-ETHUSDT-27MAR2026,40,OKX,ETH,ETHUSDT,2026-03-27,2026-02-26,3,0.1095
40-OKX-ETHUSDT-27MAR2026,40,OKX,ETH,ETHUSDT,2026-03-27,2026-02-27,3,0.0231963885584115
40-OKX-ETHUSDT-27MAR2026,40,OKX,ETH,ETHUSDT,2026-03-27,2026-02-28,3,-0.001778264959664
40-OKX-ETHUSDT-27MAR2026,40,OKX,ETH,ETHUSDT,2026-03-27,2026-03-01,3,0.0413651618339235
40-OKX-ETHUSDT-27MAR2026,40,OKX,ETH,ETHUSDT,2026-03-27,2026-03-02,3,-0.003445718069251
40-OKX-ETHUSDT-27MAR2026,40,OKX,ETH,ETHUSDT,2026-03-27,2026-03-03,3,0.047039642282236505
40-OKX-ETHUSDT-27MAR2026,40,OKX,ETH,ETHUSDT,2026-03-27,2026-03-04,3,0.0006074963959739992
40-OKX-ETHUSDT-27MAR2026,40,OKX,ETH,ETHUSDT,2026-03-27,2026-03-05,3,0.0818070598651145
40-OKX-ETHUSDT-27MAR2026,40,OKX,ETH,ETHUSDT,2026-03-27,2026-03-06,3,0.052165909838574
40-OKX-ETHUSDT-27MAR2026,40,OKX,ETH,ETHUSDT,2026-03-27,2026-03-07,3,-0.025948323320977
40-OKX-ETHUSDT-27MAR2026,40,OKX,ETH,ETHUSDT,2026-03-27,2026-03-08,3,-0.028384655775153502
40-OKX-ETHUSDT-27MAR2026,40,OKX,ETH,ETHUSDT,2026-03-27,2026-03-09,3,-0.04124123877822199
40-OKX-ETHUSDT-27MAR2026,40,OKX,ETH,ETHUSDT,2026-03-27,2026-03-10,3,0.066479203575559
40-OKX-ETHUSDT-27MAR2026,40,OKX,ETH,ETHUSDT,2026-03-27,2026-03-11,3,0.088486071311337
40-OKX-ETHUSDT-27MAR2026,40,OKX,ETH,ETHUSDT,2026-03-27,2026-03-12,3,0.027092791826639498
40-OKX-ETHUSDT-27MAR2026,40,OKX,ETH,ETHUSDT,2026-03-27,2026-03-13,3,0.028984315670657998
40-OKX-ETHUSDT-27MAR2026,40,OKX,ETH,ETHUSDT,2026-03-27,2026-03-14,3,0.0477536560571315
40-OKX-ETHUSDT-27MAR2026,40,OKX,ETH,ETHUSDT,2026-03-27,2026-03-15,3,0.011834397070207002
40-OKX-ETHUSDT-27MAR2026,40,OKX,ETH,ETHUSDT,2026-03-27,2026-03-16,3,0.0326017805296955
40-OKX-ETHUSDT-27MAR2026,40,OKX,ETH,ETHUSDT,2026-03-27,2026-03-17,3,0.048694166694813
40-OKX-ETHUSDT-27MAR2026,40,OKX,ETH,ETHUSDT,2026-03-27,2026-03-18,3,0.035001656620352
40-OKX-ETHUSDT-27MAR2026,40,OKX,ETH,ETHUSDT,2026-03-27,2026-03-19,3,0.029604906794441
40-OKX-ETHUSDT-27MAR2026,40,OKX,ETH,ETHUSDT,2026-03-27,2026-03-20,3,-0.010769702024341
40-OKX-ETHUSDT-27MAR2026,40,OKX,ETH,ETHUSDT,2026-03-27,2026-03-21,3,0.0020515718462694997
40-OKX-ETHUSDT-27MAR2026,40,OKX,ETH,ETHUSDT,2026-03-27,2026-03-22,3,-0.046762416299235
40-OKX-ETHUSDT-27MAR2026,40,OKX,ETH,ETHUSDT,2026-03-27,2026-03-23,3,-0.007896300224570997
40-OKX-ETHUSDT-27MAR2026,40,OKX,ETH,ETHUSDT,2026-03-27,2026-03-24,3,0.0293800185043205
40-OKX-ETHUSDT-27MAR2026,40,OKX,ETH,ETHUSDT,2026-03-27,2026-03-25,3,-0.037640603648339495
40-OKX-ETHUSDT-27MAR2026,40,OKX,ETH,ETHUSDT,2026-03-27,2026-03-26,3,0.06638298320346199
40-OKX-ETHUSDT-27MAR2026,40,OKX,ETH,ETHUSDT,2026-03-27,2026-03-27,1,0.0020801531698095
41-HYPERLIQUID-ETH-27MAR2026,41,Hyperliquid,ETH,ETH,2026-03-27,2026-01-13,19,0.10373684210526317
41-HYPERLIQUID-ETH-27MAR2026,41,Hyperliquid,ETH,ETH,2026-03-27,2026-01-14,24,0.10732492850000001
41-HYPERLIQUID-ETH-27MAR2026,41,Hyperliquid,ETH,ETH,2026-03-27,2026-01-15,24,0.1095
41-HYPERLIQUID-ETH-27MAR2026,41,Hyperliquid,ETH,ETH,2026-03-27,2026-01-16,24,0.1095
41-HYPERLIQUID-ETH-27MAR2026,41,Hyperliquid,ETH,ETH,2026-03-27,2026-01-17,24,0.1095
41-HYPERLIQUID-ETH-27MAR2026,41,Hyperliquid,ETH,ETH,2026-03-27,2026-01-18,24,0.1095
41-HYPERLIQUID-ETH-27MAR2026,41,Hyperliquid,ETH,ETH,2026-03-27,2026-01-19,24,0.1022625975
41-HYPERLIQUID-ETH-27MAR2026,41,Hyperliquid,ETH,ETH,2026-03-27,2026-01-20,24,0.056622596
41-HYPERLIQUID-ETH-27MAR2026,41,Hyperliquid,ETH,ETH,2026-03-27,2026-01-21,24,0.0782345015
41-HYPERLIQUID-ETH-27MAR2026,41,Hyperliquid,ETH,ETH,2026-03-27,2026-01-22,24,0.10074941700000001
41-HYPERLIQUID-ETH-27MAR2026,41,Hyperliquid,ETH,ETH,2026-03-27,2026-01-23,24,-0.008155961500000001
41-HYPERLIQUID-ETH-27MAR2026,41,Hyperliquid,ETH,ETH,2026-03-27,2026-01-24,24,-0.027949583
41-HYPERLIQUID-ETH-27MAR2026,41,Hyperliquid,ETH,ETH,2026-03-27,2026-01-25,24,-0.034748584
41-HYPERLIQUID-ETH-27MAR2026,41,Hyperliquid,ETH,ETH,2026-03-27,2026-01-26,24,0.024971292500000002
41-HYPERLIQUID-ETH-27MAR2026,41,Hyperliquid,ETH,ETH,2026-03-27,2026-01-27,24,0.1062194895
41-HYPERLIQUID-ETH-27MAR2026,41,Hyperliquid,ETH,ETH,2026-03-27,2026-01-28,24,0.1073928185
41-HYPERLIQUID-ETH-27MAR2026,41,Hyperliquid,ETH,ETH,2026-03-27,2026-01-29,24,0.106545179
41-HYPERLIQUID-ETH-27MAR2026,41,Hyperliquid,ETH,ETH,2026-03-27,2026-01-30,24,0.0444487875
41-HYPERLIQUID-ETH-27MAR2026,41,Hyperliquid,ETH,ETH,2026-03-27,2026-01-31,24,-0.0376230685
41-HYPERLIQUID-ETH-27MAR2026,41,Hyperliquid,ETH,ETH,2026-03-27,2026-02-01,24,-0.200810736
41-HYPERLIQUID-ETH-27MAR2026,41,Hyperliquid,ETH,ETH,2026-03-27,2026-02-02,24,-0.236835141
41-HYPERLIQUID-ETH-27MAR2026,41,Hyperliquid,ETH,ETH,2026-03-27,2026-02-03,24,-0.1264812235
41-HYPERLIQUID-ETH-27MAR2026,41,Hyperliquid,ETH,ETH,2026-03-27,2026-02-04,24,0.08668144100000001
41-HYPERLIQUID-ETH-27MAR2026,41,Hyperliquid,ETH,ETH,2026-03-27,2026-02-05,24,0.0636537735
41-HYPERLIQUID-ETH-27MAR2026,41,Hyperliquid,ETH,ETH,2026-03-27,2026-02-06,24,-0.021022028999999998
41-HYPERLIQUID-ETH-27MAR2026,41,Hyperliquid,ETH,ETH,2026-03-27,2026-02-07,24,-0.026085162999999998
41-HYPERLIQUID-ETH-27MAR2026,41,Hyperliquid,ETH,ETH,2026-03-27,2026-02-08,24,-0.0343838395
41-HYPERLIQUID-ETH-27MAR2026,41,Hyperliquid,ETH,ETH,2026-03-27,2026-02-09,24,0.030123231
41-HYPERLIQUID-ETH-27MAR2026,41,Hyperliquid,ETH,ETH,2026-03-27,2026-02-10,24,0.10368602449999999
41-HYPERLIQUID-ETH-27MAR2026,41,Hyperliquid,ETH,ETH,2026-03-27,2026-02-11,24,0.0304314735
41-HYPERLIQUID-ETH-27MAR2026,41,Hyperliquid,ETH,ETH,2026-03-27,2026-02-12,24,0.055815325500000006
41-HYPERLIQUID-ETH-27MAR2026,41,Hyperliquid,ETH,ETH,2026-03-27,2026-02-13,24,0.07211107900000001
41-HYPERLIQUID-ETH-27MAR2026,41,Hyperliquid,ETH,ETH,2026-03-27,2026-02-14,24,0.056179267000000005
41-HYPERLIQUID-ETH-27MAR2026,41,Hyperliquid,ETH,ETH,2026-03-27,2026-02-15,24,0.001146720500000001
41-HYPERLIQUID-ETH-27MAR2026,41,Hyperliquid,ETH,ETH,2026-03-27,2026-02-16,24,0.054774017
41-HYPERLIQUID-ETH-27MAR2026,41,Hyperliquid,ETH,ETH,2026-03-27,2026-02-17,24,0.0798407205
41-HYPERLIQUID-ETH-27MAR2026,41,Hyperliquid,ETH,ETH,2026-03-27,2026-02-18,24,0.073390112
41-HYPERLIQUID-ETH-27MAR2026,41,Hyperliquid,ETH,ETH,2026-03-27,2026-02-19,24,0.0648108235
41-HYPERLIQUID-ETH-27MAR2026,41,Hyperliquid,ETH,ETH,2026-03-27,2026-02-20,24,0.057027673
41-HYPERLIQUID-ETH-27MAR2026,41,Hyperliquid,ETH,ETH,2026-03-27,2026-02-21,24,0.07294634500000001
41-HYPERLIQUID-ETH-27MAR2026,41,Hyperliquid,ETH,ETH,2026-03-27,2026-02-22,24,0.0750795875
41-HYPERLIQUID-ETH-27MAR2026,41,Hyperliquid,ETH,ETH,2026-03-27,2026-02-23,24,0.002303369
41-HYPERLIQUID-ETH-27MAR2026,41,Hyperliquid,ETH,ETH,2026-03-27,2026-02-24,24,0.0755181715
41-HYPERLIQUID-ETH-27MAR2026,41,Hyperliquid,ETH,ETH,2026-03-27,2026-02-25,24,0.08081092699999999
41-HYPERLIQUID-ETH-27MAR2026,41,Hyperliquid,ETH,ETH,2026-03-27,2026-02-26,24,0.071792434
41-HYPERLIQUID-ETH-27MAR2026,41,Hyperliquid,ETH,ETH,2026-03-27,2026-02-27,24,0.035111394
41-HYPERLIQUID-ETH-27MAR2026,41,Hyperliquid,ETH,ETH,2026-03-27,2026-02-28,24,0.009225046499999999
41-HYPERLIQUID-ETH-27MAR2026,41,Hyperliquid,ETH,ETH,2026-03-27,2026-03-01,24,0.0911813435
41-HYPERLIQUID-ETH-27MAR2026,41,Hyperliquid,ETH,ETH,2026-03-27,2026-03-02,24,0.080356648
41-HYPERLIQUID-ETH-27MAR2026,41,Hyperliquid,ETH,ETH,2026-03-27,2026-03-03,24,0.0653555495
41-HYPERLIQUID-ETH-27MAR2026,41,Hyperliquid,ETH,ETH,2026-03-27,2026-03-04,24,0.0559369435
41-HYPERLIQUID-ETH-27MAR2026,41,Hyperliquid,ETH,ETH,2026-03-27,2026-03-05,24,0.076468814
41-HYPERLIQUID-ETH-27MAR2026,41,Hyperliquid,ETH,ETH,2026-03-27,2026-03-06,24,0.0366266915
41-HYPERLIQUID-ETH-27MAR2026,41,Hyperliquid,ETH,ETH,2026-03-27,2026-03-07,24,-0.0387147835
41-HYPERLIQUID-ETH-27MAR2026,41,Hyperliquid,ETH,ETH,2026-03-27,2026-03-08,24,-0.1532433155
41-HYPERLIQUID-ETH-27MAR2026,41,Hyperliquid,ETH,ETH,2026-03-27,2026-03-09,24,0.0342760915
41-HYPERLIQUID-ETH-27MAR2026,41,Hyperliquid,ETH,ETH,2026-03-27,2026-03-10,24,0.0782839225
41-HYPERLIQUID-ETH-27MAR2026,41,Hyperliquid,ETH,ETH,2026-03-27,2026-03-11,24,-0.0043629179999999995
41-HYPERLIQUID-ETH-27MAR2026,41,Hyperliquid,ETH,ETH,2026-03-27,2026-03-12,24,-0.026503964
41-HYPERLIQUID-ETH-27MAR2026,41,Hyperliquid,ETH,ETH,2026-03-27,2026-03-13,24,0.0545824285
41-HYPERLIQUID-ETH-27MAR2026,41,Hyperliquid,ETH,ETH,2026-03-27,2026-03-14,24,0.044087109000000006
41-HYPERLIQUID-ETH-27MAR2026,41,Hyperliquid,ETH,ETH,2026-03-27,2026-03-15,24,0.0760076
41-HYPERLIQUID-ETH-27MAR2026,41,Hyperliquid,ETH,ETH,2026-03-27,2026-03-16,24,-0.0009646219999999993
41-HYPERLIQUID-ETH-27MAR2026,41,Hyperliquid,ETH,ETH,2026-03-27,2026-03-17,24,-0.0229429875
41-HYPERLIQUID-ETH-27MAR2026,41,Hyperliquid,ETH,ETH,2026-03-27,2026-03-18,24,0.069358614
41-HYPERLIQUID-ETH-27MAR2026,41,Hyperliquid,ETH,ETH,2026-03-27,2026-03-19,24,-0.002579345499999999
41-HYPERLIQUID-ETH-27MAR2026,41,Hyperliquid,ETH,ETH,2026-03-27,2026-03-20,24,0.045850205
41-HYPERLIQUID-ETH-27MAR2026,41,Hyperliquid,ETH,ETH,2026-03-27,2026-03-21,24,0.0021714215
41-HYPERLIQUID-ETH-27MAR2026,41,Hyperliquid,ETH,ETH,2026-03-27,2026-03-22,24,-0.0740859845
41-HYPERLIQUID-ETH-27MAR2026,41,Hyperliquid,ETH,ETH,2026-03-27,2026-03-23,24,-0.012572060000000001
41-HYPERLIQUID-ETH-27MAR2026,41,Hyperliquid,ETH,ETH,2026-03-27,2026-03-24,24,0.040501422
41-HYPERLIQUID-ETH-27MAR2026,41,Hyperliquid,ETH,ETH,2026-03-27,2026-03-25,24,0.0996768645
41-HYPERLIQUID-ETH-27MAR2026,41,Hyperliquid,ETH,ETH,2026-03-27,2026-03-26,24,-0.013909347
41-HYPERLIQUID-ETH-27MAR2026,41,Hyperliquid,ETH,ETH,2026-03-27,2026-03-27,1,0.042330948
42-BINANCE-XRPUSDT-27FEB2026,42,Binance,XRP,XRPUSDT,2026-02-27,2026-01-20,3,0.04148225
42-BINANCE-XRPUSDT-27FEB2026,42,Binance,XRP,XRPUSDT,2026-02-27,2026-01-21,3,-0.007617549999999998
42-BINANCE-XRPUSDT-27FEB2026,42,Binance,XRP,XRPUSDT,2026-02-27,2026-01-22,3,0.043142999999999994
42-BINANCE-XRPUSDT-27FEB2026,42,Binance,XRP,XRPUSDT,2026-02-27,2026-01-23,3,0.02511565
42-BINANCE-XRPUSDT-27FEB2026,42,Binance,XRP,XRPUSDT,2026-02-27,2026-01-24,3,0.00168265
42-BINANCE-XRPUSDT-27FEB2026,42,Binance,XRP,XRPUSDT,2026-02-27,2026-01-25,3,0.0092637
42-BINANCE-XRPUSDT-27FEB2026,42,Binance,XRP,XRPUSDT,2026-02-27,2026-01-26,3,-0.015052599999999994
42-BINANCE-XRPUSDT-27FEB2026,42,Binance,XRP,XRPUSDT,2026-02-27,2026-01-27,3,0.027455300000000002
42-BINANCE-XRPUSDT-27FEB2026,42,Binance,XRP,XRPUSDT,2026-02-27,2026-01-28,3,0.06935
42-BINANCE-XRPUSDT-27FEB2026,42,Binance,XRP,XRPUSDT,2026-02-27,2026-01-29,3,-0.0253529
42-BINANCE-XRPUSDT-27FEB2026,42,Binance,XRP,XRPUSDT,2026-02-27,2026-01-30,3,-0.11966890000000001
42-BINANCE-XRPUSDT-27FEB2026,42,Binance,XRP,XRPUSDT,2026-02-27,2026-01-31,3,-0.12929395
42-BINANCE-XRPUSDT-27FEB2026,42,Binance,XRP,XRPUSDT,2026-02-27,2026-02-01,3,-0.049610800000000004
42-BINANCE-XRPUSDT-27FEB2026,42,Binance,XRP,XRPUSDT,2026-02-27,2026-02-02,3,0.000145999999999998
42-BINANCE-XRPUSDT-27FEB2026,42,Binance,XRP,XRPUSDT,2026-02-27,2026-02-03,3,-0.03959155
42-BINANCE-XRPUSDT-27FEB2026,42,Binance,XRP,XRPUSDT,2026-02-27,2026-02-04,3,0.0298935
42-BINANCE-XRPUSDT-27FEB2026,42,Binance,XRP,XRPUSDT,2026-02-27,2026-02-05,3,-0.015435850000000001
42-BINANCE-XRPUSDT-27FEB2026,42,Binance,XRP,XRPUSDT,2026-02-27,2026-02-06,3,-0.33781845000000005
42-BINANCE-XRPUSDT-27FEB2026,42,Binance,XRP,XRPUSDT,2026-02-27,2026-02-07,3,-0.066868
42-BINANCE-XRPUSDT-27FEB2026,42,Binance,XRP,XRPUSDT,2026-02-27,2026-02-08,3,-0.1398388
42-BINANCE-XRPUSDT-27FEB2026,42,Binance,XRP,XRPUSDT,2026-02-27,2026-02-09,3,-0.0803073
42-BINANCE-XRPUSDT-27FEB2026,42,Binance,XRP,XRPUSDT,2026-02-27,2026-02-10,3,-0.13695895
42-BINANCE-XRPUSDT-27FEB2026,42,Binance,XRP,XRPUSDT,2026-02-27,2026-02-11,3,-0.09321734999999999
42-BINANCE-XRPUSDT-27FEB2026,42,Binance,XRP,XRPUSDT,2026-02-27,2026-02-12,3,-0.02018085
42-BINANCE-XRPUSDT-27FEB2026,42,Binance,XRP,XRPUSDT,2026-02-27,2026-02-13,3,-0.03691975
42-BINANCE-XRPUSDT-27FEB2026,42,Binance,XRP,XRPUSDT,2026-02-27,2026-02-14,3,-0.0555165
42-BINANCE-XRPUSDT-27FEB2026,42,Binance,XRP,XRPUSDT,2026-02-27,2026-02-15,3,-0.10778815000000001
42-BINANCE-XRPUSDT-27FEB2026,42,Binance,XRP,XRPUSDT,2026-02-27,2026-02-16,3,-0.15020115
42-BINANCE-XRPUSDT-27FEB2026,42,Binance,XRP,XRPUSDT,2026-02-27,2026-02-17,3,-0.0664665
42-BINANCE-XRPUSDT-27FEB2026,42,Binance,XRP,XRPUSDT,2026-02-27,2026-02-18,3,-0.01545045
42-BINANCE-XRPUSDT-27FEB2026,42,Binance,XRP,XRPUSDT,2026-02-27,2026-02-19,3,-0.0046464500000000025
42-BINANCE-XRPUSDT-27FEB2026,42,Binance,XRP,XRPUSDT,2026-02-27,2026-02-20,3,-0.043183150000000003
42-BINANCE-XRPUSDT-27FEB2026,42,Binance,XRP,XRPUSDT,2026-02-27,2026-02-21,3,0.00971995
42-BINANCE-XRPUSDT-27FEB2026,42,Binance,XRP,XRPUSDT,2026-02-27,2026-02-22,3,-0.0823878
42-BINANCE-XRPUSDT-27FEB2026,42,Binance,XRP,XRPUSDT,2026-02-27,2026-02-23,3,-0.13358635
42-BINANCE-XRPUSDT-27FEB2026,42,Binance,XRP,XRPUSDT,2026-02-27,2026-02-24,3,-0.09165515
42-BINANCE-XRPUSDT-27FEB2026,42,Binance,XRP,XRPUSDT,2026-02-27,2026-02-25,3,0.02504265
42-BINANCE-XRPUSDT-27FEB2026,42,Binance,XRP,XRPUSDT,2026-02-27,2026-02-26,3,0.03968645
42-BINANCE-XRPUSDT-27FEB2026,42,Binance,XRP,XRPUSDT,2026-02-27,2026-02-27,1,-0.05896575
43-HYPERLIQUID-XRP-27FEB2026,43,Hyperliquid,XRP,XRP,2026-02-27,2026-01-20,18,0.07026522533333333
43-HYPERLIQUID-XRP-27FEB2026,43,Hyperliquid,XRP,XRP,2026-02-27,2026-01-21,24,0.06121634
43-HYPERLIQUID-XRP-27FEB2026,43,Hyperliquid,XRP,XRP,2026-02-27,2026-01-22,24,0.095288725
43-HYPERLIQUID-XRP-27FEB2026,43,Hyperliquid,XRP,XRP,2026-02-27,2026-01-23,24,0.006930364500000001
43-HYPERLIQUID-XRP-27FEB2026,43,Hyperliquid,XRP,XRP,2026-02-27,2026-01-24,24,0.037693988
43-HYPERLIQUID-XRP-27FEB2026,43,Hyperliquid,XRP,XRP,2026-02-27,2026-01-25,24,-0.013575372
43-HYPERLIQUID-XRP-27FEB2026,43,Hyperliquid,XRP,XRP,2026-02-27,2026-01-26,24,0.022711212499999998
43-HYPERLIQUID-XRP-27FEB2026,43,Hyperliquid,XRP,XRP,2026-02-27,2026-01-27,24,0.107712376
43-HYPERLIQUID-XRP-27FEB2026,43,Hyperliquid,XRP,XRP,2026-02-27,2026-01-28,24,0.10854618199999999
43-HYPERLIQUID-XRP-27FEB2026,43,Hyperliquid,XRP,XRP,2026-02-27,2026-01-29,24,0.030539185
43-HYPERLIQUID-XRP-27FEB2026,43,Hyperliquid,XRP,XRP,2026-02-27,2026-01-30,24,-0.17848284650000001
43-HYPERLIQUID-XRP-27FEB2026,43,Hyperliquid,XRP,XRP,2026-02-27,2026-01-31,24,-0.2570960355
43-HYPERLIQUID-XRP-27FEB2026,43,Hyperliquid,XRP,XRP,2026-02-27,2026-02-01,24,-0.32456741699999997
43-HYPERLIQUID-XRP-27FEB2026,43,Hyperliquid,XRP,XRP,2026-02-27,2026-02-02,24,-0.2928634805
43-HYPERLIQUID-XRP-27FEB2026,43,Hyperliquid,XRP,XRP,2026-02-27,2026-02-03,24,-0.1747631315
43-HYPERLIQUID-XRP-27FEB2026,43,Hyperliquid,XRP,XRP,2026-02-27,2026-02-04,24,0.040060721
43-HYPERLIQUID-XRP-27FEB2026,43,Hyperliquid,XRP,XRP,2026-02-27,2026-02-05,24,0.016645752
43-HYPERLIQUID-XRP-27FEB2026,43,Hyperliquid,XRP,XRP,2026-02-27,2026-02-06,24,-0.3599597515
43-HYPERLIQUID-XRP-27FEB2026,43,Hyperliquid,XRP,XRP,2026-02-27,2026-02-07,24,-0.1806398505
43-HYPERLIQUID-XRP-27FEB2026,43,Hyperliquid,XRP,XRP,2026-02-27,2026-02-08,24,-0.2164722655
43-HYPERLIQUID-XRP-27FEB2026,43,Hyperliquid,XRP,XRP,2026-02-27,2026-02-09,24,-0.1254605375
43-HYPERLIQUID-XRP-27FEB2026,43,Hyperliquid,XRP,XRP,2026-02-27,2026-02-10,24,-0.174432186
43-HYPERLIQUID-XRP-27FEB2026,43,Hyperliquid,XRP,XRP,2026-02-27,2026-02-11,24,-0.1709896155
43-HYPERLIQUID-XRP-27FEB2026,43,Hyperliquid,XRP,XRP,2026-02-27,2026-02-12,24,-0.0938745325
43-HYPERLIQUID-XRP-27FEB2026,43,Hyperliquid,XRP,XRP,2026-02-27,2026-02-13,24,-0.11710645400000001
43-HYPERLIQUID-XRP-27FEB2026,43,Hyperliquid,XRP,XRP,2026-02-27,2026-02-14,24,-0.0863898425
43-HYPERLIQUID-XRP-27FEB2026,43,Hyperliquid,XRP,XRP,2026-02-27,2026-02-15,24,-0.17553204050000001
43-HYPERLIQUID-XRP-27FEB2026,43,Hyperliquid,XRP,XRP,2026-02-27,2026-02-16,24,-0.2069855505
43-HYPERLIQUID-XRP-27FEB2026,43,Hyperliquid,XRP,XRP,2026-02-27,2026-02-17,24,-0.15559771149999999
43-HYPERLIQUID-XRP-27FEB2026,43,Hyperliquid,XRP,XRP,2026-02-27,2026-02-18,24,-0.078653923
43-HYPERLIQUID-XRP-27FEB2026,43,Hyperliquid,XRP,XRP,2026-02-27,2026-02-19,24,0.0008202645000000001
43-HYPERLIQUID-XRP-27FEB2026,43,Hyperliquid,XRP,XRP,2026-02-27,2026-02-20,24,-0.026388332
43-HYPERLIQUID-XRP-27FEB2026,43,Hyperliquid,XRP,XRP,2026-02-27,2026-02-21,24,-0.053599666
43-HYPERLIQUID-XRP-27FEB2026,43,Hyperliquid,XRP,XRP,2026-02-27,2026-02-22,24,-0.1252240175
43-HYPERLIQUID-XRP-27FEB2026,43,Hyperliquid,XRP,XRP,2026-02-27,2026-02-23,24,-0.0646492015
43-HYPERLIQUID-XRP-27FEB2026,43,Hyperliquid,XRP,XRP,2026-02-27,2026-02-24,24,-0.0671544885
43-HYPERLIQUID-XRP-27FEB2026,43,Hyperliquid,XRP,XRP,2026-02-27,2026-02-25,24,0.030245725
43-HYPERLIQUID-XRP-27FEB2026,43,Hyperliquid,XRP,XRP,2026-02-27,2026-02-26,24,0.011857025
43-HYPERLIQUID-XRP-27FEB2026,43,Hyperliquid,XRP,XRP,2026-02-27,2026-02-27,1,-0.058327584
44-BINANCE-ETHUSDT-27FEB2026,44,Binance,ETH,ETHUSDT,2026-02-27,2026-01-20,3,0.02676545
44-BINANCE-ETHUSDT-27FEB2026,44,Binance,ETH,ETHUSDT,2026-02-27,2026-01-21,3,0.00801175
44-BINANCE-ETHUSDT-27FEB2026,44,Binance,ETH,ETHUSDT,2026-02-27,2026-01-22,3,0.02506455
44-BINANCE-ETHUSDT-27FEB2026,44,Binance,ETH,ETHUSDT,2026-02-27,2026-01-23,3,0.034992550000000004
44-BINANCE-ETHUSDT-27FEB2026,44,Binance,ETH,ETHUSDT,2026-02-27,2026-01-24,3,0.0224037
44-BINANCE-ETHUSDT-27FEB2026,44,Binance,ETH,ETHUSDT,2026-02-27,2026-01-25,3,0.05432295
44-BINANCE-ETHUSDT-27FEB2026,44,Binance,ETH,ETHUSDT,2026-02-27,2026-01-26,3,-0.02103495
44-BINANCE-ETHUSDT-27FEB2026,44,Binance,ETH,ETHUSDT,2026-02-27,2026-01-27,3,0.09284505
44-BINANCE-ETHUSDT-27FEB2026,44,Binance,ETH,ETHUSDT,2026-02-27,2026-01-28,3,0.08306670000000001
44-BINANCE-ETHUSDT-27FEB2026,44,Binance,ETH,ETHUSDT,2026-02-27,2026-01-29,3,0.0278933
44-BINANCE-ETHUSDT-27FEB2026,44,Binance,ETH,ETHUSDT,2026-02-27,2026-01-30,3,0.0003978500000000001
44-BINANCE-ETHUSDT-27FEB2026,44,Binance,ETH,ETHUSDT,2026-02-27,2026-01-31,3,-0.051308049999999994
44-BINANCE-ETHUSDT-27FEB2026,44,Binance,ETH,ETHUSDT,2026-02-27,2026-02-01,3,-0.081468
44-BINANCE-ETHUSDT-27FEB2026,44,Binance,ETH,ETHUSDT,2026-02-27,2026-02-02,3,-0.12567315
44-BINANCE-ETHUSDT-27FEB2026,44,Binance,ETH,ETHUSDT,2026-02-27,2026-02-03,3,-0.06706875
44-BINANCE-ETHUSDT-27FEB2026,44,Binance,ETH,ETHUSDT,2026-02-27,2026-02-04,3,-0.023779750000000002
44-BINANCE-ETHUSDT-27FEB2026,44,Binance,ETH,ETHUSDT,2026-02-27,2026-02-05,3,-0.0102127
44-BINANCE-ETHUSDT-27FEB2026,44,Binance,ETH,ETHUSDT,2026-02-27,2026-02-06,3,-0.12514755
44-BINANCE-ETHUSDT-27FEB2026,44,Binance,ETH,ETHUSDT,2026-02-27,2026-02-07,3,0.04180345
44-BINANCE-ETHUSDT-27FEB2026,44,Binance,ETH,ETHUSDT,2026-02-27,2026-02-08,3,-0.02109335
44-BINANCE-ETHUSDT-27FEB2026,44,Binance,ETH,ETHUSDT,2026-02-27,2026-02-09,3,-0.0336968
44-BINANCE-ETHUSDT-27FEB2026,44,Binance,ETH,ETHUSDT,2026-02-27,2026-02-10,3,-0.11087969999999998
44-BINANCE-ETHUSDT-27FEB2026,44,Binance,ETH,ETHUSDT,2026-02-27,2026-02-11,3,-0.1231145
44-BINANCE-ETHUSDT-27FEB2026,44,Binance,ETH,ETHUSDT,2026-02-27,2026-02-12,3,-0.01610745
44-BINANCE-ETHUSDT-27FEB2026,44,Binance,ETH,ETHUSDT,2026-02-27,2026-02-13,3,-0.0338209
44-BINANCE-ETHUSDT-27FEB2026,44,Binance,ETH,ETHUSDT,2026-02-27,2026-02-14,3,-0.00272655
44-BINANCE-ETHUSDT-27FEB2026,44,Binance,ETH,ETHUSDT,2026-02-27,2026-02-15,3,-0.028152449999999996
44-BINANCE-ETHUSDT-27FEB2026,44,Binance,ETH,ETHUSDT,2026-02-27,2026-02-16,3,-0.0537937
44-BINANCE-ETHUSDT-27FEB2026,44,Binance,ETH,ETHUSDT,2026-02-27,2026-02-17,3,0.005139199999999999
44-BINANCE-ETHUSDT-27FEB2026,44,Binance,ETH,ETHUSDT,2026-02-27,2026-02-18,3,-0.0128772
44-BINANCE-ETHUSDT-27FEB2026,44,Binance,ETH,ETHUSDT,2026-02-27,2026-02-19,3,-0.07823775
44-BINANCE-ETHUSDT-27FEB2026,44,Binance,ETH,ETHUSDT,2026-02-27,2026-02-20,3,-0.054702549999999996
44-BINANCE-ETHUSDT-27FEB2026,44,Binance,ETH,ETHUSDT,2026-02-27,2026-02-21,3,0.0520855
44-BINANCE-ETHUSDT-27FEB2026,44,Binance,ETH,ETHUSDT,2026-02-27,2026-02-22,3,0.0038325000000000004
44-BINANCE-ETHUSDT-27FEB2026,44,Binance,ETH,ETHUSDT,2026-02-27,2026-02-23,3,-0.13948475
44-BINANCE-ETHUSDT-27FEB2026,44,Binance,ETH,ETHUSDT,2026-02-27,2026-02-24,3,-0.0175565
44-BINANCE-ETHUSDT-27FEB2026,44,Binance,ETH,ETHUSDT,2026-02-27,2026-02-25,3,0.028674400000000003
44-BINANCE-ETHUSDT-27FEB2026,44,Binance,ETH,ETHUSDT,2026-02-27,2026-02-26,3,0.0332953
44-BINANCE-ETHUSDT-27FEB2026,44,Binance,ETH,ETHUSDT,2026-02-27,2026-02-27,1,0.0152205
45-HYPERLIQUID-ETH-27FEB2026,45,Hyperliquid,ETH,ETH,2026-02-27,2026-01-20,18,0.048518622666666664
45-HYPERLIQUID-ETH-27FEB2026,45,Hyperliquid,ETH,ETH,2026-02-27,2026-01-21,24,0.0782345015
45-HYPERLIQUID-ETH-27FEB2026,45,Hyperliquid,ETH,ETH,2026-02-27,2026-01-22,24,0.10074941700000001
45-HYPERLIQUID-ETH-27FEB2026,45,Hyperliquid,ETH,ETH,2026-02-27,2026-01-23,24,-0.008155961500000001
45-HYPERLIQUID-ETH-27FEB2026,45,Hyperliquid,ETH,ETH,2026-02-27,2026-01-24,24,-0.027949583
45-HYPERLIQUID-ETH-27FEB2026,45,Hyperliquid,ETH,ETH,2026-02-27,2026-01-25,24,-0.034748584
45-HYPERLIQUID-ETH-27FEB2026,45,Hyperliquid,ETH,ETH,2026-02-27,2026-01-26,24,0.024971292500000002
45-HYPERLIQUID-ETH-27FEB2026,45,Hyperliquid,ETH,ETH,2026-02-27,2026-01-27,24,0.1062194895
45-HYPERLIQUID-ETH-27FEB2026,45,Hyperliquid,ETH,ETH,2026-02-27,2026-01-28,24,0.1073928185
45-HYPERLIQUID-ETH-27FEB2026,45,Hyperliquid,ETH,ETH,2026-02-27,2026-01-29,24,0.106545179
45-HYPERLIQUID-ETH-27FEB2026,45,Hyperliquid,ETH,ETH,2026-02-27,2026-01-30,24,0.0444487875
45-HYPERLIQUID-ETH-27FEB2026,45,Hyperliquid,ETH,ETH,2026-02-27,2026-01-31,24,-0.0376230685
45-HYPERLIQUID-ETH-27FEB2026,45,Hyperliquid,ETH,ETH,2026-02-27,2026-02-01,24,-0.200810736
45-HYPERLIQUID-ETH-27FEB2026,45,Hyperliquid,ETH,ETH,2026-02-27,2026-02-02,24,-0.236835141
45-HYPERLIQUID-ETH-27FEB2026,45,Hyperliquid,ETH,ETH,2026-02-27,2026-02-03,24,-0.1264812235
45-HYPERLIQUID-ETH-27FEB2026,45,Hyperliquid,ETH,ETH,2026-02-27,2026-02-04,24,0.08668144100000001
45-HYPERLIQUID-ETH-27FEB2026,45,Hyperliquid,ETH,ETH,2026-02-27,2026-02-05,24,0.0636537735
45-HYPERLIQUID-ETH-27FEB2026,45,Hyperliquid,ETH,ETH,2026-02-27,2026-02-06,24,-0.021022028999999998
45-HYPERLIQUID-ETH-27FEB2026,45,Hyperliquid,ETH,ETH,2026-02-27,2026-02-07,24,-0.026085162999999998
45-HYPERLIQUID-ETH-27FEB2026,45,Hyperliquid,ETH,ETH,2026-02-27,2026-02-08,24,-0.0343838395
45-HYPERLIQUID-ETH-27FEB2026,45,Hyperliquid,ETH,ETH,2026-02-27,2026-02-09,24,0.030123231
45-HYPERLIQUID-ETH-27FEB2026,45,Hyperliquid,ETH,ETH,2026-02-27,2026-02-10,24,0.10368602449999999
45-HYPERLIQUID-ETH-27FEB2026,45,Hyperliquid,ETH,ETH,2026-02-27,2026-02-11,24,0.0304314735
45-HYPERLIQUID-ETH-27FEB2026,45,Hyperliquid,ETH,ETH,2026-02-27,2026-02-12,24,0.055815325500000006
45-HYPERLIQUID-ETH-27FEB2026,45,Hyperliquid,ETH,ETH,2026-02-27,2026-02-13,24,0.07211107900000001
45-HYPERLIQUID-ETH-27FEB2026,45,Hyperliquid,ETH,ETH,2026-02-27,2026-02-14,24,0.056179267000000005
45-HYPERLIQUID-ETH-27FEB2026,45,Hyperliquid,ETH,ETH,2026-02-27,2026-02-15,24,0.001146720500000001
45-HYPERLIQUID-ETH-27FEB2026,45,Hyperliquid,ETH,ETH,2026-02-27,2026-02-16,24,0.054774017
45-HYPERLIQUID-ETH-27FEB2026,45,Hyperliquid,ETH,ETH,2026-02-27,2026-02-17,24,0.0798407205
45-HYPERLIQUID-ETH-27FEB2026,45,Hyperliquid,ETH,ETH,2026-02-27,2026-02-18,24,0.073390112
45-HYPERLIQUID-ETH-27FEB2026,45,Hyperliquid,ETH,ETH,2026-02-27,2026-02-19,24,0.0648108235
45-HYPERLIQUID-ETH-27FEB2026,45,Hyperliquid,ETH,ETH,2026-02-27,2026-02-20,24,0.057027673
45-HYPERLIQUID-ETH-27FEB2026,45,Hyperliquid,ETH,ETH,2026-02-27,2026-02-21,24,0.07294634500000001
45-HYPERLIQUID-ETH-27FEB2026,45,Hyperliquid,ETH,ETH,2026-02-27,2026-02-22,24,0.0750795875
45-HYPERLIQUID-ETH-27FEB2026,45,Hyperliquid,ETH,ETH,2026-02-27,2026-02-23,24,0.002303369
45-HYPERLIQUID-ETH-27FEB2026,45,Hyperliquid,ETH,ETH,2026-02-27,2026-02-24,24,0.0755181715
45-HYPERLIQUID-ETH-27FEB2026,45,Hyperliquid,ETH,ETH,2026-02-27,2026-02-25,24,0.08081092699999999
45-HYPERLIQUID-ETH-27FEB2026,45,Hyperliquid,ETH,ETH,2026-02-27,2026-02-26,24,0.071792434
45-HYPERLIQUID-ETH-27FEB2026,45,Hyperliquid,ETH,ETH,2026-02-27,2026-02-27,1,0.1095
46-OKX-ETHUSDT-27FEB2026,46,OKX,ETH,ETHUSDT,2026-02-27,2026-01-20,3,0.027811788694429
46-OKX-ETHUSDT-27FEB2026,46,OKX,ETH,ETHUSDT,2026-02-27,2026-01-21,3,-0.032316654252546505
46-OKX-ETHUSDT-27FEB2026,46,OKX,ETH,ETHUSDT,2026-02-27,2026-01-22,3,0.007698043868509
46-OKX-ETHUSDT-27FEB2026,46,OKX,ETH,ETHUSDT,2026-02-27,2026-01-23,3,0.023500396745752498
46-OKX-ETHUSDT-27FEB2026,46,OKX,ETH,ETHUSDT,2026-02-27,2026-01-24,3,-0.011304788019159502
46-OKX-ETHUSDT-27FEB2026,46,OKX,ETH,ETHUSDT,2026-02-27,2026-01-25,3,0.009535125879034498
46-OKX-ETHUSDT-27FEB2026,46,OKX,ETH,ETHUSDT,2026-02-27,2026-01-26,3,-0.031311862859768
46-OKX-ETHUSDT-27FEB2026,46,OKX,ETH,ETHUSDT,2026-02-27,2026-01-27,3,0.05727996742181
46-OKX-ETHUSDT-27FEB2026,46,OKX,ETH,ETHUSDT,2026-02-27,2026-01-28,3,0.050076406745362005
46-OKX-ETHUSDT-27FEB2026,46,OKX,ETH,ETHUSDT,2026-02-27,2026-01-29,3,0.026790598843976
46-OKX-ETHUSDT-27FEB2026,46,OKX,ETH,ETHUSDT,2026-02-27,2026-01-30,3,-0.039467583087249
46-OKX-ETHUSDT-27FEB2026,46,OKX,ETH,ETHUSDT,2026-02-27,2026-01-31,3,-0.0697014750912575
46-OKX-ETHUSDT-27FEB2026,46,OKX,ETH,ETHUSDT,2026-02-27,2026-02-01,3,-0.0677364404274395
46-OKX-ETHUSDT-27FEB2026,46,OKX,ETH,ETHUSDT,2026-02-27,2026-02-02,3,-0.066053674941841
46-OKX-ETHUSDT-27FEB2026,46,OKX,ETH,ETHUSDT,2026-02-27,2026-02-03,3,-0.0445732864802225
46-OKX-ETHUSDT-27FEB2026,46,OKX,ETH,ETHUSDT,2026-02-27,2026-02-04,3,-0.010724408461386498
46-OKX-ETHUSDT-27FEB2026,46,OKX,ETH,ETHUSDT,2026-02-27,2026-02-05,3,0.018503427623221002
46-OKX-ETHUSDT-27FEB2026,46,OKX,ETH,ETHUSDT,2026-02-27,2026-02-06,3,0.009114115741901999
46-OKX-ETHUSDT-27FEB2026,46,OKX,ETH,ETHUSDT,2026-02-27,2026-02-07,3,0.034497147859192
46-OKX-ETHUSDT-27FEB2026,46,OKX,ETH,ETHUSDT,2026-02-27,2026-02-08,3,0.011163181400242
46-OKX-ETHUSDT-27FEB2026,46,OKX,ETH,ETHUSDT,2026-02-27,2026-02-09,3,0.06106159986881151
46-OKX-ETHUSDT-27FEB2026,46,OKX,ETH,ETHUSDT,2026-02-27,2026-02-10,3,0.08559739048472949
46-OKX-ETHUSDT-27FEB2026,46,OKX,ETH,ETHUSDT,2026-02-27,2026-02-11,3,0.012437062038743498
46-OKX-ETHUSDT-27FEB2026,46,OKX,ETH,ETHUSDT,2026-02-27,2026-02-12,3,0.0093792897240575
46-OKX-ETHUSDT-27FEB2026,46,OKX,ETH,ETHUSDT,2026-02-27,2026-02-13,3,0.051262529345178
46-OKX-ETHUSDT-27FEB2026,46,OKX,ETH,ETHUSDT,2026-02-27,2026-02-14,3,0.052315394962526
46-OKX-ETHUSDT-27FEB2026,46,OKX,ETH,ETHUSDT,2026-02-27,2026-02-15,3,0.07152661393911901
46-OKX-ETHUSDT-27FEB2026,46,OKX,ETH,ETHUSDT,2026-02-27,2026-02-16,3,-0.0160169715776975
46-OKX-ETHUSDT-27FEB2026,46,OKX,ETH,ETHUSDT,2026-02-27,2026-02-17,3,-0.0016009368858560004
46-OKX-ETHUSDT-27FEB2026,46,OKX,ETH,ETHUSDT,2026-02-27,2026-02-18,3,0.007848673557052
46-OKX-ETHUSDT-27FEB2026,46,OKX,ETH,ETHUSDT,2026-02-27,2026-02-19,3,-0.030584302509365502
46-OKX-ETHUSDT-27FEB2026,46,OKX,ETH,ETHUSDT,2026-02-27,2026-02-20,3,-0.008475131027192
46-OKX-ETHUSDT-27FEB2026,46,OKX,ETH,ETHUSDT,2026-02-27,2026-02-21,3,0.022332629951990503
46-OKX-ETHUSDT-27FEB2026,46,OKX,ETH,ETHUSDT,2026-02-27,2026-02-22,3,0.033636902766715
46-OKX-ETHUSDT-27FEB2026,46,OKX,ETH,ETHUSDT,2026-02-27,2026-02-23,3,-0.08937732035419099
46-OKX-ETHUSDT-27FEB2026,46,OKX,ETH,ETHUSDT,2026-02-27,2026-02-24,3,-0.012171442036698496
46-OKX-ETHUSDT-27FEB2026,46,OKX,ETH,ETHUSDT,2026-02-27,2026-02-25,3,0.003743570896811002
46-OKX-ETHUSDT-27FEB2026,46,OKX,ETH,ETHUSDT,2026-02-27,2026-02-26,3,0.1095
46-OKX-ETHUSDT-27FEB2026,46,OKX,ETH,ETHUSDT,2026-02-27,2026-02-27,1,-0.006164360450904
47-HYPERLIQUID-ETH-27FEB2026,47,Hyperliquid,ETH,ETH,2026-02-27,2026-01-26,15,0.008904832000000001
47-HYPERLIQUID-ETH-27FEB2026,47,Hyperliquid,ETH,ETH,2026-02-27,2026-01-27,24,0.1062194895
47-HYPERLIQUID-ETH-27FEB2026,47,Hyperliquid,ETH,ETH,2026-02-27,2026-01-28,24,0.1073928185
47-HYPERLIQUID-ETH-27FEB2026,47,Hyperliquid,ETH,ETH,2026-02-27,2026-01-29,24,0.106545179
47-HYPERLIQUID-ETH-27FEB2026,47,Hyperliquid,ETH,ETH,2026-02-27,2026-01-30,24,0.0444487875
47-HYPERLIQUID-ETH-27FEB2026,47,Hyperliquid,ETH,ETH,2026-02-27,2026-01-31,24,-0.0376230685
47-HYPERLIQUID-ETH-27FEB2026,47,Hyperliquid,ETH,ETH,2026-02-27,2026-02-01,24,-0.200810736
47-HYPERLIQUID-ETH-27FEB2026,47,Hyperliquid,ETH,ETH,2026-02-27,2026-02-02,24,-0.236835141
47-HYPERLIQUID-ETH-27FEB2026,47,Hyperliquid,ETH,ETH,2026-02-27,2026-02-03,24,-0.1264812235
47-HYPERLIQUID-ETH-27FEB2026,47,Hyperliquid,ETH,ETH,2026-02-27,2026-02-04,24,0.08668144100000001
47-HYPERLIQUID-ETH-27FEB2026,47,Hyperliquid,ETH,ETH,2026-02-27,2026-02-05,24,0.0636537735
47-HYPERLIQUID-ETH-27FEB2026,47,Hyperliquid,ETH,ETH,2026-02-27,2026-02-06,24,-0.021022028999999998
47-HYPERLIQUID-ETH-27FEB2026,47,Hyperliquid,ETH,ETH,2026-02-27,2026-02-07,24,-0.026085162999999998
47-HYPERLIQUID-ETH-27FEB2026,47,Hyperliquid,ETH,ETH,2026-02-27,2026-02-08,24,-0.0343838395
47-HYPERLIQUID-ETH-27FEB2026,47,Hyperliquid,ETH,ETH,2026-02-27,2026-02-09,24,0.030123231
47-HYPERLIQUID-ETH-27FEB2026,47,Hyperliquid,ETH,ETH,2026-02-27,2026-02-10,24,0.10368602449999999
47-HYPERLIQUID-ETH-27FEB2026,47,Hyperliquid,ETH,ETH,2026-02-27,2026-02-11,24,0.0304314735
47-HYPERLIQUID-ETH-27FEB2026,47,Hyperliquid,ETH,ETH,2026-02-27,2026-02-12,24,0.055815325500000006
47-HYPERLIQUID-ETH-27FEB2026,47,Hyperliquid,ETH,ETH,2026-02-27,2026-02-13,24,0.07211107900000001
47-HYPERLIQUID-ETH-27FEB2026,47,Hyperliquid,ETH,ETH,2026-02-27,2026-02-14,24,0.056179267000000005
47-HYPERLIQUID-ETH-27FEB2026,47,Hyperliquid,ETH,ETH,2026-02-27,2026-02-15,24,0.001146720500000001
47-HYPERLIQUID-ETH-27FEB2026,47,Hyperliquid,ETH,ETH,2026-02-27,2026-02-16,24,0.054774017
47-HYPERLIQUID-ETH-27FEB2026,47,Hyperliquid,ETH,ETH,2026-02-27,2026-02-17,24,0.0798407205
47-HYPERLIQUID-ETH-27FEB2026,47,Hyperliquid,ETH,ETH,2026-02-27,2026-02-18,24,0.073390112
47-HYPERLIQUID-ETH-27FEB2026,47,Hyperliquid,ETH,ETH,2026-02-27,2026-02-19,24,0.0648108235
47-HYPERLIQUID-ETH-27FEB2026,47,Hyperliquid,ETH,ETH,2026-02-27,2026-02-20,24,0.057027673
47-HYPERLIQUID-ETH-27FEB2026,47,Hyperliquid,ETH,ETH,2026-02-27,2026-02-21,24,0.07294634500000001
47-HYPERLIQUID-ETH-27FEB2026,47,Hyperliquid,ETH,ETH,2026-02-27,2026-02-22,24,0.0750795875
47-HYPERLIQUID-ETH-27FEB2026,47,Hyperliquid,ETH,ETH,2026-02-27,2026-02-23,24,0.002303369
47-HYPERLIQUID-ETH-27FEB2026,47,Hyperliquid,ETH,ETH,2026-02-27,2026-02-24,24,0.0755181715
47-HYPERLIQUID-ETH-27FEB2026,47,Hyperliquid,ETH,ETH,2026-02-27,2026-02-25,24,0.08081092699999999
47-HYPERLIQUID-ETH-27FEB2026,47,Hyperliquid,ETH,ETH,2026-02-27,2026-02-26,24,0.071792434
47-HYPERLIQUID-ETH-27FEB2026,47,Hyperliquid,ETH,ETH,2026-02-27,2026-02-27,1,0.1095
48-BINANCE-BTCUSDT-27FEB2026,48,Binance,BTC,BTCUSDT,2026-02-27,2026-01-26,2,0.03069285
48-BINANCE-BTCUSDT-27FEB2026,48,Binance,BTC,BTCUSDT,2026-02-27,2026-01-27,3,0.0649627
48-BINANCE-BTCUSDT-27FEB2026,48,Binance,BTC,BTCUSDT,2026-02-27,2026-01-28,3,0.059279649999999996
48-BINANCE-BTCUSDT-27FEB2026,48,Binance,BTC,BTCUSDT,2026-02-27,2026-01-29,3,0.06237485
48-BINANCE-BTCUSDT-27FEB2026,48,Binance,BTC,BTCUSDT,2026-02-27,2026-01-30,3,0.023732299999999998
48-BINANCE-BTCUSDT-27FEB2026,48,Binance,BTC,BTCUSDT,2026-02-27,2026-01-31,3,0.0723649
48-BINANCE-BTCUSDT-27FEB2026,48,Binance,BTC,BTCUSDT,2026-02-27,2026-02-01,3,0.0068474
48-BINANCE-BTCUSDT-27FEB2026,48,Binance,BTC,BTCUSDT,2026-02-27,2026-02-02,3,-0.0317112
48-BINANCE-BTCUSDT-27FEB2026,48,Binance,BTC,BTCUSDT,2026-02-27,2026-02-03,3,-0.0015439500000000003
48-BINANCE-BTCUSDT-27FEB2026,48,Binance,BTC,BTCUSDT,2026-02-27,2026-02-04,3,0.030251199999999995
48-BINANCE-BTCUSDT-27FEB2026,48,Binance,BTC,BTCUSDT,2026-02-27,2026-02-05,3,0.0164761
48-BINANCE-BTCUSDT-27FEB2026,48,Binance,BTC,BTCUSDT,2026-02-27,2026-02-06,3,-0.10498495000000001
48-BINANCE-BTCUSDT-27FEB2026,48,Binance,BTC,BTCUSDT,2026-02-27,2026-02-07,3,-0.09640015
48-BINANCE-BTCUSDT-27FEB2026,48,Binance,BTC,BTCUSDT,2026-02-27,2026-02-08,3,-0.04311745
48-BINANCE-BTCUSDT-27FEB2026,48,Binance,BTC,BTCUSDT,2026-02-27,2026-02-09,3,-0.02012245
48-BINANCE-BTCUSDT-27FEB2026,48,Binance,BTC,BTCUSDT,2026-02-27,2026-02-10,3,-0.08191695
48-BINANCE-BTCUSDT-27FEB2026,48,Binance,BTC,BTCUSDT,2026-02-27,2026-02-11,3,-0.0298789
48-BINANCE-BTCUSDT-27FEB2026,48,Binance,BTC,BTCUSDT,2026-02-27,2026-02-12,3,0.0014235000000000005
48-BINANCE-BTCUSDT-27FEB2026,48,Binance,BTC,BTCUSDT,2026-02-27,2026-02-13,3,0.0192574
48-BINANCE-BTCUSDT-27FEB2026,48,Binance,BTC,BTCUSDT,2026-02-27,2026-02-14,3,0.005004150000000001
48-BINANCE-BTCUSDT-27FEB2026,48,Binance,BTC,BTCUSDT,2026-02-27,2026-02-15,3,0.0044712499999999995
48-BINANCE-BTCUSDT-27FEB2026,48,Binance,BTC,BTCUSDT,2026-02-27,2026-02-16,3,-0.017264500000000002
48-BINANCE-BTCUSDT-27FEB2026,48,Binance,BTC,BTCUSDT,2026-02-27,2026-02-17,3,0.0497568
48-BINANCE-BTCUSDT-27FEB2026,48,Binance,BTC,BTCUSDT,2026-02-27,2026-02-18,3,0.0243747
48-BINANCE-BTCUSDT-27FEB2026,48,Binance,BTC,BTCUSDT,2026-02-27,2026-02-19,3,-0.015987
48-BINANCE-BTCUSDT-27FEB2026,48,Binance,BTC,BTCUSDT,2026-02-27,2026-02-20,3,0.0218854
48-BINANCE-BTCUSDT-27FEB2026,48,Binance,BTC,BTCUSDT,2026-02-27,2026-02-21,3,0.0371424
48-BINANCE-BTCUSDT-27FEB2026,48,Binance,BTC,BTCUSDT,2026-02-27,2026-02-22,3,0.0209656
48-BINANCE-BTCUSDT-27FEB2026,48,Binance,BTC,BTCUSDT,2026-02-27,2026-02-23,3,-0.00043799999999999975
48-BINANCE-BTCUSDT-27FEB2026,48,Binance,BTC,BTCUSDT,2026-02-27,2026-02-24,3,0.01580815
48-BINANCE-BTCUSDT-27FEB2026,48,Binance,BTC,BTCUSDT,2026-02-27,2026-02-25,3,0.005256
48-BINANCE-BTCUSDT-27FEB2026,48,Binance,BTC,BTCUSDT,2026-02-27,2026-02-26,3,0.0032156500000000005
48-BINANCE-BTCUSDT-27FEB2026,48,Binance,BTC,BTCUSDT,2026-02-27,2026-02-27,1,-0.01085145
49-HYPERLIQUID-BTC-27FEB2026,49,Hyperliquid,BTC,BTC,2026-02-27,2026-01-26,15,0.0443041672
49-HYPERLIQUID-BTC-27FEB2026,49,Hyperliquid,BTC,BTC,2026-02-27,2026-01-27,24,0.094410316
49-HYPERLIQUID-BTC-27FEB2026,49,Hyperliquid,BTC,BTC,2026-02-27,2026-01-28,24,0.1061693385
49-HYPERLIQUID-BTC-27FEB2026,49,Hyperliquid,BTC,BTC,2026-02-27,2026-01-29,24,0.0973799925
49-HYPERLIQUID-BTC-27FEB2026,49,Hyperliquid,BTC,BTC,2026-02-27,2026-01-30,24,0.0455931355
49-HYPERLIQUID-BTC-27FEB2026,49,Hyperliquid,BTC,BTC,2026-02-27,2026-01-31,24,0.09603149999999999
49-HYPERLIQUID-BTC-27FEB2026,49,Hyperliquid,BTC,BTC,2026-02-27,2026-02-01,24,0.0818109905
49-HYPERLIQUID-BTC-27FEB2026,49,Hyperliquid,BTC,BTC,2026-02-27,2026-02-02,24,-0.0917987775
49-HYPERLIQUID-BTC-27FEB2026,49,Hyperliquid,BTC,BTC,2026-02-27,2026-02-03,24,0.0023434459999999995
49-HYPERLIQUID-BTC-27FEB2026,49,Hyperliquid,BTC,BTC,2026-02-27,2026-02-04,24,0.100767448
49-HYPERLIQUID-BTC-27FEB2026,49,Hyperliquid,BTC,BTC,2026-02-27,2026-02-05,24,0.1062004365
49-HYPERLIQUID-BTC-27FEB2026,49,Hyperliquid,BTC,BTC,2026-02-27,2026-02-06,24,-0.1410293205
49-HYPERLIQUID-BTC-27FEB2026,49,Hyperliquid,BTC,BTC,2026-02-27,2026-02-07,24,-0.151965414
49-HYPERLIQUID-BTC-27FEB2026,49,Hyperliquid,BTC,BTC,2026-02-27,2026-02-08,24,-0.024365867
49-HYPERLIQUID-BTC-27FEB2026,49,Hyperliquid,BTC,BTC,2026-02-27,2026-02-09,24,-0.00017023600000000001
49-HYPERLIQUID-BTC-27FEB2026,49,Hyperliquid,BTC,BTC,2026-02-27,2026-02-10,24,0.030287116
49-HYPERLIQUID-BTC-27FEB2026,49,Hyperliquid,BTC,BTC,2026-02-27,2026-02-11,24,0.01252607
49-HYPERLIQUID-BTC-27FEB2026,49,Hyperliquid,BTC,BTC,2026-02-27,2026-02-12,24,0.0056735234999999995
49-HYPERLIQUID-BTC-27FEB2026,49,Hyperliquid,BTC,BTC,2026-02-27,2026-02-13,24,0.053434248
49-HYPERLIQUID-BTC-27FEB2026,49,Hyperliquid,BTC,BTC,2026-02-27,2026-02-14,24,0.105181758
49-HYPERLIQUID-BTC-27FEB2026,49,Hyperliquid,BTC,BTC,2026-02-27,2026-02-15,24,0.081398139
49-HYPERLIQUID-BTC-27FEB2026,49,Hyperliquid,BTC,BTC,2026-02-27,2026-02-16,24,0.048790207
49-HYPERLIQUID-BTC-27FEB2026,49,Hyperliquid,BTC,BTC,2026-02-27,2026-02-17,24,0.06478136799999999
49-HYPERLIQUID-BTC-27FEB2026,49,Hyperliquid,BTC,BTC,2026-02-27,2026-02-18,24,0.063457732
49-HYPERLIQUID-BTC-27FEB2026,49,Hyperliquid,BTC,BTC,2026-02-27,2026-02-19,24,0.0901923395
49-HYPERLIQUID-BTC-27FEB2026,49,Hyperliquid,BTC,BTC,2026-02-27,2026-02-20,24,0.08336165649999999
49-HYPERLIQUID-BTC-27FEB2026,49,Hyperliquid,BTC,BTC,2026-02-27,2026-02-21,24,-0.019277329
49-HYPERLIQUID-BTC-27FEB2026,49,Hyperliquid,BTC,BTC,2026-02-27,2026-02-22,24,0.012688203
49-HYPERLIQUID-BTC-27FEB2026,49,Hyperliquid,BTC,BTC,2026-02-27,2026-02-23,24,0.035440405
49-HYPERLIQUID-BTC-27FEB2026,49,Hyperliquid,BTC,BTC,2026-02-27,2026-02-24,24,0.065769496
49-HYPERLIQUID-BTC-27FEB2026,49,Hyperliquid,BTC,BTC,2026-02-27,2026-02-25,24,0.018420199499999998
49-HYPERLIQUID-BTC-27FEB2026,49,Hyperliquid,BTC,BTC,2026-02-27,2026-02-26,24,0.052457654
49-HYPERLIQUID-BTC-27FEB2026,49,Hyperliquid,BTC,BTC,2026-02-27,2026-02-27,1,0.052066812
5-BINANCE-ETHUSDT-26DEC2025,5,Binance,ETH,ETHUSDT,2025-12-26,2025-08-21,2,0.014722275
5-BINANCE-ETHUSDT-26DEC2025,5,Binance,ETH,ETHUSDT,2025-12-26,2025-08-22,3,0.0695325
5-BINANCE-ETHUSDT-26DEC2025,5,Binance,ETH,ETHUSDT,2025-12-26,2025-08-23,3,0.1095
5-BINANCE-ETHUSDT-26DEC2025,5,Binance,ETH,ETHUSDT,2025-12-26,2025-08-24,3,0.1095
5-BINANCE-ETHUSDT-26DEC2025,5,Binance,ETH,ETHUSDT,2025-12-26,2025-08-25,3,0.04099315
5-BINANCE-ETHUSDT-26DEC2025,5,Binance,ETH,ETHUSDT,2025-12-26,2025-08-26,3,0.0050005
5-BINANCE-ETHUSDT-26DEC2025,5,Binance,ETH,ETHUSDT,2025-12-26,2025-08-27,3,0.019220900000000003
5-BINANCE-ETHUSDT-26DEC2025,5,Binance,ETH,ETHUSDT,2025-12-26,2025-08-28,3,0.03935795
5-BINANCE-ETHUSDT-26DEC2025,5,Binance,ETH,ETHUSDT,2025-12-26,2025-08-29,3,0.02994825
5-BINANCE-ETHUSDT-26DEC2025,5,Binance,ETH,ETHUSDT,2025-12-26,2025-08-30,3,0.02595515
5-BINANCE-ETHUSDT-26DEC2025,5,Binance,ETH,ETHUSDT,2025-12-26,2025-08-31,3,0.01094635
5-BINANCE-ETHUSDT-26DEC2025,5,Binance,ETH,ETHUSDT,2025-12-26,2025-09-01,3,-0.0120158
5-BINANCE-ETHUSDT-26DEC2025,5,Binance,ETH,ETHUSDT,2025-12-26,2025-09-02,3,0.03264925
5-BINANCE-ETHUSDT-26DEC2025,5,Binance,ETH,ETHUSDT,2025-12-26,2025-09-03,3,0.01779375
5-BINANCE-ETHUSDT-26DEC2025,5,Binance,ETH,ETHUSDT,2025-12-26,2025-09-04,3,-0.008132200000000001
5-BINANCE-ETHUSDT-26DEC2025,5,Binance,ETH,ETHUSDT,2025-12-26,2025-09-05,3,-0.022374500000000002
5-BINANCE-ETHUSDT-26DEC2025,5,Binance,ETH,ETHUSDT,2025-12-26,2025-09-06,3,0.0215788
5-BINANCE-ETHUSDT-26DEC2025,5,Binance,ETH,ETHUSDT,2025-12-26,2025-09-07,3,0.06649935
5-BINANCE-ETHUSDT-26DEC2025,5,Binance,ETH,ETHUSDT,2025-12-26,2025-09-08,3,0.05000865000000001
5-BINANCE-ETHUSDT-26DEC2025,5,Binance,ETH,ETHUSDT,2025-12-26,2025-09-09,3,0.07793115
5-BINANCE-ETHUSDT-26DEC2025,5,Binance,ETH,ETHUSDT,2025-12-26,2025-09-10,3,0.09116239999999999
5-BINANCE-ETHUSDT-26DEC2025,5,Binance,ETH,ETHUSDT,2025-12-26,2025-09-11,3,0.0724233
5-BINANCE-ETHUSDT-26DEC2025,5,Binance,ETH,ETHUSDT,2025-12-26,2025-09-12,3,0.09073170000000001
5-BINANCE-ETHUSDT-26DEC2025,5,Binance,ETH,ETHUSDT,2025-12-26,2025-09-13,3,0.10882474999999998
5-BINANCE-ETHUSDT-26DEC2025,5,Binance,ETH,ETHUSDT,2025-12-26,2025-09-14,3,0.051957750000000004
5-BINANCE-ETHUSDT-26DEC2025,5,Binance,ETH,ETHUSDT,2025-12-26,2025-09-15,3,0.0639918
5-BINANCE-ETHUSDT-26DEC2025,5,Binance,ETH,ETHUSDT,2025-12-26,2025-09-16,3,0.04052595
5-BINANCE-ETHUSDT-26DEC2025,5,Binance,ETH,ETHUSDT,2025-12-26,2025-09-17,3,0.04446795
5-BINANCE-ETHUSDT-26DEC2025,5,Binance,ETH,ETHUSDT,2025-12-26,2025-09-18,3,0.04165745
5-BINANCE-ETHUSDT-26DEC2025,5,Binance,ETH,ETHUSDT,2025-12-26,2025-09-19,3,0.0018870499999999988
5-BINANCE-ETHUSDT-26DEC2025,5,Binance,ETH,ETHUSDT,2025-12-26,2025-09-20,3,-0.0028251
5-BINANCE-ETHUSDT-26DEC2025,5,Binance,ETH,ETHUSDT,2025-12-26,2025-09-21,3,0.02005675
5-BINANCE-ETHUSDT-26DEC2025,5,Binance,ETH,ETHUSDT,2025-12-26,2025-09-22,3,-0.007522650000000001
5-BINANCE-ETHUSDT-26DEC2025,5,Binance,ETH,ETHUSDT,2025-12-26,2025-09-23,3,0.0117238
5-BINANCE-ETHUSDT-26DEC2025,5,Binance,ETH,ETHUSDT,2025-12-26,2025-09-24,3,-0.0070225999999999995
5-BINANCE-ETHUSDT-26DEC2025,5,Binance,ETH,ETHUSDT,2025-12-26,2025-09-25,3,-0.024498799999999998
5-BINANCE-ETHUSDT-26DEC2025,5,Binance,ETH,ETHUSDT,2025-12-26,2025-09-26,3,0.06187845
5-BINANCE-ETHUSDT-26DEC2025,5,Binance,ETH,ETHUSDT,2025-12-26,2025-09-27,3,0.04664335
5-BINANCE-ETHUSDT-26DEC2025,5,Binance,ETH,ETHUSDT,2025-12-26,2025-09-28,3,0.0744746
5-BINANCE-ETHUSDT-26DEC2025,5,Binance,ETH,ETHUSDT,2025-12-26,2025-09-29,3,0.0141036
5-BINANCE-ETHUSDT-26DEC2025,5,Binance,ETH,ETHUSDT,2025-12-26,2025-09-30,3,0.00029564999999999973
5-BINANCE-ETHUSDT-26DEC2025,5,Binance,ETH,ETHUSDT,2025-12-26,2025-10-01,3,0.0009234500000000005
5-BINANCE-ETHUSDT-26DEC2025,5,Binance,ETH,ETHUSDT,2025-12-26,2025-10-02,3,0.03012345
5-BINANCE-ETHUSDT-26DEC2025,5,Binance,ETH,ETHUSDT,2025-12-26,2025-10-03,3,0.0541587
5-BINANCE-ETHUSDT-26DEC2025,5,Binance,ETH,ETHUSDT,2025-12-26,2025-10-04,3,0.04049675
5-BINANCE-ETHUSDT-26DEC2025,5,Binance,ETH,ETHUSDT,2025-12-26,2025-10-05,3,0.09296185
5-BINANCE-ETHUSDT-26DEC2025,5,Binance,ETH,ETHUSDT,2025-12-26,2025-10-06,3,0.10181309999999999
5-BINANCE-ETHUSDT-26DEC2025,5,Binance,ETH,ETHUSDT,2025-12-26,2025-10-07,3,0.1095
5-BINANCE-ETHUSDT-26DEC2025,5,Binance,ETH,ETHUSDT,2025-12-26,2025-10-08,3,0.03121845
5-BINANCE-ETHUSDT-26DEC2025,5,Binance,ETH,ETHUSDT,2025-12-26,2025-10-09,3,0.03335735
5-BINANCE-ETHUSDT-26DEC2025,5,Binance,ETH,ETHUSDT,2025-12-26,2025-10-10,3,-0.0002591499999999985
5-BINANCE-ETHUSDT-26DEC2025,5,Binance,ETH,ETHUSDT,2025-12-26,2025-10-11,3,-0.011924549999999997
5-BINANCE-ETHUSDT-26DEC2025,5,Binance,ETH,ETHUSDT,2025-12-26,2025-10-12,3,-0.03901485
5-BINANCE-ETHUSDT-26DEC2025,5,Binance,ETH,ETHUSDT,2025-12-26,2025-10-13,3,0.0287109
5-BINANCE-ETHUSDT-26DEC2025,5,Binance,ETH,ETHUSDT,2025-12-26,2025-10-14,3,0.03156155
5-BINANCE-ETHUSDT-26DEC2025,5,Binance,ETH,ETHUSDT,2025-12-26,2025-10-15,3,0.029849700000000003
5-BINANCE-ETHUSDT-26DEC2025,5,Binance,ETH,ETHUSDT,2025-12-26,2025-10-16,3,0.0032266
5-BINANCE-ETHUSDT-26DEC2025,5,Binance,ETH,ETHUSDT,2025-12-26,2025-10-17,3,0.04360655
5-BINANCE-ETHUSDT-26DEC2025,5,Binance,ETH,ETHUSDT,2025-12-26,2025-10-18,3,0.03291935
5-BINANCE-ETHUSDT-26DEC2025,5,Binance,ETH,ETHUSDT,2025-12-26,2025-10-19,3,0.0432671
5-BINANCE-ETHUSDT-26DEC2025,5,Binance,ETH,ETHUSDT,2025-12-26,2025-10-20,3,0.050709449999999996
5-BINANCE-ETHUSDT-26DEC2025,5,Binance,ETH,ETHUSDT,2025-12-26,2025-10-21,3,0.04124865
5-BINANCE-ETHUSDT-26DEC2025,5,Binance,ETH,ETHUSDT,2025-12-26,2025-10-22,3,0.00763945
5-BINANCE-ETHUSDT-26DEC2025,5,Binance,ETH,ETHUSDT,2025-12-26,2025-10-23,3,0.03608755
5-BINANCE-ETHUSDT-26DEC2025,5,Binance,ETH,ETHUSDT,2025-12-26,2025-10-24,3,0.048837
5-BINANCE-ETHUSDT-26DEC2025,5,Binance,ETH,ETHUSDT,2025-12-26,2025-10-25,3,0.03372965
5-BINANCE-ETHUSDT-26DEC2025,5,Binance,ETH,ETHUSDT,2025-12-26,2025-10-26,3,0.08058835
5-BINANCE-ETHUSDT-26DEC2025,5,Binance,ETH,ETHUSDT,2025-12-26,2025-10-27,3,0.10156855
5-BINANCE-ETHUSDT-26DEC2025,5,Binance,ETH,ETHUSDT,2025-12-26,2025-10-28,3,0.03776655
5-BINANCE-ETHUSDT-26DEC2025,5,Binance,ETH,ETHUSDT,2025-12-26,2025-10-29,3,-0.008219800000000001
5-BINANCE-ETHUSDT-26DEC2025,5,Binance,ETH,ETHUSDT,2025-12-26,2025-10-30,3,-0.043894899999999994
5-BINANCE-ETHUSDT-26DEC2025,5,Binance,ETH,ETHUSDT,2025-12-26,2025-10-31,3,0.03545245
5-BINANCE-ETHUSDT-26DEC2025,5,Binance,ETH,ETHUSDT,2025-12-26,2025-11-01,3,0.086797
5-BINANCE-ETHUSDT-26DEC2025,5,Binance,ETH,ETHUSDT,2025-12-26,2025-11-02,3,0.07013475
5-BINANCE-ETHUSDT-26DEC2025,5,Binance,ETH,ETHUSDT,2025-12-26,2025-11-03,3,0.043194100000000006
5-BINANCE-ETHUSDT-26DEC2025,5,Binance,ETH,ETHUSDT,2025-12-26,2025-11-04,3,0.07938384999999999
5-BINANCE-ETHUSDT-26DEC2025,5,Binance,ETH,ETHUSDT,2025-12-26,2025-11-05,3,0.02250955
5-BINANCE-ETHUSDT-26DEC2025,5,Binance,ETH,ETHUSDT,2025-12-26,2025-11-06,3,0.036412400000000004
5-BINANCE-ETHUSDT-26DEC2025,5,Binance,ETH,ETHUSDT,2025-12-26,2025-11-07,3,0.075336
5-BINANCE-ETHUSDT-26DEC2025,5,Binance,ETH,ETHUSDT,2025-12-26,2025-11-08,3,0.08257395000000001
5-BINANCE-ETHUSDT-26DEC2025,5,Binance,ETH,ETHUSDT,2025-12-26,2025-11-09,3,0.045588500000000004
5-BINANCE-ETHUSDT-26DEC2025,5,Binance,ETH,ETHUSDT,2025-12-26,2025-11-10,3,0.07515715
5-BINANCE-ETHUSDT-26DEC2025,5,Binance,ETH,ETHUSDT,2025-12-26,2025-11-11,3,0.011796800000000001
5-BINANCE-ETHUSDT-26DEC2025,5,Binance,ETH,ETHUSDT,2025-12-26,2025-11-12,3,0.024520700000000003
5-BINANCE-ETHUSDT-26DEC2025,5,Binance,ETH,ETHUSDT,2025-12-26,2025-11-13,3,0.0704012
5-BINANCE-ETHUSDT-26DEC2025,5,Binance,ETH,ETHUSDT,2025-12-26,2025-11-14,3,0.04070845
5-BINANCE-ETHUSDT-26DEC2025,5,Binance,ETH,ETHUSDT,2025-12-26,2025-11-15,3,0.05130075
5-BINANCE-ETHUSDT-26DEC2025,5,Binance,ETH,ETHUSDT,2025-12-26,2025-11-16,3,0.10139335
5-BINANCE-ETHUSDT-26DEC2025,5,Binance,ETH,ETHUSDT,2025-12-26,2025-11-17,3,0.09487079999999999
5-BINANCE-ETHUSDT-26DEC2025,5,Binance,ETH,ETHUSDT,2025-12-26,2025-11-18,3,0.0911916
5-BINANCE-ETHUSDT-26DEC2025,5,Binance,ETH,ETHUSDT,2025-12-26,2025-11-19,3,0.07274815
5-BINANCE-ETHUSDT-26DEC2025,5,Binance,ETH,ETHUSDT,2025-12-26,2025-11-20,3,0.07928895
5-BINANCE-ETHUSDT-26DEC2025,5,Binance,ETH,ETHUSDT,2025-12-26,2025-11-21,3,0.039135300000000005
5-BINANCE-ETHUSDT-26DEC2025,5,Binance,ETH,ETHUSDT,2025-12-26,2025-11-22,3,0.050045150000000004
5-BINANCE-ETHUSDT-26DEC2025,5,Binance,ETH,ETHUSDT,2025-12-26,2025-11-23,3,0.012782300000000002
5-BINANCE-ETHUSDT-26DEC2025,5,Binance,ETH,ETHUSDT,2025-12-26,2025-11-24,3,0.045756399999999996
5-BINANCE-ETHUSDT-26DEC2025,5,Binance,ETH,ETHUSDT,2025-12-26,2025-11-25,3,0.02993
5-BINANCE-ETHUSDT-26DEC2025,5,Binance,ETH,ETHUSDT,2025-12-26,2025-11-26,3,0.02070645
5-BINANCE-ETHUSDT-26DEC2025,5,Binance,ETH,ETHUSDT,2025-12-26,2025-11-27,3,0.01861865
5-BINANCE-ETHUSDT-26DEC2025,5,Binance,ETH,ETHUSDT,2025-12-26,2025-11-28,3,0.0058035000000000005
5-BINANCE-ETHUSDT-26DEC2025,5,Binance,ETH,ETHUSDT,2025-12-26,2025-11-29,3,0.0107018
5-BINANCE-ETHUSDT-26DEC2025,5,Binance,ETH,ETHUSDT,2025-12-26,2025-11-30,3,0.05709329999999999
5-BINANCE-ETHUSDT-26DEC2025,5,Binance,ETH,ETHUSDT,2025-12-26,2025-12-01,3,0.038675400000000006
5-BINANCE-ETHUSDT-26DEC2025,5,Binance,ETH,ETHUSDT,2025-12-26,2025-12-02,3,0.0607652
5-BINANCE-ETHUSDT-26DEC2025,5,Binance,ETH,ETHUSDT,2025-12-26,2025-12-03,3,0.039493
5-BINANCE-ETHUSDT-26DEC2025,5,Binance,ETH,ETHUSDT,2025-12-26,2025-12-04,3,0.09465544999999999
5-BINANCE-ETHUSDT-26DEC2025,5,Binance,ETH,ETHUSDT,2025-12-26,2025-12-05,3,0.062269
5-BINANCE-ETHUSDT-26DEC2025,5,Binance,ETH,ETHUSDT,2025-12-26,2025-12-06,3,0.029652599999999998
5-BINANCE-ETHUSDT-26DEC2025,5,Binance,ETH,ETHUSDT,2025-12-26,2025-12-07,3,0.015293500000000002
5-BINANCE-ETHUSDT-26DEC2025,5,Binance,ETH,ETHUSDT,2025-12-26,2025-12-08,3,0.051778899999999996
5-BINANCE-ETHUSDT-26DEC2025,5,Binance,ETH,ETHUSDT,2025-12-26,2025-12-09,3,0.0561005
5-BINANCE-ETHUSDT-26DEC2025,5,Binance,ETH,ETHUSDT,2025-12-26,2025-12-10,3,0.07625215
5-BINANCE-ETHUSDT-26DEC2025,5,Binance,ETH,ETHUSDT,2025-12-26,2025-12-11,3,0.0353101
5-BINANCE-ETHUSDT-26DEC2025,5,Binance,ETH,ETHUSDT,2025-12-26,2025-12-12,3,0.009975449999999999
5-BINANCE-ETHUSDT-26DEC2025,5,Binance,ETH,ETHUSDT,2025-12-26,2025-12-13,3,0.0074642499999999995
5-BINANCE-ETHUSDT-26DEC2025,5,Binance,ETH,ETHUSDT,2025-12-26,2025-12-14,3,0.07809905
5-BINANCE-ETHUSDT-26DEC2025,5,Binance,ETH,ETHUSDT,2025-12-26,2025-12-15,3,0.042413
5-BINANCE-ETHUSDT-26DEC2025,5,Binance,ETH,ETHUSDT,2025-12-26,2025-12-16,3,-0.0008395000000000003
5-BINANCE-ETHUSDT-26DEC2025,5,Binance,ETH,ETHUSDT,2025-12-26,2025-12-17,3,0.0151694
5-BINANCE-ETHUSDT-26DEC2025,5,Binance,ETH,ETHUSDT,2025-12-26,2025-12-18,3,0.0031791499999999986
5-BINANCE-ETHUSDT-26DEC2025,5,Binance,ETH,ETHUSDT,2025-12-26,2025-12-19,3,0.0812636
5-BINANCE-ETHUSDT-26DEC2025,5,Binance,ETH,ETHUSDT,2025-12-26,2025-12-20,3,0.01755285
5-BINANCE-ETHUSDT-26DEC2025,5,Binance,ETH,ETHUSDT,2025-12-26,2025-12-21,3,0.02325415
5-BINANCE-ETHUSDT-26DEC2025,5,Binance,ETH,ETHUSDT,2025-12-26,2025-12-22,3,-0.008486249999999999
5-BINANCE-ETHUSDT-26DEC2025,5,Binance,ETH,ETHUSDT,2025-12-26,2025-12-23,3,0.048333299999999996
5-BINANCE-ETHUSDT-26DEC2025,5,Binance,ETH,ETHUSDT,2025-12-26,2025-12-24,3,0.05255635
5-BINANCE-ETHUSDT-26DEC2025,5,Binance,ETH,ETHUSDT,2025-12-26,2025-12-25,3,0.06637525
5-BINANCE-ETHUSDT-26DEC2025,5,Binance,ETH,ETHUSDT,2025-12-26,2025-12-26,1,0.0550566
50-HYPERLIQUID-BTC-27FEB2026,50,Hyperliquid,BTC,BTC,2026-02-27,2026-01-26,15,0.0443041672
50-HYPERLIQUID-BTC-27FEB2026,50,Hyperliquid,BTC,BTC,2026-02-27,2026-01-27,24,0.094410316
50-HYPERLIQUID-BTC-27FEB2026,50,Hyperliquid,BTC,BTC,2026-02-27,2026-01-28,24,0.1061693385
50-HYPERLIQUID-BTC-27FEB2026,50,Hyperliquid,BTC,BTC,2026-02-27,2026-01-29,24,0.0973799925
50-HYPERLIQUID-BTC-27FEB2026,50,Hyperliquid,BTC,BTC,2026-02-27,2026-01-30,24,0.0455931355
50-HYPERLIQUID-BTC-27FEB2026,50,Hyperliquid,BTC,BTC,2026-02-27,2026-01-31,24,0.09603149999999999
50-HYPERLIQUID-BTC-27FEB2026,50,Hyperliquid,BTC,BTC,2026-02-27,2026-02-01,24,0.0818109905
50-HYPERLIQUID-BTC-27FEB2026,50,Hyperliquid,BTC,BTC,2026-02-27,2026-02-02,24,-0.0917987775
50-HYPERLIQUID-BTC-27FEB2026,50,Hyperliquid,BTC,BTC,2026-02-27,2026-02-03,24,0.0023434459999999995
50-HYPERLIQUID-BTC-27FEB2026,50,Hyperliquid,BTC,BTC,2026-02-27,2026-02-04,24,0.100767448
50-HYPERLIQUID-BTC-27FEB2026,50,Hyperliquid,BTC,BTC,2026-02-27,2026-02-05,24,0.1062004365
50-HYPERLIQUID-BTC-27FEB2026,50,Hyperliquid,BTC,BTC,2026-02-27,2026-02-06,24,-0.1410293205
50-HYPERLIQUID-BTC-27FEB2026,50,Hyperliquid,BTC,BTC,2026-02-27,2026-02-07,24,-0.151965414
50-HYPERLIQUID-BTC-27FEB2026,50,Hyperliquid,BTC,BTC,2026-02-27,2026-02-08,24,-0.024365867
50-HYPERLIQUID-BTC-27FEB2026,50,Hyperliquid,BTC,BTC,2026-02-27,2026-02-09,24,-0.00017023600000000001
50-HYPERLIQUID-BTC-27FEB2026,50,Hyperliquid,BTC,BTC,2026-02-27,2026-02-10,24,0.030287116
50-HYPERLIQUID-BTC-27FEB2026,50,Hyperliquid,BTC,BTC,2026-02-27,2026-02-11,24,0.01252607
50-HYPERLIQUID-BTC-27FEB2026,50,Hyperliquid,BTC,BTC,2026-02-27,2026-02-12,24,0.0056735234999999995
50-HYPERLIQUID-BTC-27FEB2026,50,Hyperliquid,BTC,BTC,2026-02-27,2026-02-13,24,0.053434248
50-HYPERLIQUID-BTC-27FEB2026,50,Hyperliquid,BTC,BTC,2026-02-27,2026-02-14,24,0.105181758
50-HYPERLIQUID-BTC-27FEB2026,50,Hyperliquid,BTC,BTC,2026-02-27,2026-02-15,24,0.081398139
50-HYPERLIQUID-BTC-27FEB2026,50,Hyperliquid,BTC,BTC,2026-02-27,2026-02-16,24,0.048790207
50-HYPERLIQUID-BTC-27FEB2026,50,Hyperliquid,BTC,BTC,2026-02-27,2026-02-17,24,0.06478136799999999
50-HYPERLIQUID-BTC-27FEB2026,50,Hyperliquid,BTC,BTC,2026-02-27,2026-02-18,24,0.063457732
50-HYPERLIQUID-BTC-27FEB2026,50,Hyperliquid,BTC,BTC,2026-02-27,2026-02-19,24,0.0901923395
50-HYPERLIQUID-BTC-27FEB2026,50,Hyperliquid,BTC,BTC,2026-02-27,2026-02-20,24,0.08336165649999999
50-HYPERLIQUID-BTC-27FEB2026,50,Hyperliquid,BTC,BTC,2026-02-27,2026-02-21,24,-0.019277329
50-HYPERLIQUID-BTC-27FEB2026,50,Hyperliquid,BTC,BTC,2026-02-27,2026-02-22,24,0.012688203
50-HYPERLIQUID-BTC-27FEB2026,50,Hyperliquid,BTC,BTC,2026-02-27,2026-02-23,24,0.035440405
50-HYPERLIQUID-BTC-27FEB2026,50,Hyperliquid,BTC,BTC,2026-02-27,2026-02-24,24,0.065769496
50-HYPERLIQUID-BTC-27FEB2026,50,Hyperliquid,BTC,BTC,2026-02-27,2026-02-25,24,0.018420199499999998
50-HYPERLIQUID-BTC-27FEB2026,50,Hyperliquid,BTC,BTC,2026-02-27,2026-02-26,24,0.052457654
50-HYPERLIQUID-BTC-27FEB2026,50,Hyperliquid,BTC,BTC,2026-02-27,2026-02-27,1,0.052066812
51-HYPERLIQUID-HYPE-27FEB2026,51,Hyperliquid,HYPE,HYPE,2026-02-27,2026-01-26,15,0.14722131919999998
51-HYPERLIQUID-HYPE-27FEB2026,51,Hyperliquid,HYPE,HYPE,2026-02-27,2026-01-27,24,0.11087510099999999
51-HYPERLIQUID-HYPE-27FEB2026,51,Hyperliquid,HYPE,HYPE,2026-02-27,2026-01-28,24,0.059409590000000005
51-HYPERLIQUID-HYPE-27FEB2026,51,Hyperliquid,HYPE,HYPE,2026-02-27,2026-01-29,24,0.052458749
51-HYPERLIQUID-HYPE-27FEB2026,51,Hyperliquid,HYPE,HYPE,2026-02-27,2026-01-30,24,0.12104502299999999
51-HYPERLIQUID-HYPE-27FEB2026,51,Hyperliquid,HYPE,HYPE,2026-02-27,2026-01-31,24,0.11087663399999999
51-HYPERLIQUID-HYPE-27FEB2026,51,Hyperliquid,HYPE,HYPE,2026-02-27,2026-02-01,24,0.0821488345
51-HYPERLIQUID-HYPE-27FEB2026,51,Hyperliquid,HYPE,HYPE,2026-02-27,2026-02-02,24,0.075276067
51-HYPERLIQUID-HYPE-27FEB2026,51,Hyperliquid,HYPE,HYPE,2026-02-27,2026-02-03,24,0.10270808
51-HYPERLIQUID-HYPE-27FEB2026,51,Hyperliquid,HYPE,HYPE,2026-02-27,2026-02-04,24,0.1027184095
51-HYPERLIQUID-HYPE-27FEB2026,51,Hyperliquid,HYPE,HYPE,2026-02-27,2026-02-05,24,0.141354207
51-HYPERLIQUID-HYPE-27FEB2026,51,Hyperliquid,HYPE,HYPE,2026-02-27,2026-02-06,24,0.108874682
51-HYPERLIQUID-HYPE-27FEB2026,51,Hyperliquid,HYPE,HYPE,2026-02-27,2026-02-07,24,0.09497245250000001
51-HYPERLIQUID-HYPE-27FEB2026,51,Hyperliquid,HYPE,HYPE,2026-02-27,2026-02-08,24,0.10405029449999999
51-HYPERLIQUID-HYPE-27FEB2026,51,Hyperliquid,HYPE,HYPE,2026-02-27,2026-02-09,24,0.105258554
51-HYPERLIQUID-HYPE-27FEB2026,51,Hyperliquid,HYPE,HYPE,2026-02-27,2026-02-10,24,0.1095
51-HYPERLIQUID-HYPE-27FEB2026,51,Hyperliquid,HYPE,HYPE,2026-02-27,2026-02-11,24,0.12305606349999999
51-HYPERLIQUID-HYPE-27FEB2026,51,Hyperliquid,HYPE,HYPE,2026-02-27,2026-02-12,24,0.104423653
51-HYPERLIQUID-HYPE-27FEB2026,51,Hyperliquid,HYPE,HYPE,2026-02-27,2026-02-13,24,0.087635697
51-HYPERLIQUID-HYPE-27FEB2026,51,Hyperliquid,HYPE,HYPE,2026-02-27,2026-02-14,24,0.0957701965
51-HYPERLIQUID-HYPE-27FEB2026,51,Hyperliquid,HYPE,HYPE,2026-02-27,2026-02-15,24,0.10019071149999999
51-HYPERLIQUID-HYPE-27FEB2026,51,Hyperliquid,HYPE,HYPE,2026-02-27,2026-02-16,24,0.009098428
51-HYPERLIQUID-HYPE-27FEB2026,51,Hyperliquid,HYPE,HYPE,2026-02-27,2026-02-17,24,0.1095
51-HYPERLIQUID-HYPE-27FEB2026,51,Hyperliquid,HYPE,HYPE,2026-02-27,2026-02-18,24,0.0705113935
51-HYPERLIQUID-HYPE-27FEB2026,51,Hyperliquid,HYPE,HYPE,2026-02-27,2026-02-19,24,0.09788066299999999
51-HYPERLIQUID-HYPE-27FEB2026,51,Hyperliquid,HYPE,HYPE,2026-02-27,2026-02-20,24,0.021696038
51-HYPERLIQUID-HYPE-27FEB2026,51,Hyperliquid,HYPE,HYPE,2026-02-27,2026-02-21,24,0.1095
51-HYPERLIQUID-HYPE-27FEB2026,51,Hyperliquid,HYPE,HYPE,2026-02-27,2026-02-22,24,0.107159693
51-HYPERLIQUID-HYPE-27FEB2026,51,Hyperliquid,HYPE,HYPE,2026-02-27,2026-02-23,24,0.007215940499999999
51-HYPERLIQUID-HYPE-27FEB2026,51,Hyperliquid,HYPE,HYPE,2026-02-27,2026-02-24,24,0.005135513499999998
51-HYPERLIQUID-HYPE-27FEB2026,51,Hyperliquid,HYPE,HYPE,2026-02-27,2026-02-25,24,-0.19125233500000002
51-HYPERLIQUID-HYPE-27FEB2026,51,Hyperliquid,HYPE,HYPE,2026-02-27,2026-02-26,24,0.004483112500000001
51-HYPERLIQUID-HYPE-27FEB2026,51,Hyperliquid,HYPE,HYPE,2026-02-27,2026-02-27,1,0.1095
52-OKX-HYPEUSDT-27FEB2026,52,OKX,HYPE,HYPEUSDT,2026-02-27,2026-01-26,4,0.082125
52-OKX-HYPEUSDT-27FEB2026,52,OKX,HYPE,HYPEUSDT,2026-02-27,2026-01-27,6,0.1095
52-OKX-HYPEUSDT-27FEB2026,52,OKX,HYPE,HYPEUSDT,2026-02-27,2026-01-28,6,-0.06389997168231999
52-OKX-HYPEUSDT-27FEB2026,52,OKX,HYPE,HYPEUSDT,2026-02-27,2026-01-29,6,-0.0541554326293175
52-OKX-HYPEUSDT-27FEB2026,52,OKX,HYPE,HYPEUSDT,2026-02-27,2026-01-30,6,0.0619831452723855
52-OKX-HYPEUSDT-27FEB2026,52,OKX,HYPE,HYPEUSDT,2026-02-27,2026-01-31,6,0.1095
52-OKX-HYPEUSDT-27FEB2026,52,OKX,HYPE,HYPEUSDT,2026-02-27,2026-02-01,6,0.02094988080488
52-OKX-HYPEUSDT-27FEB2026,52,OKX,HYPE,HYPEUSDT,2026-02-27,2026-02-02,6,0.022907364716581502
52-OKX-HYPEUSDT-27FEB2026,52,OKX,HYPE,HYPEUSDT,2026-02-27,2026-02-03,6,-0.024515537979981
52-OKX-HYPEUSDT-27FEB2026,52,OKX,HYPE,HYPEUSDT,2026-02-27,2026-02-04,6,-0.151028552493947
52-OKX-HYPEUSDT-27FEB2026,52,OKX,HYPE,HYPEUSDT,2026-02-27,2026-02-05,6,0.018560374242313497
52-OKX-HYPEUSDT-27FEB2026,52,OKX,HYPE,HYPEUSDT,2026-02-27,2026-02-06,6,-0.019971786495922503
52-OKX-HYPEUSDT-27FEB2026,52,OKX,HYPE,HYPEUSDT,2026-02-27,2026-02-07,6,-0.1344951321362435
52-OKX-HYPEUSDT-27FEB2026,52,OKX,HYPE,HYPEUSDT,2026-02-27,2026-02-08,6,0.0397469466283645
52-OKX-HYPEUSDT-27FEB2026,52,OKX,HYPE,HYPEUSDT,2026-02-27,2026-02-09,6,0.0353334738764605
52-OKX-HYPEUSDT-27FEB2026,52,OKX,HYPE,HYPEUSDT,2026-02-27,2026-02-10,6,0.077397942387928
52-OKX-HYPEUSDT-27FEB2026,52,OKX,HYPE,HYPEUSDT,2026-02-27,2026-02-11,6,0.1095
52-OKX-HYPEUSDT-27FEB2026,52,OKX,HYPE,HYPEUSDT,2026-02-27,2026-02-12,6,0.0477405184707305
52-OKX-HYPEUSDT-27FEB2026,52,OKX,HYPE,HYPEUSDT,2026-02-27,2026-02-13,6,0.0421712647713395
52-OKX-HYPEUSDT-27FEB2026,52,OKX,HYPE,HYPEUSDT,2026-02-27,2026-02-14,6,-0.047426721623489994
52-OKX-HYPEUSDT-27FEB2026,52,OKX,HYPE,HYPEUSDT,2026-02-27,2026-02-15,6,-0.066761577260469
52-OKX-HYPEUSDT-27FEB2026,52,OKX,HYPE,HYPEUSDT,2026-02-27,2026-02-16,6,-0.050411069861977
52-OKX-HYPEUSDT-27FEB2026,52,OKX,HYPE,HYPEUSDT,2026-02-27,2026-02-17,6,0.1095
52-OKX-HYPEUSDT-27FEB2026,52,OKX,HYPE,HYPEUSDT,2026-02-27,2026-02-18,6,-0.048124164385829005
52-OKX-HYPEUSDT-27FEB2026,52,OKX,HYPE,HYPEUSDT,2026-02-27,2026-02-19,6,-0.022432108042783002
52-OKX-HYPEUSDT-27FEB2026,52,OKX,HYPE,HYPEUSDT,2026-02-27,2026-02-20,6,-0.0536839815124965
52-OKX-HYPEUSDT-27FEB2026,52,OKX,HYPE,HYPEUSDT,2026-02-27,2026-02-21,6,0.0589563902736465
52-OKX-HYPEUSDT-27FEB2026,52,OKX,HYPE,HYPEUSDT,2026-02-27,2026-02-22,6,0.028742053667975
52-OKX-HYPEUSDT-27FEB2026,52,OKX,HYPE,HYPEUSDT,2026-02-27,2026-02-23,6,0.0256880578956135
52-OKX-HYPEUSDT-27FEB2026,52,OKX,HYPE,HYPEUSDT,2026-02-27,2026-02-24,6,0.033808719703880497
52-OKX-HYPEUSDT-27FEB2026,52,OKX,HYPE,HYPEUSDT,2026-02-27,2026-02-25,6,0.052419802027918495
52-OKX-HYPEUSDT-27FEB2026,52,OKX,HYPE,HYPEUSDT,2026-02-27,2026-02-26,6,0.059212287465551496
52-OKX-HYPEUSDT-27FEB2026,52,OKX,HYPE,HYPEUSDT,2026-02-27,2026-02-27,1,0.1095
53-GATE-BTCUSDT-27FEB2026,53,Gate,BTC,BTCUSDT,2026-02-27,2026-02-03,3,-0.005475
53-GATE-BTCUSDT-27FEB2026,53,Gate,BTC,BTCUSDT,2026-02-27,2026-02-04,3,0.04891
53-GATE-BTCUSDT-27FEB2026,53,Gate,BTC,BTCUSDT,2026-02-27,2026-02-05,3,-0.011315
53-GATE-BTCUSDT-27FEB2026,53,Gate,BTC,BTCUSDT,2026-02-27,2026-02-06,3,-0.0511
53-GATE-BTCUSDT-27FEB2026,53,Gate,BTC,BTCUSDT,2026-02-27,2026-02-07,3,-0.04015
53-GATE-BTCUSDT-27FEB2026,53,Gate,BTC,BTCUSDT,2026-02-27,2026-02-08,3,-0.012045
53-GATE-BTCUSDT-27FEB2026,53,Gate,BTC,BTCUSDT,2026-02-27,2026-02-09,3,0.00511
53-GATE-BTCUSDT-27FEB2026,53,Gate,BTC,BTCUSDT,2026-02-27,2026-02-10,3,-0.00803
53-GATE-BTCUSDT-27FEB2026,53,Gate,BTC,BTCUSDT,2026-02-27,2026-02-11,3,-0.00876
53-GATE-BTCUSDT-27FEB2026,53,Gate,BTC,BTCUSDT,2026-02-27,2026-02-12,3,0.02482
53-GATE-BTCUSDT-27FEB2026,53,Gate,BTC,BTCUSDT,2026-02-27,2026-02-13,3,0.026279999999999998
53-GATE-BTCUSDT-27FEB2026,53,Gate,BTC,BTCUSDT,2026-02-27,2026-02-14,3,0.024455
53-GATE-BTCUSDT-27FEB2026,53,Gate,BTC,BTCUSDT,2026-02-27,2026-02-15,3,0.018615
53-GATE-BTCUSDT-27FEB2026,53,Gate,BTC,BTCUSDT,2026-02-27,2026-02-16,3,0.04745
53-GATE-BTCUSDT-27FEB2026,53,Gate,BTC,BTCUSDT,2026-02-27,2026-02-17,3,0.039420000000000004
53-GATE-BTCUSDT-27FEB2026,53,Gate,BTC,BTCUSDT,2026-02-27,2026-02-18,3,0.02409
53-GATE-BTCUSDT-27FEB2026,53,Gate,BTC,BTCUSDT,2026-02-27,2026-02-19,3,0.0029200000000000003
53-GATE-BTCUSDT-27FEB2026,53,Gate,BTC,BTCUSDT,2026-02-27,2026-02-20,3,0.054020000000000006
53-GATE-BTCUSDT-27FEB2026,53,Gate,BTC,BTCUSDT,2026-02-27,2026-02-21,3,0.038689999999999995
53-GATE-BTCUSDT-27FEB2026,53,Gate,BTC,BTCUSDT,2026-02-27,2026-02-22,3,0.036134999999999994
53-GATE-BTCUSDT-27FEB2026,53,Gate,BTC,BTCUSDT,2026-02-27,2026-02-23,3,-0.0032849999999999984
53-GATE-BTCUSDT-27FEB2026,53,Gate,BTC,BTCUSDT,2026-02-27,2026-02-24,3,0.025915000000000004
53-GATE-BTCUSDT-27FEB2026,53,Gate,BTC,BTCUSDT,2026-02-27,2026-02-25,3,-0.002920000000000001
53-GATE-BTCUSDT-27FEB2026,53,Gate,BTC,BTCUSDT,2026-02-27,2026-02-26,3,0.028105
53-GATE-BTCUSDT-27FEB2026,53,Gate,BTC,BTCUSDT,2026-02-27,2026-02-27,1,0.018615
54-GATE-ETHUSDT-27FEB2026,54,Gate,ETH,ETHUSDT,2026-02-27,2026-02-03,3,-0.017519999999999997
54-GATE-ETHUSDT-27FEB2026,54,Gate,ETH,ETHUSDT,2026-02-27,2026-02-04,3,0.019710000000000002
54-GATE-ETHUSDT-27FEB2026,54,Gate,ETH,ETHUSDT,2026-02-27,2026-02-05,3,0.01898
54-GATE-ETHUSDT-27FEB2026,54,Gate,ETH,ETHUSDT,2026-02-27,2026-02-06,3,-0.0438
54-GATE-ETHUSDT-27FEB2026,54,Gate,ETH,ETHUSDT,2026-02-27,2026-02-07,3,0.020805
54-GATE-ETHUSDT-27FEB2026,54,Gate,ETH,ETHUSDT,2026-02-27,2026-02-08,3,-0.023360000000000002
54-GATE-ETHUSDT-27FEB2026,54,Gate,ETH,ETHUSDT,2026-02-27,2026-02-09,3,-0.0292
54-GATE-ETHUSDT-27FEB2026,54,Gate,ETH,ETHUSDT,2026-02-27,2026-02-10,3,-0.005475
54-GATE-ETHUSDT-27FEB2026,54,Gate,ETH,ETHUSDT,2026-02-27,2026-02-11,3,-0.020804999999999997
54-GATE-ETHUSDT-27FEB2026,54,Gate,ETH,ETHUSDT,2026-02-27,2026-02-12,3,-0.023725
54-GATE-ETHUSDT-27FEB2026,54,Gate,ETH,ETHUSDT,2026-02-27,2026-02-13,3,0.00949
54-GATE-ETHUSDT-27FEB2026,54,Gate,ETH,ETHUSDT,2026-02-27,2026-02-14,3,-0.012775
54-GATE-ETHUSDT-27FEB2026,54,Gate,ETH,ETHUSDT,2026-02-27,2026-02-15,3,0.014235
54-GATE-ETHUSDT-27FEB2026,54,Gate,ETH,ETHUSDT,2026-02-27,2026-02-16,3,-0.035405
54-GATE-ETHUSDT-27FEB2026,54,Gate,ETH,ETHUSDT,2026-02-27,2026-02-17,3,0.009125
54-GATE-ETHUSDT-27FEB2026,54,Gate,ETH,ETHUSDT,2026-02-27,2026-02-18,3,0.0065699999999999995
54-GATE-ETHUSDT-27FEB2026,54,Gate,ETH,ETHUSDT,2026-02-27,2026-02-19,3,-0.063145
54-GATE-ETHUSDT-27FEB2026,54,Gate,ETH,ETHUSDT,2026-02-27,2026-02-20,3,-0.03358
54-GATE-ETHUSDT-27FEB2026,54,Gate,ETH,ETHUSDT,2026-02-27,2026-02-21,3,0.043435
54-GATE-ETHUSDT-27FEB2026,54,Gate,ETH,ETHUSDT,2026-02-27,2026-02-22,3,0.015694999999999997
54-GATE-ETHUSDT-27FEB2026,54,Gate,ETH,ETHUSDT,2026-02-27,2026-02-23,3,-0.11789499999999999
54-GATE-ETHUSDT-27FEB2026,54,Gate,ETH,ETHUSDT,2026-02-27,2026-02-24,3,-0.023725
54-GATE-ETHUSDT-27FEB2026,54,Gate,ETH,ETHUSDT,2026-02-27,2026-02-25,3,0.0021899999999999997
54-GATE-ETHUSDT-27FEB2026,54,Gate,ETH,ETHUSDT,2026-02-27,2026-02-26,3,0.0438
54-GATE-ETHUSDT-27FEB2026,54,Gate,ETH,ETHUSDT,2026-02-27,2026-02-27,1,-0.005475
55-BINANCE-XAUUSDT-27FEB2026,55,Binance,XAU,XAUUSDT,2026-02-27,2026-02-03,5,0.0
55-BINANCE-XAUUSDT-27FEB2026,55,Binance,XAU,XAUUSDT,2026-02-27,2026-02-04,6,0.00595315
55-BINANCE-XAUUSDT-27FEB2026,55,Binance,XAU,XAUUSDT,2026-02-27,2026-02-05,6,0.0605389
55-BINANCE-XAUUSDT-27FEB2026,55,Binance,XAU,XAUUSDT,2026-02-27,2026-02-06,6,-0.02377245
55-BINANCE-XAUUSDT-27FEB2026,55,Binance,XAU,XAUUSDT,2026-02-27,2026-02-07,6,0.013377249999999995
55-BINANCE-XAUUSDT-27FEB2026,55,Binance,XAU,XAUUSDT,2026-02-27,2026-02-08,6,1.8088086
55-BINANCE-XAUUSDT-27FEB2026,55,Binance,XAU,XAUUSDT,2026-02-27,2026-02-09,6,0.49501665
55-BINANCE-XAUUSDT-27FEB2026,55,Binance,XAU,XAUUSDT,2026-02-27,2026-02-10,6,0.0
55-BINANCE-XAUUSDT-27FEB2026,55,Binance,XAU,XAUUSDT,2026-02-27,2026-02-11,6,0.0
55-BINANCE-XAUUSDT-27FEB2026,55,Binance,XAU,XAUUSDT,2026-02-27,2026-02-12,6,0.0
55-BINANCE-XAUUSDT-27FEB2026,55,Binance,XAU,XAUUSDT,2026-02-27,2026-02-13,6,0.0
55-BINANCE-XAUUSDT-27FEB2026,55,Binance,XAU,XAUUSDT,2026-02-27,2026-02-14,6,-0.7063334
55-BINANCE-XAUUSDT-27FEB2026,55,Binance,XAU,XAUUSDT,2026-02-27,2026-02-15,6,-0.8101467000000001
55-BINANCE-XAUUSDT-27FEB2026,55,Binance,XAU,XAUUSDT,2026-02-27,2026-02-16,6,-0.055136899999999996
55-BINANCE-XAUUSDT-27FEB2026,55,Binance,XAU,XAUUSDT,2026-02-27,2026-02-17,6,0.060148349999999996
55-BINANCE-XAUUSDT-27FEB2026,55,Binance,XAU,XAUUSDT,2026-02-27,2026-02-18,6,0.08921695
55-BINANCE-XAUUSDT-27FEB2026,55,Binance,XAU,XAUUSDT,2026-02-27,2026-02-19,6,0.0139065
55-BINANCE-XAUUSDT-27FEB2026,55,Binance,XAU,XAUUSDT,2026-02-27,2026-02-20,6,0.04874575
55-BINANCE-XAUUSDT-27FEB2026,55,Binance,XAU,XAUUSDT,2026-02-27,2026-02-21,6,0.6062431
55-BINANCE-XAUUSDT-27FEB2026,55,Binance,XAU,XAUUSDT,2026-02-27,2026-02-22,6,1.5429718000000001
55-BINANCE-XAUUSDT-27FEB2026,55,Binance,XAU,XAUUSDT,2026-02-27,2026-02-23,6,0.41295734999999995
55-BINANCE-XAUUSDT-27FEB2026,55,Binance,XAU,XAUUSDT,2026-02-27,2026-02-24,6,0.012694700000000001
55-BINANCE-XAUUSDT-27FEB2026,55,Binance,XAU,XAUUSDT,2026-02-27,2026-02-25,6,0.0
55-BINANCE-XAUUSDT-27FEB2026,55,Binance,XAU,XAUUSDT,2026-02-27,2026-02-26,6,0.0
55-BINANCE-XAUUSDT-27FEB2026,55,Binance,XAU,XAUUSDT,2026-02-27,2026-02-27,1,0.0
56-OKX-XAUUSDT-27FEB2026,56,OKX,XAU,XAUUSDT,2026-02-27,2026-02-03,3,-0.0565087073496095
56-OKX-XAUUSDT-27FEB2026,56,OKX,XAU,XAUUSDT,2026-02-27,2026-02-04,3,0.024375142495376496
56-OKX-XAUUSDT-27FEB2026,56,OKX,XAU,XAUUSDT,2026-02-27,2026-02-05,3,0.2129916403119555
56-OKX-XAUUSDT-27FEB2026,56,OKX,XAU,XAUUSDT,2026-02-27,2026-02-06,3,0.893454597857958
56-OKX-XAUUSDT-27FEB2026,56,OKX,XAU,XAUUSDT,2026-02-27,2026-02-07,3,0.191145536232724
56-OKX-XAUUSDT-27FEB2026,56,OKX,XAU,XAUUSDT,2026-02-27,2026-02-08,3,0.1095
56-OKX-XAUUSDT-27FEB2026,56,OKX,XAU,XAUUSDT,2026-02-27,2026-02-09,3,0.21666537582048803
56-OKX-XAUUSDT-27FEB2026,56,OKX,XAU,XAUUSDT,2026-02-27,2026-02-10,3,0.1095
56-OKX-XAUUSDT-27FEB2026,56,OKX,XAU,XAUUSDT,2026-02-27,2026-02-11,3,0.1095
56-OKX-XAUUSDT-27FEB2026,56,OKX,XAU,XAUUSDT,2026-02-27,2026-02-12,3,0.3618761108449115
56-OKX-XAUUSDT-27FEB2026,56,OKX,XAU,XAUUSDT,2026-02-27,2026-02-13,3,0.0963039610557535
56-OKX-XAUUSDT-27FEB2026,56,OKX,XAU,XAUUSDT,2026-02-27,2026-02-14,3,0.160863901236025
56-OKX-XAUUSDT-27FEB2026,56,OKX,XAU,XAUUSDT,2026-02-27,2026-02-15,3,0.5921097331418235
56-OKX-XAUUSDT-27FEB2026,56,OKX,XAU,XAUUSDT,2026-02-27,2026-02-16,3,0.09828440498388401
56-OKX-XAUUSDT-27FEB2026,56,OKX,XAU,XAUUSDT,2026-02-27,2026-02-17,3,0.0949129484554095
56-OKX-XAUUSDT-27FEB2026,56,OKX,XAU,XAUUSDT,2026-02-27,2026-02-18,3,0.010175822472141499
56-OKX-XAUUSDT-27FEB2026,56,OKX,XAU,XAUUSDT,2026-02-27,2026-02-19,3,-0.019443117590194
56-OKX-XAUUSDT-27FEB2026,56,OKX,XAU,XAUUSDT,2026-02-27,2026-02-20,3,-0.0796243561139
56-OKX-XAUUSDT-27FEB2026,56,OKX,XAU,XAUUSDT,2026-02-27,2026-02-21,3,0.056821316524153
56-OKX-XAUUSDT-27FEB2026,56,OKX,XAU,XAUUSDT,2026-02-27,2026-02-22,3,0.13162689309065348
56-OKX-XAUUSDT-27FEB2026,56,OKX,XAU,XAUUSDT,2026-02-27,2026-02-23,3,0.132630073092455
56-OKX-XAUUSDT-27FEB2026,56,OKX,XAU,XAUUSDT,2026-02-27,2026-02-24,3,0.04142078408614
56-OKX-XAUUSDT-27FEB2026,56,OKX,XAU,XAUUSDT,2026-02-27,2026-02-25,3,0.058737226980859
56-OKX-XAUUSDT-27FEB2026,56,OKX,XAU,XAUUSDT,2026-02-27,2026-02-26,3,0.1095
56-OKX-XAUUSDT-27FEB2026,56,OKX,XAU,XAUUSDT,2026-02-27,2026-02-27,1,0.1095
57-BINANCE-XAGUSDT-27FEB2026,57,Binance,XAG,XAGUSDT,2026-02-27,2026-02-03,5,0.054544140000000005
57-BINANCE-XAGUSDT-27FEB2026,57,Binance,XAG,XAGUSDT,2026-02-27,2026-02-04,6,0.07571195
57-BINANCE-XAGUSDT-27FEB2026,57,Binance,XAG,XAGUSDT,2026-02-27,2026-02-05,6,0.18824509999999997
57-BINANCE-XAGUSDT-27FEB2026,57,Binance,XAG,XAGUSDT,2026-02-27,2026-02-06,6,0.9151389500000001
57-BINANCE-XAGUSDT-27FEB2026,57,Binance,XAG,XAGUSDT,2026-02-27,2026-02-07,6,0.0092856
57-BINANCE-XAGUSDT-27FEB2026,57,Binance,XAG,XAGUSDT,2026-02-27,2026-02-08,6,1.8089327
57-BINANCE-XAGUSDT-27FEB2026,57,Binance,XAG,XAGUSDT,2026-02-27,2026-02-09,6,0.5709548999999999
57-BINANCE-XAGUSDT-27FEB2026,57,Binance,XAG,XAGUSDT,2026-02-27,2026-02-10,6,0.022144550000000002
57-BINANCE-XAGUSDT-27FEB2026,57,Binance,XAG,XAGUSDT,2026-02-27,2026-02-11,6,-0.04087635
57-BINANCE-XAGUSDT-27FEB2026,57,Binance,XAG,XAGUSDT,2026-02-27,2026-02-12,6,0.0109135
57-BINANCE-XAGUSDT-27FEB2026,57,Binance,XAG,XAGUSDT,2026-02-27,2026-02-13,6,0.35329445
57-BINANCE-XAGUSDT-27FEB2026,57,Binance,XAG,XAGUSDT,2026-02-27,2026-02-14,6,0.5016925
57-BINANCE-XAGUSDT-27FEB2026,57,Binance,XAG,XAGUSDT,2026-02-27,2026-02-15,6,1.2121869
57-BINANCE-XAGUSDT-27FEB2026,57,Binance,XAG,XAGUSDT,2026-02-27,2026-02-16,6,0.68778045
57-BINANCE-XAGUSDT-27FEB2026,57,Binance,XAG,XAGUSDT,2026-02-27,2026-02-17,6,0.10060494999999998
57-BINANCE-XAGUSDT-27FEB2026,57,Binance,XAG,XAGUSDT,2026-02-27,2026-02-18,6,0.09569935
57-BINANCE-XAGUSDT-27FEB2026,57,Binance,XAG,XAGUSDT,2026-02-27,2026-02-19,6,0.0
57-BINANCE-XAGUSDT-27FEB2026,57,Binance,XAG,XAGUSDT,2026-02-27,2026-02-20,6,-0.0691529
57-BINANCE-XAGUSDT-27FEB2026,57,Binance,XAG,XAGUSDT,2026-02-27,2026-02-21,6,0.1218516
57-BINANCE-XAGUSDT-27FEB2026,57,Binance,XAG,XAGUSDT,2026-02-27,2026-02-22,6,1.8760160499999998
57-BINANCE-XAGUSDT-27FEB2026,57,Binance,XAG,XAGUSDT,2026-02-27,2026-02-23,6,0.53415925
57-BINANCE-XAGUSDT-27FEB2026,57,Binance,XAG,XAGUSDT,2026-02-27,2026-02-24,6,-0.0533119
57-BINANCE-XAGUSDT-27FEB2026,57,Binance,XAG,XAGUSDT,2026-02-27,2026-02-25,6,0.0
57-BINANCE-XAGUSDT-27FEB2026,57,Binance,XAG,XAGUSDT,2026-02-27,2026-02-26,6,-0.14143385
57-BINANCE-XAGUSDT-27FEB2026,57,Binance,XAG,XAGUSDT,2026-02-27,2026-02-27,1,-0.7520022
58-HYPERLIQUID-SOL-27MAR2026,58,Hyperliquid,SOL,SOL,2026-03-27,2026-02-10,16,-0.05008130325
58-HYPERLIQUID-SOL-27MAR2026,58,Hyperliquid,SOL,SOL,2026-03-27,2026-02-11,24,-0.12812200799999998
58-HYPERLIQUID-SOL-27MAR2026,58,Hyperliquid,SOL,SOL,2026-03-27,2026-02-12,24,-0.149598608
58-HYPERLIQUID-SOL-27MAR2026,58,Hyperliquid,SOL,SOL,2026-03-27,2026-02-13,24,-0.021969934
58-HYPERLIQUID-SOL-27MAR2026,58,Hyperliquid,SOL,SOL,2026-03-27,2026-02-14,24,-0.1473544055
58-HYPERLIQUID-SOL-27MAR2026,58,Hyperliquid,SOL,SOL,2026-03-27,2026-02-15,24,-0.261326495
58-HYPERLIQUID-SOL-27MAR2026,58,Hyperliquid,SOL,SOL,2026-03-27,2026-02-16,24,-0.19666696400000003
58-HYPERLIQUID-SOL-27MAR2026,58,Hyperliquid,SOL,SOL,2026-03-27,2026-02-17,24,-0.084415959
58-HYPERLIQUID-SOL-27MAR2026,58,Hyperliquid,SOL,SOL,2026-03-27,2026-02-18,24,-0.128111788
58-HYPERLIQUID-SOL-27MAR2026,58,Hyperliquid,SOL,SOL,2026-03-27,2026-02-19,24,-0.128147704
58-HYPERLIQUID-SOL-27MAR2026,58,Hyperliquid,SOL,SOL,2026-03-27,2026-02-20,24,0.0072156485000000005
58-HYPERLIQUID-SOL-27MAR2026,58,Hyperliquid,SOL,SOL,2026-03-27,2026-02-21,24,-0.0232406815
58-HYPERLIQUID-SOL-27MAR2026,58,Hyperliquid,SOL,SOL,2026-03-27,2026-02-22,24,-0.147337871
58-HYPERLIQUID-SOL-27MAR2026,58,Hyperliquid,SOL,SOL,2026-03-27,2026-02-23,24,-0.24577786000000001
58-HYPERLIQUID-SOL-27MAR2026,58,Hyperliquid,SOL,SOL,2026-03-27,2026-02-24,24,-0.0531708275
58-HYPERLIQUID-SOL-27MAR2026,58,Hyperliquid,SOL,SOL,2026-03-27,2026-02-25,24,-0.08678535650000001
58-HYPERLIQUID-SOL-27MAR2026,58,Hyperliquid,SOL,SOL,2026-03-27,2026-02-26,24,-0.018729245000000002
58-HYPERLIQUID-SOL-27MAR2026,58,Hyperliquid,SOL,SOL,2026-03-27,2026-02-27,24,0.0044616505
58-HYPERLIQUID-SOL-27MAR2026,58,Hyperliquid,SOL,SOL,2026-03-27,2026-02-28,24,-0.140155255
58-HYPERLIQUID-SOL-27MAR2026,58,Hyperliquid,SOL,SOL,2026-03-27,2026-03-01,24,-0.08555782499999999
58-HYPERLIQUID-SOL-27MAR2026,58,Hyperliquid,SOL,SOL,2026-03-27,2026-03-02,24,0.0055129965
58-HYPERLIQUID-SOL-27MAR2026,58,Hyperliquid,SOL,SOL,2026-03-27,2026-03-03,24,-0.058573302
58-HYPERLIQUID-SOL-27MAR2026,58,Hyperliquid,SOL,SOL,2026-03-27,2026-03-04,24,-0.0119829135
58-HYPERLIQUID-SOL-27MAR2026,58,Hyperliquid,SOL,SOL,2026-03-27,2026-03-05,24,-0.018788302000000003
58-HYPERLIQUID-SOL-27MAR2026,58,Hyperliquid,SOL,SOL,2026-03-27,2026-03-06,24,-0.09527726399999999
58-HYPERLIQUID-SOL-27MAR2026,58,Hyperliquid,SOL,SOL,2026-03-27,2026-03-07,24,-0.1428218355
58-HYPERLIQUID-SOL-27MAR2026,58,Hyperliquid,SOL,SOL,2026-03-27,2026-03-08,24,-0.20437689550000002
58-HYPERLIQUID-SOL-27MAR2026,58,Hyperliquid,SOL,SOL,2026-03-27,2026-03-09,24,-0.0193838725
58-HYPERLIQUID-SOL-27MAR2026,58,Hyperliquid,SOL,SOL,2026-03-27,2026-03-10,24,0.0144927995
58-HYPERLIQUID-SOL-27MAR2026,58,Hyperliquid,SOL,SOL,2026-03-27,2026-03-11,24,-0.103711757
58-HYPERLIQUID-SOL-27MAR2026,58,Hyperliquid,SOL,SOL,2026-03-27,2026-03-12,24,-0.07779978650000001
58-HYPERLIQUID-SOL-27MAR2026,58,Hyperliquid,SOL,SOL,2026-03-27,2026-03-13,24,0.0164225545
58-HYPERLIQUID-SOL-27MAR2026,58,Hyperliquid,SOL,SOL,2026-03-27,2026-03-14,24,-0.2105434975
58-HYPERLIQUID-SOL-27MAR2026,58,Hyperliquid,SOL,SOL,2026-03-27,2026-03-15,24,-0.03725044
58-HYPERLIQUID-SOL-27MAR2026,58,Hyperliquid,SOL,SOL,2026-03-27,2026-03-16,24,0.0058166765
58-HYPERLIQUID-SOL-27MAR2026,58,Hyperliquid,SOL,SOL,2026-03-27,2026-03-17,24,-0.059877374000000004
58-HYPERLIQUID-SOL-27MAR2026,58,Hyperliquid,SOL,SOL,2026-03-27,2026-03-18,24,-0.11120955049999999
58-HYPERLIQUID-SOL-27MAR2026,58,Hyperliquid,SOL,SOL,2026-03-27,2026-03-19,24,-0.052548794499999996
58-HYPERLIQUID-SOL-27MAR2026,58,Hyperliquid,SOL,SOL,2026-03-27,2026-03-20,24,-0.1041442455
58-HYPERLIQUID-SOL-27MAR2026,58,Hyperliquid,SOL,SOL,2026-03-27,2026-03-21,24,-0.0583644125
58-HYPERLIQUID-SOL-27MAR2026,58,Hyperliquid,SOL,SOL,2026-03-27,2026-03-22,24,-0.247743823
58-HYPERLIQUID-SOL-27MAR2026,58,Hyperliquid,SOL,SOL,2026-03-27,2026-03-23,24,-0.1050454305
58-HYPERLIQUID-SOL-27MAR2026,58,Hyperliquid,SOL,SOL,2026-03-27,2026-03-24,24,-0.024067442999999997
58-HYPERLIQUID-SOL-27MAR2026,58,Hyperliquid,SOL,SOL,2026-03-27,2026-03-25,24,0.0256704135
58-HYPERLIQUID-SOL-27MAR2026,58,Hyperliquid,SOL,SOL,2026-03-27,2026-03-26,24,-0.214620365
58-HYPERLIQUID-SOL-27MAR2026,58,Hyperliquid,SOL,SOL,2026-03-27,2026-03-27,1,-0.222537288
59-LIGHTER-SOL-27MAR2026,59,Lighter,SOL,SOL,2026-03-27,2026-02-10,16,0.0114975
59-LIGHTER-SOL-27MAR2026,59,Lighter,SOL,SOL,2026-03-27,2026-02-11,24,-0.13943
59-LIGHTER-SOL-27MAR2026,59,Lighter,SOL,SOL,2026-03-27,2026-02-12,24,-0.015694999999999997
59-LIGHTER-SOL-27MAR2026,59,Lighter,SOL,SOL,2026-03-27,2026-02-13,24,0.078475
59-LIGHTER-SOL-27MAR2026,59,Lighter,SOL,SOL,2026-03-27,2026-02-14,24,0.10183500000000001
59-LIGHTER-SOL-27MAR2026,59,Lighter,SOL,SOL,2026-03-27,2026-02-15,24,-0.038325
59-LIGHTER-SOL-27MAR2026,59,Lighter,SOL,SOL,2026-03-27,2026-02-16,24,-0.10439
59-LIGHTER-SOL-27MAR2026,59,Lighter,SOL,SOL,2026-03-27,2026-02-17,24,-0.138335
59-LIGHTER-SOL-27MAR2026,59,Lighter,SOL,SOL,2026-03-27,2026-02-18,24,-0.063875
59-LIGHTER-SOL-27MAR2026,59,Lighter,SOL,SOL,2026-03-27,2026-02-19,24,-0.094535
59-LIGHTER-SOL-27MAR2026,59,Lighter,SOL,SOL,2026-03-27,2026-02-20,24,-0.155855
59-LIGHTER-SOL-27MAR2026,59,Lighter,SOL,SOL,2026-03-27,2026-02-21,24,-0.17811999999999997
59-LIGHTER-SOL-27MAR2026,59,Lighter,SOL,SOL,2026-03-27,2026-02-22,24,-0.21097
59-LIGHTER-SOL-27MAR2026,59,Lighter,SOL,SOL,2026-03-27,2026-02-23,24,-0.067525
59-LIGHTER-SOL-27MAR2026,59,Lighter,SOL,SOL,2026-03-27,2026-02-24,24,-0.04927499999999999
59-LIGHTER-SOL-27MAR2026,59,Lighter,SOL,SOL,2026-03-27,2026-02-25,24,0.055115000000000004
59-LIGHTER-SOL-27MAR2026,59,Lighter,SOL,SOL,2026-03-27,2026-02-26,24,0.028105
59-LIGHTER-SOL-27MAR2026,59,Lighter,SOL,SOL,2026-03-27,2026-02-27,24,-0.02482
59-LIGHTER-SOL-27MAR2026,59,Lighter,SOL,SOL,2026-03-27,2026-02-28,24,-0.145635
59-LIGHTER-SOL-27MAR2026,59,Lighter,SOL,SOL,2026-03-27,2026-03-01,24,0.07920500000000001
59-LIGHTER-SOL-27MAR2026,59,Lighter,SOL,SOL,2026-03-27,2026-03-02,24,-0.03285
59-LIGHTER-SOL-27MAR2026,59,Lighter,SOL,SOL,2026-03-27,2026-03-03,24,-0.086505
59-LIGHTER-SOL-27MAR2026,59,Lighter,SOL,SOL,2026-03-27,2026-03-04,24,0.053290000000000004
59-LIGHTER-SOL-27MAR2026,59,Lighter,SOL,SOL,2026-03-27,2026-03-05,24,0.049275000000000006
59-LIGHTER-SOL-27MAR2026,59,Lighter,SOL,SOL,2026-03-27,2026-03-06,24,-0.12483
59-LIGHTER-SOL-27MAR2026,59,Lighter,SOL,SOL,2026-03-27,2026-03-07,24,-0.016425
59-LIGHTER-SOL-27MAR2026,59,Lighter,SOL,SOL,2026-03-27,2026-03-08,24,-0.15111
59-LIGHTER-SOL-27MAR2026,59,Lighter,SOL,SOL,2026-03-27,2026-03-09,24,-0.0146
59-LIGHTER-SOL-27MAR2026,59,Lighter,SOL,SOL,2026-03-27,2026-03-10,24,0.08541
59-LIGHTER-SOL-27MAR2026,59,Lighter,SOL,SOL,2026-03-27,2026-03-11,24,0.057305
59-LIGHTER-SOL-27MAR2026,59,Lighter,SOL,SOL,2026-03-27,2026-03-12,24,-0.004744999999999998
59-LIGHTER-SOL-27MAR2026,59,Lighter,SOL,SOL,2026-03-27,2026-03-13,24,0.043800000000000006
59-LIGHTER-SOL-27MAR2026,59,Lighter,SOL,SOL,2026-03-27,2026-03-14,24,-0.052195
59-LIGHTER-SOL-27MAR2026,59,Lighter,SOL,SOL,2026-03-27,2026-03-15,24,0.06351
59-LIGHTER-SOL-27MAR2026,59,Lighter,SOL,SOL,2026-03-27,2026-03-16,24,0.04526
59-LIGHTER-SOL-27MAR2026,59,Lighter,SOL,SOL,2026-03-27,2026-03-17,24,-0.044895
59-LIGHTER-SOL-27MAR2026,59,Lighter,SOL,SOL,2026-03-27,2026-03-18,24,0.053655
59-LIGHTER-SOL-27MAR2026,59,Lighter,SOL,SOL,2026-03-27,2026-03-19,24,0.033944999999999996
59-LIGHTER-SOL-27MAR2026,59,Lighter,SOL,SOL,2026-03-27,2026-03-20,24,-0.062049999999999994
59-LIGHTER-SOL-27MAR2026,59,Lighter,SOL,SOL,2026-03-27,2026-03-21,24,-0.07446
59-LIGHTER-SOL-27MAR2026,59,Lighter,SOL,SOL,2026-03-27,2026-03-22,24,-0.145635
59-LIGHTER-SOL-27MAR2026,59,Lighter,SOL,SOL,2026-03-27,2026-03-23,24,-0.09636
59-LIGHTER-SOL-27MAR2026,59,Lighter,SOL,SOL,2026-03-27,2026-03-24,24,-0.067525
59-LIGHTER-SOL-27MAR2026,59,Lighter,SOL,SOL,2026-03-27,2026-03-25,24,0.047084999999999995
59-LIGHTER-SOL-27MAR2026,59,Lighter,SOL,SOL,2026-03-27,2026-03-26,24,-0.11096
59-LIGHTER-SOL-27MAR2026,59,Lighter,SOL,SOL,2026-03-27,2026-03-27,1,-0.10512
6-HYPERLIQUID-BTC-31OCT2025,6,Hyperliquid,BTC,BTC,2025-10-31,2025-09-09,1,0.0
6-HYPERLIQUID-BTC-31OCT2025,6,Hyperliquid,BTC,BTC,2025-10-31,2025-09-10,17,0.1095
6-HYPERLIQUID-BTC-31OCT2025,6,Hyperliquid,BTC,BTC,2025-10-31,2025-09-11,24,0.1095
6-HYPERLIQUID-BTC-31OCT2025,6,Hyperliquid,BTC,BTC,2025-10-31,2025-09-12,24,0.1095
6-HYPERLIQUID-BTC-31OCT2025,6,Hyperliquid,BTC,BTC,2025-10-31,2025-09-13,24,0.1095
6-HYPERLIQUID-BTC-31OCT2025,6,Hyperliquid,BTC,BTC,2025-10-31,2025-09-14,24,0.1095
6-HYPERLIQUID-BTC-31OCT2025,6,Hyperliquid,BTC,BTC,2025-10-31,2025-09-15,24,0.1095
6-HYPERLIQUID-BTC-31OCT2025,6,Hyperliquid,BTC,BTC,2025-10-31,2025-09-16,24,0.1095
6-HYPERLIQUID-BTC-31OCT2025,6,Hyperliquid,BTC,BTC,2025-10-31,2025-09-17,24,0.080347085
6-HYPERLIQUID-BTC-31OCT2025,6,Hyperliquid,BTC,BTC,2025-10-31,2025-09-18,24,0.1095
6-HYPERLIQUID-BTC-31OCT2025,6,Hyperliquid,BTC,BTC,2025-10-31,2025-09-19,24,0.1095
6-HYPERLIQUID-BTC-31OCT2025,6,Hyperliquid,BTC,BTC,2025-10-31,2025-09-20,24,0.1095
6-HYPERLIQUID-BTC-31OCT2025,6,Hyperliquid,BTC,BTC,2025-10-31,2025-09-21,24,0.1095
6-HYPERLIQUID-BTC-31OCT2025,6,Hyperliquid,BTC,BTC,2025-10-31,2025-09-22,24,0.1095
6-HYPERLIQUID-BTC-31OCT2025,6,Hyperliquid,BTC,BTC,2025-10-31,2025-09-23,24,0.1095
6-HYPERLIQUID-BTC-31OCT2025,6,Hyperliquid,BTC,BTC,2025-10-31,2025-09-24,24,0.1095
6-HYPERLIQUID-BTC-31OCT2025,6,Hyperliquid,BTC,BTC,2025-10-31,2025-09-25,24,0.08442187200000001
6-HYPERLIQUID-BTC-31OCT2025,6,Hyperliquid,BTC,BTC,2025-10-31,2025-09-26,24,0.090085358
6-HYPERLIQUID-BTC-31OCT2025,6,Hyperliquid,BTC,BTC,2025-10-31,2025-09-27,24,0.07769039600000001
6-HYPERLIQUID-BTC-31OCT2025,6,Hyperliquid,BTC,BTC,2025-10-31,2025-09-28,24,0.0458424305
6-HYPERLIQUID-BTC-31OCT2025,6,Hyperliquid,BTC,BTC,2025-10-31,2025-09-29,24,0.070933516
6-HYPERLIQUID-BTC-31OCT2025,6,Hyperliquid,BTC,BTC,2025-10-31,2025-09-30,24,0.093910266
6-HYPERLIQUID-BTC-31OCT2025,6,Hyperliquid,BTC,BTC,2025-10-31,2025-10-01,24,0.109004841
6-HYPERLIQUID-BTC-31OCT2025,6,Hyperliquid,BTC,BTC,2025-10-31,2025-10-02,24,0.0956576305
6-HYPERLIQUID-BTC-31OCT2025,6,Hyperliquid,BTC,BTC,2025-10-31,2025-10-03,24,0.1095
6-HYPERLIQUID-BTC-31OCT2025,6,Hyperliquid,BTC,BTC,2025-10-31,2025-10-04,24,0.1095
6-HYPERLIQUID-BTC-31OCT2025,6,Hyperliquid,BTC,BTC,2025-10-31,2025-10-05,24,0.1847628175
6-HYPERLIQUID-BTC-31OCT2025,6,Hyperliquid,BTC,BTC,2025-10-31,2025-10-06,24,0.2350869005
6-HYPERLIQUID-BTC-31OCT2025,6,Hyperliquid,BTC,BTC,2025-10-31,2025-10-07,24,0.1397935765
6-HYPERLIQUID-BTC-31OCT2025,6,Hyperliquid,BTC,BTC,2025-10-31,2025-10-08,24,0.120093833
6-HYPERLIQUID-BTC-31OCT2025,6,Hyperliquid,BTC,BTC,2025-10-31,2025-10-09,24,0.100221627
6-HYPERLIQUID-BTC-31OCT2025,6,Hyperliquid,BTC,BTC,2025-10-31,2025-10-10,23,0.08084590669565218
6-HYPERLIQUID-BTC-31OCT2025,6,Hyperliquid,BTC,BTC,2025-10-31,2025-10-11,24,0.094458934
6-HYPERLIQUID-BTC-31OCT2025,6,Hyperliquid,BTC,BTC,2025-10-31,2025-10-12,24,0.069229477
6-HYPERLIQUID-BTC-31OCT2025,6,Hyperliquid,BTC,BTC,2025-10-31,2025-10-13,24,0.09534719800000001
6-HYPERLIQUID-BTC-31OCT2025,6,Hyperliquid,BTC,BTC,2025-10-31,2025-10-14,24,0.022476481000000003
6-HYPERLIQUID-BTC-31OCT2025,6,Hyperliquid,BTC,BTC,2025-10-31,2025-10-15,24,0.1095
6-HYPERLIQUID-BTC-31OCT2025,6,Hyperliquid,BTC,BTC,2025-10-31,2025-10-16,24,0.10732076750000001
6-HYPERLIQUID-BTC-31OCT2025,6,Hyperliquid,BTC,BTC,2025-10-31,2025-10-17,24,0.1095
6-HYPERLIQUID-BTC-31OCT2025,6,Hyperliquid,BTC,BTC,2025-10-31,2025-10-18,24,0.1095
6-HYPERLIQUID-BTC-31OCT2025,6,Hyperliquid,BTC,BTC,2025-10-31,2025-10-19,24,0.054116871000000004
6-HYPERLIQUID-BTC-31OCT2025,6,Hyperliquid,BTC,BTC,2025-10-31,2025-10-20,24,0.0683660695
6-HYPERLIQUID-BTC-31OCT2025,6,Hyperliquid,BTC,BTC,2025-10-31,2025-10-21,24,0.0216555595
6-HYPERLIQUID-BTC-31OCT2025,6,Hyperliquid,BTC,BTC,2025-10-31,2025-10-22,24,0.0909371585
6-HYPERLIQUID-BTC-31OCT2025,6,Hyperliquid,BTC,BTC,2025-10-31,2025-10-23,24,0.1095
6-HYPERLIQUID-BTC-31OCT2025,6,Hyperliquid,BTC,BTC,2025-10-31,2025-10-24,24,0.1095
6-HYPERLIQUID-BTC-31OCT2025,6,Hyperliquid,BTC,BTC,2025-10-31,2025-10-25,24,0.1095
6-HYPERLIQUID-BTC-31OCT2025,6,Hyperliquid,BTC,BTC,2025-10-31,2025-10-26,24,0.1095
6-HYPERLIQUID-BTC-31OCT2025,6,Hyperliquid,BTC,BTC,2025-10-31,2025-10-27,24,0.1372539065
6-HYPERLIQUID-BTC-31OCT2025,6,Hyperliquid,BTC,BTC,2025-10-31,2025-10-28,24,0.1095
6-HYPERLIQUID-BTC-31OCT2025,6,Hyperliquid,BTC,BTC,2025-10-31,2025-10-29,24,0.111317408
6-HYPERLIQUID-BTC-31OCT2025,6,Hyperliquid,BTC,BTC,2025-10-31,2025-10-30,24,0.1183781505
6-HYPERLIQUID-BTC-31OCT2025,6,Hyperliquid,BTC,BTC,2025-10-31,2025-10-31,1,0.1095
60-HYPERLIQUID-BTC-27MAR2026,60,Hyperliquid,BTC,BTC,2026-03-27,2026-02-24,1,0.0
60-HYPERLIQUID-BTC-27MAR2026,60,Hyperliquid,BTC,BTC,2026-03-27,2026-02-25,22,0.028433343850267377
60-HYPERLIQUID-BTC-27MAR2026,60,Hyperliquid,BTC,BTC,2026-03-27,2026-02-26,24,0.052457654
60-HYPERLIQUID-BTC-27MAR2026,60,Hyperliquid,BTC,BTC,2026-03-27,2026-02-27,24,0.044255009000000005
60-HYPERLIQUID-BTC-27MAR2026,60,Hyperliquid,BTC,BTC,2026-03-27,2026-02-28,24,-0.0821376655
60-HYPERLIQUID-BTC-27MAR2026,60,Hyperliquid,BTC,BTC,2026-03-27,2026-03-01,24,-0.0002489300000000003
60-HYPERLIQUID-BTC-27MAR2026,60,Hyperliquid,BTC,BTC,2026-03-27,2026-03-02,24,-0.032967165
60-HYPERLIQUID-BTC-27MAR2026,60,Hyperliquid,BTC,BTC,2026-03-27,2026-03-03,24,0.0513856855
60-HYPERLIQUID-BTC-27MAR2026,60,Hyperliquid,BTC,BTC,2026-03-27,2026-03-04,24,-0.07456136049999999
60-HYPERLIQUID-BTC-27MAR2026,60,Hyperliquid,BTC,BTC,2026-03-27,2026-03-05,24,-0.0025782505
60-HYPERLIQUID-BTC-27MAR2026,60,Hyperliquid,BTC,BTC,2026-03-27,2026-03-06,24,0.07975636900000001
60-HYPERLIQUID-BTC-27MAR2026,60,Hyperliquid,BTC,BTC,2026-03-27,2026-03-07,24,0.044393855
60-HYPERLIQUID-BTC-27MAR2026,60,Hyperliquid,BTC,BTC,2026-03-27,2026-03-08,24,0.021064879999999998
60-HYPERLIQUID-BTC-27MAR2026,60,Hyperliquid,BTC,BTC,2026-03-27,2026-03-09,24,-0.021067216
60-HYPERLIQUID-BTC-27MAR2026,60,Hyperliquid,BTC,BTC,2026-03-27,2026-03-10,24,-0.0539922235
60-HYPERLIQUID-BTC-27MAR2026,60,Hyperliquid,BTC,BTC,2026-03-27,2026-03-11,24,-0.0947614095
60-HYPERLIQUID-BTC-27MAR2026,60,Hyperliquid,BTC,BTC,2026-03-27,2026-03-12,24,-0.1114009565
60-HYPERLIQUID-BTC-27MAR2026,60,Hyperliquid,BTC,BTC,2026-03-27,2026-03-13,24,0.08219248850000001
60-HYPERLIQUID-BTC-27MAR2026,60,Hyperliquid,BTC,BTC,2026-03-27,2026-03-14,24,-0.036380134
60-HYPERLIQUID-BTC-27MAR2026,60,Hyperliquid,BTC,BTC,2026-03-27,2026-03-15,24,-0.0004396424999999994
60-HYPERLIQUID-BTC-27MAR2026,60,Hyperliquid,BTC,BTC,2026-03-27,2026-03-16,24,0.043563845
60-HYPERLIQUID-BTC-27MAR2026,60,Hyperliquid,BTC,BTC,2026-03-27,2026-03-17,24,0.031314007
60-HYPERLIQUID-BTC-27MAR2026,60,Hyperliquid,BTC,BTC,2026-03-27,2026-03-18,24,0.010651065
60-HYPERLIQUID-BTC-27MAR2026,60,Hyperliquid,BTC,BTC,2026-03-27,2026-03-19,24,-0.029895178999999997
60-HYPERLIQUID-BTC-27MAR2026,60,Hyperliquid,BTC,BTC,2026-03-27,2026-03-20,24,0.074520444
60-HYPERLIQUID-BTC-27MAR2026,60,Hyperliquid,BTC,BTC,2026-03-27,2026-03-21,24,0.011975285
60-HYPERLIQUID-BTC-27MAR2026,60,Hyperliquid,BTC,BTC,2026-03-27,2026-03-22,24,-0.10471576249999999
60-HYPERLIQUID-BTC-27MAR2026,60,Hyperliquid,BTC,BTC,2026-03-27,2026-03-23,24,0.007398842
60-HYPERLIQUID-BTC-27MAR2026,60,Hyperliquid,BTC,BTC,2026-03-27,2026-03-24,24,0.0536169305
60-HYPERLIQUID-BTC-27MAR2026,60,Hyperliquid,BTC,BTC,2026-03-27,2026-03-25,24,0.09647092350000001
60-HYPERLIQUID-BTC-27MAR2026,60,Hyperliquid,BTC,BTC,2026-03-27,2026-03-26,24,0.056872256
60-HYPERLIQUID-BTC-27MAR2026,60,Hyperliquid,BTC,BTC,2026-03-27,2026-03-27,1,0.1095
61-HYPERLIQUID-BTC-27MAR2026,61,Hyperliquid,BTC,BTC,2026-03-27,2026-02-24,1,0.0
61-HYPERLIQUID-BTC-27MAR2026,61,Hyperliquid,BTC,BTC,2026-03-27,2026-02-25,22,0.028433343850267377
61-HYPERLIQUID-BTC-27MAR2026,61,Hyperliquid,BTC,BTC,2026-03-27,2026-02-26,24,0.052457654
61-HYPERLIQUID-BTC-27MAR2026,61,Hyperliquid,BTC,BTC,2026-03-27,2026-02-27,24,0.044255009000000005
61-HYPERLIQUID-BTC-27MAR2026,61,Hyperliquid,BTC,BTC,2026-03-27,2026-02-28,24,-0.0821376655
61-HYPERLIQUID-BTC-27MAR2026,61,Hyperliquid,BTC,BTC,2026-03-27,2026-03-01,24,-0.0002489300000000003
61-HYPERLIQUID-BTC-27MAR2026,61,Hyperliquid,BTC,BTC,2026-03-27,2026-03-02,24,-0.032967165
61-HYPERLIQUID-BTC-27MAR2026,61,Hyperliquid,BTC,BTC,2026-03-27,2026-03-03,24,0.0513856855
61-HYPERLIQUID-BTC-27MAR2026,61,Hyperliquid,BTC,BTC,2026-03-27,2026-03-04,24,-0.07456136049999999
61-HYPERLIQUID-BTC-27MAR2026,61,Hyperliquid,BTC,BTC,2026-03-27,2026-03-05,24,-0.0025782505
61-HYPERLIQUID-BTC-27MAR2026,61,Hyperliquid,BTC,BTC,2026-03-27,2026-03-06,24,0.07975636900000001
61-HYPERLIQUID-BTC-27MAR2026,61,Hyperliquid,BTC,BTC,2026-03-27,2026-03-07,24,0.044393855
61-HYPERLIQUID-BTC-27MAR2026,61,Hyperliquid,BTC,BTC,2026-03-27,2026-03-08,24,0.021064879999999998
61-HYPERLIQUID-BTC-27MAR2026,61,Hyperliquid,BTC,BTC,2026-03-27,2026-03-09,24,-0.021067216
61-HYPERLIQUID-BTC-27MAR2026,61,Hyperliquid,BTC,BTC,2026-03-27,2026-03-10,24,-0.0539922235
61-HYPERLIQUID-BTC-27MAR2026,61,Hyperliquid,BTC,BTC,2026-03-27,2026-03-11,24,-0.0947614095
61-HYPERLIQUID-BTC-27MAR2026,61,Hyperliquid,BTC,BTC,2026-03-27,2026-03-12,24,-0.1114009565
61-HYPERLIQUID-BTC-27MAR2026,61,Hyperliquid,BTC,BTC,2026-03-27,2026-03-13,24,0.08219248850000001
61-HYPERLIQUID-BTC-27MAR2026,61,Hyperliquid,BTC,BTC,2026-03-27,2026-03-14,24,-0.036380134
61-HYPERLIQUID-BTC-27MAR2026,61,Hyperliquid,BTC,BTC,2026-03-27,2026-03-15,24,-0.0004396424999999994
61-HYPERLIQUID-BTC-27MAR2026,61,Hyperliquid,BTC,BTC,2026-03-27,2026-03-16,24,0.043563845
61-HYPERLIQUID-BTC-27MAR2026,61,Hyperliquid,BTC,BTC,2026-03-27,2026-03-17,24,0.031314007
61-HYPERLIQUID-BTC-27MAR2026,61,Hyperliquid,BTC,BTC,2026-03-27,2026-03-18,24,0.010651065
61-HYPERLIQUID-BTC-27MAR2026,61,Hyperliquid,BTC,BTC,2026-03-27,2026-03-19,24,-0.029895178999999997
61-HYPERLIQUID-BTC-27MAR2026,61,Hyperliquid,BTC,BTC,2026-03-27,2026-03-20,24,0.074520444
61-HYPERLIQUID-BTC-27MAR2026,61,Hyperliquid,BTC,BTC,2026-03-27,2026-03-21,24,0.011975285
61-HYPERLIQUID-BTC-27MAR2026,61,Hyperliquid,BTC,BTC,2026-03-27,2026-03-22,24,-0.10471576249999999
61-HYPERLIQUID-BTC-27MAR2026,61,Hyperliquid,BTC,BTC,2026-03-27,2026-03-23,24,0.007398842
61-HYPERLIQUID-BTC-27MAR2026,61,Hyperliquid,BTC,BTC,2026-03-27,2026-03-24,24,0.0536169305
61-HYPERLIQUID-BTC-27MAR2026,61,Hyperliquid,BTC,BTC,2026-03-27,2026-03-25,24,0.09647092350000001
61-HYPERLIQUID-BTC-27MAR2026,61,Hyperliquid,BTC,BTC,2026-03-27,2026-03-26,24,0.056872256
61-HYPERLIQUID-BTC-27MAR2026,61,Hyperliquid,BTC,BTC,2026-03-27,2026-03-27,1,0.1095
62-GATE-BTCUSDT-27MAR2026,62,Gate,BTC,BTCUSDT,2026-03-27,2026-02-24,1,0.0
62-GATE-BTCUSDT-27MAR2026,62,Gate,BTC,BTCUSDT,2026-03-27,2026-02-25,2,-0.015877500000000003
62-GATE-BTCUSDT-27MAR2026,62,Gate,BTC,BTCUSDT,2026-03-27,2026-02-26,3,0.028105
62-GATE-BTCUSDT-27MAR2026,62,Gate,BTC,BTCUSDT,2026-03-27,2026-02-27,3,0.002555
62-GATE-BTCUSDT-27MAR2026,62,Gate,BTC,BTCUSDT,2026-03-27,2026-02-28,3,-0.044165
62-GATE-BTCUSDT-27MAR2026,62,Gate,BTC,BTCUSDT,2026-03-27,2026-03-01,3,0.033215
62-GATE-BTCUSDT-27MAR2026,62,Gate,BTC,BTCUSDT,2026-03-27,2026-03-02,3,0.017155
62-GATE-BTCUSDT-27MAR2026,62,Gate,BTC,BTCUSDT,2026-03-27,2026-03-03,3,0.004745000000000002
62-GATE-BTCUSDT-27MAR2026,62,Gate,BTC,BTCUSDT,2026-03-27,2026-03-04,3,0.022264999999999997
62-GATE-BTCUSDT-27MAR2026,62,Gate,BTC,BTCUSDT,2026-03-27,2026-03-05,3,-0.002555
62-GATE-BTCUSDT-27MAR2026,62,Gate,BTC,BTCUSDT,2026-03-27,2026-03-06,3,0.01314
62-GATE-BTCUSDT-27MAR2026,62,Gate,BTC,BTCUSDT,2026-03-27,2026-03-07,3,-0.015330000000000002
62-GATE-BTCUSDT-27MAR2026,62,Gate,BTC,BTCUSDT,2026-03-27,2026-03-08,3,-0.03796
62-GATE-BTCUSDT-27MAR2026,62,Gate,BTC,BTCUSDT,2026-03-27,2026-03-09,3,-0.02482
62-GATE-BTCUSDT-27MAR2026,62,Gate,BTC,BTCUSDT,2026-03-27,2026-03-10,3,-0.0007300000000000015
62-GATE-BTCUSDT-27MAR2026,62,Gate,BTC,BTCUSDT,2026-03-27,2026-03-11,3,0.008395
62-GATE-BTCUSDT-27MAR2026,62,Gate,BTC,BTCUSDT,2026-03-27,2026-03-12,3,-0.026279999999999998
62-GATE-BTCUSDT-27MAR2026,62,Gate,BTC,BTCUSDT,2026-03-27,2026-03-13,3,0.008029999999999999
62-GATE-BTCUSDT-27MAR2026,62,Gate,BTC,BTCUSDT,2026-03-27,2026-03-14,3,-0.01314
62-GATE-BTCUSDT-27MAR2026,62,Gate,BTC,BTCUSDT,2026-03-27,2026-03-15,3,-0.035405
62-GATE-BTCUSDT-27MAR2026,62,Gate,BTC,BTCUSDT,2026-03-27,2026-03-16,3,0.006934999999999999
62-GATE-BTCUSDT-27MAR2026,62,Gate,BTC,BTCUSDT,2026-03-27,2026-03-17,3,0.03285
62-GATE-BTCUSDT-27MAR2026,62,Gate,BTC,BTCUSDT,2026-03-27,2026-03-18,3,-0.044895
62-GATE-BTCUSDT-27MAR2026,62,Gate,BTC,BTCUSDT,2026-03-27,2026-03-19,3,-0.047814999999999996
62-GATE-BTCUSDT-27MAR2026,62,Gate,BTC,BTCUSDT,2026-03-27,2026-03-20,3,-0.02263
62-GATE-BTCUSDT-27MAR2026,62,Gate,BTC,BTCUSDT,2026-03-27,2026-03-21,3,0.019710000000000002
62-GATE-BTCUSDT-27MAR2026,62,Gate,BTC,BTCUSDT,2026-03-27,2026-03-22,3,-0.02409
62-GATE-BTCUSDT-27MAR2026,62,Gate,BTC,BTCUSDT,2026-03-27,2026-03-23,3,-0.009855000000000001
62-GATE-BTCUSDT-27MAR2026,62,Gate,BTC,BTCUSDT,2026-03-27,2026-03-24,3,0.04891
62-GATE-BTCUSDT-27MAR2026,62,Gate,BTC,BTCUSDT,2026-03-27,2026-03-25,3,0.041975000000000005
62-GATE-BTCUSDT-27MAR2026,62,Gate,BTC,BTCUSDT,2026-03-27,2026-03-26,3,0.043435
62-GATE-BTCUSDT-27MAR2026,62,Gate,BTC,BTCUSDT,2026-03-27,2026-03-27,1,0.031755
63-GATE-ETHUSDT-27MAR2026,63,Gate,ETH,ETHUSDT,2026-03-27,2026-02-24,1,0.0
63-GATE-ETHUSDT-27MAR2026,63,Gate,ETH,ETHUSDT,2026-03-27,2026-02-25,2,-0.006387499999999999
63-GATE-ETHUSDT-27MAR2026,63,Gate,ETH,ETHUSDT,2026-03-27,2026-02-26,3,0.0438
63-GATE-ETHUSDT-27MAR2026,63,Gate,ETH,ETHUSDT,2026-03-27,2026-02-27,3,-0.023725
63-GATE-ETHUSDT-27MAR2026,63,Gate,ETH,ETHUSDT,2026-03-27,2026-02-28,3,-0.12848
63-GATE-ETHUSDT-27MAR2026,63,Gate,ETH,ETHUSDT,2026-03-27,2026-03-01,3,0.052195
63-GATE-ETHUSDT-27MAR2026,63,Gate,ETH,ETHUSDT,2026-03-27,2026-03-02,3,-0.014600000000000002
63-GATE-ETHUSDT-27MAR2026,63,Gate,ETH,ETHUSDT,2026-03-27,2026-03-03,3,0.019344999999999998
63-GATE-ETHUSDT-27MAR2026,63,Gate,ETH,ETHUSDT,2026-03-27,2026-03-04,3,-0.009489999999999997
63-GATE-ETHUSDT-27MAR2026,63,Gate,ETH,ETHUSDT,2026-03-27,2026-03-05,3,0.0007299999999999997
63-GATE-ETHUSDT-27MAR2026,63,Gate,ETH,ETHUSDT,2026-03-27,2026-03-06,3,0.012775
63-GATE-ETHUSDT-27MAR2026,63,Gate,ETH,ETHUSDT,2026-03-27,2026-03-07,3,-0.00949
63-GATE-ETHUSDT-27MAR2026,63,Gate,ETH,ETHUSDT,2026-03-27,2026-03-08,3,-0.02847
63-GATE-ETHUSDT-27MAR2026,63,Gate,ETH,ETHUSDT,2026-03-27,2026-03-09,3,-0.03431
63-GATE-ETHUSDT-27MAR2026,63,Gate,ETH,ETHUSDT,2026-03-27,2026-03-10,3,0.051465000000000004
63-GATE-ETHUSDT-27MAR2026,63,Gate,ETH,ETHUSDT,2026-03-27,2026-03-11,3,0.047815
63-GATE-ETHUSDT-27MAR2026,63,Gate,ETH,ETHUSDT,2026-03-27,2026-03-12,3,0.01241
63-GATE-ETHUSDT-27MAR2026,63,Gate,ETH,ETHUSDT,2026-03-27,2026-03-13,3,0.04891
63-GATE-ETHUSDT-27MAR2026,63,Gate,ETH,ETHUSDT,2026-03-27,2026-03-14,3,0.0073
63-GATE-ETHUSDT-27MAR2026,63,Gate,ETH,ETHUSDT,2026-03-27,2026-03-15,3,0.0010949999999999994
63-GATE-ETHUSDT-27MAR2026,63,Gate,ETH,ETHUSDT,2026-03-27,2026-03-16,3,0.011680000000000001
63-GATE-ETHUSDT-27MAR2026,63,Gate,ETH,ETHUSDT,2026-03-27,2026-03-17,3,-0.00876
63-GATE-ETHUSDT-27MAR2026,63,Gate,ETH,ETHUSDT,2026-03-27,2026-03-18,3,-0.011680000000000001
63-GATE-ETHUSDT-27MAR2026,63,Gate,ETH,ETHUSDT,2026-03-27,2026-03-19,3,0.0010950000000000005
63-GATE-ETHUSDT-27MAR2026,63,Gate,ETH,ETHUSDT,2026-03-27,2026-03-20,3,-0.014965
63-GATE-ETHUSDT-27MAR2026,63,Gate,ETH,ETHUSDT,2026-03-27,2026-03-21,3,0.013504999999999998
63-GATE-ETHUSDT-27MAR2026,63,Gate,ETH,ETHUSDT,2026-03-27,2026-03-22,3,-0.01752
63-GATE-ETHUSDT-27MAR2026,63,Gate,ETH,ETHUSDT,2026-03-27,2026-03-23,3,0.023359999999999995
63-GATE-ETHUSDT-27MAR2026,63,Gate,ETH,ETHUSDT,2026-03-27,2026-03-24,3,0.023725
63-GATE-ETHUSDT-27MAR2026,63,Gate,ETH,ETHUSDT,2026-03-27,2026-03-25,3,0.01095
63-GATE-ETHUSDT-27MAR2026,63,Gate,ETH,ETHUSDT,2026-03-27,2026-03-26,3,0.046355
63-GATE-ETHUSDT-27MAR2026,63,Gate,ETH,ETHUSDT,2026-03-27,2026-03-27,1,0.0
64-HYPERLIQUID-xyzGOLD-27MAR2026,64,Hyperliquid,XAU,xyzGOLD,2026-03-27,2026-02-24,1,0.0
64-HYPERLIQUID-xyzGOLD-27MAR2026,64,Hyperliquid,XAU,xyzGOLD,2026-03-27,2026-02-25,22,0.10176147221390375
64-HYPERLIQUID-xyzGOLD-27MAR2026,64,Hyperliquid,XAU,xyzGOLD,2026-03-27,2026-02-26,24,0.064537475
64-HYPERLIQUID-xyzGOLD-27MAR2026,64,Hyperliquid,XAU,xyzGOLD,2026-03-27,2026-02-27,24,0.17050350849999998
64-HYPERLIQUID-xyzGOLD-27MAR2026,64,Hyperliquid,XAU,xyzGOLD,2026-03-27,2026-02-28,24,0.23269961799999997
64-HYPERLIQUID-xyzGOLD-27MAR2026,64,Hyperliquid,XAU,xyzGOLD,2026-03-27,2026-03-01,24,0.24351413
64-HYPERLIQUID-xyzGOLD-27MAR2026,64,Hyperliquid,XAU,xyzGOLD,2026-03-27,2026-03-02,24,-0.0197558075
64-HYPERLIQUID-xyzGOLD-27MAR2026,64,Hyperliquid,XAU,xyzGOLD,2026-03-27,2026-03-03,24,-0.054884575500000005
64-HYPERLIQUID-xyzGOLD-27MAR2026,64,Hyperliquid,XAU,xyzGOLD,2026-03-27,2026-03-04,24,-0.048510361499999995
64-HYPERLIQUID-xyzGOLD-27MAR2026,64,Hyperliquid,XAU,xyzGOLD,2026-03-27,2026-03-05,24,-0.0316745905
64-HYPERLIQUID-xyzGOLD-27MAR2026,64,Hyperliquid,XAU,xyzGOLD,2026-03-27,2026-03-06,24,-0.058549066000000004
64-HYPERLIQUID-xyzGOLD-27MAR2026,64,Hyperliquid,XAU,xyzGOLD,2026-03-27,2026-03-07,24,0.0160479185
64-HYPERLIQUID-xyzGOLD-27MAR2026,64,Hyperliquid,XAU,xyzGOLD,2026-03-27,2026-03-08,24,0.015765408499999998
64-HYPERLIQUID-xyzGOLD-27MAR2026,64,Hyperliquid,XAU,xyzGOLD,2026-03-27,2026-03-09,24,-0.034013510500000003
64-HYPERLIQUID-xyzGOLD-27MAR2026,64,Hyperliquid,XAU,xyzGOLD,2026-03-27,2026-03-10,24,-0.0469290355
64-HYPERLIQUID-xyzGOLD-27MAR2026,64,Hyperliquid,XAU,xyzGOLD,2026-03-27,2026-03-11,24,-0.018555541499999998
64-HYPERLIQUID-xyzGOLD-27MAR2026,64,Hyperliquid,XAU,xyzGOLD,2026-03-27,2026-03-12,24,-0.0610638795
64-HYPERLIQUID-xyzGOLD-27MAR2026,64,Hyperliquid,XAU,xyzGOLD,2026-03-27,2026-03-13,24,-0.0331374375
64-HYPERLIQUID-xyzGOLD-27MAR2026,64,Hyperliquid,XAU,xyzGOLD,2026-03-27,2026-03-14,24,0.060544521
64-HYPERLIQUID-xyzGOLD-27MAR2026,64,Hyperliquid,XAU,xyzGOLD,2026-03-27,2026-03-15,24,0.015518887500000002
64-HYPERLIQUID-xyzGOLD-27MAR2026,64,Hyperliquid,XAU,xyzGOLD,2026-03-27,2026-03-16,24,-0.0904882085
64-HYPERLIQUID-xyzGOLD-27MAR2026,64,Hyperliquid,XAU,xyzGOLD,2026-03-27,2026-03-17,24,-0.06158499
64-HYPERLIQUID-xyzGOLD-27MAR2026,64,Hyperliquid,XAU,xyzGOLD,2026-03-27,2026-03-18,24,0.0097126865
64-HYPERLIQUID-xyzGOLD-27MAR2026,64,Hyperliquid,XAU,xyzGOLD,2026-03-27,2026-03-19,24,0.2729609065
64-HYPERLIQUID-xyzGOLD-27MAR2026,64,Hyperliquid,XAU,xyzGOLD,2026-03-27,2026-03-20,24,0.247945376
64-HYPERLIQUID-xyzGOLD-27MAR2026,64,Hyperliquid,XAU,xyzGOLD,2026-03-27,2026-03-21,24,0.063010388
64-HYPERLIQUID-xyzGOLD-27MAR2026,64,Hyperliquid,XAU,xyzGOLD,2026-03-27,2026-03-22,24,-0.074549352
64-HYPERLIQUID-xyzGOLD-27MAR2026,64,Hyperliquid,XAU,xyzGOLD,2026-03-27,2026-03-23,24,0.38691222750000004
64-HYPERLIQUID-xyzGOLD-27MAR2026,64,Hyperliquid,XAU,xyzGOLD,2026-03-27,2026-03-24,24,0.1227459595
64-HYPERLIQUID-xyzGOLD-27MAR2026,64,Hyperliquid,XAU,xyzGOLD,2026-03-27,2026-03-25,24,0.048229494000000005
64-HYPERLIQUID-xyzGOLD-27MAR2026,64,Hyperliquid,XAU,xyzGOLD,2026-03-27,2026-03-26,24,0.0056122765
64-HYPERLIQUID-xyzGOLD-27MAR2026,64,Hyperliquid,XAU,xyzGOLD,2026-03-27,2026-03-27,1,0.111866076
65-BINANCE-XAUUSDT-27MAR2026,65,Binance,XAU,XAUUSDT,2026-03-27,2026-02-24,1,0.0
65-BINANCE-XAUUSDT-27MAR2026,65,Binance,XAU,XAUUSDT,2026-03-27,2026-02-25,4,0.003002125
65-BINANCE-XAUUSDT-27MAR2026,65,Binance,XAU,XAUUSDT,2026-03-27,2026-02-26,6,0.0
65-BINANCE-XAUUSDT-27MAR2026,65,Binance,XAU,XAUUSDT,2026-03-27,2026-02-27,6,0.0
65-BINANCE-XAUUSDT-27MAR2026,65,Binance,XAU,XAUUSDT,2026-03-27,2026-02-28,6,3.6541902
65-BINANCE-XAUUSDT-27MAR2026,65,Binance,XAU,XAUUSDT,2026-03-27,2026-03-01,6,3.99047565
65-BINANCE-XAUUSDT-27MAR2026,65,Binance,XAU,XAUUSDT,2026-03-27,2026-03-02,6,1.3483611
65-BINANCE-XAUUSDT-27MAR2026,65,Binance,XAU,XAUUSDT,2026-03-27,2026-03-03,6,0.0
65-BINANCE-XAUUSDT-27MAR2026,65,Binance,XAU,XAUUSDT,2026-03-27,2026-03-04,6,0.0
65-BINANCE-XAUUSDT-27MAR2026,65,Binance,XAU,XAUUSDT,2026-03-27,2026-03-05,6,-0.02383085
65-BINANCE-XAUUSDT-27MAR2026,65,Binance,XAU,XAUUSDT,2026-03-27,2026-03-06,6,-0.13242565
65-BINANCE-XAUUSDT-27MAR2026,65,Binance,XAU,XAUUSDT,2026-03-27,2026-03-07,6,-0.09036305
65-BINANCE-XAUUSDT-27MAR2026,65,Binance,XAU,XAUUSDT,2026-03-27,2026-03-08,6,-0.34383365000000005
65-BINANCE-XAUUSDT-27MAR2026,65,Binance,XAU,XAUUSDT,2026-03-27,2026-03-09,6,0.0
65-BINANCE-XAUUSDT-27MAR2026,65,Binance,XAU,XAUUSDT,2026-03-27,2026-03-10,6,0.0
65-BINANCE-XAUUSDT-27MAR2026,65,Binance,XAU,XAUUSDT,2026-03-27,2026-03-11,6,0.0
65-BINANCE-XAUUSDT-27MAR2026,65,Binance,XAU,XAUUSDT,2026-03-27,2026-03-12,6,-0.00115705
65-BINANCE-XAUUSDT-27MAR2026,65,Binance,XAU,XAUUSDT,2026-03-27,2026-03-13,6,0.13054955000000001
65-BINANCE-XAUUSDT-27MAR2026,65,Binance,XAU,XAUUSDT,2026-03-27,2026-03-14,6,0.05749479999999999
65-BINANCE-XAUUSDT-27MAR2026,65,Binance,XAU,XAUUSDT,2026-03-27,2026-03-15,6,-0.59388785
65-BINANCE-XAUUSDT-27MAR2026,65,Binance,XAU,XAUUSDT,2026-03-27,2026-03-16,6,-0.0024674000000000002
65-BINANCE-XAUUSDT-27MAR2026,65,Binance,XAU,XAUUSDT,2026-03-27,2026-03-17,6,0.0
65-BINANCE-XAUUSDT-27MAR2026,65,Binance,XAU,XAUUSDT,2026-03-27,2026-03-18,6,0.09209315
65-BINANCE-XAUUSDT-27MAR2026,65,Binance,XAU,XAUUSDT,2026-03-27,2026-03-19,6,0.3110457
65-BINANCE-XAUUSDT-27MAR2026,65,Binance,XAU,XAUUSDT,2026-03-27,2026-03-20,6,0.59750865
65-BINANCE-XAUUSDT-27MAR2026,65,Binance,XAU,XAUUSDT,2026-03-27,2026-03-21,6,0.41801625
65-BINANCE-XAUUSDT-27MAR2026,65,Binance,XAU,XAUUSDT,2026-03-27,2026-03-22,6,-0.2374106
65-BINANCE-XAUUSDT-27MAR2026,65,Binance,XAU,XAUUSDT,2026-03-27,2026-03-23,6,0.4637398
65-BINANCE-XAUUSDT-27MAR2026,65,Binance,XAU,XAUUSDT,2026-03-27,2026-03-24,6,0.1090693
65-BINANCE-XAUUSDT-27MAR2026,65,Binance,XAU,XAUUSDT,2026-03-27,2026-03-25,6,0.03472975
65-BINANCE-XAUUSDT-27MAR2026,65,Binance,XAU,XAUUSDT,2026-03-27,2026-03-26,6,0.005927600000000001
65-BINANCE-XAUUSDT-27MAR2026,65,Binance,XAU,XAUUSDT,2026-03-27,2026-03-27,1,0.4419858
66-BINANCE-XAGUSDT-27MAR2026,66,Binance,XAG,XAGUSDT,2026-03-27,2026-02-24,1,0.0
66-BINANCE-XAGUSDT-27MAR2026,66,Binance,XAG,XAGUSDT,2026-03-27,2026-02-25,4,0.001122375
66-BINANCE-XAGUSDT-27MAR2026,66,Binance,XAG,XAGUSDT,2026-03-27,2026-02-26,6,-0.14143385
66-BINANCE-XAGUSDT-27MAR2026,66,Binance,XAG,XAGUSDT,2026-03-27,2026-02-27,6,-0.20742950000000002
66-BINANCE-XAGUSDT-27MAR2026,66,Binance,XAG,XAGUSDT,2026-03-27,2026-02-28,6,3.1776608
66-BINANCE-XAGUSDT-27MAR2026,66,Binance,XAG,XAGUSDT,2026-03-27,2026-03-01,6,4.14334495
66-BINANCE-XAGUSDT-27MAR2026,66,Binance,XAG,XAGUSDT,2026-03-27,2026-03-02,6,1.77804275
66-BINANCE-XAGUSDT-27MAR2026,66,Binance,XAG,XAGUSDT,2026-03-27,2026-03-03,6,0.27079715
66-BINANCE-XAGUSDT-27MAR2026,66,Binance,XAG,XAGUSDT,2026-03-27,2026-03-04,6,0.08323825
66-BINANCE-XAGUSDT-27MAR2026,66,Binance,XAG,XAGUSDT,2026-03-27,2026-03-05,6,-0.02857585
66-BINANCE-XAGUSDT-27MAR2026,66,Binance,XAG,XAGUSDT,2026-03-27,2026-03-06,6,-0.2618218
66-BINANCE-XAGUSDT-27MAR2026,66,Binance,XAG,XAGUSDT,2026-03-27,2026-03-07,6,-0.12428979999999999
66-BINANCE-XAGUSDT-27MAR2026,66,Binance,XAG,XAGUSDT,2026-03-27,2026-03-08,6,-0.20556434999999998
66-BINANCE-XAGUSDT-27MAR2026,66,Binance,XAG,XAGUSDT,2026-03-27,2026-03-09,6,0.1030176
66-BINANCE-XAGUSDT-27MAR2026,66,Binance,XAG,XAGUSDT,2026-03-27,2026-03-10,6,0.0
66-BINANCE-XAGUSDT-27MAR2026,66,Binance,XAG,XAGUSDT,2026-03-27,2026-03-11,6,0.0
66-BINANCE-XAGUSDT-27MAR2026,66,Binance,XAG,XAGUSDT,2026-03-27,2026-03-12,6,-0.1653523
66-BINANCE-XAGUSDT-27MAR2026,66,Binance,XAG,XAGUSDT,2026-03-27,2026-03-13,6,0.0
66-BINANCE-XAGUSDT-27MAR2026,66,Binance,XAG,XAGUSDT,2026-03-27,2026-03-14,6,0.038839649999999996
66-BINANCE-XAGUSDT-27MAR2026,66,Binance,XAG,XAGUSDT,2026-03-27,2026-03-15,6,-0.6091485
66-BINANCE-XAGUSDT-27MAR2026,66,Binance,XAG,XAGUSDT,2026-03-27,2026-03-16,6,0.0
66-BINANCE-XAGUSDT-27MAR2026,66,Binance,XAG,XAGUSDT,2026-03-27,2026-03-17,6,0.028495549999999998
66-BINANCE-XAGUSDT-27MAR2026,66,Binance,XAG,XAGUSDT,2026-03-27,2026-03-18,6,0.098988
66-BINANCE-XAGUSDT-27MAR2026,66,Binance,XAG,XAGUSDT,2026-03-27,2026-03-19,6,0.8401934999999999
66-BINANCE-XAGUSDT-27MAR2026,66,Binance,XAG,XAGUSDT,2026-03-27,2026-03-20,6,0.51149275
66-BINANCE-XAGUSDT-27MAR2026,66,Binance,XAG,XAGUSDT,2026-03-27,2026-03-21,6,0.38172429999999996
66-BINANCE-XAGUSDT-27MAR2026,66,Binance,XAG,XAGUSDT,2026-03-27,2026-03-22,6,-0.14669715000000003
66-BINANCE-XAGUSDT-27MAR2026,66,Binance,XAG,XAGUSDT,2026-03-27,2026-03-23,6,0.47572275
66-BINANCE-XAGUSDT-27MAR2026,66,Binance,XAG,XAGUSDT,2026-03-27,2026-03-24,6,0.26297885
66-BINANCE-XAGUSDT-27MAR2026,66,Binance,XAG,XAGUSDT,2026-03-27,2026-03-25,6,0.10660189999999999
66-BINANCE-XAGUSDT-27MAR2026,66,Binance,XAG,XAGUSDT,2026-03-27,2026-03-26,6,0.13560115
66-BINANCE-XAGUSDT-27MAR2026,66,Binance,XAG,XAGUSDT,2026-03-27,2026-03-27,1,0.2714286
67-HYPERLIQUID-HYPE-27MAR2026,67,Hyperliquid,HYPE,HYPE,2026-03-27,2026-03-03,19,0.0962744747368421
67-HYPERLIQUID-HYPE-27MAR2026,67,Hyperliquid,HYPE,HYPE,2026-03-27,2026-03-04,24,-0.053467025
67-HYPERLIQUID-HYPE-27MAR2026,67,Hyperliquid,HYPE,HYPE,2026-03-27,2026-03-05,24,0.1095
67-HYPERLIQUID-HYPE-27MAR2026,67,Hyperliquid,HYPE,HYPE,2026-03-27,2026-03-06,24,0.1095
67-HYPERLIQUID-HYPE-27MAR2026,67,Hyperliquid,HYPE,HYPE,2026-03-27,2026-03-07,24,0.1095
67-HYPERLIQUID-HYPE-27MAR2026,67,Hyperliquid,HYPE,HYPE,2026-03-27,2026-03-08,24,0.1095
67-HYPERLIQUID-HYPE-27MAR2026,67,Hyperliquid,HYPE,HYPE,2026-03-27,2026-03-09,24,0.0545287005
67-HYPERLIQUID-HYPE-27MAR2026,67,Hyperliquid,HYPE,HYPE,2026-03-27,2026-03-10,24,-0.0064241095000000005
67-HYPERLIQUID-HYPE-27MAR2026,67,Hyperliquid,HYPE,HYPE,2026-03-27,2026-03-11,24,-0.10442803299999999
67-HYPERLIQUID-HYPE-27MAR2026,67,Hyperliquid,HYPE,HYPE,2026-03-27,2026-03-12,24,-0.079947775
67-HYPERLIQUID-HYPE-27MAR2026,67,Hyperliquid,HYPE,HYPE,2026-03-27,2026-03-13,24,-0.003471843499999999
67-HYPERLIQUID-HYPE-27MAR2026,67,Hyperliquid,HYPE,HYPE,2026-03-27,2026-03-14,24,-0.0021687935000000006
67-HYPERLIQUID-HYPE-27MAR2026,67,Hyperliquid,HYPE,HYPE,2026-03-27,2026-03-15,24,0.098645265
67-HYPERLIQUID-HYPE-27MAR2026,67,Hyperliquid,HYPE,HYPE,2026-03-27,2026-03-16,24,0.09724111
67-HYPERLIQUID-HYPE-27MAR2026,67,Hyperliquid,HYPE,HYPE,2026-03-27,2026-03-17,24,0.1095
67-HYPERLIQUID-HYPE-27MAR2026,67,Hyperliquid,HYPE,HYPE,2026-03-27,2026-03-18,24,0.11833011650000001
67-HYPERLIQUID-HYPE-27MAR2026,67,Hyperliquid,HYPE,HYPE,2026-03-27,2026-03-19,24,0.1155216605
67-HYPERLIQUID-HYPE-27MAR2026,67,Hyperliquid,HYPE,HYPE,2026-03-27,2026-03-20,24,0.112457011
67-HYPERLIQUID-HYPE-27MAR2026,67,Hyperliquid,HYPE,HYPE,2026-03-27,2026-03-21,24,0.1095
67-HYPERLIQUID-HYPE-27MAR2026,67,Hyperliquid,HYPE,HYPE,2026-03-27,2026-03-22,24,0.1095
67-HYPERLIQUID-HYPE-27MAR2026,67,Hyperliquid,HYPE,HYPE,2026-03-27,2026-03-23,24,0.1095
67-HYPERLIQUID-HYPE-27MAR2026,67,Hyperliquid,HYPE,HYPE,2026-03-27,2026-03-24,24,0.10716560600000001
67-HYPERLIQUID-HYPE-27MAR2026,67,Hyperliquid,HYPE,HYPE,2026-03-27,2026-03-25,24,0.1095
67-HYPERLIQUID-HYPE-27MAR2026,67,Hyperliquid,HYPE,HYPE,2026-03-27,2026-03-26,24,0.1088544975
67-HYPERLIQUID-HYPE-27MAR2026,67,Hyperliquid,HYPE,HYPE,2026-03-27,2026-03-27,1,0.1095
68-BYBIT-HYPEUSDT-27MAR2026,68,Bybit,HYPE,HYPEUSDT,2026-03-27,2026-03-03,3,0.05573185
68-BYBIT-HYPEUSDT-27MAR2026,68,Bybit,HYPE,HYPEUSDT,2026-03-27,2026-03-04,3,-0.027867749999999997
68-BYBIT-HYPEUSDT-27MAR2026,68,Bybit,HYPE,HYPEUSDT,2026-03-27,2026-03-05,3,0.02026115
68-BYBIT-HYPEUSDT-27MAR2026,68,Bybit,HYPE,HYPEUSDT,2026-03-27,2026-03-06,3,0.09921429999999999
68-BYBIT-HYPEUSDT-27MAR2026,68,Bybit,HYPE,HYPEUSDT,2026-03-27,2026-03-07,3,0.08090225
68-BYBIT-HYPEUSDT-27MAR2026,68,Bybit,HYPE,HYPEUSDT,2026-03-27,2026-03-08,3,-0.0356532
68-BYBIT-HYPEUSDT-27MAR2026,68,Bybit,HYPE,HYPEUSDT,2026-03-27,2026-03-09,3,0.012665500000000001
68-BYBIT-HYPEUSDT-27MAR2026,68,Bybit,HYPE,HYPEUSDT,2026-03-27,2026-03-10,3,-0.08399380000000001
68-BYBIT-HYPEUSDT-27MAR2026,68,Bybit,HYPE,HYPEUSDT,2026-03-27,2026-03-11,3,-0.04487675
68-BYBIT-HYPEUSDT-27MAR2026,68,Bybit,HYPE,HYPEUSDT,2026-03-27,2026-03-12,3,-0.13823280000000002
68-BYBIT-HYPEUSDT-27MAR2026,68,Bybit,HYPE,HYPEUSDT,2026-03-27,2026-03-13,3,-0.09975450000000001
68-BYBIT-HYPEUSDT-27MAR2026,68,Bybit,HYPE,HYPEUSDT,2026-03-27,2026-03-14,3,-0.007299999999999998
68-BYBIT-HYPEUSDT-27MAR2026,68,Bybit,HYPE,HYPEUSDT,2026-03-27,2026-03-15,3,0.0325069
68-BYBIT-HYPEUSDT-27MAR2026,68,Bybit,HYPE,HYPEUSDT,2026-03-27,2026-03-16,3,0.1095
68-BYBIT-HYPEUSDT-27MAR2026,68,Bybit,HYPE,HYPEUSDT,2026-03-27,2026-03-17,3,0.1095
68-BYBIT-HYPEUSDT-27MAR2026,68,Bybit,HYPE,HYPEUSDT,2026-03-27,2026-03-18,3,0.06824770000000001
68-BYBIT-HYPEUSDT-27MAR2026,68,Bybit,HYPE,HYPEUSDT,2026-03-27,2026-03-19,3,-0.0918121
68-BYBIT-HYPEUSDT-27MAR2026,68,Bybit,HYPE,HYPEUSDT,2026-03-27,2026-03-20,3,0.0292949
68-BYBIT-HYPEUSDT-27MAR2026,68,Bybit,HYPE,HYPEUSDT,2026-03-27,2026-03-21,3,-0.028079450000000002
68-BYBIT-HYPEUSDT-27MAR2026,68,Bybit,HYPE,HYPEUSDT,2026-03-27,2026-03-22,3,0.0601301
68-BYBIT-HYPEUSDT-27MAR2026,68,Bybit,HYPE,HYPEUSDT,2026-03-27,2026-03-23,3,0.0671819
68-BYBIT-HYPEUSDT-27MAR2026,68,Bybit,HYPE,HYPEUSDT,2026-03-27,2026-03-24,3,-0.01012875
68-BYBIT-HYPEUSDT-27MAR2026,68,Bybit,HYPE,HYPEUSDT,2026-03-27,2026-03-25,3,0.03102865
68-BYBIT-HYPEUSDT-27MAR2026,68,Bybit,HYPE,HYPEUSDT,2026-03-27,2026-03-26,3,-0.0091177
68-BYBIT-HYPEUSDT-27MAR2026,68,Bybit,HYPE,HYPEUSDT,2026-03-27,2026-03-27,1,0.1095
69-BINANCE-BNBUSDT-27MAR2026,69,Binance,BNB,BNBUSDT,2026-03-27,2026-03-03,3,0.0
69-BINANCE-BNBUSDT-27MAR2026,69,Binance,BNB,BNBUSDT,2026-03-27,2026-03-04,3,0.0
69-BINANCE-BNBUSDT-27MAR2026,69,Binance,BNB,BNBUSDT,2026-03-27,2026-03-05,3,0.0
69-BINANCE-BNBUSDT-27MAR2026,69,Binance,BNB,BNBUSDT,2026-03-27,2026-03-06,3,0.0
69-BINANCE-BNBUSDT-27MAR2026,69,Binance,BNB,BNBUSDT,2026-03-27,2026-03-07,3,0.0
69-BINANCE-BNBUSDT-27MAR2026,69,Binance,BNB,BNBUSDT,2026-03-27,2026-03-08,3,0.0
69-BINANCE-BNBUSDT-27MAR2026,69,Binance,BNB,BNBUSDT,2026-03-27,2026-03-09,3,0.0
69-BINANCE-BNBUSDT-27MAR2026,69,Binance,BNB,BNBUSDT,2026-03-27,2026-03-10,3,0.0
69-BINANCE-BNBUSDT-27MAR2026,69,Binance,BNB,BNBUSDT,2026-03-27,2026-03-11,3,0.0
69-BINANCE-BNBUSDT-27MAR2026,69,Binance,BNB,BNBUSDT,2026-03-27,2026-03-12,3,0.0
69-BINANCE-BNBUSDT-27MAR2026,69,Binance,BNB,BNBUSDT,2026-03-27,2026-03-13,3,0.0
69-BINANCE-BNBUSDT-27MAR2026,69,Binance,BNB,BNBUSDT,2026-03-27,2026-03-14,3,0.0
69-BINANCE-BNBUSDT-27MAR2026,69,Binance,BNB,BNBUSDT,2026-03-27,2026-03-15,3,0.0
69-BINANCE-BNBUSDT-27MAR2026,69,Binance,BNB,BNBUSDT,2026-03-27,2026-03-16,3,0.0
69-BINANCE-BNBUSDT-27MAR2026,69,Binance,BNB,BNBUSDT,2026-03-27,2026-03-17,3,0.0
69-BINANCE-BNBUSDT-27MAR2026,69,Binance,BNB,BNBUSDT,2026-03-27,2026-03-18,3,0.0
69-BINANCE-BNBUSDT-27MAR2026,69,Binance,BNB,BNBUSDT,2026-03-27,2026-03-19,3,-0.037073049999999996
69-BINANCE-BNBUSDT-27MAR2026,69,Binance,BNB,BNBUSDT,2026-03-27,2026-03-20,3,-0.046457200000000004
69-BINANCE-BNBUSDT-27MAR2026,69,Binance,BNB,BNBUSDT,2026-03-27,2026-03-21,3,0.0
69-BINANCE-BNBUSDT-27MAR2026,69,Binance,BNB,BNBUSDT,2026-03-27,2026-03-22,3,-0.026601200000000002
69-BINANCE-BNBUSDT-27MAR2026,69,Binance,BNB,BNBUSDT,2026-03-27,2026-03-23,3,-0.0162571
69-BINANCE-BNBUSDT-27MAR2026,69,Binance,BNB,BNBUSDT,2026-03-27,2026-03-24,3,0.0
69-BINANCE-BNBUSDT-27MAR2026,69,Binance,BNB,BNBUSDT,2026-03-27,2026-03-25,3,0.0
69-BINANCE-BNBUSDT-27MAR2026,69,Binance,BNB,BNBUSDT,2026-03-27,2026-03-26,3,0.0
69-BINANCE-BNBUSDT-27MAR2026,69,Binance,BNB,BNBUSDT,2026-03-27,2026-03-27,1,0.0
7-HYPERLIQUID-ETH-31OCT2025,7,Hyperliquid,ETH,ETH,2025-10-31,2025-09-09,1,0.0
7-HYPERLIQUID-ETH-31OCT2025,7,Hyperliquid,ETH,ETH,2025-10-31,2025-09-10,17,0.1095
7-HYPERLIQUID-ETH-31OCT2025,7,Hyperliquid,ETH,ETH,2025-10-31,2025-09-11,24,0.1095
7-HYPERLIQUID-ETH-31OCT2025,7,Hyperliquid,ETH,ETH,2025-10-31,2025-09-12,24,0.1095
7-HYPERLIQUID-ETH-31OCT2025,7,Hyperliquid,ETH,ETH,2025-10-31,2025-09-13,24,0.13179489349999998
7-HYPERLIQUID-ETH-31OCT2025,7,Hyperliquid,ETH,ETH,2025-10-31,2025-09-14,24,0.148663624
7-HYPERLIQUID-ETH-31OCT2025,7,Hyperliquid,ETH,ETH,2025-10-31,2025-09-15,24,0.1378192915
7-HYPERLIQUID-ETH-31OCT2025,7,Hyperliquid,ETH,ETH,2025-10-31,2025-09-16,24,0.10971932849999999
7-HYPERLIQUID-ETH-31OCT2025,7,Hyperliquid,ETH,ETH,2025-10-31,2025-09-17,24,0.1095
7-HYPERLIQUID-ETH-31OCT2025,7,Hyperliquid,ETH,ETH,2025-10-31,2025-09-18,24,0.1095
7-HYPERLIQUID-ETH-31OCT2025,7,Hyperliquid,ETH,ETH,2025-10-31,2025-09-19,24,0.11385594650000001
7-HYPERLIQUID-ETH-31OCT2025,7,Hyperliquid,ETH,ETH,2025-10-31,2025-09-20,24,0.1095
7-HYPERLIQUID-ETH-31OCT2025,7,Hyperliquid,ETH,ETH,2025-10-31,2025-09-21,24,0.1095
7-HYPERLIQUID-ETH-31OCT2025,7,Hyperliquid,ETH,ETH,2025-10-31,2025-09-22,24,0.054168774
7-HYPERLIQUID-ETH-31OCT2025,7,Hyperliquid,ETH,ETH,2025-10-31,2025-09-23,24,0.017844119999999998
7-HYPERLIQUID-ETH-31OCT2025,7,Hyperliquid,ETH,ETH,2025-10-31,2025-09-24,24,0.040553106
7-HYPERLIQUID-ETH-31OCT2025,7,Hyperliquid,ETH,ETH,2025-10-31,2025-09-25,24,0.0608661955
7-HYPERLIQUID-ETH-31OCT2025,7,Hyperliquid,ETH,ETH,2025-10-31,2025-09-26,24,-0.027433546
7-HYPERLIQUID-ETH-31OCT2025,7,Hyperliquid,ETH,ETH,2025-10-31,2025-09-27,24,0.1052980105
7-HYPERLIQUID-ETH-31OCT2025,7,Hyperliquid,ETH,ETH,2025-10-31,2025-09-28,24,0.09089686250000001
7-HYPERLIQUID-ETH-31OCT2025,7,Hyperliquid,ETH,ETH,2025-10-31,2025-09-29,24,0.00672257
7-HYPERLIQUID-ETH-31OCT2025,7,Hyperliquid,ETH,ETH,2025-10-31,2025-09-30,24,0.09104808199999999
7-HYPERLIQUID-ETH-31OCT2025,7,Hyperliquid,ETH,ETH,2025-10-31,2025-10-01,24,0.108863221
7-HYPERLIQUID-ETH-31OCT2025,7,Hyperliquid,ETH,ETH,2025-10-31,2025-10-02,24,0.1095
7-HYPERLIQUID-ETH-31OCT2025,7,Hyperliquid,ETH,ETH,2025-10-31,2025-10-03,24,0.1095
7-HYPERLIQUID-ETH-31OCT2025,7,Hyperliquid,ETH,ETH,2025-10-31,2025-10-04,24,0.1095
7-HYPERLIQUID-ETH-31OCT2025,7,Hyperliquid,ETH,ETH,2025-10-31,2025-10-05,24,0.1095
7-HYPERLIQUID-ETH-31OCT2025,7,Hyperliquid,ETH,ETH,2025-10-31,2025-10-06,24,0.125870031
7-HYPERLIQUID-ETH-31OCT2025,7,Hyperliquid,ETH,ETH,2025-10-31,2025-10-07,24,0.1257467705
7-HYPERLIQUID-ETH-31OCT2025,7,Hyperliquid,ETH,ETH,2025-10-31,2025-10-08,24,0.140197522
7-HYPERLIQUID-ETH-31OCT2025,7,Hyperliquid,ETH,ETH,2025-10-31,2025-10-09,24,0.11003600250000001
7-HYPERLIQUID-ETH-31OCT2025,7,Hyperliquid,ETH,ETH,2025-10-31,2025-10-10,23,-0.07192171382608695
7-HYPERLIQUID-ETH-31OCT2025,7,Hyperliquid,ETH,ETH,2025-10-31,2025-10-11,24,-0.1251900725
7-HYPERLIQUID-ETH-31OCT2025,7,Hyperliquid,ETH,ETH,2025-10-31,2025-10-12,24,0.0110817285
7-HYPERLIQUID-ETH-31OCT2025,7,Hyperliquid,ETH,ETH,2025-10-31,2025-10-13,24,0.0871581675
7-HYPERLIQUID-ETH-31OCT2025,7,Hyperliquid,ETH,ETH,2025-10-31,2025-10-14,24,0.0865473035
7-HYPERLIQUID-ETH-31OCT2025,7,Hyperliquid,ETH,ETH,2025-10-31,2025-10-15,24,0.0842643745
7-HYPERLIQUID-ETH-31OCT2025,7,Hyperliquid,ETH,ETH,2025-10-31,2025-10-16,24,0.02203651
7-HYPERLIQUID-ETH-31OCT2025,7,Hyperliquid,ETH,ETH,2025-10-31,2025-10-17,24,0.072046547
7-HYPERLIQUID-ETH-31OCT2025,7,Hyperliquid,ETH,ETH,2025-10-31,2025-10-18,24,0.10665730699999999
7-HYPERLIQUID-ETH-31OCT2025,7,Hyperliquid,ETH,ETH,2025-10-31,2025-10-19,24,-0.008265571000000001
7-HYPERLIQUID-ETH-31OCT2025,7,Hyperliquid,ETH,ETH,2025-10-31,2025-10-20,24,0.07726042600000001
7-HYPERLIQUID-ETH-31OCT2025,7,Hyperliquid,ETH,ETH,2025-10-31,2025-10-21,24,0.0956609155
7-HYPERLIQUID-ETH-31OCT2025,7,Hyperliquid,ETH,ETH,2025-10-31,2025-10-22,24,0.0009594025000000008
7-HYPERLIQUID-ETH-31OCT2025,7,Hyperliquid,ETH,ETH,2025-10-31,2025-10-23,24,0.0893459775
7-HYPERLIQUID-ETH-31OCT2025,7,Hyperliquid,ETH,ETH,2025-10-31,2025-10-24,24,0.1095
7-HYPERLIQUID-ETH-31OCT2025,7,Hyperliquid,ETH,ETH,2025-10-31,2025-10-25,24,0.1095
7-HYPERLIQUID-ETH-31OCT2025,7,Hyperliquid,ETH,ETH,2025-10-31,2025-10-26,24,0.1095
7-HYPERLIQUID-ETH-31OCT2025,7,Hyperliquid,ETH,ETH,2025-10-31,2025-10-27,24,0.1095
7-HYPERLIQUID-ETH-31OCT2025,7,Hyperliquid,ETH,ETH,2025-10-31,2025-10-28,24,0.1087543415
7-HYPERLIQUID-ETH-31OCT2025,7,Hyperliquid,ETH,ETH,2025-10-31,2025-10-29,24,0.038512172
7-HYPERLIQUID-ETH-31OCT2025,7,Hyperliquid,ETH,ETH,2025-10-31,2025-10-30,24,0.1095
7-HYPERLIQUID-ETH-31OCT2025,7,Hyperliquid,ETH,ETH,2025-10-31,2025-10-31,1,0.1095
70-LIGHTER-BNB-27MAR2026,70,Lighter,BNB,BNB,2026-03-27,2026-03-03,19,-0.16505684210526317
70-LIGHTER-BNB-27MAR2026,70,Lighter,BNB,BNB,2026-03-27,2026-03-04,24,-0.016059999999999998
70-LIGHTER-BNB-27MAR2026,70,Lighter,BNB,BNB,2026-03-27,2026-03-05,24,0.08176
70-LIGHTER-BNB-27MAR2026,70,Lighter,BNB,BNB,2026-03-27,2026-03-06,24,-0.0146
70-LIGHTER-BNB-27MAR2026,70,Lighter,BNB,BNB,2026-03-27,2026-03-07,24,-0.059495
70-LIGHTER-BNB-27MAR2026,70,Lighter,BNB,BNB,2026-03-27,2026-03-08,24,-0.15622
70-LIGHTER-BNB-27MAR2026,70,Lighter,BNB,BNB,2026-03-27,2026-03-09,24,0.016790000000000003
70-LIGHTER-BNB-27MAR2026,70,Lighter,BNB,BNB,2026-03-27,2026-03-10,24,0.042339999999999996
70-LIGHTER-BNB-27MAR2026,70,Lighter,BNB,BNB,2026-03-27,2026-03-11,24,-0.012044999999999998
70-LIGHTER-BNB-27MAR2026,70,Lighter,BNB,BNB,2026-03-27,2026-03-12,24,0.06643
70-LIGHTER-BNB-27MAR2026,70,Lighter,BNB,BNB,2026-03-27,2026-03-13,24,0.10512
70-LIGHTER-BNB-27MAR2026,70,Lighter,BNB,BNB,2026-03-27,2026-03-14,24,0.052925
70-LIGHTER-BNB-27MAR2026,70,Lighter,BNB,BNB,2026-03-27,2026-03-15,24,0.06424
70-LIGHTER-BNB-27MAR2026,70,Lighter,BNB,BNB,2026-03-27,2026-03-16,24,0.10512
70-LIGHTER-BNB-27MAR2026,70,Lighter,BNB,BNB,2026-03-27,2026-03-17,24,-0.016059999999999998
70-LIGHTER-BNB-27MAR2026,70,Lighter,BNB,BNB,2026-03-27,2026-03-18,24,-0.14344500000000002
70-LIGHTER-BNB-27MAR2026,70,Lighter,BNB,BNB,2026-03-27,2026-03-19,24,-0.04891
70-LIGHTER-BNB-27MAR2026,70,Lighter,BNB,BNB,2026-03-27,2026-03-20,24,-0.06643
70-LIGHTER-BNB-27MAR2026,70,Lighter,BNB,BNB,2026-03-27,2026-03-21,24,0.10512
70-LIGHTER-BNB-27MAR2026,70,Lighter,BNB,BNB,2026-03-27,2026-03-22,24,0.050735
70-LIGHTER-BNB-27MAR2026,70,Lighter,BNB,BNB,2026-03-27,2026-03-23,24,0.096725
70-LIGHTER-BNB-27MAR2026,70,Lighter,BNB,BNB,2026-03-27,2026-03-24,24,0.10512
70-LIGHTER-BNB-27MAR2026,70,Lighter,BNB,BNB,2026-03-27,2026-03-25,24,0.10512
70-LIGHTER-BNB-27MAR2026,70,Lighter,BNB,BNB,2026-03-27,2026-03-26,24,0.10512
70-LIGHTER-BNB-27MAR2026,70,Lighter,BNB,BNB,2026-03-27,2026-03-27,1,0.10512
71-BINANCE-XRPUSDT-27MAR2026,71,Binance,XRP,XRPUSDT,2026-03-27,2026-03-03,3,-0.07491260000000001
71-BINANCE-XRPUSDT-27MAR2026,71,Binance,XRP,XRPUSDT,2026-03-27,2026-03-04,3,0.023911150000000003
71-BINANCE-XRPUSDT-27MAR2026,71,Binance,XRP,XRPUSDT,2026-03-27,2026-03-05,3,0.01925375
71-BINANCE-XRPUSDT-27MAR2026,71,Binance,XRP,XRPUSDT,2026-03-27,2026-03-06,3,-0.041398300000000006
71-BINANCE-XRPUSDT-27MAR2026,71,Binance,XRP,XRPUSDT,2026-03-27,2026-03-07,3,-0.1392986
71-BINANCE-XRPUSDT-27MAR2026,71,Binance,XRP,XRPUSDT,2026-03-27,2026-03-08,3,-0.17953984999999997
71-BINANCE-XRPUSDT-27MAR2026,71,Binance,XRP,XRPUSDT,2026-03-27,2026-03-09,3,-0.11625615
71-BINANCE-XRPUSDT-27MAR2026,71,Binance,XRP,XRPUSDT,2026-03-27,2026-03-10,3,0.0140817
71-BINANCE-XRPUSDT-27MAR2026,71,Binance,XRP,XRPUSDT,2026-03-27,2026-03-11,3,-0.06940110000000001
71-BINANCE-XRPUSDT-27MAR2026,71,Binance,XRP,XRPUSDT,2026-03-27,2026-03-12,3,-0.08912569999999999
71-BINANCE-XRPUSDT-27MAR2026,71,Binance,XRP,XRPUSDT,2026-03-27,2026-03-13,3,0.0654737
71-BINANCE-XRPUSDT-27MAR2026,71,Binance,XRP,XRPUSDT,2026-03-27,2026-03-14,3,-0.06320705
71-BINANCE-XRPUSDT-27MAR2026,71,Binance,XRP,XRPUSDT,2026-03-27,2026-03-15,3,0.010351400000000004
71-BINANCE-XRPUSDT-27MAR2026,71,Binance,XRP,XRPUSDT,2026-03-27,2026-03-16,3,0.07105455000000001
71-BINANCE-XRPUSDT-27MAR2026,71,Binance,XRP,XRPUSDT,2026-03-27,2026-03-17,3,0.02133425
71-BINANCE-XRPUSDT-27MAR2026,71,Binance,XRP,XRPUSDT,2026-03-27,2026-03-18,3,-0.0093221
71-BINANCE-XRPUSDT-27MAR2026,71,Binance,XRP,XRPUSDT,2026-03-27,2026-03-19,3,0.0445592
71-BINANCE-XRPUSDT-27MAR2026,71,Binance,XRP,XRPUSDT,2026-03-27,2026-03-20,3,-0.0420772
71-BINANCE-XRPUSDT-27MAR2026,71,Binance,XRP,XRPUSDT,2026-03-27,2026-03-21,3,-0.00785115
71-BINANCE-XRPUSDT-27MAR2026,71,Binance,XRP,XRPUSDT,2026-03-27,2026-03-22,3,-0.06211205
71-BINANCE-XRPUSDT-27MAR2026,71,Binance,XRP,XRPUSDT,2026-03-27,2026-03-23,3,0.0175711
71-BINANCE-XRPUSDT-27MAR2026,71,Binance,XRP,XRPUSDT,2026-03-27,2026-03-24,3,-0.0063583
71-BINANCE-XRPUSDT-27MAR2026,71,Binance,XRP,XRPUSDT,2026-03-27,2026-03-25,3,-0.032390100000000005
71-BINANCE-XRPUSDT-27MAR2026,71,Binance,XRP,XRPUSDT,2026-03-27,2026-03-26,3,-0.11288720000000001
71-BINANCE-XRPUSDT-27MAR2026,71,Binance,XRP,XRPUSDT,2026-03-27,2026-03-27,1,-0.19581885
72-HYPERLIQUID-XRP-27MAR2026,72,Hyperliquid,XRP,XRP,2026-03-27,2026-03-03,19,-0.11332807389473683
72-HYPERLIQUID-XRP-27MAR2026,72,Hyperliquid,XRP,XRP,2026-03-27,2026-03-04,24,0.029514958499999997
72-HYPERLIQUID-XRP-27MAR2026,72,Hyperliquid,XRP,XRP,2026-03-27,2026-03-05,24,-0.0214190395
72-HYPERLIQUID-XRP-27MAR2026,72,Hyperliquid,XRP,XRP,2026-03-27,2026-03-06,24,-0.1280880265
72-HYPERLIQUID-XRP-27MAR2026,72,Hyperliquid,XRP,XRP,2026-03-27,2026-03-07,24,-0.17191653299999998
72-HYPERLIQUID-XRP-27MAR2026,72,Hyperliquid,XRP,XRP,2026-03-27,2026-03-08,24,-0.2116873345
72-HYPERLIQUID-XRP-27MAR2026,72,Hyperliquid,XRP,XRP,2026-03-27,2026-03-09,24,-0.0649320035
72-HYPERLIQUID-XRP-27MAR2026,72,Hyperliquid,XRP,XRP,2026-03-27,2026-03-10,24,-0.012513842499999999
72-HYPERLIQUID-XRP-27MAR2026,72,Hyperliquid,XRP,XRP,2026-03-27,2026-03-11,24,-0.09697038949999999
72-HYPERLIQUID-XRP-27MAR2026,72,Hyperliquid,XRP,XRP,2026-03-27,2026-03-12,24,-0.0179345305
72-HYPERLIQUID-XRP-27MAR2026,72,Hyperliquid,XRP,XRP,2026-03-27,2026-03-13,24,0.059027216
72-HYPERLIQUID-XRP-27MAR2026,72,Hyperliquid,XRP,XRP,2026-03-27,2026-03-14,24,-0.1017153165
72-HYPERLIQUID-XRP-27MAR2026,72,Hyperliquid,XRP,XRP,2026-03-27,2026-03-15,24,0.090735204
72-HYPERLIQUID-XRP-27MAR2026,72,Hyperliquid,XRP,XRP,2026-03-27,2026-03-16,24,0.094145764
72-HYPERLIQUID-XRP-27MAR2026,72,Hyperliquid,XRP,XRP,2026-03-27,2026-03-17,24,-0.0350190855
72-HYPERLIQUID-XRP-27MAR2026,72,Hyperliquid,XRP,XRP,2026-03-27,2026-03-18,24,-0.037056770999999995
72-HYPERLIQUID-XRP-27MAR2026,72,Hyperliquid,XRP,XRP,2026-03-27,2026-03-19,24,-0.0193522635
72-HYPERLIQUID-XRP-27MAR2026,72,Hyperliquid,XRP,XRP,2026-03-27,2026-03-20,24,-0.126425196
72-HYPERLIQUID-XRP-27MAR2026,72,Hyperliquid,XRP,XRP,2026-03-27,2026-03-21,24,-0.094467256
72-HYPERLIQUID-XRP-27MAR2026,72,Hyperliquid,XRP,XRP,2026-03-27,2026-03-22,24,-0.065071324
72-HYPERLIQUID-XRP-27MAR2026,72,Hyperliquid,XRP,XRP,2026-03-27,2026-03-23,24,-0.0208802995
72-HYPERLIQUID-XRP-27MAR2026,72,Hyperliquid,XRP,XRP,2026-03-27,2026-03-24,24,-0.038271564
72-HYPERLIQUID-XRP-27MAR2026,72,Hyperliquid,XRP,XRP,2026-03-27,2026-03-25,24,-0.0200429895
72-HYPERLIQUID-XRP-27MAR2026,72,Hyperliquid,XRP,XRP,2026-03-27,2026-03-26,24,-0.1653513875
72-HYPERLIQUID-XRP-27MAR2026,72,Hyperliquid,XRP,XRP,2026-03-27,2026-03-27,1,-0.321398268
73-HYPERLIQUID-xyzCL-27MAR2026,73,Hyperliquid,CLOIL,xyzCL,2026-03-27,2026-03-09,9,0.9167567760000002
73-HYPERLIQUID-xyzCL-27MAR2026,73,Hyperliquid,CLOIL,xyzCL,2026-03-27,2026-03-10,24,-0.010753739499999986
73-HYPERLIQUID-xyzCL-27MAR2026,73,Hyperliquid,CLOIL,xyzCL,2026-03-27,2026-03-11,24,-0.2726595625
73-HYPERLIQUID-xyzCL-27MAR2026,73,Hyperliquid,CLOIL,xyzCL,2026-03-27,2026-03-12,24,-0.0986397535
73-HYPERLIQUID-xyzCL-27MAR2026,73,Hyperliquid,CLOIL,xyzCL,2026-03-27,2026-03-13,24,0.103646422
73-HYPERLIQUID-xyzCL-27MAR2026,73,Hyperliquid,CLOIL,xyzCL,2026-03-27,2026-03-14,24,1.0604026355
73-HYPERLIQUID-xyzCL-27MAR2026,73,Hyperliquid,CLOIL,xyzCL,2026-03-27,2026-03-15,24,-0.2968774585
73-HYPERLIQUID-xyzCL-27MAR2026,73,Hyperliquid,CLOIL,xyzCL,2026-03-27,2026-03-16,24,0.0708771235
73-HYPERLIQUID-xyzCL-27MAR2026,73,Hyperliquid,CLOIL,xyzCL,2026-03-27,2026-03-17,24,-0.0565550345
73-HYPERLIQUID-xyzCL-27MAR2026,73,Hyperliquid,CLOIL,xyzCL,2026-03-27,2026-03-18,24,-0.1081734075
73-HYPERLIQUID-xyzCL-27MAR2026,73,Hyperliquid,CLOIL,xyzCL,2026-03-27,2026-03-19,24,-0.1055042355
73-HYPERLIQUID-xyzCL-27MAR2026,73,Hyperliquid,CLOIL,xyzCL,2026-03-27,2026-03-20,24,-0.40180499399999997
73-HYPERLIQUID-xyzCL-27MAR2026,73,Hyperliquid,CLOIL,xyzCL,2026-03-27,2026-03-21,24,-0.1483969915
73-HYPERLIQUID-xyzCL-27MAR2026,73,Hyperliquid,CLOIL,xyzCL,2026-03-27,2026-03-22,24,1.1029824405
73-HYPERLIQUID-xyzCL-27MAR2026,73,Hyperliquid,CLOIL,xyzCL,2026-03-27,2026-03-23,24,-0.1759894585
73-HYPERLIQUID-xyzCL-27MAR2026,73,Hyperliquid,CLOIL,xyzCL,2026-03-27,2026-03-24,24,-0.08540076549999999
73-HYPERLIQUID-xyzCL-27MAR2026,73,Hyperliquid,CLOIL,xyzCL,2026-03-27,2026-03-25,24,-0.125291214
73-HYPERLIQUID-xyzCL-27MAR2026,73,Hyperliquid,CLOIL,xyzCL,2026-03-27,2026-03-26,24,-0.18257606599999998
73-HYPERLIQUID-xyzCL-27MAR2026,73,Hyperliquid,CLOIL,xyzCL,2026-03-27,2026-03-27,1,-0.20462484
74-HYPERLIQUID-ETH-26JUN2026,74,Hyperliquid,ETH,ETH,2026-06-26,2026-03-10,17,0.06245132823529412
74-HYPERLIQUID-ETH-26JUN2026,74,Hyperliquid,ETH,ETH,2026-06-26,2026-03-11,24,-0.0043629179999999995
74-HYPERLIQUID-ETH-26JUN2026,74,Hyperliquid,ETH,ETH,2026-06-26,2026-03-12,24,-0.026503964
74-HYPERLIQUID-ETH-26JUN2026,74,Hyperliquid,ETH,ETH,2026-06-26,2026-03-13,24,0.0545824285
74-HYPERLIQUID-ETH-26JUN2026,74,Hyperliquid,ETH,ETH,2026-06-26,2026-03-14,24,0.044087109000000006
74-HYPERLIQUID-ETH-26JUN2026,74,Hyperliquid,ETH,ETH,2026-06-26,2026-03-15,24,0.0760076
74-HYPERLIQUID-ETH-26JUN2026,74,Hyperliquid,ETH,ETH,2026-06-26,2026-03-16,24,-0.0009646219999999993
74-HYPERLIQUID-ETH-26JUN2026,74,Hyperliquid,ETH,ETH,2026-06-26,2026-03-17,24,-0.0229429875
74-HYPERLIQUID-ETH-26JUN2026,74,Hyperliquid,ETH,ETH,2026-06-26,2026-03-18,24,0.069358614
74-HYPERLIQUID-ETH-26JUN2026,74,Hyperliquid,ETH,ETH,2026-06-26,2026-03-19,24,-0.002579345499999999
74-HYPERLIQUID-ETH-26JUN2026,74,Hyperliquid,ETH,ETH,2026-06-26,2026-03-20,24,0.045850205
74-HYPERLIQUID-ETH-26JUN2026,74,Hyperliquid,ETH,ETH,2026-06-26,2026-03-21,24,0.0021714215
74-HYPERLIQUID-ETH-26JUN2026,74,Hyperliquid,ETH,ETH,2026-06-26,2026-03-22,24,-0.0740859845
74-HYPERLIQUID-ETH-26JUN2026,74,Hyperliquid,ETH,ETH,2026-06-26,2026-03-23,24,-0.012572060000000001
74-HYPERLIQUID-ETH-26JUN2026,74,Hyperliquid,ETH,ETH,2026-06-26,2026-03-24,24,0.040501422
74-HYPERLIQUID-ETH-26JUN2026,74,Hyperliquid,ETH,ETH,2026-06-26,2026-03-25,24,0.0996768645
74-HYPERLIQUID-ETH-26JUN2026,74,Hyperliquid,ETH,ETH,2026-06-26,2026-03-26,24,-0.013909347
74-HYPERLIQUID-ETH-26JUN2026,74,Hyperliquid,ETH,ETH,2026-06-26,2026-03-27,24,-0.0409781485
74-HYPERLIQUID-ETH-26JUN2026,74,Hyperliquid,ETH,ETH,2026-06-26,2026-03-28,24,0.06359139500000001
74-HYPERLIQUID-ETH-26JUN2026,74,Hyperliquid,ETH,ETH,2026-06-26,2026-03-29,24,0.101642134
74-HYPERLIQUID-ETH-26JUN2026,74,Hyperliquid,ETH,ETH,2026-06-26,2026-03-30,24,0.051628739
74-HYPERLIQUID-ETH-26JUN2026,74,Hyperliquid,ETH,ETH,2026-06-26,2026-03-31,24,0.020868473499999998
74-HYPERLIQUID-ETH-26JUN2026,74,Hyperliquid,ETH,ETH,2026-06-26,2026-04-01,24,-0.026005447
74-HYPERLIQUID-ETH-26JUN2026,74,Hyperliquid,ETH,ETH,2026-06-26,2026-04-02,24,-0.0485745285
74-HYPERLIQUID-ETH-26JUN2026,74,Hyperliquid,ETH,ETH,2026-06-26,2026-04-03,24,0.0019645029999999994
74-HYPERLIQUID-ETH-26JUN2026,74,Hyperliquid,ETH,ETH,2026-06-26,2026-04-04,24,0.078988993
74-HYPERLIQUID-ETH-26JUN2026,74,Hyperliquid,ETH,ETH,2026-06-26,2026-04-05,24,0.0327930235
74-HYPERLIQUID-ETH-26JUN2026,74,Hyperliquid,ETH,ETH,2026-06-26,2026-04-06,24,0.063163542
74-HYPERLIQUID-ETH-26JUN2026,74,Hyperliquid,ETH,ETH,2026-06-26,2026-04-07,24,0.058016385000000004
74-HYPERLIQUID-ETH-26JUN2026,74,Hyperliquid,ETH,ETH,2026-06-26,2026-04-08,24,0.10594092150000001
74-HYPERLIQUID-ETH-26JUN2026,74,Hyperliquid,ETH,ETH,2026-06-26,2026-04-09,24,0.058056753999999995
74-HYPERLIQUID-ETH-26JUN2026,74,Hyperliquid,ETH,ETH,2026-06-26,2026-04-10,24,0.092530347
74-HYPERLIQUID-ETH-26JUN2026,74,Hyperliquid,ETH,ETH,2026-06-26,2026-04-11,24,0.08192260750000001
74-HYPERLIQUID-ETH-26JUN2026,74,Hyperliquid,ETH,ETH,2026-06-26,2026-04-12,24,0.0105980305
74-HYPERLIQUID-ETH-26JUN2026,74,Hyperliquid,ETH,ETH,2026-06-26,2026-04-13,24,0.0544959965
74-HYPERLIQUID-ETH-26JUN2026,74,Hyperliquid,ETH,ETH,2026-06-26,2026-04-14,24,-0.06987049
74-HYPERLIQUID-ETH-26JUN2026,74,Hyperliquid,ETH,ETH,2026-06-26,2026-04-15,24,-0.1280719665
74-HYPERLIQUID-ETH-26JUN2026,74,Hyperliquid,ETH,ETH,2026-06-26,2026-04-16,24,-0.1637651705
74-HYPERLIQUID-ETH-26JUN2026,74,Hyperliquid,ETH,ETH,2026-06-26,2026-04-17,24,-0.10122442799999999
74-HYPERLIQUID-ETH-26JUN2026,74,Hyperliquid,ETH,ETH,2026-06-26,2026-04-18,24,-0.148790425
74-HYPERLIQUID-ETH-26JUN2026,74,Hyperliquid,ETH,ETH,2026-06-26,2026-04-19,24,-0.161669961
74-HYPERLIQUID-ETH-26JUN2026,74,Hyperliquid,ETH,ETH,2026-06-26,2026-04-20,24,-0.013971835000000002
74-HYPERLIQUID-ETH-26JUN2026,74,Hyperliquid,ETH,ETH,2026-06-26,2026-04-21,24,-0.044673006999999994
74-HYPERLIQUID-ETH-26JUN2026,74,Hyperliquid,ETH,ETH,2026-06-26,2026-04-22,24,0.052652490999999996
74-HYPERLIQUID-ETH-26JUN2026,74,Hyperliquid,ETH,ETH,2026-06-26,2026-04-23,24,-0.022797024
74-HYPERLIQUID-ETH-26JUN2026,74,Hyperliquid,ETH,ETH,2026-06-26,2026-04-24,24,-0.017448606000000002
74-HYPERLIQUID-ETH-26JUN2026,74,Hyperliquid,ETH,ETH,2026-06-26,2026-04-25,24,0.045143053999999995
74-HYPERLIQUID-ETH-26JUN2026,74,Hyperliquid,ETH,ETH,2026-06-26,2026-04-26,24,-0.033197261
74-HYPERLIQUID-ETH-26JUN2026,74,Hyperliquid,ETH,ETH,2026-06-26,2026-04-27,24,0.008351747500000001
74-HYPERLIQUID-ETH-26JUN2026,74,Hyperliquid,ETH,ETH,2026-06-26,2026-04-28,24,0.0029170800000000003
74-HYPERLIQUID-ETH-26JUN2026,74,Hyperliquid,ETH,ETH,2026-06-26,2026-04-29,24,0.081597502
74-HYPERLIQUID-ETH-26JUN2026,74,Hyperliquid,ETH,ETH,2026-06-26,2026-04-30,24,0.028064777
74-HYPERLIQUID-ETH-26JUN2026,74,Hyperliquid,ETH,ETH,2026-06-26,2026-05-01,24,0.08017031549999999
74-HYPERLIQUID-ETH-26JUN2026,74,Hyperliquid,ETH,ETH,2026-06-26,2026-05-02,24,0.085150047
74-HYPERLIQUID-ETH-26JUN2026,74,Hyperliquid,ETH,ETH,2026-06-26,2026-05-03,24,0.09344985500000001
74-HYPERLIQUID-ETH-26JUN2026,74,Hyperliquid,ETH,ETH,2026-06-26,2026-05-04,24,0.057214772
74-HYPERLIQUID-ETH-26JUN2026,74,Hyperliquid,ETH,ETH,2026-06-26,2026-05-05,24,0.05938258
74-HYPERLIQUID-ETH-26JUN2026,74,Hyperliquid,ETH,ETH,2026-06-26,2026-05-06,24,0.0479308145
74-HYPERLIQUID-ETH-26JUN2026,74,Hyperliquid,ETH,ETH,2026-06-26,2026-05-07,24,0.058335906
74-HYPERLIQUID-ETH-26JUN2026,74,Hyperliquid,ETH,ETH,2026-06-26,2026-05-08,24,0.09884703700000001
74-HYPERLIQUID-ETH-26JUN2026,74,Hyperliquid,ETH,ETH,2026-06-26,2026-05-09,24,0.10413304
74-HYPERLIQUID-ETH-26JUN2026,74,Hyperliquid,ETH,ETH,2026-06-26,2026-05-10,24,0.1095
74-HYPERLIQUID-ETH-26JUN2026,74,Hyperliquid,ETH,ETH,2026-06-26,2026-05-11,24,0.10661763149999999
74-HYPERLIQUID-ETH-26JUN2026,74,Hyperliquid,ETH,ETH,2026-06-26,2026-05-12,24,0.0839317865
74-HYPERLIQUID-ETH-26JUN2026,74,Hyperliquid,ETH,ETH,2026-06-26,2026-05-13,24,0.107446218
74-HYPERLIQUID-ETH-26JUN2026,74,Hyperliquid,ETH,ETH,2026-06-26,2026-05-14,24,0.09113320000000001
74-HYPERLIQUID-ETH-26JUN2026,74,Hyperliquid,ETH,ETH,2026-06-26,2026-05-15,24,0.058115445999999994
74-HYPERLIQUID-ETH-26JUN2026,74,Hyperliquid,ETH,ETH,2026-06-26,2026-05-16,24,0.038311057
74-HYPERLIQUID-ETH-26JUN2026,74,Hyperliquid,ETH,ETH,2026-06-26,2026-05-17,24,-0.0134738655
74-HYPERLIQUID-ETH-26JUN2026,74,Hyperliquid,ETH,ETH,2026-06-26,2026-05-18,24,0.0441457645
74-HYPERLIQUID-ETH-26JUN2026,74,Hyperliquid,ETH,ETH,2026-06-26,2026-05-19,24,0.106432321
74-HYPERLIQUID-ETH-26JUN2026,74,Hyperliquid,ETH,ETH,2026-06-26,2026-05-20,24,0.107609081
74-HYPERLIQUID-ETH-26JUN2026,74,Hyperliquid,ETH,ETH,2026-06-26,2026-05-21,24,0.107409134
74-HYPERLIQUID-ETH-26JUN2026,74,Hyperliquid,ETH,ETH,2026-06-26,2026-05-22,24,0.1012186245
74-HYPERLIQUID-ETH-26JUN2026,74,Hyperliquid,ETH,ETH,2026-06-26,2026-05-23,24,0.0122143235
74-HYPERLIQUID-ETH-26JUN2026,74,Hyperliquid,ETH,ETH,2026-06-26,2026-05-24,24,0.091804654
74-HYPERLIQUID-ETH-26JUN2026,74,Hyperliquid,ETH,ETH,2026-06-26,2026-05-25,24,0.0256209925
74-HYPERLIQUID-ETH-26JUN2026,74,Hyperliquid,ETH,ETH,2026-06-26,2026-05-26,24,0.0717911565
74-HYPERLIQUID-ETH-26JUN2026,74,Hyperliquid,ETH,ETH,2026-06-26,2026-05-27,24,0.063430868
74-HYPERLIQUID-ETH-26JUN2026,74,Hyperliquid,ETH,ETH,2026-06-26,2026-05-28,24,0.03793153
74-HYPERLIQUID-ETH-26JUN2026,74,Hyperliquid,ETH,ETH,2026-06-26,2026-05-29,24,0.10936144599999999
74-HYPERLIQUID-ETH-26JUN2026,74,Hyperliquid,ETH,ETH,2026-06-26,2026-05-30,24,0.105701445
74-HYPERLIQUID-ETH-26JUN2026,74,Hyperliquid,ETH,ETH,2026-06-26,2026-05-31,24,0.10891443049999999
74-HYPERLIQUID-ETH-26JUN2026,74,Hyperliquid,ETH,ETH,2026-06-26,2026-06-01,24,0.1095
74-HYPERLIQUID-ETH-26JUN2026,74,Hyperliquid,ETH,ETH,2026-06-26,2026-06-02,24,0.1095
74-HYPERLIQUID-ETH-26JUN2026,74,Hyperliquid,ETH,ETH,2026-06-26,2026-06-03,24,0.059574935
74-HYPERLIQUID-ETH-26JUN2026,74,Hyperliquid,ETH,ETH,2026-06-26,2026-06-04,24,0.087221276
74-HYPERLIQUID-ETH-26JUN2026,74,Hyperliquid,ETH,ETH,2026-06-26,2026-06-05,24,0.012954981499999999
74-HYPERLIQUID-ETH-26JUN2026,74,Hyperliquid,ETH,ETH,2026-06-26,2026-06-06,24,0.012331999500000001
74-HYPERLIQUID-ETH-26JUN2026,74,Hyperliquid,ETH,ETH,2026-06-26,2026-06-07,24,0.00478661
74-HYPERLIQUID-ETH-26JUN2026,74,Hyperliquid,ETH,ETH,2026-06-26,2026-06-08,24,-0.005690204000000001
74-HYPERLIQUID-ETH-26JUN2026,74,Hyperliquid,ETH,ETH,2026-06-26,2026-06-09,24,0.026735958
74-HYPERLIQUID-ETH-26JUN2026,74,Hyperliquid,ETH,ETH,2026-06-26,2026-06-10,24,-0.0408979215
74-HYPERLIQUID-ETH-26JUN2026,74,Hyperliquid,ETH,ETH,2026-06-26,2026-06-11,24,0.018306721
74-HYPERLIQUID-ETH-26JUN2026,74,Hyperliquid,ETH,ETH,2026-06-26,2026-06-12,24,0.0009366995000000002
74-HYPERLIQUID-ETH-26JUN2026,74,Hyperliquid,ETH,ETH,2026-06-26,2026-06-13,24,0.0948196635
74-HYPERLIQUID-ETH-26JUN2026,74,Hyperliquid,ETH,ETH,2026-06-26,2026-06-14,24,0.104912972
74-HYPERLIQUID-ETH-26JUN2026,74,Hyperliquid,ETH,ETH,2026-06-26,2026-06-15,24,0.10948507149999999
74-HYPERLIQUID-ETH-26JUN2026,74,Hyperliquid,ETH,ETH,2026-06-26,2026-06-16,24,0.099514695
74-HYPERLIQUID-ETH-26JUN2026,74,Hyperliquid,ETH,ETH,2026-06-26,2026-06-17,24,0.099521776
74-HYPERLIQUID-ETH-26JUN2026,74,Hyperliquid,ETH,ETH,2026-06-26,2026-06-18,24,0.104521619
74-HYPERLIQUID-ETH-26JUN2026,74,Hyperliquid,ETH,ETH,2026-06-26,2026-06-19,24,0.1095
74-HYPERLIQUID-ETH-26JUN2026,74,Hyperliquid,ETH,ETH,2026-06-26,2026-06-20,24,0.1089804955
74-HYPERLIQUID-ETH-26JUN2026,74,Hyperliquid,ETH,ETH,2026-06-26,2026-06-21,24,0.0212069745
74-HYPERLIQUID-ETH-26JUN2026,74,Hyperliquid,ETH,ETH,2026-06-26,2026-06-22,24,0.082592127
74-HYPERLIQUID-ETH-26JUN2026,74,Hyperliquid,ETH,ETH,2026-06-26,2026-06-23,24,-0.006674134500000001
74-HYPERLIQUID-ETH-26JUN2026,74,Hyperliquid,ETH,ETH,2026-06-26,2026-06-24,24,0.0038843665000000004
74-HYPERLIQUID-ETH-26JUN2026,74,Hyperliquid,ETH,ETH,2026-06-26,2026-06-25,24,-0.073339815
74-HYPERLIQUID-ETH-26JUN2026,74,Hyperliquid,ETH,ETH,2026-06-26,2026-06-26,1,-0.186439956
75-OKX-ETHUSDT-26JUN2026,75,OKX,ETH,ETHUSDT,2026-06-26,2026-03-10,3,0.041083968257961505
75-OKX-ETHUSDT-26JUN2026,75,OKX,ETH,ETHUSDT,2026-06-26,2026-03-11,3,0.088486071311337
75-OKX-ETHUSDT-26JUN2026,75,OKX,ETH,ETHUSDT,2026-06-26,2026-03-12,3,0.027092791826639498
75-OKX-ETHUSDT-26JUN2026,75,OKX,ETH,ETHUSDT,2026-06-26,2026-03-13,3,0.028984315670657998
75-OKX-ETHUSDT-26JUN2026,75,OKX,ETH,ETHUSDT,2026-06-26,2026-03-14,3,0.0477536560571315
75-OKX-ETHUSDT-26JUN2026,75,OKX,ETH,ETHUSDT,2026-06-26,2026-03-15,3,0.011834397070207002
75-OKX-ETHUSDT-26JUN2026,75,OKX,ETH,ETHUSDT,2026-06-26,2026-03-16,3,0.0326017805296955
75-OKX-ETHUSDT-26JUN2026,75,OKX,ETH,ETHUSDT,2026-06-26,2026-03-17,3,0.048694166694813
75-OKX-ETHUSDT-26JUN2026,75,OKX,ETH,ETHUSDT,2026-06-26,2026-03-18,3,0.035001656620352
75-OKX-ETHUSDT-26JUN2026,75,OKX,ETH,ETHUSDT,2026-06-26,2026-03-19,3,0.029604906794441
75-OKX-ETHUSDT-26JUN2026,75,OKX,ETH,ETHUSDT,2026-06-26,2026-03-20,3,-0.010769702024341
75-OKX-ETHUSDT-26JUN2026,75,OKX,ETH,ETHUSDT,2026-06-26,2026-03-21,3,0.0020515718462694997
75-OKX-ETHUSDT-26JUN2026,75,OKX,ETH,ETHUSDT,2026-06-26,2026-03-22,3,-0.046762416299235
75-OKX-ETHUSDT-26JUN2026,75,OKX,ETH,ETHUSDT,2026-06-26,2026-03-23,3,-0.007896300224570997
75-OKX-ETHUSDT-26JUN2026,75,OKX,ETH,ETHUSDT,2026-06-26,2026-03-24,3,0.0293800185043205
75-OKX-ETHUSDT-26JUN2026,75,OKX,ETH,ETHUSDT,2026-06-26,2026-03-25,3,-0.037640603648339495
75-OKX-ETHUSDT-26JUN2026,75,OKX,ETH,ETHUSDT,2026-06-26,2026-03-26,3,0.06638298320346199
75-OKX-ETHUSDT-26JUN2026,75,OKX,ETH,ETHUSDT,2026-06-26,2026-03-27,3,-0.0544411864325705
75-OKX-ETHUSDT-26JUN2026,75,OKX,ETH,ETHUSDT,2026-06-26,2026-03-28,3,-0.052413488986349004
75-OKX-ETHUSDT-26JUN2026,75,OKX,ETH,ETHUSDT,2026-06-26,2026-03-29,3,0.017236611150007002
75-OKX-ETHUSDT-26JUN2026,75,OKX,ETH,ETHUSDT,2026-06-26,2026-03-30,3,-0.028854166461418
75-OKX-ETHUSDT-26JUN2026,75,OKX,ETH,ETHUSDT,2026-06-26,2026-03-31,3,0.0452917700821285
75-OKX-ETHUSDT-26JUN2026,75,OKX,ETH,ETHUSDT,2026-06-26,2026-04-01,3,0.0246160353679485
75-OKX-ETHUSDT-26JUN2026,75,OKX,ETH,ETHUSDT,2026-06-26,2026-04-02,3,0.0015144285092409976
75-OKX-ETHUSDT-26JUN2026,75,OKX,ETH,ETHUSDT,2026-06-26,2026-04-03,3,-0.002606855521895
75-OKX-ETHUSDT-26JUN2026,75,OKX,ETH,ETHUSDT,2026-06-26,2026-04-04,3,0.06468194736086451
75-OKX-ETHUSDT-26JUN2026,75,OKX,ETH,ETHUSDT,2026-06-26,2026-04-05,3,0.0330418929171905
75-OKX-ETHUSDT-26JUN2026,75,OKX,ETH,ETHUSDT,2026-06-26,2026-04-06,3,-0.0081607857606625
75-OKX-ETHUSDT-26JUN2026,75,OKX,ETH,ETHUSDT,2026-06-26,2026-04-07,3,0.003960987133377498
75-OKX-ETHUSDT-26JUN2026,75,OKX,ETH,ETHUSDT,2026-06-26,2026-04-08,3,0.08257174345776201
75-OKX-ETHUSDT-26JUN2026,75,OKX,ETH,ETHUSDT,2026-06-26,2026-04-09,3,0.058755988184529005
75-OKX-ETHUSDT-26JUN2026,75,OKX,ETH,ETHUSDT,2026-06-26,2026-04-10,3,0.06894235111634099
75-OKX-ETHUSDT-26JUN2026,75,OKX,ETH,ETHUSDT,2026-06-26,2026-04-11,3,-0.010883060717106005
75-OKX-ETHUSDT-26JUN2026,75,OKX,ETH,ETHUSDT,2026-06-26,2026-04-12,3,0.06407595823038299
75-OKX-ETHUSDT-26JUN2026,75,OKX,ETH,ETHUSDT,2026-06-26,2026-04-13,3,0.0186327629176835
75-OKX-ETHUSDT-26JUN2026,75,OKX,ETH,ETHUSDT,2026-06-26,2026-04-14,3,0.068696976623827
75-OKX-ETHUSDT-26JUN2026,75,OKX,ETH,ETHUSDT,2026-06-26,2026-04-15,3,0.012883542601167502
75-OKX-ETHUSDT-26JUN2026,75,OKX,ETH,ETHUSDT,2026-06-26,2026-04-16,3,-0.0382459485426155
75-OKX-ETHUSDT-26JUN2026,75,OKX,ETH,ETHUSDT,2026-06-26,2026-04-17,3,-0.006352268047412502
75-OKX-ETHUSDT-26JUN2026,75,OKX,ETH,ETHUSDT,2026-06-26,2026-04-18,3,0.0675216069059435
75-OKX-ETHUSDT-26JUN2026,75,OKX,ETH,ETHUSDT,2026-06-26,2026-04-19,3,-0.0993733844149165
75-OKX-ETHUSDT-26JUN2026,75,OKX,ETH,ETHUSDT,2026-06-26,2026-04-20,3,0.012258614667907501
75-OKX-ETHUSDT-26JUN2026,75,OKX,ETH,ETHUSDT,2026-06-26,2026-04-21,3,-0.041557545606143505
75-OKX-ETHUSDT-26JUN2026,75,OKX,ETH,ETHUSDT,2026-06-26,2026-04-22,3,0.006997875127176002
75-OKX-ETHUSDT-26JUN2026,75,OKX,ETH,ETHUSDT,2026-06-26,2026-04-23,3,-0.031893704774455495
75-OKX-ETHUSDT-26JUN2026,75,OKX,ETH,ETHUSDT,2026-06-26,2026-04-24,3,-0.0409331993189255
75-OKX-ETHUSDT-26JUN2026,75,OKX,ETH,ETHUSDT,2026-06-26,2026-04-25,3,0.041781896237430505
75-OKX-ETHUSDT-26JUN2026,75,OKX,ETH,ETHUSDT,2026-06-26,2026-04-26,3,0.018710902312484002
75-OKX-ETHUSDT-26JUN2026,75,OKX,ETH,ETHUSDT,2026-06-26,2026-04-27,3,-0.04680393099879351
75-OKX-ETHUSDT-26JUN2026,75,OKX,ETH,ETHUSDT,2026-06-26,2026-04-28,3,-0.0633193548923955
75-OKX-ETHUSDT-26JUN2026,75,OKX,ETH,ETHUSDT,2026-06-26,2026-04-29,3,0.051980545819426995
75-OKX-ETHUSDT-26JUN2026,75,OKX,ETH,ETHUSDT,2026-06-26,2026-04-30,3,-0.0184562379816995
75-OKX-ETHUSDT-26JUN2026,75,OKX,ETH,ETHUSDT,2026-06-26,2026-05-01,3,-0.0472588878475935
75-OKX-ETHUSDT-26JUN2026,75,OKX,ETH,ETHUSDT,2026-06-26,2026-05-02,3,-0.021297580164222504
75-OKX-ETHUSDT-26JUN2026,75,OKX,ETH,ETHUSDT,2026-06-26,2026-05-03,3,0.055050574320813506
75-OKX-ETHUSDT-26JUN2026,75,OKX,ETH,ETHUSDT,2026-06-26,2026-05-04,3,0.0357466694251685
75-OKX-ETHUSDT-26JUN2026,75,OKX,ETH,ETHUSDT,2026-06-26,2026-05-05,3,0.009508054392047001
75-OKX-ETHUSDT-26JUN2026,75,OKX,ETH,ETHUSDT,2026-06-26,2026-05-06,3,0.06413411198291401
75-OKX-ETHUSDT-26JUN2026,75,OKX,ETH,ETHUSDT,2026-06-26,2026-05-07,3,0.039379067059013
75-OKX-ETHUSDT-26JUN2026,75,OKX,ETH,ETHUSDT,2026-06-26,2026-05-08,3,0.06493293724971601
75-OKX-ETHUSDT-26JUN2026,75,OKX,ETH,ETHUSDT,2026-06-26,2026-05-09,3,0.09640879227592951
75-OKX-ETHUSDT-26JUN2026,75,OKX,ETH,ETHUSDT,2026-06-26,2026-05-10,3,0.08828333295901801
75-OKX-ETHUSDT-26JUN2026,75,OKX,ETH,ETHUSDT,2026-06-26,2026-05-11,3,0.083317520135564
75-OKX-ETHUSDT-26JUN2026,75,OKX,ETH,ETHUSDT,2026-06-26,2026-05-12,3,0.062376969679501494
75-OKX-ETHUSDT-26JUN2026,75,OKX,ETH,ETHUSDT,2026-06-26,2026-05-13,3,0.0677502366095475
75-OKX-ETHUSDT-26JUN2026,75,OKX,ETH,ETHUSDT,2026-06-26,2026-05-14,3,0.041801037579402504
75-OKX-ETHUSDT-26JUN2026,75,OKX,ETH,ETHUSDT,2026-06-26,2026-05-15,3,0.064261431363068
75-OKX-ETHUSDT-26JUN2026,75,OKX,ETH,ETHUSDT,2026-06-26,2026-05-16,3,0.0691405303937835
75-OKX-ETHUSDT-26JUN2026,75,OKX,ETH,ETHUSDT,2026-06-26,2026-05-17,3,0.042500049090681
75-OKX-ETHUSDT-26JUN2026,75,OKX,ETH,ETHUSDT,2026-06-26,2026-05-18,3,0.0221085901981385
75-OKX-ETHUSDT-26JUN2026,75,OKX,ETH,ETHUSDT,2026-06-26,2026-05-19,3,0.048090818624323496
75-OKX-ETHUSDT-26JUN2026,75,OKX,ETH,ETHUSDT,2026-06-26,2026-05-20,3,0.049653059252947995
75-OKX-ETHUSDT-26JUN2026,75,OKX,ETH,ETHUSDT,2026-06-26,2026-05-21,3,0.080908211193943
75-OKX-ETHUSDT-26JUN2026,75,OKX,ETH,ETHUSDT,2026-06-26,2026-05-22,3,0.088275362828435
75-OKX-ETHUSDT-26JUN2026,75,OKX,ETH,ETHUSDT,2026-06-26,2026-05-23,3,0.067113794259888
75-OKX-ETHUSDT-26JUN2026,75,OKX,ETH,ETHUSDT,2026-06-26,2026-05-24,3,0.0562300514044655
75-OKX-ETHUSDT-26JUN2026,75,OKX,ETH,ETHUSDT,2026-06-26,2026-05-25,3,0.025454223664492
75-OKX-ETHUSDT-26JUN2026,75,OKX,ETH,ETHUSDT,2026-06-26,2026-05-26,3,0.030058351944750497
75-OKX-ETHUSDT-26JUN2026,75,OKX,ETH,ETHUSDT,2026-06-26,2026-05-27,3,0.0792438718452995
75-OKX-ETHUSDT-26JUN2026,75,OKX,ETH,ETHUSDT,2026-06-26,2026-05-28,3,0.0958316090878345
75-OKX-ETHUSDT-26JUN2026,75,OKX,ETH,ETHUSDT,2026-06-26,2026-05-29,3,0.0840287595357135
75-OKX-ETHUSDT-26JUN2026,75,OKX,ETH,ETHUSDT,2026-06-26,2026-05-30,3,0.059433401219643
75-OKX-ETHUSDT-26JUN2026,75,OKX,ETH,ETHUSDT,2026-06-26,2026-05-31,3,0.049941317472968004
75-OKX-ETHUSDT-26JUN2026,75,OKX,ETH,ETHUSDT,2026-06-26,2026-06-01,3,0.1080964891937925
75-OKX-ETHUSDT-26JUN2026,75,OKX,ETH,ETHUSDT,2026-06-26,2026-06-02,3,0.1095
75-OKX-ETHUSDT-26JUN2026,75,OKX,ETH,ETHUSDT,2026-06-26,2026-06-03,3,0.0682396111864185
75-OKX-ETHUSDT-26JUN2026,75,OKX,ETH,ETHUSDT,2026-06-26,2026-06-04,3,0.062018430454930495
75-OKX-ETHUSDT-26JUN2026,75,OKX,ETH,ETHUSDT,2026-06-26,2026-06-05,3,-0.016543094745337498
75-OKX-ETHUSDT-26JUN2026,75,OKX,ETH,ETHUSDT,2026-06-26,2026-06-06,3,-0.1032751375387335
75-OKX-ETHUSDT-26JUN2026,75,OKX,ETH,ETHUSDT,2026-06-26,2026-06-07,3,-0.13724254625394303
75-OKX-ETHUSDT-26JUN2026,75,OKX,ETH,ETHUSDT,2026-06-26,2026-06-08,3,-0.0574418026438235
75-OKX-ETHUSDT-26JUN2026,75,OKX,ETH,ETHUSDT,2026-06-26,2026-06-09,3,-0.08718841494477049
75-OKX-ETHUSDT-26JUN2026,75,OKX,ETH,ETHUSDT,2026-06-26,2026-06-10,3,-0.014310048240716
75-OKX-ETHUSDT-26JUN2026,75,OKX,ETH,ETHUSDT,2026-06-26,2026-06-11,3,-0.058389216204867
75-OKX-ETHUSDT-26JUN2026,75,OKX,ETH,ETHUSDT,2026-06-26,2026-06-12,3,-0.0431234275801435
75-OKX-ETHUSDT-26JUN2026,75,OKX,ETH,ETHUSDT,2026-06-26,2026-06-13,3,-0.014830180873596
75-OKX-ETHUSDT-26JUN2026,75,OKX,ETH,ETHUSDT,2026-06-26,2026-06-14,3,0.014177072434318998
75-OKX-ETHUSDT-26JUN2026,75,OKX,ETH,ETHUSDT,2026-06-26,2026-06-15,3,-0.013674050606071
75-OKX-ETHUSDT-26JUN2026,75,OKX,ETH,ETHUSDT,2026-06-26,2026-06-16,3,0.017518294212358
75-OKX-ETHUSDT-26JUN2026,75,OKX,ETH,ETHUSDT,2026-06-26,2026-06-17,3,0.013677408727469998
75-OKX-ETHUSDT-26JUN2026,75,OKX,ETH,ETHUSDT,2026-06-26,2026-06-18,3,0.024646037754639
75-OKX-ETHUSDT-26JUN2026,75,OKX,ETH,ETHUSDT,2026-06-26,2026-06-19,3,-0.009708031018951
75-OKX-ETHUSDT-26JUN2026,75,OKX,ETH,ETHUSDT,2026-06-26,2026-06-20,3,0.00028505422505400026
75-OKX-ETHUSDT-26JUN2026,75,OKX,ETH,ETHUSDT,2026-06-26,2026-06-21,3,0.025033365310054498
75-OKX-ETHUSDT-26JUN2026,75,OKX,ETH,ETHUSDT,2026-06-26,2026-06-22,3,0.012644769842812001
75-OKX-ETHUSDT-26JUN2026,75,OKX,ETH,ETHUSDT,2026-06-26,2026-06-23,3,0.0071395314941335
75-OKX-ETHUSDT-26JUN2026,75,OKX,ETH,ETHUSDT,2026-06-26,2026-06-24,3,0.0350719695024335
75-OKX-ETHUSDT-26JUN2026,75,OKX,ETH,ETHUSDT,2026-06-26,2026-06-25,3,-0.006534890893308998
75-OKX-ETHUSDT-26JUN2026,75,OKX,ETH,ETHUSDT,2026-06-26,2026-06-26,1,-0.008359533629484
76-BINANCE-ETHUSDT-26JUN2026,76,Binance,ETH,ETHUSDT,2026-06-26,2026-03-10,3,0.0283021
76-BINANCE-ETHUSDT-26JUN2026,76,Binance,ETH,ETHUSDT,2026-06-26,2026-03-11,3,0.0092126
76-BINANCE-ETHUSDT-26JUN2026,76,Binance,ETH,ETHUSDT,2026-06-26,2026-03-12,3,-0.0270903
76-BINANCE-ETHUSDT-26JUN2026,76,Binance,ETH,ETHUSDT,2026-06-26,2026-03-13,3,0.015695
76-BINANCE-ETHUSDT-26JUN2026,76,Binance,ETH,ETHUSDT,2026-06-26,2026-03-14,3,-0.013826199999999999
76-BINANCE-ETHUSDT-26JUN2026,76,Binance,ETH,ETHUSDT,2026-06-26,2026-03-15,3,0.0006132
76-BINANCE-ETHUSDT-26JUN2026,76,Binance,ETH,ETHUSDT,2026-06-26,2026-03-16,3,0.09009660000000001
76-BINANCE-ETHUSDT-26JUN2026,76,Binance,ETH,ETHUSDT,2026-06-26,2026-03-17,3,0.022126299999999998
76-BINANCE-ETHUSDT-26JUN2026,76,Binance,ETH,ETHUSDT,2026-06-26,2026-03-18,3,0.005131899999999999
76-BINANCE-ETHUSDT-26JUN2026,76,Binance,ETH,ETHUSDT,2026-06-26,2026-03-19,3,-0.00432525
76-BINANCE-ETHUSDT-26JUN2026,76,Binance,ETH,ETHUSDT,2026-06-26,2026-03-20,3,-0.04513955
76-BINANCE-ETHUSDT-26JUN2026,76,Binance,ETH,ETHUSDT,2026-06-26,2026-03-21,3,0.0202867
76-BINANCE-ETHUSDT-26JUN2026,76,Binance,ETH,ETHUSDT,2026-06-26,2026-03-22,3,-0.0267545
76-BINANCE-ETHUSDT-26JUN2026,76,Binance,ETH,ETHUSDT,2026-06-26,2026-03-23,3,-0.0004927499999999967
76-BINANCE-ETHUSDT-26JUN2026,76,Binance,ETH,ETHUSDT,2026-06-26,2026-03-24,3,0.008468000000000002
76-BINANCE-ETHUSDT-26JUN2026,76,Binance,ETH,ETHUSDT,2026-06-26,2026-03-25,3,-0.000368650000000001
76-BINANCE-ETHUSDT-26JUN2026,76,Binance,ETH,ETHUSDT,2026-06-26,2026-03-26,3,-0.011110599999999998
76-BINANCE-ETHUSDT-26JUN2026,76,Binance,ETH,ETHUSDT,2026-06-26,2026-03-27,3,-0.08568740000000001
76-BINANCE-ETHUSDT-26JUN2026,76,Binance,ETH,ETHUSDT,2026-06-26,2026-03-28,3,-0.04757045000000001
76-BINANCE-ETHUSDT-26JUN2026,76,Binance,ETH,ETHUSDT,2026-06-26,2026-03-29,3,-0.03124035
76-BINANCE-ETHUSDT-26JUN2026,76,Binance,ETH,ETHUSDT,2026-06-26,2026-03-30,3,0.0098696
76-BINANCE-ETHUSDT-26JUN2026,76,Binance,ETH,ETHUSDT,2026-06-26,2026-03-31,3,0.00380695
76-BINANCE-ETHUSDT-26JUN2026,76,Binance,ETH,ETHUSDT,2026-06-26,2026-04-01,3,0.03267845
76-BINANCE-ETHUSDT-26JUN2026,76,Binance,ETH,ETHUSDT,2026-06-26,2026-04-02,3,-0.10808015
76-BINANCE-ETHUSDT-26JUN2026,76,Binance,ETH,ETHUSDT,2026-06-26,2026-04-03,3,-0.012077850000000001
76-BINANCE-ETHUSDT-26JUN2026,76,Binance,ETH,ETHUSDT,2026-06-26,2026-04-04,3,0.020513
76-BINANCE-ETHUSDT-26JUN2026,76,Binance,ETH,ETHUSDT,2026-06-26,2026-04-05,3,-0.004653750000000001
76-BINANCE-ETHUSDT-26JUN2026,76,Binance,ETH,ETHUSDT,2026-06-26,2026-04-06,3,0.0386535
76-BINANCE-ETHUSDT-26JUN2026,76,Binance,ETH,ETHUSDT,2026-06-26,2026-04-07,3,-0.02145105
76-BINANCE-ETHUSDT-26JUN2026,76,Binance,ETH,ETHUSDT,2026-06-26,2026-04-08,3,0.08228925
76-BINANCE-ETHUSDT-26JUN2026,76,Binance,ETH,ETHUSDT,2026-06-26,2026-04-09,3,0.0136656
76-BINANCE-ETHUSDT-26JUN2026,76,Binance,ETH,ETHUSDT,2026-06-26,2026-04-10,3,0.003960249999999999
76-BINANCE-ETHUSDT-26JUN2026,76,Binance,ETH,ETHUSDT,2026-06-26,2026-04-11,3,-0.0639553
76-BINANCE-ETHUSDT-26JUN2026,76,Binance,ETH,ETHUSDT,2026-06-26,2026-04-12,3,-0.002854300000000004
76-BINANCE-ETHUSDT-26JUN2026,76,Binance,ETH,ETHUSDT,2026-06-26,2026-04-13,3,0.0184544
76-BINANCE-ETHUSDT-26JUN2026,76,Binance,ETH,ETHUSDT,2026-06-26,2026-04-14,3,0.0857385
76-BINANCE-ETHUSDT-26JUN2026,76,Binance,ETH,ETHUSDT,2026-06-26,2026-04-15,3,0.013545149999999999
76-BINANCE-ETHUSDT-26JUN2026,76,Binance,ETH,ETHUSDT,2026-06-26,2026-04-16,3,-0.0388725
76-BINANCE-ETHUSDT-26JUN2026,76,Binance,ETH,ETHUSDT,2026-06-26,2026-04-17,3,0.012782299999999998
76-BINANCE-ETHUSDT-26JUN2026,76,Binance,ETH,ETHUSDT,2026-06-26,2026-04-18,3,-0.0674009
76-BINANCE-ETHUSDT-26JUN2026,76,Binance,ETH,ETHUSDT,2026-06-26,2026-04-19,3,-0.16348715
76-BINANCE-ETHUSDT-26JUN2026,76,Binance,ETH,ETHUSDT,2026-06-26,2026-04-20,3,-0.005566249999999999
76-BINANCE-ETHUSDT-26JUN2026,76,Binance,ETH,ETHUSDT,2026-06-26,2026-04-21,3,-0.0429897
76-BINANCE-ETHUSDT-26JUN2026,76,Binance,ETH,ETHUSDT,2026-06-26,2026-04-22,3,0.057191849999999995
76-BINANCE-ETHUSDT-26JUN2026,76,Binance,ETH,ETHUSDT,2026-06-26,2026-04-23,3,0.007267150000000001
76-BINANCE-ETHUSDT-26JUN2026,76,Binance,ETH,ETHUSDT,2026-06-26,2026-04-24,3,-0.08311049999999999
76-BINANCE-ETHUSDT-26JUN2026,76,Binance,ETH,ETHUSDT,2026-06-26,2026-04-25,3,-0.04000035
76-BINANCE-ETHUSDT-26JUN2026,76,Binance,ETH,ETHUSDT,2026-06-26,2026-04-26,3,-0.0215496
76-BINANCE-ETHUSDT-26JUN2026,76,Binance,ETH,ETHUSDT,2026-06-26,2026-04-27,3,-0.08064310000000001
76-BINANCE-ETHUSDT-26JUN2026,76,Binance,ETH,ETHUSDT,2026-06-26,2026-04-28,3,-0.10131305
76-BINANCE-ETHUSDT-26JUN2026,76,Binance,ETH,ETHUSDT,2026-06-26,2026-04-29,3,0.044858499999999996
76-BINANCE-ETHUSDT-26JUN2026,76,Binance,ETH,ETHUSDT,2026-06-26,2026-04-30,3,-0.06732425
76-BINANCE-ETHUSDT-26JUN2026,76,Binance,ETH,ETHUSDT,2026-06-26,2026-05-01,3,-0.0292292
76-BINANCE-ETHUSDT-26JUN2026,76,Binance,ETH,ETHUSDT,2026-06-26,2026-05-02,3,-0.0169506
76-BINANCE-ETHUSDT-26JUN2026,76,Binance,ETH,ETHUSDT,2026-06-26,2026-05-03,3,0.038832349999999995
76-BINANCE-ETHUSDT-26JUN2026,76,Binance,ETH,ETHUSDT,2026-06-26,2026-05-04,3,0.0465156
76-BINANCE-ETHUSDT-26JUN2026,76,Binance,ETH,ETHUSDT,2026-06-26,2026-05-05,3,-0.03973755
76-BINANCE-ETHUSDT-26JUN2026,76,Binance,ETH,ETHUSDT,2026-06-26,2026-05-06,3,-0.0605973
76-BINANCE-ETHUSDT-26JUN2026,76,Binance,ETH,ETHUSDT,2026-06-26,2026-05-07,3,-0.08357405
76-BINANCE-ETHUSDT-26JUN2026,76,Binance,ETH,ETHUSDT,2026-06-26,2026-05-08,3,-0.02618875
76-BINANCE-ETHUSDT-26JUN2026,76,Binance,ETH,ETHUSDT,2026-06-26,2026-05-09,3,0.07034644999999999
76-BINANCE-ETHUSDT-26JUN2026,76,Binance,ETH,ETHUSDT,2026-06-26,2026-05-10,3,0.0911843
76-BINANCE-ETHUSDT-26JUN2026,76,Binance,ETH,ETHUSDT,2026-06-26,2026-05-11,3,0.046767449999999995
76-BINANCE-ETHUSDT-26JUN2026,76,Binance,ETH,ETHUSDT,2026-06-26,2026-05-12,3,0.0314265
76-BINANCE-ETHUSDT-26JUN2026,76,Binance,ETH,ETHUSDT,2026-06-26,2026-05-13,3,0.0252361
76-BINANCE-ETHUSDT-26JUN2026,76,Binance,ETH,ETHUSDT,2026-06-26,2026-05-14,3,0.0562611
76-BINANCE-ETHUSDT-26JUN2026,76,Binance,ETH,ETHUSDT,2026-06-26,2026-05-15,3,0.0039858
76-BINANCE-ETHUSDT-26JUN2026,76,Binance,ETH,ETHUSDT,2026-06-26,2026-05-16,3,0.06595184999999999
76-BINANCE-ETHUSDT-26JUN2026,76,Binance,ETH,ETHUSDT,2026-06-26,2026-05-17,3,0.06335305000000001
76-BINANCE-ETHUSDT-26JUN2026,76,Binance,ETH,ETHUSDT,2026-06-26,2026-05-18,3,0.0282364
76-BINANCE-ETHUSDT-26JUN2026,76,Binance,ETH,ETHUSDT,2026-06-26,2026-05-19,3,0.07035375
76-BINANCE-ETHUSDT-26JUN2026,76,Binance,ETH,ETHUSDT,2026-06-26,2026-05-20,3,0.0506036
76-BINANCE-ETHUSDT-26JUN2026,76,Binance,ETH,ETHUSDT,2026-06-26,2026-05-21,3,0.0446614
76-BINANCE-ETHUSDT-26JUN2026,76,Binance,ETH,ETHUSDT,2026-06-26,2026-05-22,3,0.05096130000000001
76-BINANCE-ETHUSDT-26JUN2026,76,Binance,ETH,ETHUSDT,2026-06-26,2026-05-23,3,0.0603929
76-BINANCE-ETHUSDT-26JUN2026,76,Binance,ETH,ETHUSDT,2026-06-26,2026-05-24,3,0.0739271
76-BINANCE-ETHUSDT-26JUN2026,76,Binance,ETH,ETHUSDT,2026-06-26,2026-05-25,3,0.0515234
76-BINANCE-ETHUSDT-26JUN2026,76,Binance,ETH,ETHUSDT,2026-06-26,2026-05-26,3,0.03890535
76-BINANCE-ETHUSDT-26JUN2026,76,Binance,ETH,ETHUSDT,2026-06-26,2026-05-27,3,0.060298
76-BINANCE-ETHUSDT-26JUN2026,76,Binance,ETH,ETHUSDT,2026-06-26,2026-05-28,3,0.0290102
76-BINANCE-ETHUSDT-26JUN2026,76,Binance,ETH,ETHUSDT,2026-06-26,2026-05-29,3,0.0809862
76-BINANCE-ETHUSDT-26JUN2026,76,Binance,ETH,ETHUSDT,2026-06-26,2026-05-30,3,0.062367549999999994
76-BINANCE-ETHUSDT-26JUN2026,76,Binance,ETH,ETHUSDT,2026-06-26,2026-05-31,3,0.0668461
76-BINANCE-ETHUSDT-26JUN2026,76,Binance,ETH,ETHUSDT,2026-06-26,2026-06-01,3,0.0779494
76-BINANCE-ETHUSDT-26JUN2026,76,Binance,ETH,ETHUSDT,2026-06-26,2026-06-02,3,0.09380135
76-BINANCE-ETHUSDT-26JUN2026,76,Binance,ETH,ETHUSDT,2026-06-26,2026-06-03,3,0.0702406
76-BINANCE-ETHUSDT-26JUN2026,76,Binance,ETH,ETHUSDT,2026-06-26,2026-06-04,3,0.05868835
76-BINANCE-ETHUSDT-26JUN2026,76,Binance,ETH,ETHUSDT,2026-06-26,2026-06-05,3,-0.021337900000000003
76-BINANCE-ETHUSDT-26JUN2026,76,Binance,ETH,ETHUSDT,2026-06-26,2026-06-06,3,-0.05306734999999999
76-BINANCE-ETHUSDT-26JUN2026,76,Binance,ETH,ETHUSDT,2026-06-26,2026-06-07,3,-0.05964465
76-BINANCE-ETHUSDT-26JUN2026,76,Binance,ETH,ETHUSDT,2026-06-26,2026-06-08,3,-0.07062385
76-BINANCE-ETHUSDT-26JUN2026,76,Binance,ETH,ETHUSDT,2026-06-26,2026-06-09,3,-0.0352298
76-BINANCE-ETHUSDT-26JUN2026,76,Binance,ETH,ETHUSDT,2026-06-26,2026-06-10,3,-0.04302620000000001
76-BINANCE-ETHUSDT-26JUN2026,76,Binance,ETH,ETHUSDT,2026-06-26,2026-06-11,3,-0.0195713
76-BINANCE-ETHUSDT-26JUN2026,76,Binance,ETH,ETHUSDT,2026-06-26,2026-06-12,3,-0.038230099999999996
76-BINANCE-ETHUSDT-26JUN2026,76,Binance,ETH,ETHUSDT,2026-06-26,2026-06-13,3,0.02042175
76-BINANCE-ETHUSDT-26JUN2026,76,Binance,ETH,ETHUSDT,2026-06-26,2026-06-14,3,-0.01329695
76-BINANCE-ETHUSDT-26JUN2026,76,Binance,ETH,ETHUSDT,2026-06-26,2026-06-15,3,0.0330033
76-BINANCE-ETHUSDT-26JUN2026,76,Binance,ETH,ETHUSDT,2026-06-26,2026-06-16,3,0.01481535
76-BINANCE-ETHUSDT-26JUN2026,76,Binance,ETH,ETHUSDT,2026-06-26,2026-06-17,3,0.016936
76-BINANCE-ETHUSDT-26JUN2026,76,Binance,ETH,ETHUSDT,2026-06-26,2026-06-18,3,0.016884899999999998
76-BINANCE-ETHUSDT-26JUN2026,76,Binance,ETH,ETHUSDT,2026-06-26,2026-06-19,3,0.016268050000000003
76-BINANCE-ETHUSDT-26JUN2026,76,Binance,ETH,ETHUSDT,2026-06-26,2026-06-20,3,0.0324266
76-BINANCE-ETHUSDT-26JUN2026,76,Binance,ETH,ETHUSDT,2026-06-26,2026-06-21,3,0.022816149999999997
76-BINANCE-ETHUSDT-26JUN2026,76,Binance,ETH,ETHUSDT,2026-06-26,2026-06-22,3,0.0241265
76-BINANCE-ETHUSDT-26JUN2026,76,Binance,ETH,ETHUSDT,2026-06-26,2026-06-23,3,-0.00419385
76-BINANCE-ETHUSDT-26JUN2026,76,Binance,ETH,ETHUSDT,2026-06-26,2026-06-24,3,0.0249441
76-BINANCE-ETHUSDT-26JUN2026,76,Binance,ETH,ETHUSDT,2026-06-26,2026-06-25,3,-0.012085149999999998
76-BINANCE-ETHUSDT-26JUN2026,76,Binance,ETH,ETHUSDT,2026-06-26,2026-06-26,1,-0.01823175
77-HYPERLIQUID-xyzSILVER-27MAR2026,77,Hyperliquid,XAG,xyzSILVER,2026-03-27,2026-03-10,17,0.004863036705882354
77-HYPERLIQUID-xyzSILVER-27MAR2026,77,Hyperliquid,XAG,xyzSILVER,2026-03-27,2026-03-11,24,0.0326181885
77-HYPERLIQUID-xyzSILVER-27MAR2026,77,Hyperliquid,XAG,xyzSILVER,2026-03-27,2026-03-12,24,-0.035213009999999996
77-HYPERLIQUID-xyzSILVER-27MAR2026,77,Hyperliquid,XAG,xyzSILVER,2026-03-27,2026-03-13,24,0.047748606500000006
77-HYPERLIQUID-xyzSILVER-27MAR2026,77,Hyperliquid,XAG,xyzSILVER,2026-03-27,2026-03-14,24,0.040170878
77-HYPERLIQUID-xyzSILVER-27MAR2026,77,Hyperliquid,XAG,xyzSILVER,2026-03-27,2026-03-15,24,-0.0290163685
77-HYPERLIQUID-xyzSILVER-27MAR2026,77,Hyperliquid,XAG,xyzSILVER,2026-03-27,2026-03-16,24,0.0421093565
77-HYPERLIQUID-xyzSILVER-27MAR2026,77,Hyperliquid,XAG,xyzSILVER,2026-03-27,2026-03-17,24,0.0687993975
77-HYPERLIQUID-xyzSILVER-27MAR2026,77,Hyperliquid,XAG,xyzSILVER,2026-03-27,2026-03-18,24,0.1340564335
77-HYPERLIQUID-xyzSILVER-27MAR2026,77,Hyperliquid,XAG,xyzSILVER,2026-03-27,2026-03-19,24,0.2732284515
77-HYPERLIQUID-xyzSILVER-27MAR2026,77,Hyperliquid,XAG,xyzSILVER,2026-03-27,2026-03-20,24,0.1744419315
77-HYPERLIQUID-xyzSILVER-27MAR2026,77,Hyperliquid,XAG,xyzSILVER,2026-03-27,2026-03-21,24,0.0397778825
77-HYPERLIQUID-xyzSILVER-27MAR2026,77,Hyperliquid,XAG,xyzSILVER,2026-03-27,2026-03-22,24,-0.029713263
77-HYPERLIQUID-xyzSILVER-27MAR2026,77,Hyperliquid,XAG,xyzSILVER,2026-03-27,2026-03-23,24,0.265159871
77-HYPERLIQUID-xyzSILVER-27MAR2026,77,Hyperliquid,XAG,xyzSILVER,2026-03-27,2026-03-24,24,0.10037280999999999
77-HYPERLIQUID-xyzSILVER-27MAR2026,77,Hyperliquid,XAG,xyzSILVER,2026-03-27,2026-03-25,24,0.0716429665
77-HYPERLIQUID-xyzSILVER-27MAR2026,77,Hyperliquid,XAG,xyzSILVER,2026-03-27,2026-03-26,24,0.051659070499999994
77-HYPERLIQUID-xyzSILVER-27MAR2026,77,Hyperliquid,XAG,xyzSILVER,2026-03-27,2026-03-27,1,0.05475
78-BINANCE-BTCUSDT-26JUN2026,78,Binance,BTC,BTCUSDT,2026-06-26,2026-03-10,3,0.0108332
78-BINANCE-BTCUSDT-26JUN2026,78,Binance,BTC,BTCUSDT,2026-06-26,2026-03-11,3,-0.0807672
78-BINANCE-BTCUSDT-26JUN2026,78,Binance,BTC,BTCUSDT,2026-06-26,2026-03-12,3,-0.07509875
78-BINANCE-BTCUSDT-26JUN2026,78,Binance,BTC,BTCUSDT,2026-06-26,2026-03-13,3,0.003051400000000001
78-BINANCE-BTCUSDT-26JUN2026,78,Binance,BTC,BTCUSDT,2026-06-26,2026-03-14,3,-0.0336457
78-BINANCE-BTCUSDT-26JUN2026,78,Binance,BTC,BTCUSDT,2026-06-26,2026-03-15,3,-0.02075025
78-BINANCE-BTCUSDT-26JUN2026,78,Binance,BTC,BTCUSDT,2026-06-26,2026-03-16,3,0.04258455
78-BINANCE-BTCUSDT-26JUN2026,78,Binance,BTC,BTCUSDT,2026-06-26,2026-03-17,3,-0.0128626
78-BINANCE-BTCUSDT-26JUN2026,78,Binance,BTC,BTCUSDT,2026-06-26,2026-03-18,3,-0.0327186
78-BINANCE-BTCUSDT-26JUN2026,78,Binance,BTC,BTCUSDT,2026-06-26,2026-03-19,3,-0.01015065
78-BINANCE-BTCUSDT-26JUN2026,78,Binance,BTC,BTCUSDT,2026-06-26,2026-03-20,3,0.00421575
78-BINANCE-BTCUSDT-26JUN2026,78,Binance,BTC,BTCUSDT,2026-06-26,2026-03-21,3,-0.004153700000000001
78-BINANCE-BTCUSDT-26JUN2026,78,Binance,BTC,BTCUSDT,2026-06-26,2026-03-22,3,-0.0381644
78-BINANCE-BTCUSDT-26JUN2026,78,Binance,BTC,BTCUSDT,2026-06-26,2026-03-23,3,-0.0174543
78-BINANCE-BTCUSDT-26JUN2026,78,Binance,BTC,BTCUSDT,2026-06-26,2026-03-24,3,0.040004000000000005
78-BINANCE-BTCUSDT-26JUN2026,78,Binance,BTC,BTCUSDT,2026-06-26,2026-03-25,3,0.029583250000000002
78-BINANCE-BTCUSDT-26JUN2026,78,Binance,BTC,BTCUSDT,2026-06-26,2026-03-26,3,0.0062926
78-BINANCE-BTCUSDT-26JUN2026,78,Binance,BTC,BTCUSDT,2026-06-26,2026-03-27,3,-0.0336311
78-BINANCE-BTCUSDT-26JUN2026,78,Binance,BTC,BTCUSDT,2026-06-26,2026-03-28,3,-0.05790725
78-BINANCE-BTCUSDT-26JUN2026,78,Binance,BTC,BTCUSDT,2026-06-26,2026-03-29,3,-0.0037047499999999997
78-BINANCE-BTCUSDT-26JUN2026,78,Binance,BTC,BTCUSDT,2026-06-26,2026-03-30,3,0.005657499999999999
78-BINANCE-BTCUSDT-26JUN2026,78,Binance,BTC,BTCUSDT,2026-06-26,2026-03-31,3,-0.0166732
78-BINANCE-BTCUSDT-26JUN2026,78,Binance,BTC,BTCUSDT,2026-06-26,2026-04-01,3,-0.012165450000000001
78-BINANCE-BTCUSDT-26JUN2026,78,Binance,BTC,BTCUSDT,2026-06-26,2026-04-02,3,-0.011066800000000002
78-BINANCE-BTCUSDT-26JUN2026,78,Binance,BTC,BTCUSDT,2026-06-26,2026-04-03,3,-0.00393835
78-BINANCE-BTCUSDT-26JUN2026,78,Binance,BTC,BTCUSDT,2026-06-26,2026-04-04,3,0.03477355
78-BINANCE-BTCUSDT-26JUN2026,78,Binance,BTC,BTCUSDT,2026-06-26,2026-04-05,3,0.029594199999999998
78-BINANCE-BTCUSDT-26JUN2026,78,Binance,BTC,BTCUSDT,2026-06-26,2026-04-06,3,0.047596
78-BINANCE-BTCUSDT-26JUN2026,78,Binance,BTC,BTCUSDT,2026-06-26,2026-04-07,3,0.03935065
78-BINANCE-BTCUSDT-26JUN2026,78,Binance,BTC,BTCUSDT,2026-06-26,2026-04-08,3,0.04245315
78-BINANCE-BTCUSDT-26JUN2026,78,Binance,BTC,BTCUSDT,2026-06-26,2026-04-09,3,0.011336900000000002
78-BINANCE-BTCUSDT-26JUN2026,78,Binance,BTC,BTCUSDT,2026-06-26,2026-04-10,3,0.0024893
78-BINANCE-BTCUSDT-26JUN2026,78,Binance,BTC,BTCUSDT,2026-06-26,2026-04-11,3,-0.07322995
78-BINANCE-BTCUSDT-26JUN2026,78,Binance,BTC,BTCUSDT,2026-06-26,2026-04-12,3,-0.044285450000000004
78-BINANCE-BTCUSDT-26JUN2026,78,Binance,BTC,BTCUSDT,2026-06-26,2026-04-13,3,-0.0212649
78-BINANCE-BTCUSDT-26JUN2026,78,Binance,BTC,BTCUSDT,2026-06-26,2026-04-14,3,-0.0304994
78-BINANCE-BTCUSDT-26JUN2026,78,Binance,BTC,BTCUSDT,2026-06-26,2026-04-15,3,-0.07865385
78-BINANCE-BTCUSDT-26JUN2026,78,Binance,BTC,BTCUSDT,2026-06-26,2026-04-16,3,-0.0309666
78-BINANCE-BTCUSDT-26JUN2026,78,Binance,BTC,BTCUSDT,2026-06-26,2026-04-17,3,-0.01719515
78-BINANCE-BTCUSDT-26JUN2026,78,Binance,BTC,BTCUSDT,2026-06-26,2026-04-18,3,-0.0721459
78-BINANCE-BTCUSDT-26JUN2026,78,Binance,BTC,BTCUSDT,2026-06-26,2026-04-19,3,-0.1017985
78-BINANCE-BTCUSDT-26JUN2026,78,Binance,BTC,BTCUSDT,2026-06-26,2026-04-20,3,-0.0443037
78-BINANCE-BTCUSDT-26JUN2026,78,Binance,BTC,BTCUSDT,2026-06-26,2026-04-21,3,-0.06571095
78-BINANCE-BTCUSDT-26JUN2026,78,Binance,BTC,BTCUSDT,2026-06-26,2026-04-22,3,0.0020951000000000008
78-BINANCE-BTCUSDT-26JUN2026,78,Binance,BTC,BTCUSDT,2026-06-26,2026-04-23,3,-0.06613435
78-BINANCE-BTCUSDT-26JUN2026,78,Binance,BTC,BTCUSDT,2026-06-26,2026-04-24,3,-0.054187900000000004
78-BINANCE-BTCUSDT-26JUN2026,78,Binance,BTC,BTCUSDT,2026-06-26,2026-04-25,3,-0.04749015
78-BINANCE-BTCUSDT-26JUN2026,78,Binance,BTC,BTCUSDT,2026-06-26,2026-04-26,3,0.00214985
78-BINANCE-BTCUSDT-26JUN2026,78,Binance,BTC,BTCUSDT,2026-06-26,2026-04-27,3,-0.0514212
78-BINANCE-BTCUSDT-26JUN2026,78,Binance,BTC,BTCUSDT,2026-06-26,2026-04-28,3,-0.006982450000000001
78-BINANCE-BTCUSDT-26JUN2026,78,Binance,BTC,BTCUSDT,2026-06-26,2026-04-29,3,0.007431399999999999
78-BINANCE-BTCUSDT-26JUN2026,78,Binance,BTC,BTCUSDT,2026-06-26,2026-04-30,3,-0.03270765
78-BINANCE-BTCUSDT-26JUN2026,78,Binance,BTC,BTCUSDT,2026-06-26,2026-05-01,3,-0.03175135
78-BINANCE-BTCUSDT-26JUN2026,78,Binance,BTC,BTCUSDT,2026-06-26,2026-05-02,3,-0.03089725
78-BINANCE-BTCUSDT-26JUN2026,78,Binance,BTC,BTCUSDT,2026-06-26,2026-05-03,3,0.0058217500000000005
78-BINANCE-BTCUSDT-26JUN2026,78,Binance,BTC,BTCUSDT,2026-06-26,2026-05-04,3,0.003598899999999999
78-BINANCE-BTCUSDT-26JUN2026,78,Binance,BTC,BTCUSDT,2026-06-26,2026-05-05,3,-0.04835885
78-BINANCE-BTCUSDT-26JUN2026,78,Binance,BTC,BTCUSDT,2026-06-26,2026-05-06,3,-0.06956535
78-BINANCE-BTCUSDT-26JUN2026,78,Binance,BTC,BTCUSDT,2026-06-26,2026-05-07,3,-0.0490487
78-BINANCE-BTCUSDT-26JUN2026,78,Binance,BTC,BTCUSDT,2026-06-26,2026-05-08,3,-0.023845450000000004
78-BINANCE-BTCUSDT-26JUN2026,78,Binance,BTC,BTCUSDT,2026-06-26,2026-05-09,3,0.006183099999999998
78-BINANCE-BTCUSDT-26JUN2026,78,Binance,BTC,BTCUSDT,2026-06-26,2026-05-10,3,0.038252
78-BINANCE-BTCUSDT-26JUN2026,78,Binance,BTC,BTCUSDT,2026-06-26,2026-05-11,3,0.04724925
78-BINANCE-BTCUSDT-26JUN2026,78,Binance,BTC,BTCUSDT,2026-06-26,2026-05-12,3,0.0349816
78-BINANCE-BTCUSDT-26JUN2026,78,Binance,BTC,BTCUSDT,2026-06-26,2026-05-13,3,0.045818450000000004
78-BINANCE-BTCUSDT-26JUN2026,78,Binance,BTC,BTCUSDT,2026-06-26,2026-05-14,3,0.039967499999999996
78-BINANCE-BTCUSDT-26JUN2026,78,Binance,BTC,BTCUSDT,2026-06-26,2026-05-15,3,-0.0167316
78-BINANCE-BTCUSDT-26JUN2026,78,Binance,BTC,BTCUSDT,2026-06-26,2026-05-16,3,0.031692950000000004
78-BINANCE-BTCUSDT-26JUN2026,78,Binance,BTC,BTCUSDT,2026-06-26,2026-05-17,3,0.019202649999999998
78-BINANCE-BTCUSDT-26JUN2026,78,Binance,BTC,BTCUSDT,2026-06-26,2026-05-18,3,0.043161250000000005
78-BINANCE-BTCUSDT-26JUN2026,78,Binance,BTC,BTCUSDT,2026-06-26,2026-05-19,3,0.0567064
78-BINANCE-BTCUSDT-26JUN2026,78,Binance,BTC,BTCUSDT,2026-06-26,2026-05-20,3,0.06604675
78-BINANCE-BTCUSDT-26JUN2026,78,Binance,BTC,BTCUSDT,2026-06-26,2026-05-21,3,0.04401170000000001
78-BINANCE-BTCUSDT-26JUN2026,78,Binance,BTC,BTCUSDT,2026-06-26,2026-05-22,3,0.02056775
78-BINANCE-BTCUSDT-26JUN2026,78,Binance,BTC,BTCUSDT,2026-06-26,2026-05-23,3,0.03740885
78-BINANCE-BTCUSDT-26JUN2026,78,Binance,BTC,BTCUSDT,2026-06-26,2026-05-24,3,0.07883635
78-BINANCE-BTCUSDT-26JUN2026,78,Binance,BTC,BTCUSDT,2026-06-26,2026-05-25,3,0.0419823
78-BINANCE-BTCUSDT-26JUN2026,78,Binance,BTC,BTCUSDT,2026-06-26,2026-05-26,3,0.0645539
78-BINANCE-BTCUSDT-26JUN2026,78,Binance,BTC,BTCUSDT,2026-06-26,2026-05-27,3,0.1053463
78-BINANCE-BTCUSDT-26JUN2026,78,Binance,BTC,BTCUSDT,2026-06-26,2026-05-28,3,0.09129015
78-BINANCE-BTCUSDT-26JUN2026,78,Binance,BTC,BTCUSDT,2026-06-26,2026-05-29,3,0.08063945
78-BINANCE-BTCUSDT-26JUN2026,78,Binance,BTC,BTCUSDT,2026-06-26,2026-05-30,3,0.0525965
78-BINANCE-BTCUSDT-26JUN2026,78,Binance,BTC,BTCUSDT,2026-06-26,2026-05-31,3,0.058702950000000004
78-BINANCE-BTCUSDT-26JUN2026,78,Binance,BTC,BTCUSDT,2026-06-26,2026-06-01,3,0.07351465
78-BINANCE-BTCUSDT-26JUN2026,78,Binance,BTC,BTCUSDT,2026-06-26,2026-06-02,3,0.08882274999999999
78-BINANCE-BTCUSDT-26JUN2026,78,Binance,BTC,BTCUSDT,2026-06-26,2026-06-03,3,0.0817381
78-BINANCE-BTCUSDT-26JUN2026,78,Binance,BTC,BTCUSDT,2026-06-26,2026-06-04,3,0.01148655
78-BINANCE-BTCUSDT-26JUN2026,78,Binance,BTC,BTCUSDT,2026-06-26,2026-06-05,3,-0.00357335
78-BINANCE-BTCUSDT-26JUN2026,78,Binance,BTC,BTCUSDT,2026-06-26,2026-06-06,3,0.0033945000000000004
78-BINANCE-BTCUSDT-26JUN2026,78,Binance,BTC,BTCUSDT,2026-06-26,2026-06-07,3,0.00117165
78-BINANCE-BTCUSDT-26JUN2026,78,Binance,BTC,BTCUSDT,2026-06-26,2026-06-08,3,0.025947849999999998
78-BINANCE-BTCUSDT-26JUN2026,78,Binance,BTC,BTCUSDT,2026-06-26,2026-06-09,3,0.007599300000000001
78-BINANCE-BTCUSDT-26JUN2026,78,Binance,BTC,BTCUSDT,2026-06-26,2026-06-10,3,-0.0017447000000000007
78-BINANCE-BTCUSDT-26JUN2026,78,Binance,BTC,BTCUSDT,2026-06-26,2026-06-11,3,0.0162425
78-BINANCE-BTCUSDT-26JUN2026,78,Binance,BTC,BTCUSDT,2026-06-26,2026-06-12,3,0.00723795
78-BINANCE-BTCUSDT-26JUN2026,78,Binance,BTC,BTCUSDT,2026-06-26,2026-06-13,3,0.02319575
78-BINANCE-BTCUSDT-26JUN2026,78,Binance,BTC,BTCUSDT,2026-06-26,2026-06-14,3,-0.045376799999999995
78-BINANCE-BTCUSDT-26JUN2026,78,Binance,BTC,BTCUSDT,2026-06-26,2026-06-15,3,-0.0096725
78-BINANCE-BTCUSDT-26JUN2026,78,Binance,BTC,BTCUSDT,2026-06-26,2026-06-16,3,-0.0047158
78-BINANCE-BTCUSDT-26JUN2026,78,Binance,BTC,BTCUSDT,2026-06-26,2026-06-17,3,-0.026681499999999997
78-BINANCE-BTCUSDT-26JUN2026,78,Binance,BTC,BTCUSDT,2026-06-26,2026-06-18,3,0.0197246
78-BINANCE-BTCUSDT-26JUN2026,78,Binance,BTC,BTCUSDT,2026-06-26,2026-06-19,3,0.0395879
78-BINANCE-BTCUSDT-26JUN2026,78,Binance,BTC,BTCUSDT,2026-06-26,2026-06-20,3,0.0453768
78-BINANCE-BTCUSDT-26JUN2026,78,Binance,BTC,BTCUSDT,2026-06-26,2026-06-21,3,0.02920365
78-BINANCE-BTCUSDT-26JUN2026,78,Binance,BTC,BTCUSDT,2026-06-26,2026-06-22,3,0.04708135
78-BINANCE-BTCUSDT-26JUN2026,78,Binance,BTC,BTCUSDT,2026-06-26,2026-06-23,3,0.013895550000000001
78-BINANCE-BTCUSDT-26JUN2026,78,Binance,BTC,BTCUSDT,2026-06-26,2026-06-24,3,0.01574975
78-BINANCE-BTCUSDT-26JUN2026,78,Binance,BTC,BTCUSDT,2026-06-26,2026-06-25,3,-0.006007899999999999
78-BINANCE-BTCUSDT-26JUN2026,78,Binance,BTC,BTCUSDT,2026-06-26,2026-06-26,1,0.0580131
79-HYPERLIQUID-xyzBRENTOIL-27MAR2026,79,Hyperliquid,BRENTOIL,xyzBRENTOIL,2026-03-27,2026-03-10,9,-0.3172791213333334
79-HYPERLIQUID-xyzBRENTOIL-27MAR2026,79,Hyperliquid,BRENTOIL,xyzBRENTOIL,2026-03-27,2026-03-11,24,-0.4803028795
79-HYPERLIQUID-xyzBRENTOIL-27MAR2026,79,Hyperliquid,BRENTOIL,xyzBRENTOIL,2026-03-27,2026-03-12,24,-0.8159346875
79-HYPERLIQUID-xyzBRENTOIL-27MAR2026,79,Hyperliquid,BRENTOIL,xyzBRENTOIL,2026-03-27,2026-03-13,24,0.48172064899999995
79-HYPERLIQUID-xyzBRENTOIL-27MAR2026,79,Hyperliquid,BRENTOIL,xyzBRENTOIL,2026-03-27,2026-03-14,24,1.4541086445
79-HYPERLIQUID-xyzBRENTOIL-27MAR2026,79,Hyperliquid,BRENTOIL,xyzBRENTOIL,2026-03-27,2026-03-15,24,-0.1352172065
79-HYPERLIQUID-xyzBRENTOIL-27MAR2026,79,Hyperliquid,BRENTOIL,xyzBRENTOIL,2026-03-27,2026-03-16,24,0.723777115
79-HYPERLIQUID-xyzBRENTOIL-27MAR2026,79,Hyperliquid,BRENTOIL,xyzBRENTOIL,2026-03-27,2026-03-17,24,0.0909156235
79-HYPERLIQUID-xyzBRENTOIL-27MAR2026,79,Hyperliquid,BRENTOIL,xyzBRENTOIL,2026-03-27,2026-03-18,24,0.211079354
79-HYPERLIQUID-xyzBRENTOIL-27MAR2026,79,Hyperliquid,BRENTOIL,xyzBRENTOIL,2026-03-27,2026-03-19,24,0.6777769315
79-HYPERLIQUID-xyzBRENTOIL-27MAR2026,79,Hyperliquid,BRENTOIL,xyzBRENTOIL,2026-03-27,2026-03-20,24,0.05653525150000002
79-HYPERLIQUID-xyzBRENTOIL-27MAR2026,79,Hyperliquid,BRENTOIL,xyzBRENTOIL,2026-03-27,2026-03-21,24,-0.2795021445
79-HYPERLIQUID-xyzBRENTOIL-27MAR2026,79,Hyperliquid,BRENTOIL,xyzBRENTOIL,2026-03-27,2026-03-22,24,1.4920601400000002
79-HYPERLIQUID-xyzBRENTOIL-27MAR2026,79,Hyperliquid,BRENTOIL,xyzBRENTOIL,2026-03-27,2026-03-23,24,0.198115795
79-HYPERLIQUID-xyzBRENTOIL-27MAR2026,79,Hyperliquid,BRENTOIL,xyzBRENTOIL,2026-03-27,2026-03-24,24,0.0533047825
79-HYPERLIQUID-xyzBRENTOIL-27MAR2026,79,Hyperliquid,BRENTOIL,xyzBRENTOIL,2026-03-27,2026-03-25,24,0.0463324065
79-HYPERLIQUID-xyzBRENTOIL-27MAR2026,79,Hyperliquid,BRENTOIL,xyzBRENTOIL,2026-03-27,2026-03-26,24,-0.19467942949999997
79-HYPERLIQUID-xyzBRENTOIL-27MAR2026,79,Hyperliquid,BRENTOIL,xyzBRENTOIL,2026-03-27,2026-03-27,1,-0.260455824
8-BINANCE-BTCUSDT-31OCT2025,8,Binance,BTC,BTCUSDT,2025-10-31,2025-09-16,3,0.049139949999999995
8-BINANCE-BTCUSDT-31OCT2025,8,Binance,BTC,BTCUSDT,2025-10-31,2025-09-17,3,0.0792634
8-BINANCE-BTCUSDT-31OCT2025,8,Binance,BTC,BTCUSDT,2025-10-31,2025-09-18,3,0.06598105
8-BINANCE-BTCUSDT-31OCT2025,8,Binance,BTC,BTCUSDT,2025-10-31,2025-09-19,3,0.0260683
8-BINANCE-BTCUSDT-31OCT2025,8,Binance,BTC,BTCUSDT,2025-10-31,2025-09-20,3,0.0099426
8-BINANCE-BTCUSDT-31OCT2025,8,Binance,BTC,BTCUSDT,2025-10-31,2025-09-21,3,0.0035879500000000008
8-BINANCE-BTCUSDT-31OCT2025,8,Binance,BTC,BTCUSDT,2025-10-31,2025-09-22,3,0.0483479
8-BINANCE-BTCUSDT-31OCT2025,8,Binance,BTC,BTCUSDT,2025-10-31,2025-09-23,3,0.07892395
8-BINANCE-BTCUSDT-31OCT2025,8,Binance,BTC,BTCUSDT,2025-10-31,2025-09-24,3,0.06185654999999999
8-BINANCE-BTCUSDT-31OCT2025,8,Binance,BTC,BTCUSDT,2025-10-31,2025-09-25,3,0.0404055
8-BINANCE-BTCUSDT-31OCT2025,8,Binance,BTC,BTCUSDT,2025-10-31,2025-09-26,3,0.05554935
8-BINANCE-BTCUSDT-31OCT2025,8,Binance,BTC,BTCUSDT,2025-10-31,2025-09-27,3,0.0410114
8-BINANCE-BTCUSDT-31OCT2025,8,Binance,BTC,BTCUSDT,2025-10-31,2025-09-28,3,0.04946115
8-BINANCE-BTCUSDT-31OCT2025,8,Binance,BTC,BTCUSDT,2025-10-31,2025-09-29,3,0.0133152
8-BINANCE-BTCUSDT-31OCT2025,8,Binance,BTC,BTCUSDT,2025-10-31,2025-09-30,3,0.0395295
8-BINANCE-BTCUSDT-31OCT2025,8,Binance,BTC,BTCUSDT,2025-10-31,2025-10-01,3,0.0613638
8-BINANCE-BTCUSDT-31OCT2025,8,Binance,BTC,BTCUSDT,2025-10-31,2025-10-02,3,0.09974355
8-BINANCE-BTCUSDT-31OCT2025,8,Binance,BTC,BTCUSDT,2025-10-31,2025-10-03,3,0.10922989999999999
8-BINANCE-BTCUSDT-31OCT2025,8,Binance,BTC,BTCUSDT,2025-10-31,2025-10-04,3,0.1033388
8-BINANCE-BTCUSDT-31OCT2025,8,Binance,BTC,BTCUSDT,2025-10-31,2025-10-05,3,0.1029811
8-BINANCE-BTCUSDT-31OCT2025,8,Binance,BTC,BTCUSDT,2025-10-31,2025-10-06,3,0.08472015
8-BINANCE-BTCUSDT-31OCT2025,8,Binance,BTC,BTCUSDT,2025-10-31,2025-10-07,3,0.09052729999999999
8-BINANCE-BTCUSDT-31OCT2025,8,Binance,BTC,BTCUSDT,2025-10-31,2025-10-08,3,0.0654737
8-BINANCE-BTCUSDT-31OCT2025,8,Binance,BTC,BTCUSDT,2025-10-31,2025-10-09,3,0.029743850000000002
8-BINANCE-BTCUSDT-31OCT2025,8,Binance,BTC,BTCUSDT,2025-10-31,2025-10-10,3,0.02072105
8-BINANCE-BTCUSDT-31OCT2025,8,Binance,BTC,BTCUSDT,2025-10-31,2025-10-11,3,0.07470455
8-BINANCE-BTCUSDT-31OCT2025,8,Binance,BTC,BTCUSDT,2025-10-31,2025-10-12,3,-0.04053325
8-BINANCE-BTCUSDT-31OCT2025,8,Binance,BTC,BTCUSDT,2025-10-31,2025-10-13,3,-0.0136072
8-BINANCE-BTCUSDT-31OCT2025,8,Binance,BTC,BTCUSDT,2025-10-31,2025-10-14,3,-0.02856855
8-BINANCE-BTCUSDT-31OCT2025,8,Binance,BTC,BTCUSDT,2025-10-31,2025-10-15,3,-0.00447855
8-BINANCE-BTCUSDT-31OCT2025,8,Binance,BTC,BTCUSDT,2025-10-31,2025-10-16,3,-0.02910875
8-BINANCE-BTCUSDT-31OCT2025,8,Binance,BTC,BTCUSDT,2025-10-31,2025-10-17,3,-0.0044165
8-BINANCE-BTCUSDT-31OCT2025,8,Binance,BTC,BTCUSDT,2025-10-31,2025-10-18,3,-0.054297399999999996
8-BINANCE-BTCUSDT-31OCT2025,8,Binance,BTC,BTCUSDT,2025-10-31,2025-10-19,3,0.0105412
8-BINANCE-BTCUSDT-31OCT2025,8,Binance,BTC,BTCUSDT,2025-10-31,2025-10-20,3,-0.010512
8-BINANCE-BTCUSDT-31OCT2025,8,Binance,BTC,BTCUSDT,2025-10-31,2025-10-21,3,-0.02135615
8-BINANCE-BTCUSDT-31OCT2025,8,Binance,BTC,BTCUSDT,2025-10-31,2025-10-22,3,0.014362749999999999
8-BINANCE-BTCUSDT-31OCT2025,8,Binance,BTC,BTCUSDT,2025-10-31,2025-10-23,3,0.05663705
8-BINANCE-BTCUSDT-31OCT2025,8,Binance,BTC,BTCUSDT,2025-10-31,2025-10-24,3,0.0306527
8-BINANCE-BTCUSDT-31OCT2025,8,Binance,BTC,BTCUSDT,2025-10-31,2025-10-25,3,0.0440701
8-BINANCE-BTCUSDT-31OCT2025,8,Binance,BTC,BTCUSDT,2025-10-31,2025-10-26,3,0.0340983
8-BINANCE-BTCUSDT-31OCT2025,8,Binance,BTC,BTCUSDT,2025-10-31,2025-10-27,3,0.0996596
8-BINANCE-BTCUSDT-31OCT2025,8,Binance,BTC,BTCUSDT,2025-10-31,2025-10-28,3,0.06152805
8-BINANCE-BTCUSDT-31OCT2025,8,Binance,BTC,BTCUSDT,2025-10-31,2025-10-29,3,0.03124035
8-BINANCE-BTCUSDT-31OCT2025,8,Binance,BTC,BTCUSDT,2025-10-31,2025-10-30,3,0.0295942
8-BINANCE-BTCUSDT-31OCT2025,8,Binance,BTC,BTCUSDT,2025-10-31,2025-10-31,1,0.00233235
80-HYPERLIQUID-SOL-24APR2026,80,Hyperliquid,SOL,SOL,2026-04-24,2026-03-17,18,-0.0525654385
80-HYPERLIQUID-SOL-24APR2026,80,Hyperliquid,SOL,SOL,2026-04-24,2026-03-18,24,-0.11120955049999999
80-HYPERLIQUID-SOL-24APR2026,80,Hyperliquid,SOL,SOL,2026-04-24,2026-03-19,24,-0.052548794499999996
80-HYPERLIQUID-SOL-24APR2026,80,Hyperliquid,SOL,SOL,2026-04-24,2026-03-20,24,-0.1041442455
80-HYPERLIQUID-SOL-24APR2026,80,Hyperliquid,SOL,SOL,2026-04-24,2026-03-21,24,-0.0583644125
80-HYPERLIQUID-SOL-24APR2026,80,Hyperliquid,SOL,SOL,2026-04-24,2026-03-22,24,-0.247743823
80-HYPERLIQUID-SOL-24APR2026,80,Hyperliquid,SOL,SOL,2026-04-24,2026-03-23,24,-0.1050454305
80-HYPERLIQUID-SOL-24APR2026,80,Hyperliquid,SOL,SOL,2026-04-24,2026-03-24,24,-0.024067442999999997
80-HYPERLIQUID-SOL-24APR2026,80,Hyperliquid,SOL,SOL,2026-04-24,2026-03-25,24,0.0256704135
80-HYPERLIQUID-SOL-24APR2026,80,Hyperliquid,SOL,SOL,2026-04-24,2026-03-26,24,-0.214620365
80-HYPERLIQUID-SOL-24APR2026,80,Hyperliquid,SOL,SOL,2026-04-24,2026-03-27,24,-0.366073173
80-HYPERLIQUID-SOL-24APR2026,80,Hyperliquid,SOL,SOL,2026-04-24,2026-03-28,24,-0.21069719899999997
80-HYPERLIQUID-SOL-24APR2026,80,Hyperliquid,SOL,SOL,2026-04-24,2026-03-29,24,-0.293580815
80-HYPERLIQUID-SOL-24APR2026,80,Hyperliquid,SOL,SOL,2026-04-24,2026-03-30,24,-0.120392768
80-HYPERLIQUID-SOL-24APR2026,80,Hyperliquid,SOL,SOL,2026-04-24,2026-03-31,24,-0.05267971999999999
80-HYPERLIQUID-SOL-24APR2026,80,Hyperliquid,SOL,SOL,2026-04-24,2026-04-01,24,-0.0452147035
80-HYPERLIQUID-SOL-24APR2026,80,Hyperliquid,SOL,SOL,2026-04-24,2026-04-02,24,-0.0341617735
80-HYPERLIQUID-SOL-24APR2026,80,Hyperliquid,SOL,SOL,2026-04-24,2026-04-03,24,0.021415352999999998
80-HYPERLIQUID-SOL-24APR2026,80,Hyperliquid,SOL,SOL,2026-04-24,2026-04-04,24,-0.047643376999999994
80-HYPERLIQUID-SOL-24APR2026,80,Hyperliquid,SOL,SOL,2026-04-24,2026-04-05,24,-0.119183596
80-HYPERLIQUID-SOL-24APR2026,80,Hyperliquid,SOL,SOL,2026-04-24,2026-04-06,24,0.026414612
80-HYPERLIQUID-SOL-24APR2026,80,Hyperliquid,SOL,SOL,2026-04-24,2026-04-07,24,-0.060159227
80-HYPERLIQUID-SOL-24APR2026,80,Hyperliquid,SOL,SOL,2026-04-24,2026-04-08,24,0.0903981995
80-HYPERLIQUID-SOL-24APR2026,80,Hyperliquid,SOL,SOL,2026-04-24,2026-04-09,24,0.030952365
80-HYPERLIQUID-SOL-24APR2026,80,Hyperliquid,SOL,SOL,2026-04-24,2026-04-10,24,0.023017556999999998
80-HYPERLIQUID-SOL-24APR2026,80,Hyperliquid,SOL,SOL,2026-04-24,2026-04-11,24,0.040282714
80-HYPERLIQUID-SOL-24APR2026,80,Hyperliquid,SOL,SOL,2026-04-24,2026-04-12,24,-0.0473171765
80-HYPERLIQUID-SOL-24APR2026,80,Hyperliquid,SOL,SOL,2026-04-24,2026-04-13,24,0.004989805499999999
80-HYPERLIQUID-SOL-24APR2026,80,Hyperliquid,SOL,SOL,2026-04-24,2026-04-14,24,0.030688287499999998
80-HYPERLIQUID-SOL-24APR2026,80,Hyperliquid,SOL,SOL,2026-04-24,2026-04-15,24,-0.0135225565
80-HYPERLIQUID-SOL-24APR2026,80,Hyperliquid,SOL,SOL,2026-04-24,2026-04-16,24,-0.0269147715
80-HYPERLIQUID-SOL-24APR2026,80,Hyperliquid,SOL,SOL,2026-04-24,2026-04-17,24,0.0494211825
80-HYPERLIQUID-SOL-24APR2026,80,Hyperliquid,SOL,SOL,2026-04-24,2026-04-18,24,-0.0197377035
80-HYPERLIQUID-SOL-24APR2026,80,Hyperliquid,SOL,SOL,2026-04-24,2026-04-19,24,-0.030026141000000003
80-HYPERLIQUID-SOL-24APR2026,80,Hyperliquid,SOL,SOL,2026-04-24,2026-04-20,24,-0.0276734605
80-HYPERLIQUID-SOL-24APR2026,80,Hyperliquid,SOL,SOL,2026-04-24,2026-04-21,24,-0.009105654999999999
80-HYPERLIQUID-SOL-24APR2026,80,Hyperliquid,SOL,SOL,2026-04-24,2026-04-22,24,0.08102383149999999
80-HYPERLIQUID-SOL-24APR2026,80,Hyperliquid,SOL,SOL,2026-04-24,2026-04-23,24,0.042118518
80-HYPERLIQUID-SOL-24APR2026,80,Hyperliquid,SOL,SOL,2026-04-24,2026-04-24,1,-0.108405876
81-LIGHTER-SOL-24APR2026,81,Lighter,SOL,SOL,2026-04-24,2026-03-17,18,-0.05158666666666666
81-LIGHTER-SOL-24APR2026,81,Lighter,SOL,SOL,2026-04-24,2026-03-18,24,0.053655
81-LIGHTER-SOL-24APR2026,81,Lighter,SOL,SOL,2026-04-24,2026-03-19,24,0.033944999999999996
81-LIGHTER-SOL-24APR2026,81,Lighter,SOL,SOL,2026-04-24,2026-03-20,24,-0.062049999999999994
81-LIGHTER-SOL-24APR2026,81,Lighter,SOL,SOL,2026-04-24,2026-03-21,24,-0.07446
81-LIGHTER-SOL-24APR2026,81,Lighter,SOL,SOL,2026-04-24,2026-03-22,24,-0.145635
81-LIGHTER-SOL-24APR2026,81,Lighter,SOL,SOL,2026-04-24,2026-03-23,24,-0.09636
81-LIGHTER-SOL-24APR2026,81,Lighter,SOL,SOL,2026-04-24,2026-03-24,24,-0.067525
81-LIGHTER-SOL-24APR2026,81,Lighter,SOL,SOL,2026-04-24,2026-03-25,24,0.047084999999999995
81-LIGHTER-SOL-24APR2026,81,Lighter,SOL,SOL,2026-04-24,2026-03-26,24,-0.11096
81-LIGHTER-SOL-24APR2026,81,Lighter,SOL,SOL,2026-04-24,2026-03-27,24,-0.125195
81-LIGHTER-SOL-24APR2026,81,Lighter,SOL,SOL,2026-04-24,2026-03-28,24,0.10402499999999999
81-LIGHTER-SOL-24APR2026,81,Lighter,SOL,SOL,2026-04-24,2026-03-29,24,-0.15403
81-LIGHTER-SOL-24APR2026,81,Lighter,SOL,SOL,2026-04-24,2026-03-30,24,-0.134685
81-LIGHTER-SOL-24APR2026,81,Lighter,SOL,SOL,2026-04-24,2026-03-31,24,-0.065335
81-LIGHTER-SOL-24APR2026,81,Lighter,SOL,SOL,2026-04-24,2026-04-01,24,0.046720000000000005
81-LIGHTER-SOL-24APR2026,81,Lighter,SOL,SOL,2026-04-24,2026-04-02,24,0.054384999999999996
81-LIGHTER-SOL-24APR2026,81,Lighter,SOL,SOL,2026-04-24,2026-04-03,24,0.09709000000000001
81-LIGHTER-SOL-24APR2026,81,Lighter,SOL,SOL,2026-04-24,2026-04-04,24,0.02482
81-LIGHTER-SOL-24APR2026,81,Lighter,SOL,SOL,2026-04-24,2026-04-05,24,-0.104755
81-LIGHTER-SOL-24APR2026,81,Lighter,SOL,SOL,2026-04-24,2026-04-06,24,0.04745
81-LIGHTER-SOL-24APR2026,81,Lighter,SOL,SOL,2026-04-24,2026-04-07,24,-0.014234999999999998
81-LIGHTER-SOL-24APR2026,81,Lighter,SOL,SOL,2026-04-24,2026-04-08,24,0.10512
81-LIGHTER-SOL-24APR2026,81,Lighter,SOL,SOL,2026-04-24,2026-04-09,24,0.09928
81-LIGHTER-SOL-24APR2026,81,Lighter,SOL,SOL,2026-04-24,2026-04-10,24,0.10512
81-LIGHTER-SOL-24APR2026,81,Lighter,SOL,SOL,2026-04-24,2026-04-11,24,0.10512
81-LIGHTER-SOL-24APR2026,81,Lighter,SOL,SOL,2026-04-24,2026-04-12,24,0.09344000000000001
81-LIGHTER-SOL-24APR2026,81,Lighter,SOL,SOL,2026-04-24,2026-04-13,24,0.07154
81-LIGHTER-SOL-24APR2026,81,Lighter,SOL,SOL,2026-04-24,2026-04-14,24,0.06643
81-LIGHTER-SOL-24APR2026,81,Lighter,SOL,SOL,2026-04-24,2026-04-15,24,0.020440000000000003
81-LIGHTER-SOL-24APR2026,81,Lighter,SOL,SOL,2026-04-24,2026-04-16,24,0.010585000000000002
81-LIGHTER-SOL-24APR2026,81,Lighter,SOL,SOL,2026-04-24,2026-04-17,24,0.020805
81-LIGHTER-SOL-24APR2026,81,Lighter,SOL,SOL,2026-04-24,2026-04-18,24,-0.007664999999999999
81-LIGHTER-SOL-24APR2026,81,Lighter,SOL,SOL,2026-04-24,2026-04-19,24,0.069715
81-LIGHTER-SOL-24APR2026,81,Lighter,SOL,SOL,2026-04-24,2026-04-20,24,0.10439
81-LIGHTER-SOL-24APR2026,81,Lighter,SOL,SOL,2026-04-24,2026-04-21,24,0.09818500000000001
81-LIGHTER-SOL-24APR2026,81,Lighter,SOL,SOL,2026-04-24,2026-04-22,24,0.097455
81-LIGHTER-SOL-24APR2026,81,Lighter,SOL,SOL,2026-04-24,2026-04-23,24,0.04161
81-LIGHTER-SOL-24APR2026,81,Lighter,SOL,SOL,2026-04-24,2026-04-24,1,0.0438
82-BINANCE-XRPUSDT-24APR2026,82,Binance,XRP,XRPUSDT,2026-04-24,2026-03-17,3,0.01019445
82-BINANCE-XRPUSDT-24APR2026,82,Binance,XRP,XRPUSDT,2026-04-24,2026-03-18,3,-0.0093221
82-BINANCE-XRPUSDT-24APR2026,82,Binance,XRP,XRPUSDT,2026-04-24,2026-03-19,3,0.0445592
82-BINANCE-XRPUSDT-24APR2026,82,Binance,XRP,XRPUSDT,2026-04-24,2026-03-20,3,-0.0420772
82-BINANCE-XRPUSDT-24APR2026,82,Binance,XRP,XRPUSDT,2026-04-24,2026-03-21,3,-0.00785115
82-BINANCE-XRPUSDT-24APR2026,82,Binance,XRP,XRPUSDT,2026-04-24,2026-03-22,3,-0.06211205
82-BINANCE-XRPUSDT-24APR2026,82,Binance,XRP,XRPUSDT,2026-04-24,2026-03-23,3,0.0175711
82-BINANCE-XRPUSDT-24APR2026,82,Binance,XRP,XRPUSDT,2026-04-24,2026-03-24,3,-0.0063583
82-BINANCE-XRPUSDT-24APR2026,82,Binance,XRP,XRPUSDT,2026-04-24,2026-03-25,3,-0.032390100000000005
82-BINANCE-XRPUSDT-24APR2026,82,Binance,XRP,XRPUSDT,2026-04-24,2026-03-26,3,-0.11288720000000001
82-BINANCE-XRPUSDT-24APR2026,82,Binance,XRP,XRPUSDT,2026-04-24,2026-03-27,3,-0.09540735
82-BINANCE-XRPUSDT-24APR2026,82,Binance,XRP,XRPUSDT,2026-04-24,2026-03-28,3,-0.07363145
82-BINANCE-XRPUSDT-24APR2026,82,Binance,XRP,XRPUSDT,2026-04-24,2026-03-29,3,-0.050344450000000006
82-BINANCE-XRPUSDT-24APR2026,82,Binance,XRP,XRPUSDT,2026-04-24,2026-03-30,3,-0.014406550000000004
82-BINANCE-XRPUSDT-24APR2026,82,Binance,XRP,XRPUSDT,2026-04-24,2026-03-31,3,-0.07285765
82-BINANCE-XRPUSDT-24APR2026,82,Binance,XRP,XRPUSDT,2026-04-24,2026-04-01,3,0.07236125
82-BINANCE-XRPUSDT-24APR2026,82,Binance,XRP,XRPUSDT,2026-04-24,2026-04-02,3,-0.12637030000000002
82-BINANCE-XRPUSDT-24APR2026,82,Binance,XRP,XRPUSDT,2026-04-24,2026-04-03,3,0.00281415
82-BINANCE-XRPUSDT-24APR2026,82,Binance,XRP,XRPUSDT,2026-04-24,2026-04-04,3,-0.04912534999999999
82-BINANCE-XRPUSDT-24APR2026,82,Binance,XRP,XRPUSDT,2026-04-24,2026-04-05,3,-0.14801845
82-BINANCE-XRPUSDT-24APR2026,82,Binance,XRP,XRPUSDT,2026-04-24,2026-04-06,3,0.0544653
82-BINANCE-XRPUSDT-24APR2026,82,Binance,XRP,XRPUSDT,2026-04-24,2026-04-07,3,-0.028513799999999995
82-BINANCE-XRPUSDT-24APR2026,82,Binance,XRP,XRPUSDT,2026-04-24,2026-04-08,3,0.09277935
82-BINANCE-XRPUSDT-24APR2026,82,Binance,XRP,XRPUSDT,2026-04-24,2026-04-09,3,-0.0395149
82-BINANCE-XRPUSDT-24APR2026,82,Binance,XRP,XRPUSDT,2026-04-24,2026-04-10,3,0.0363248
82-BINANCE-XRPUSDT-24APR2026,82,Binance,XRP,XRPUSDT,2026-04-24,2026-04-11,3,-0.006898499999999999
82-BINANCE-XRPUSDT-24APR2026,82,Binance,XRP,XRPUSDT,2026-04-24,2026-04-12,3,-0.054760949999999996
82-BINANCE-XRPUSDT-24APR2026,82,Binance,XRP,XRPUSDT,2026-04-24,2026-04-13,3,0.009121349999999999
82-BINANCE-XRPUSDT-24APR2026,82,Binance,XRP,XRPUSDT,2026-04-24,2026-04-14,3,0.081687
82-BINANCE-XRPUSDT-24APR2026,82,Binance,XRP,XRPUSDT,2026-04-24,2026-04-15,3,0.0203232
82-BINANCE-XRPUSDT-24APR2026,82,Binance,XRP,XRPUSDT,2026-04-24,2026-04-16,3,0.04204069999999999
82-BINANCE-XRPUSDT-24APR2026,82,Binance,XRP,XRPUSDT,2026-04-24,2026-04-17,3,0.0403398
82-BINANCE-XRPUSDT-24APR2026,82,Binance,XRP,XRPUSDT,2026-04-24,2026-04-18,3,0.0415735
82-BINANCE-XRPUSDT-24APR2026,82,Binance,XRP,XRPUSDT,2026-04-24,2026-04-19,3,0.01048645
82-BINANCE-XRPUSDT-24APR2026,82,Binance,XRP,XRPUSDT,2026-04-24,2026-04-20,3,0.0074898000000000005
82-BINANCE-XRPUSDT-24APR2026,82,Binance,XRP,XRPUSDT,2026-04-24,2026-04-21,3,0.03521155
82-BINANCE-XRPUSDT-24APR2026,82,Binance,XRP,XRPUSDT,2026-04-24,2026-04-22,3,0.037113200000000006
82-BINANCE-XRPUSDT-24APR2026,82,Binance,XRP,XRPUSDT,2026-04-24,2026-04-23,3,-0.04673825
82-BINANCE-XRPUSDT-24APR2026,82,Binance,XRP,XRPUSDT,2026-04-24,2026-04-24,1,0.05561505
83-HYPERLIQUID-XRP-24APR2026,83,Hyperliquid,XRP,XRP,2026-04-24,2026-03-17,18,-0.0416396745
83-HYPERLIQUID-XRP-24APR2026,83,Hyperliquid,XRP,XRP,2026-04-24,2026-03-18,24,-0.037056770999999995
83-HYPERLIQUID-XRP-24APR2026,83,Hyperliquid,XRP,XRP,2026-04-24,2026-03-19,24,-0.0193522635
83-HYPERLIQUID-XRP-24APR2026,83,Hyperliquid,XRP,XRP,2026-04-24,2026-03-20,24,-0.126425196
83-HYPERLIQUID-XRP-24APR2026,83,Hyperliquid,XRP,XRP,2026-04-24,2026-03-21,24,-0.094467256
83-HYPERLIQUID-XRP-24APR2026,83,Hyperliquid,XRP,XRP,2026-04-24,2026-03-22,24,-0.065071324
83-HYPERLIQUID-XRP-24APR2026,83,Hyperliquid,XRP,XRP,2026-04-24,2026-03-23,24,-0.0208802995
83-HYPERLIQUID-XRP-24APR2026,83,Hyperliquid,XRP,XRP,2026-04-24,2026-03-24,24,-0.038271564
83-HYPERLIQUID-XRP-24APR2026,83,Hyperliquid,XRP,XRP,2026-04-24,2026-03-25,24,-0.0200429895
83-HYPERLIQUID-XRP-24APR2026,83,Hyperliquid,XRP,XRP,2026-04-24,2026-03-26,24,-0.1653513875
83-HYPERLIQUID-XRP-24APR2026,83,Hyperliquid,XRP,XRP,2026-04-24,2026-03-27,24,-0.154383247
83-HYPERLIQUID-XRP-24APR2026,83,Hyperliquid,XRP,XRP,2026-04-24,2026-03-28,24,-0.144248438
83-HYPERLIQUID-XRP-24APR2026,83,Hyperliquid,XRP,XRP,2026-04-24,2026-03-29,24,-0.2257587415
83-HYPERLIQUID-XRP-24APR2026,83,Hyperliquid,XRP,XRP,2026-04-24,2026-03-30,24,-0.015644265
83-HYPERLIQUID-XRP-24APR2026,83,Hyperliquid,XRP,XRP,2026-04-24,2026-03-31,24,-0.017543871
83-HYPERLIQUID-XRP-24APR2026,83,Hyperliquid,XRP,XRP,2026-04-24,2026-04-01,24,0.062221331
83-HYPERLIQUID-XRP-24APR2026,83,Hyperliquid,XRP,XRP,2026-04-24,2026-04-02,24,-0.12553846500000002
83-HYPERLIQUID-XRP-24APR2026,83,Hyperliquid,XRP,XRP,2026-04-24,2026-04-03,24,-0.0583676245
83-HYPERLIQUID-XRP-24APR2026,83,Hyperliquid,XRP,XRP,2026-04-24,2026-04-04,24,-0.0717840025
83-HYPERLIQUID-XRP-24APR2026,83,Hyperliquid,XRP,XRP,2026-04-24,2026-04-05,24,-0.110914813
83-HYPERLIQUID-XRP-24APR2026,83,Hyperliquid,XRP,XRP,2026-04-24,2026-04-06,24,0.0324091895
83-HYPERLIQUID-XRP-24APR2026,83,Hyperliquid,XRP,XRP,2026-04-24,2026-04-07,24,0.0026377455
83-HYPERLIQUID-XRP-24APR2026,83,Hyperliquid,XRP,XRP,2026-04-24,2026-04-08,24,0.073676637
83-HYPERLIQUID-XRP-24APR2026,83,Hyperliquid,XRP,XRP,2026-04-24,2026-04-09,24,-0.019934438500000002
83-HYPERLIQUID-XRP-24APR2026,83,Hyperliquid,XRP,XRP,2026-04-24,2026-04-10,24,0.0406669495
83-HYPERLIQUID-XRP-24APR2026,83,Hyperliquid,XRP,XRP,2026-04-24,2026-04-11,24,0.004511546
83-HYPERLIQUID-XRP-24APR2026,83,Hyperliquid,XRP,XRP,2026-04-24,2026-04-12,24,-0.07966672500000001
83-HYPERLIQUID-XRP-24APR2026,83,Hyperliquid,XRP,XRP,2026-04-24,2026-04-13,24,0.030048259999999997
83-HYPERLIQUID-XRP-24APR2026,83,Hyperliquid,XRP,XRP,2026-04-24,2026-04-14,24,0.07800615749999999
83-HYPERLIQUID-XRP-24APR2026,83,Hyperliquid,XRP,XRP,2026-04-24,2026-04-15,24,0.0167298845
83-HYPERLIQUID-XRP-24APR2026,83,Hyperliquid,XRP,XRP,2026-04-24,2026-04-16,24,0.0649575535
83-HYPERLIQUID-XRP-24APR2026,83,Hyperliquid,XRP,XRP,2026-04-24,2026-04-17,24,0.08427240450000001
83-HYPERLIQUID-XRP-24APR2026,83,Hyperliquid,XRP,XRP,2026-04-24,2026-04-18,24,0.020205597000000002
83-HYPERLIQUID-XRP-24APR2026,83,Hyperliquid,XRP,XRP,2026-04-24,2026-04-19,24,0.077346055
83-HYPERLIQUID-XRP-24APR2026,83,Hyperliquid,XRP,XRP,2026-04-24,2026-04-20,24,0.007525715999999998
83-HYPERLIQUID-XRP-24APR2026,83,Hyperliquid,XRP,XRP,2026-04-24,2026-04-21,24,0.0558803685
83-HYPERLIQUID-XRP-24APR2026,83,Hyperliquid,XRP,XRP,2026-04-24,2026-04-22,24,0.07161701499999999
83-HYPERLIQUID-XRP-24APR2026,83,Hyperliquid,XRP,XRP,2026-04-24,2026-04-23,24,0.020383133
83-HYPERLIQUID-XRP-24APR2026,83,Hyperliquid,XRP,XRP,2026-04-24,2026-04-24,1,0.1095
84-HYPERLIQUID-xyzCL-24APR2026,84,Hyperliquid,CLOIL,xyzCL,2026-04-24,2026-03-17,18,-0.015103359333333335
84-HYPERLIQUID-xyzCL-24APR2026,84,Hyperliquid,CLOIL,xyzCL,2026-04-24,2026-03-18,24,-0.1081734075
84-HYPERLIQUID-xyzCL-24APR2026,84,Hyperliquid,CLOIL,xyzCL,2026-04-24,2026-03-19,24,-0.1055042355
84-HYPERLIQUID-xyzCL-24APR2026,84,Hyperliquid,CLOIL,xyzCL,2026-04-24,2026-03-20,24,-0.40180499399999997
84-HYPERLIQUID-xyzCL-24APR2026,84,Hyperliquid,CLOIL,xyzCL,2026-04-24,2026-03-21,24,-0.1483969915
84-HYPERLIQUID-xyzCL-24APR2026,84,Hyperliquid,CLOIL,xyzCL,2026-04-24,2026-03-22,24,1.1029824405
84-HYPERLIQUID-xyzCL-24APR2026,84,Hyperliquid,CLOIL,xyzCL,2026-04-24,2026-03-23,24,-0.1759894585
84-HYPERLIQUID-xyzCL-24APR2026,84,Hyperliquid,CLOIL,xyzCL,2026-04-24,2026-03-24,24,-0.08540076549999999
84-HYPERLIQUID-xyzCL-24APR2026,84,Hyperliquid,CLOIL,xyzCL,2026-04-24,2026-03-25,24,-0.125291214
84-HYPERLIQUID-xyzCL-24APR2026,84,Hyperliquid,CLOIL,xyzCL,2026-04-24,2026-03-26,24,-0.18257606599999998
84-HYPERLIQUID-xyzCL-24APR2026,84,Hyperliquid,CLOIL,xyzCL,2026-04-24,2026-03-27,24,-0.35344942900000004
84-HYPERLIQUID-xyzCL-24APR2026,84,Hyperliquid,CLOIL,xyzCL,2026-04-24,2026-03-28,24,-0.195792789
84-HYPERLIQUID-xyzCL-24APR2026,84,Hyperliquid,CLOIL,xyzCL,2026-04-24,2026-03-29,24,0.542684336
84-HYPERLIQUID-xyzCL-24APR2026,84,Hyperliquid,CLOIL,xyzCL,2026-04-24,2026-03-30,24,-0.6013177534999999
84-HYPERLIQUID-xyzCL-24APR2026,84,Hyperliquid,CLOIL,xyzCL,2026-04-24,2026-03-31,24,-0.6189956525
84-HYPERLIQUID-xyzCL-24APR2026,84,Hyperliquid,CLOIL,xyzCL,2026-04-24,2026-04-01,24,-0.687173674
84-HYPERLIQUID-xyzCL-24APR2026,84,Hyperliquid,CLOIL,xyzCL,2026-04-24,2026-04-02,24,-1.2603140845
84-HYPERLIQUID-xyzCL-24APR2026,84,Hyperliquid,CLOIL,xyzCL,2026-04-24,2026-04-03,24,0.03466478000000001
84-HYPERLIQUID-xyzCL-24APR2026,84,Hyperliquid,CLOIL,xyzCL,2026-04-24,2026-04-04,24,0.0548678585
84-HYPERLIQUID-xyzCL-24APR2026,84,Hyperliquid,CLOIL,xyzCL,2026-04-24,2026-04-05,24,-0.01734038350000001
84-HYPERLIQUID-xyzCL-24APR2026,84,Hyperliquid,CLOIL,xyzCL,2026-04-24,2026-04-06,24,-2.7338153980000004
84-HYPERLIQUID-xyzCL-24APR2026,84,Hyperliquid,CLOIL,xyzCL,2026-04-24,2026-04-07,24,-3.544887884
84-HYPERLIQUID-xyzCL-24APR2026,84,Hyperliquid,CLOIL,xyzCL,2026-04-24,2026-04-08,24,-5.175094903
84-HYPERLIQUID-xyzCL-24APR2026,84,Hyperliquid,CLOIL,xyzCL,2026-04-24,2026-04-09,24,-4.16791164
84-HYPERLIQUID-xyzCL-24APR2026,84,Hyperliquid,CLOIL,xyzCL,2026-04-24,2026-04-10,24,-3.395992996
84-HYPERLIQUID-xyzCL-24APR2026,84,Hyperliquid,CLOIL,xyzCL,2026-04-24,2026-04-11,24,-0.491410742
84-HYPERLIQUID-xyzCL-24APR2026,84,Hyperliquid,CLOIL,xyzCL,2026-04-24,2026-04-12,24,1.78493103
84-HYPERLIQUID-xyzCL-24APR2026,84,Hyperliquid,CLOIL,xyzCL,2026-04-24,2026-04-13,24,-4.3804589875
84-HYPERLIQUID-xyzCL-24APR2026,84,Hyperliquid,CLOIL,xyzCL,2026-04-24,2026-04-14,24,-2.004483421
84-HYPERLIQUID-xyzCL-24APR2026,84,Hyperliquid,CLOIL,xyzCL,2026-04-24,2026-04-15,24,0.1523127115
84-HYPERLIQUID-xyzCL-24APR2026,84,Hyperliquid,CLOIL,xyzCL,2026-04-24,2026-04-16,24,0.122793884
84-HYPERLIQUID-xyzCL-24APR2026,84,Hyperliquid,CLOIL,xyzCL,2026-04-24,2026-04-17,24,0.0670288555
84-HYPERLIQUID-xyzCL-24APR2026,84,Hyperliquid,CLOIL,xyzCL,2026-04-24,2026-04-18,24,0.6690634325000001
84-HYPERLIQUID-xyzCL-24APR2026,84,Hyperliquid,CLOIL,xyzCL,2026-04-24,2026-04-19,24,0.8069714554999999
84-HYPERLIQUID-xyzCL-24APR2026,84,Hyperliquid,CLOIL,xyzCL,2026-04-24,2026-04-20,24,0.1624319715
84-HYPERLIQUID-xyzCL-24APR2026,84,Hyperliquid,CLOIL,xyzCL,2026-04-24,2026-04-21,24,0.074775506
84-HYPERLIQUID-xyzCL-24APR2026,84,Hyperliquid,CLOIL,xyzCL,2026-04-24,2026-04-22,24,0.031033285499999997
84-HYPERLIQUID-xyzCL-24APR2026,84,Hyperliquid,CLOIL,xyzCL,2026-04-24,2026-04-23,24,-0.0011571595000000043
84-HYPERLIQUID-xyzCL-24APR2026,84,Hyperliquid,CLOIL,xyzCL,2026-04-24,2026-04-24,1,-0.058304808
85-HYPERLIQUID-xyzBRENTOIL-24APR2026,85,Hyperliquid,BRENTOIL,xyzBRENTOIL,2026-04-24,2026-03-17,18,0.07165627683333334
85-HYPERLIQUID-xyzBRENTOIL-24APR2026,85,Hyperliquid,BRENTOIL,xyzBRENTOIL,2026-04-24,2026-03-18,24,0.211079354
85-HYPERLIQUID-xyzBRENTOIL-24APR2026,85,Hyperliquid,BRENTOIL,xyzBRENTOIL,2026-04-24,2026-03-19,24,0.6777769315
85-HYPERLIQUID-xyzBRENTOIL-24APR2026,85,Hyperliquid,BRENTOIL,xyzBRENTOIL,2026-04-24,2026-03-20,24,0.05653525150000002
85-HYPERLIQUID-xyzBRENTOIL-24APR2026,85,Hyperliquid,BRENTOIL,xyzBRENTOIL,2026-04-24,2026-03-21,24,-0.2795021445
85-HYPERLIQUID-xyzBRENTOIL-24APR2026,85,Hyperliquid,BRENTOIL,xyzBRENTOIL,2026-04-24,2026-03-22,24,1.4920601400000002
85-HYPERLIQUID-xyzBRENTOIL-24APR2026,85,Hyperliquid,BRENTOIL,xyzBRENTOIL,2026-04-24,2026-03-23,24,0.198115795
85-HYPERLIQUID-xyzBRENTOIL-24APR2026,85,Hyperliquid,BRENTOIL,xyzBRENTOIL,2026-04-24,2026-03-24,24,0.0533047825
85-HYPERLIQUID-xyzBRENTOIL-24APR2026,85,Hyperliquid,BRENTOIL,xyzBRENTOIL,2026-04-24,2026-03-25,24,0.0463324065
85-HYPERLIQUID-xyzBRENTOIL-24APR2026,85,Hyperliquid,BRENTOIL,xyzBRENTOIL,2026-04-24,2026-03-26,24,-0.19467942949999997
85-HYPERLIQUID-xyzBRENTOIL-24APR2026,85,Hyperliquid,BRENTOIL,xyzBRENTOIL,2026-04-24,2026-03-27,24,-0.2797128955
85-HYPERLIQUID-xyzBRENTOIL-24APR2026,85,Hyperliquid,BRENTOIL,xyzBRENTOIL,2026-04-24,2026-03-28,24,-0.079559123
85-HYPERLIQUID-xyzBRENTOIL-24APR2026,85,Hyperliquid,BRENTOIL,xyzBRENTOIL,2026-04-24,2026-03-29,24,0.225982231
85-HYPERLIQUID-xyzBRENTOIL-24APR2026,85,Hyperliquid,BRENTOIL,xyzBRENTOIL,2026-04-24,2026-03-30,24,-0.4884455185
85-HYPERLIQUID-xyzBRENTOIL-24APR2026,85,Hyperliquid,BRENTOIL,xyzBRENTOIL,2026-04-24,2026-03-31,24,-0.44952991200000003
85-HYPERLIQUID-xyzBRENTOIL-24APR2026,85,Hyperliquid,BRENTOIL,xyzBRENTOIL,2026-04-24,2026-04-01,24,-0.36301732
85-HYPERLIQUID-xyzBRENTOIL-24APR2026,85,Hyperliquid,BRENTOIL,xyzBRENTOIL,2026-04-24,2026-04-02,24,-0.7356911165
85-HYPERLIQUID-xyzBRENTOIL-24APR2026,85,Hyperliquid,BRENTOIL,xyzBRENTOIL,2026-04-24,2026-04-03,24,0.3313538985
85-HYPERLIQUID-xyzBRENTOIL-24APR2026,85,Hyperliquid,BRENTOIL,xyzBRENTOIL,2026-04-24,2026-04-04,24,-0.014883495499999998
85-HYPERLIQUID-xyzBRENTOIL-24APR2026,85,Hyperliquid,BRENTOIL,xyzBRENTOIL,2026-04-24,2026-04-05,24,0.024570084500000002
85-HYPERLIQUID-xyzBRENTOIL-24APR2026,85,Hyperliquid,BRENTOIL,xyzBRENTOIL,2026-04-24,2026-04-06,24,-2.0279839825
85-HYPERLIQUID-xyzBRENTOIL-24APR2026,85,Hyperliquid,BRENTOIL,xyzBRENTOIL,2026-04-24,2026-04-07,24,-2.4993883445000002
85-HYPERLIQUID-xyzBRENTOIL-24APR2026,85,Hyperliquid,BRENTOIL,xyzBRENTOIL,2026-04-24,2026-04-08,24,-3.4887165010000003
85-HYPERLIQUID-xyzBRENTOIL-24APR2026,85,Hyperliquid,BRENTOIL,xyzBRENTOIL,2026-04-24,2026-04-09,24,-2.5977346745
85-HYPERLIQUID-xyzBRENTOIL-24APR2026,85,Hyperliquid,BRENTOIL,xyzBRENTOIL,2026-04-24,2026-04-10,24,-2.1707189479999998
85-HYPERLIQUID-xyzBRENTOIL-24APR2026,85,Hyperliquid,BRENTOIL,xyzBRENTOIL,2026-04-24,2026-04-11,24,-0.5507639759999999
85-HYPERLIQUID-xyzBRENTOIL-24APR2026,85,Hyperliquid,BRENTOIL,xyzBRENTOIL,2026-04-24,2026-04-12,24,2.445032654
85-HYPERLIQUID-xyzBRENTOIL-24APR2026,85,Hyperliquid,BRENTOIL,xyzBRENTOIL,2026-04-24,2026-04-13,24,-3.3351412545
85-HYPERLIQUID-xyzBRENTOIL-24APR2026,85,Hyperliquid,BRENTOIL,xyzBRENTOIL,2026-04-24,2026-04-14,24,-2.22250617
85-HYPERLIQUID-xyzBRENTOIL-24APR2026,85,Hyperliquid,BRENTOIL,xyzBRENTOIL,2026-04-24,2026-04-15,24,0.25594573800000003
85-HYPERLIQUID-xyzBRENTOIL-24APR2026,85,Hyperliquid,BRENTOIL,xyzBRENTOIL,2026-04-24,2026-04-16,24,0.08649737149999999
85-HYPERLIQUID-xyzBRENTOIL-24APR2026,85,Hyperliquid,BRENTOIL,xyzBRENTOIL,2026-04-24,2026-04-17,24,-0.0858061345
85-HYPERLIQUID-xyzBRENTOIL-24APR2026,85,Hyperliquid,BRENTOIL,xyzBRENTOIL,2026-04-24,2026-04-18,24,0.6194183590000001
85-HYPERLIQUID-xyzBRENTOIL-24APR2026,85,Hyperliquid,BRENTOIL,xyzBRENTOIL,2026-04-24,2026-04-19,24,0.7086776124999999
85-HYPERLIQUID-xyzBRENTOIL-24APR2026,85,Hyperliquid,BRENTOIL,xyzBRENTOIL,2026-04-24,2026-04-20,24,0.2678678425
85-HYPERLIQUID-xyzBRENTOIL-24APR2026,85,Hyperliquid,BRENTOIL,xyzBRENTOIL,2026-04-24,2026-04-21,24,0.061003143499999996
85-HYPERLIQUID-xyzBRENTOIL-24APR2026,85,Hyperliquid,BRENTOIL,xyzBRENTOIL,2026-04-24,2026-04-22,24,0.024907673
85-HYPERLIQUID-xyzBRENTOIL-24APR2026,85,Hyperliquid,BRENTOIL,xyzBRENTOIL,2026-04-24,2026-04-23,24,0.010656576499999995
85-HYPERLIQUID-xyzBRENTOIL-24APR2026,85,Hyperliquid,BRENTOIL,xyzBRENTOIL,2026-04-24,2026-04-24,1,0.05475
86-BINANCE-ETHUSDT-24APR2026,86,Binance,ETH,ETHUSDT,2026-04-24,2026-03-24,3,-0.0020439999999999994
86-BINANCE-ETHUSDT-24APR2026,86,Binance,ETH,ETHUSDT,2026-04-24,2026-03-25,3,-0.000368650000000001
86-BINANCE-ETHUSDT-24APR2026,86,Binance,ETH,ETHUSDT,2026-04-24,2026-03-26,3,-0.011110599999999998
86-BINANCE-ETHUSDT-24APR2026,86,Binance,ETH,ETHUSDT,2026-04-24,2026-03-27,3,-0.08568740000000001
86-BINANCE-ETHUSDT-24APR2026,86,Binance,ETH,ETHUSDT,2026-04-24,2026-03-28,3,-0.04757045000000001
86-BINANCE-ETHUSDT-24APR2026,86,Binance,ETH,ETHUSDT,2026-04-24,2026-03-29,3,-0.03124035
86-BINANCE-ETHUSDT-24APR2026,86,Binance,ETH,ETHUSDT,2026-04-24,2026-03-30,3,0.0098696
86-BINANCE-ETHUSDT-24APR2026,86,Binance,ETH,ETHUSDT,2026-04-24,2026-03-31,3,0.00380695
86-BINANCE-ETHUSDT-24APR2026,86,Binance,ETH,ETHUSDT,2026-04-24,2026-04-01,3,0.03267845
86-BINANCE-ETHUSDT-24APR2026,86,Binance,ETH,ETHUSDT,2026-04-24,2026-04-02,3,-0.10808015
86-BINANCE-ETHUSDT-24APR2026,86,Binance,ETH,ETHUSDT,2026-04-24,2026-04-03,3,-0.012077850000000001
86-BINANCE-ETHUSDT-24APR2026,86,Binance,ETH,ETHUSDT,2026-04-24,2026-04-04,3,0.020513
86-BINANCE-ETHUSDT-24APR2026,86,Binance,ETH,ETHUSDT,2026-04-24,2026-04-05,3,-0.004653750000000001
86-BINANCE-ETHUSDT-24APR2026,86,Binance,ETH,ETHUSDT,2026-04-24,2026-04-06,3,0.0386535
86-BINANCE-ETHUSDT-24APR2026,86,Binance,ETH,ETHUSDT,2026-04-24,2026-04-07,3,-0.02145105
86-BINANCE-ETHUSDT-24APR2026,86,Binance,ETH,ETHUSDT,2026-04-24,2026-04-08,3,0.08228925
86-BINANCE-ETHUSDT-24APR2026,86,Binance,ETH,ETHUSDT,2026-04-24,2026-04-09,3,0.0136656
86-BINANCE-ETHUSDT-24APR2026,86,Binance,ETH,ETHUSDT,2026-04-24,2026-04-10,3,0.003960249999999999
86-BINANCE-ETHUSDT-24APR2026,86,Binance,ETH,ETHUSDT,2026-04-24,2026-04-11,3,-0.0639553
86-BINANCE-ETHUSDT-24APR2026,86,Binance,ETH,ETHUSDT,2026-04-24,2026-04-12,3,-0.002854300000000004
86-BINANCE-ETHUSDT-24APR2026,86,Binance,ETH,ETHUSDT,2026-04-24,2026-04-13,3,0.0184544
86-BINANCE-ETHUSDT-24APR2026,86,Binance,ETH,ETHUSDT,2026-04-24,2026-04-14,3,0.0857385
86-BINANCE-ETHUSDT-24APR2026,86,Binance,ETH,ETHUSDT,2026-04-24,2026-04-15,3,0.013545149999999999
86-BINANCE-ETHUSDT-24APR2026,86,Binance,ETH,ETHUSDT,2026-04-24,2026-04-16,3,-0.0388725
86-BINANCE-ETHUSDT-24APR2026,86,Binance,ETH,ETHUSDT,2026-04-24,2026-04-17,3,0.012782299999999998
86-BINANCE-ETHUSDT-24APR2026,86,Binance,ETH,ETHUSDT,2026-04-24,2026-04-18,3,-0.0674009
86-BINANCE-ETHUSDT-24APR2026,86,Binance,ETH,ETHUSDT,2026-04-24,2026-04-19,3,-0.16348715
86-BINANCE-ETHUSDT-24APR2026,86,Binance,ETH,ETHUSDT,2026-04-24,2026-04-20,3,-0.005566249999999999
86-BINANCE-ETHUSDT-24APR2026,86,Binance,ETH,ETHUSDT,2026-04-24,2026-04-21,3,-0.0429897
86-BINANCE-ETHUSDT-24APR2026,86,Binance,ETH,ETHUSDT,2026-04-24,2026-04-22,3,0.057191849999999995
86-BINANCE-ETHUSDT-24APR2026,86,Binance,ETH,ETHUSDT,2026-04-24,2026-04-23,3,0.007267150000000001
86-BINANCE-ETHUSDT-24APR2026,86,Binance,ETH,ETHUSDT,2026-04-24,2026-04-24,1,-0.03991275
87-HYPERLIQUID-ETH-24APR2026,87,Hyperliquid,ETH,ETH,2026-04-24,2026-03-24,19,0.05768713578947369
87-HYPERLIQUID-ETH-24APR2026,87,Hyperliquid,ETH,ETH,2026-04-24,2026-03-25,24,0.0996768645
87-HYPERLIQUID-ETH-24APR2026,87,Hyperliquid,ETH,ETH,2026-04-24,2026-03-26,24,-0.013909347
87-HYPERLIQUID-ETH-24APR2026,87,Hyperliquid,ETH,ETH,2026-04-24,2026-03-27,24,-0.0409781485
87-HYPERLIQUID-ETH-24APR2026,87,Hyperliquid,ETH,ETH,2026-04-24,2026-03-28,24,0.06359139500000001
87-HYPERLIQUID-ETH-24APR2026,87,Hyperliquid,ETH,ETH,2026-04-24,2026-03-29,24,0.101642134
87-HYPERLIQUID-ETH-24APR2026,87,Hyperliquid,ETH,ETH,2026-04-24,2026-03-30,24,0.051628739
87-HYPERLIQUID-ETH-24APR2026,87,Hyperliquid,ETH,ETH,2026-04-24,2026-03-31,24,0.020868473499999998
87-HYPERLIQUID-ETH-24APR2026,87,Hyperliquid,ETH,ETH,2026-04-24,2026-04-01,24,-0.026005447
87-HYPERLIQUID-ETH-24APR2026,87,Hyperliquid,ETH,ETH,2026-04-24,2026-04-02,24,-0.0485745285
87-HYPERLIQUID-ETH-24APR2026,87,Hyperliquid,ETH,ETH,2026-04-24,2026-04-03,24,0.0019645029999999994
87-HYPERLIQUID-ETH-24APR2026,87,Hyperliquid,ETH,ETH,2026-04-24,2026-04-04,24,0.078988993
87-HYPERLIQUID-ETH-24APR2026,87,Hyperliquid,ETH,ETH,2026-04-24,2026-04-05,24,0.0327930235
87-HYPERLIQUID-ETH-24APR2026,87,Hyperliquid,ETH,ETH,2026-04-24,2026-04-06,24,0.063163542
87-HYPERLIQUID-ETH-24APR2026,87,Hyperliquid,ETH,ETH,2026-04-24,2026-04-07,24,0.058016385000000004
87-HYPERLIQUID-ETH-24APR2026,87,Hyperliquid,ETH,ETH,2026-04-24,2026-04-08,24,0.10594092150000001
87-HYPERLIQUID-ETH-24APR2026,87,Hyperliquid,ETH,ETH,2026-04-24,2026-04-09,24,0.058056753999999995
87-HYPERLIQUID-ETH-24APR2026,87,Hyperliquid,ETH,ETH,2026-04-24,2026-04-10,24,0.092530347
87-HYPERLIQUID-ETH-24APR2026,87,Hyperliquid,ETH,ETH,2026-04-24,2026-04-11,24,0.08192260750000001
87-HYPERLIQUID-ETH-24APR2026,87,Hyperliquid,ETH,ETH,2026-04-24,2026-04-12,24,0.0105980305
87-HYPERLIQUID-ETH-24APR2026,87,Hyperliquid,ETH,ETH,2026-04-24,2026-04-13,24,0.0544959965
87-HYPERLIQUID-ETH-24APR2026,87,Hyperliquid,ETH,ETH,2026-04-24,2026-04-14,24,-0.06987049
87-HYPERLIQUID-ETH-24APR2026,87,Hyperliquid,ETH,ETH,2026-04-24,2026-04-15,24,-0.1280719665
87-HYPERLIQUID-ETH-24APR2026,87,Hyperliquid,ETH,ETH,2026-04-24,2026-04-16,24,-0.1637651705
87-HYPERLIQUID-ETH-24APR2026,87,Hyperliquid,ETH,ETH,2026-04-24,2026-04-17,24,-0.10122442799999999
87-HYPERLIQUID-ETH-24APR2026,87,Hyperliquid,ETH,ETH,2026-04-24,2026-04-18,24,-0.148790425
87-HYPERLIQUID-ETH-24APR2026,87,Hyperliquid,ETH,ETH,2026-04-24,2026-04-19,24,-0.161669961
87-HYPERLIQUID-ETH-24APR2026,87,Hyperliquid,ETH,ETH,2026-04-24,2026-04-20,24,-0.013971835000000002
87-HYPERLIQUID-ETH-24APR2026,87,Hyperliquid,ETH,ETH,2026-04-24,2026-04-21,24,-0.044673006999999994
87-HYPERLIQUID-ETH-24APR2026,87,Hyperliquid,ETH,ETH,2026-04-24,2026-04-22,24,0.052652490999999996
87-HYPERLIQUID-ETH-24APR2026,87,Hyperliquid,ETH,ETH,2026-04-24,2026-04-23,24,-0.022797024
87-HYPERLIQUID-ETH-24APR2026,87,Hyperliquid,ETH,ETH,2026-04-24,2026-04-24,1,-0.023150052
88-OKX-ETHUSDT-24APR2026,88,OKX,ETH,ETHUSDT,2026-04-24,2026-03-24,3,0.03574918506250999
88-OKX-ETHUSDT-24APR2026,88,OKX,ETH,ETHUSDT,2026-04-24,2026-03-25,3,-0.037640603648339495
88-OKX-ETHUSDT-24APR2026,88,OKX,ETH,ETHUSDT,2026-04-24,2026-03-26,3,0.06638298320346199
88-OKX-ETHUSDT-24APR2026,88,OKX,ETH,ETHUSDT,2026-04-24,2026-03-27,3,-0.0544411864325705
88-OKX-ETHUSDT-24APR2026,88,OKX,ETH,ETHUSDT,2026-04-24,2026-03-28,3,-0.052413488986349004
88-OKX-ETHUSDT-24APR2026,88,OKX,ETH,ETHUSDT,2026-04-24,2026-03-29,3,0.017236611150007002
88-OKX-ETHUSDT-24APR2026,88,OKX,ETH,ETHUSDT,2026-04-24,2026-03-30,3,-0.028854166461418
88-OKX-ETHUSDT-24APR2026,88,OKX,ETH,ETHUSDT,2026-04-24,2026-03-31,3,0.0452917700821285
88-OKX-ETHUSDT-24APR2026,88,OKX,ETH,ETHUSDT,2026-04-24,2026-04-01,3,0.0246160353679485
88-OKX-ETHUSDT-24APR2026,88,OKX,ETH,ETHUSDT,2026-04-24,2026-04-02,3,0.0015144285092409976
88-OKX-ETHUSDT-24APR2026,88,OKX,ETH,ETHUSDT,2026-04-24,2026-04-03,3,-0.002606855521895
88-OKX-ETHUSDT-24APR2026,88,OKX,ETH,ETHUSDT,2026-04-24,2026-04-04,3,0.06468194736086451
88-OKX-ETHUSDT-24APR2026,88,OKX,ETH,ETHUSDT,2026-04-24,2026-04-05,3,0.0330418929171905
88-OKX-ETHUSDT-24APR2026,88,OKX,ETH,ETHUSDT,2026-04-24,2026-04-06,3,-0.0081607857606625
88-OKX-ETHUSDT-24APR2026,88,OKX,ETH,ETHUSDT,2026-04-24,2026-04-07,3,0.003960987133377498
88-OKX-ETHUSDT-24APR2026,88,OKX,ETH,ETHUSDT,2026-04-24,2026-04-08,3,0.08257174345776201
88-OKX-ETHUSDT-24APR2026,88,OKX,ETH,ETHUSDT,2026-04-24,2026-04-09,3,0.058755988184529005
88-OKX-ETHUSDT-24APR2026,88,OKX,ETH,ETHUSDT,2026-04-24,2026-04-10,3,0.06894235111634099
88-OKX-ETHUSDT-24APR2026,88,OKX,ETH,ETHUSDT,2026-04-24,2026-04-11,3,-0.010883060717106005
88-OKX-ETHUSDT-24APR2026,88,OKX,ETH,ETHUSDT,2026-04-24,2026-04-12,3,0.06407595823038299
88-OKX-ETHUSDT-24APR2026,88,OKX,ETH,ETHUSDT,2026-04-24,2026-04-13,3,0.0186327629176835
88-OKX-ETHUSDT-24APR2026,88,OKX,ETH,ETHUSDT,2026-04-24,2026-04-14,3,0.068696976623827
88-OKX-ETHUSDT-24APR2026,88,OKX,ETH,ETHUSDT,2026-04-24,2026-04-15,3,0.012883542601167502
88-OKX-ETHUSDT-24APR2026,88,OKX,ETH,ETHUSDT,2026-04-24,2026-04-16,3,-0.0382459485426155
88-OKX-ETHUSDT-24APR2026,88,OKX,ETH,ETHUSDT,2026-04-24,2026-04-17,3,-0.006352268047412502
88-OKX-ETHUSDT-24APR2026,88,OKX,ETH,ETHUSDT,2026-04-24,2026-04-18,3,0.0675216069059435
88-OKX-ETHUSDT-24APR2026,88,OKX,ETH,ETHUSDT,2026-04-24,2026-04-19,3,-0.0993733844149165
88-OKX-ETHUSDT-24APR2026,88,OKX,ETH,ETHUSDT,2026-04-24,2026-04-20,3,0.012258614667907501
88-OKX-ETHUSDT-24APR2026,88,OKX,ETH,ETHUSDT,2026-04-24,2026-04-21,3,-0.041557545606143505
88-OKX-ETHUSDT-24APR2026,88,OKX,ETH,ETHUSDT,2026-04-24,2026-04-22,3,0.006997875127176002
88-OKX-ETHUSDT-24APR2026,88,OKX,ETH,ETHUSDT,2026-04-24,2026-04-23,3,-0.031893704774455495
88-OKX-ETHUSDT-24APR2026,88,OKX,ETH,ETHUSDT,2026-04-24,2026-04-24,1,-0.036736206091167
89-BINANCE-BTCUSDT-24APR2026,89,Binance,BTC,BTCUSDT,2026-04-24,2026-03-24,3,0.02456815
89-BINANCE-BTCUSDT-24APR2026,89,Binance,BTC,BTCUSDT,2026-04-24,2026-03-25,3,0.029583250000000002
89-BINANCE-BTCUSDT-24APR2026,89,Binance,BTC,BTCUSDT,2026-04-24,2026-03-26,3,0.0062926
89-BINANCE-BTCUSDT-24APR2026,89,Binance,BTC,BTCUSDT,2026-04-24,2026-03-27,3,-0.0336311
89-BINANCE-BTCUSDT-24APR2026,89,Binance,BTC,BTCUSDT,2026-04-24,2026-03-28,3,-0.05790725
89-BINANCE-BTCUSDT-24APR2026,89,Binance,BTC,BTCUSDT,2026-04-24,2026-03-29,3,-0.0037047499999999997
89-BINANCE-BTCUSDT-24APR2026,89,Binance,BTC,BTCUSDT,2026-04-24,2026-03-30,3,0.005657499999999999
89-BINANCE-BTCUSDT-24APR2026,89,Binance,BTC,BTCUSDT,2026-04-24,2026-03-31,3,-0.0166732
89-BINANCE-BTCUSDT-24APR2026,89,Binance,BTC,BTCUSDT,2026-04-24,2026-04-01,3,-0.012165450000000001
89-BINANCE-BTCUSDT-24APR2026,89,Binance,BTC,BTCUSDT,2026-04-24,2026-04-02,3,-0.011066800000000002
89-BINANCE-BTCUSDT-24APR2026,89,Binance,BTC,BTCUSDT,2026-04-24,2026-04-03,3,-0.00393835
89-BINANCE-BTCUSDT-24APR2026,89,Binance,BTC,BTCUSDT,2026-04-24,2026-04-04,3,0.03477355
89-BINANCE-BTCUSDT-24APR2026,89,Binance,BTC,BTCUSDT,2026-04-24,2026-04-05,3,0.029594199999999998
89-BINANCE-BTCUSDT-24APR2026,89,Binance,BTC,BTCUSDT,2026-04-24,2026-04-06,3,0.047596
89-BINANCE-BTCUSDT-24APR2026,89,Binance,BTC,BTCUSDT,2026-04-24,2026-04-07,3,0.03935065
89-BINANCE-BTCUSDT-24APR2026,89,Binance,BTC,BTCUSDT,2026-04-24,2026-04-08,3,0.04245315
89-BINANCE-BTCUSDT-24APR2026,89,Binance,BTC,BTCUSDT,2026-04-24,2026-04-09,3,0.011336900000000002
89-BINANCE-BTCUSDT-24APR2026,89,Binance,BTC,BTCUSDT,2026-04-24,2026-04-10,3,0.0024893
89-BINANCE-BTCUSDT-24APR2026,89,Binance,BTC,BTCUSDT,2026-04-24,2026-04-11,3,-0.07322995
89-BINANCE-BTCUSDT-24APR2026,89,Binance,BTC,BTCUSDT,2026-04-24,2026-04-12,3,-0.044285450000000004
89-BINANCE-BTCUSDT-24APR2026,89,Binance,BTC,BTCUSDT,2026-04-24,2026-04-13,3,-0.0212649
89-BINANCE-BTCUSDT-24APR2026,89,Binance,BTC,BTCUSDT,2026-04-24,2026-04-14,3,-0.0304994
89-BINANCE-BTCUSDT-24APR2026,89,Binance,BTC,BTCUSDT,2026-04-24,2026-04-15,3,-0.07865385
89-BINANCE-BTCUSDT-24APR2026,89,Binance,BTC,BTCUSDT,2026-04-24,2026-04-16,3,-0.0309666
89-BINANCE-BTCUSDT-24APR2026,89,Binance,BTC,BTCUSDT,2026-04-24,2026-04-17,3,-0.01719515
89-BINANCE-BTCUSDT-24APR2026,89,Binance,BTC,BTCUSDT,2026-04-24,2026-04-18,3,-0.0721459
89-BINANCE-BTCUSDT-24APR2026,89,Binance,BTC,BTCUSDT,2026-04-24,2026-04-19,3,-0.1017985
89-BINANCE-BTCUSDT-24APR2026,89,Binance,BTC,BTCUSDT,2026-04-24,2026-04-20,3,-0.0443037
89-BINANCE-BTCUSDT-24APR2026,89,Binance,BTC,BTCUSDT,2026-04-24,2026-04-21,3,-0.06571095
89-BINANCE-BTCUSDT-24APR2026,89,Binance,BTC,BTCUSDT,2026-04-24,2026-04-22,3,0.0020951000000000008
89-BINANCE-BTCUSDT-24APR2026,89,Binance,BTC,BTCUSDT,2026-04-24,2026-04-23,3,-0.06613435
89-BINANCE-BTCUSDT-24APR2026,89,Binance,BTC,BTCUSDT,2026-04-24,2026-04-24,1,-0.04192755
9-BINANCE-ETHUSDT-31OCT2025,9,Binance,ETH,ETHUSDT,2025-10-31,2025-09-16,3,0.02395495
9-BINANCE-ETHUSDT-31OCT2025,9,Binance,ETH,ETHUSDT,2025-10-31,2025-09-17,3,0.04446795
9-BINANCE-ETHUSDT-31OCT2025,9,Binance,ETH,ETHUSDT,2025-10-31,2025-09-18,3,0.04165745
9-BINANCE-ETHUSDT-31OCT2025,9,Binance,ETH,ETHUSDT,2025-10-31,2025-09-19,3,0.0018870499999999988
9-BINANCE-ETHUSDT-31OCT2025,9,Binance,ETH,ETHUSDT,2025-10-31,2025-09-20,3,-0.0028251
9-BINANCE-ETHUSDT-31OCT2025,9,Binance,ETH,ETHUSDT,2025-10-31,2025-09-21,3,0.02005675
9-BINANCE-ETHUSDT-31OCT2025,9,Binance,ETH,ETHUSDT,2025-10-31,2025-09-22,3,-0.007522650000000001
9-BINANCE-ETHUSDT-31OCT2025,9,Binance,ETH,ETHUSDT,2025-10-31,2025-09-23,3,0.0117238
9-BINANCE-ETHUSDT-31OCT2025,9,Binance,ETH,ETHUSDT,2025-10-31,2025-09-24,3,-0.0070225999999999995
9-BINANCE-ETHUSDT-31OCT2025,9,Binance,ETH,ETHUSDT,2025-10-31,2025-09-25,3,-0.024498799999999998
9-BINANCE-ETHUSDT-31OCT2025,9,Binance,ETH,ETHUSDT,2025-10-31,2025-09-26,3,0.06187845
9-BINANCE-ETHUSDT-31OCT2025,9,Binance,ETH,ETHUSDT,2025-10-31,2025-09-27,3,0.04664335
9-BINANCE-ETHUSDT-31OCT2025,9,Binance,ETH,ETHUSDT,2025-10-31,2025-09-28,3,0.0744746
9-BINANCE-ETHUSDT-31OCT2025,9,Binance,ETH,ETHUSDT,2025-10-31,2025-09-29,3,0.0141036
9-BINANCE-ETHUSDT-31OCT2025,9,Binance,ETH,ETHUSDT,2025-10-31,2025-09-30,3,0.00029564999999999973
9-BINANCE-ETHUSDT-31OCT2025,9,Binance,ETH,ETHUSDT,2025-10-31,2025-10-01,3,0.0009234500000000005
9-BINANCE-ETHUSDT-31OCT2025,9,Binance,ETH,ETHUSDT,2025-10-31,2025-10-02,3,0.03012345
9-BINANCE-ETHUSDT-31OCT2025,9,Binance,ETH,ETHUSDT,2025-10-31,2025-10-03,3,0.0541587
9-BINANCE-ETHUSDT-31OCT2025,9,Binance,ETH,ETHUSDT,2025-10-31,2025-10-04,3,0.04049675
9-BINANCE-ETHUSDT-31OCT2025,9,Binance,ETH,ETHUSDT,2025-10-31,2025-10-05,3,0.09296185
9-BINANCE-ETHUSDT-31OCT2025,9,Binance,ETH,ETHUSDT,2025-10-31,2025-10-06,3,0.10181309999999999
9-BINANCE-ETHUSDT-31OCT2025,9,Binance,ETH,ETHUSDT,2025-10-31,2025-10-07,3,0.1095
9-BINANCE-ETHUSDT-31OCT2025,9,Binance,ETH,ETHUSDT,2025-10-31,2025-10-08,3,0.03121845
9-BINANCE-ETHUSDT-31OCT2025,9,Binance,ETH,ETHUSDT,2025-10-31,2025-10-09,3,0.03335735
9-BINANCE-ETHUSDT-31OCT2025,9,Binance,ETH,ETHUSDT,2025-10-31,2025-10-10,3,-0.0002591499999999985
9-BINANCE-ETHUSDT-31OCT2025,9,Binance,ETH,ETHUSDT,2025-10-31,2025-10-11,3,-0.011924549999999997
9-BINANCE-ETHUSDT-31OCT2025,9,Binance,ETH,ETHUSDT,2025-10-31,2025-10-12,3,-0.03901485
9-BINANCE-ETHUSDT-31OCT2025,9,Binance,ETH,ETHUSDT,2025-10-31,2025-10-13,3,0.0287109
9-BINANCE-ETHUSDT-31OCT2025,9,Binance,ETH,ETHUSDT,2025-10-31,2025-10-14,3,0.03156155
9-BINANCE-ETHUSDT-31OCT2025,9,Binance,ETH,ETHUSDT,2025-10-31,2025-10-15,3,0.029849700000000003
9-BINANCE-ETHUSDT-31OCT2025,9,Binance,ETH,ETHUSDT,2025-10-31,2025-10-16,3,0.0032266
9-BINANCE-ETHUSDT-31OCT2025,9,Binance,ETH,ETHUSDT,2025-10-31,2025-10-17,3,0.04360655
9-BINANCE-ETHUSDT-31OCT2025,9,Binance,ETH,ETHUSDT,2025-10-31,2025-10-18,3,0.03291935
9-BINANCE-ETHUSDT-31OCT2025,9,Binance,ETH,ETHUSDT,2025-10-31,2025-10-19,3,0.0432671
9-BINANCE-ETHUSDT-31OCT2025,9,Binance,ETH,ETHUSDT,2025-10-31,2025-10-20,3,0.050709449999999996
9-BINANCE-ETHUSDT-31OCT2025,9,Binance,ETH,ETHUSDT,2025-10-31,2025-10-21,3,0.04124865
9-BINANCE-ETHUSDT-31OCT2025,9,Binance,ETH,ETHUSDT,2025-10-31,2025-10-22,3,0.00763945
9-BINANCE-ETHUSDT-31OCT2025,9,Binance,ETH,ETHUSDT,2025-10-31,2025-10-23,3,0.03608755
9-BINANCE-ETHUSDT-31OCT2025,9,Binance,ETH,ETHUSDT,2025-10-31,2025-10-24,3,0.048837
9-BINANCE-ETHUSDT-31OCT2025,9,Binance,ETH,ETHUSDT,2025-10-31,2025-10-25,3,0.03372965
9-BINANCE-ETHUSDT-31OCT2025,9,Binance,ETH,ETHUSDT,2025-10-31,2025-10-26,3,0.08058835
9-BINANCE-ETHUSDT-31OCT2025,9,Binance,ETH,ETHUSDT,2025-10-31,2025-10-27,3,0.10156855
9-BINANCE-ETHUSDT-31OCT2025,9,Binance,ETH,ETHUSDT,2025-10-31,2025-10-28,3,0.03776655
9-BINANCE-ETHUSDT-31OCT2025,9,Binance,ETH,ETHUSDT,2025-10-31,2025-10-29,3,-0.008219800000000001
9-BINANCE-ETHUSDT-31OCT2025,9,Binance,ETH,ETHUSDT,2025-10-31,2025-10-30,3,-0.043894899999999994
9-BINANCE-ETHUSDT-31OCT2025,9,Binance,ETH,ETHUSDT,2025-10-31,2025-10-31,1,0.03524805
90-HYPERLIQUID-BTC-24APR2026,90,Hyperliquid,BTC,BTC,2026-04-24,2026-03-24,19,0.06380014042105263
90-HYPERLIQUID-BTC-24APR2026,90,Hyperliquid,BTC,BTC,2026-04-24,2026-03-25,24,0.09647092350000001
90-HYPERLIQUID-BTC-24APR2026,90,Hyperliquid,BTC,BTC,2026-04-24,2026-03-26,24,0.056872256
90-HYPERLIQUID-BTC-24APR2026,90,Hyperliquid,BTC,BTC,2026-04-24,2026-03-27,24,0.0887500055
90-HYPERLIQUID-BTC-24APR2026,90,Hyperliquid,BTC,BTC,2026-04-24,2026-03-28,24,0.1062262055
90-HYPERLIQUID-BTC-24APR2026,90,Hyperliquid,BTC,BTC,2026-04-24,2026-03-29,24,0.073072343
90-HYPERLIQUID-BTC-24APR2026,90,Hyperliquid,BTC,BTC,2026-04-24,2026-03-30,24,-0.0433342235
90-HYPERLIQUID-BTC-24APR2026,90,Hyperliquid,BTC,BTC,2026-04-24,2026-03-31,24,-0.0479624235
90-HYPERLIQUID-BTC-24APR2026,90,Hyperliquid,BTC,BTC,2026-04-24,2026-04-01,24,-0.0399765885
90-HYPERLIQUID-BTC-24APR2026,90,Hyperliquid,BTC,BTC,2026-04-24,2026-04-02,24,-0.1157229215
90-HYPERLIQUID-BTC-24APR2026,90,Hyperliquid,BTC,BTC,2026-04-24,2026-04-03,24,-0.012161289
90-HYPERLIQUID-BTC-24APR2026,90,Hyperliquid,BTC,BTC,2026-04-24,2026-04-04,24,-0.07185981300000001
90-HYPERLIQUID-BTC-24APR2026,90,Hyperliquid,BTC,BTC,2026-04-24,2026-04-05,24,-0.150565128
90-HYPERLIQUID-BTC-24APR2026,90,Hyperliquid,BTC,BTC,2026-04-24,2026-04-06,24,-0.005972860000000001
90-HYPERLIQUID-BTC-24APR2026,90,Hyperliquid,BTC,BTC,2026-04-24,2026-04-07,24,0.027819278
90-HYPERLIQUID-BTC-24APR2026,90,Hyperliquid,BTC,BTC,2026-04-24,2026-04-08,24,0.0885587455
90-HYPERLIQUID-BTC-24APR2026,90,Hyperliquid,BTC,BTC,2026-04-24,2026-04-09,24,0.0238126
90-HYPERLIQUID-BTC-24APR2026,90,Hyperliquid,BTC,BTC,2026-04-24,2026-04-10,24,0.07599781800000001
90-HYPERLIQUID-BTC-24APR2026,90,Hyperliquid,BTC,BTC,2026-04-24,2026-04-11,24,0.0987833445
90-HYPERLIQUID-BTC-24APR2026,90,Hyperliquid,BTC,BTC,2026-04-24,2026-04-12,24,0.022568899
90-HYPERLIQUID-BTC-24APR2026,90,Hyperliquid,BTC,BTC,2026-04-24,2026-04-13,24,0.008683495999999999
90-HYPERLIQUID-BTC-24APR2026,90,Hyperliquid,BTC,BTC,2026-04-24,2026-04-14,24,-0.0694704865
90-HYPERLIQUID-BTC-24APR2026,90,Hyperliquid,BTC,BTC,2026-04-24,2026-04-15,24,-0.070199355
90-HYPERLIQUID-BTC-24APR2026,90,Hyperliquid,BTC,BTC,2026-04-24,2026-04-16,24,-0.0129829405
90-HYPERLIQUID-BTC-24APR2026,90,Hyperliquid,BTC,BTC,2026-04-24,2026-04-17,24,-0.046287548000000005
90-HYPERLIQUID-BTC-24APR2026,90,Hyperliquid,BTC,BTC,2026-04-24,2026-04-18,24,-0.08942792
90-HYPERLIQUID-BTC-24APR2026,90,Hyperliquid,BTC,BTC,2026-04-24,2026-04-19,24,-0.054228122999999996
90-HYPERLIQUID-BTC-24APR2026,90,Hyperliquid,BTC,BTC,2026-04-24,2026-04-20,24,6.27435000000001e-05
90-HYPERLIQUID-BTC-24APR2026,90,Hyperliquid,BTC,BTC,2026-04-24,2026-04-21,24,-0.0075186715
90-HYPERLIQUID-BTC-24APR2026,90,Hyperliquid,BTC,BTC,2026-04-24,2026-04-22,24,-0.04601117
90-HYPERLIQUID-BTC-24APR2026,90,Hyperliquid,BTC,BTC,2026-04-24,2026-04-23,24,0.046871256
90-HYPERLIQUID-BTC-24APR2026,90,Hyperliquid,BTC,BTC,2026-04-24,2026-04-24,1,0.1095
91-HYPERLIQUID-BTC-24APR2026,91,Hyperliquid,BTC,BTC,2026-04-24,2026-03-24,19,0.06380014042105263
91-HYPERLIQUID-BTC-24APR2026,91,Hyperliquid,BTC,BTC,2026-04-24,2026-03-25,24,0.09647092350000001
91-HYPERLIQUID-BTC-24APR2026,91,Hyperliquid,BTC,BTC,2026-04-24,2026-03-26,24,0.056872256
91-HYPERLIQUID-BTC-24APR2026,91,Hyperliquid,BTC,BTC,2026-04-24,2026-03-27,24,0.0887500055
91-HYPERLIQUID-BTC-24APR2026,91,Hyperliquid,BTC,BTC,2026-04-24,2026-03-28,24,0.1062262055
91-HYPERLIQUID-BTC-24APR2026,91,Hyperliquid,BTC,BTC,2026-04-24,2026-03-29,24,0.073072343
91-HYPERLIQUID-BTC-24APR2026,91,Hyperliquid,BTC,BTC,2026-04-24,2026-03-30,24,-0.0433342235
91-HYPERLIQUID-BTC-24APR2026,91,Hyperliquid,BTC,BTC,2026-04-24,2026-03-31,24,-0.0479624235
91-HYPERLIQUID-BTC-24APR2026,91,Hyperliquid,BTC,BTC,2026-04-24,2026-04-01,24,-0.0399765885
91-HYPERLIQUID-BTC-24APR2026,91,Hyperliquid,BTC,BTC,2026-04-24,2026-04-02,24,-0.1157229215
91-HYPERLIQUID-BTC-24APR2026,91,Hyperliquid,BTC,BTC,2026-04-24,2026-04-03,24,-0.012161289
91-HYPERLIQUID-BTC-24APR2026,91,Hyperliquid,BTC,BTC,2026-04-24,2026-04-04,24,-0.07185981300000001
91-HYPERLIQUID-BTC-24APR2026,91,Hyperliquid,BTC,BTC,2026-04-24,2026-04-05,24,-0.150565128
91-HYPERLIQUID-BTC-24APR2026,91,Hyperliquid,BTC,BTC,2026-04-24,2026-04-06,24,-0.005972860000000001
91-HYPERLIQUID-BTC-24APR2026,91,Hyperliquid,BTC,BTC,2026-04-24,2026-04-07,24,0.027819278
91-HYPERLIQUID-BTC-24APR2026,91,Hyperliquid,BTC,BTC,2026-04-24,2026-04-08,24,0.0885587455
91-HYPERLIQUID-BTC-24APR2026,91,Hyperliquid,BTC,BTC,2026-04-24,2026-04-09,24,0.0238126
91-HYPERLIQUID-BTC-24APR2026,91,Hyperliquid,BTC,BTC,2026-04-24,2026-04-10,24,0.07599781800000001
91-HYPERLIQUID-BTC-24APR2026,91,Hyperliquid,BTC,BTC,2026-04-24,2026-04-11,24,0.0987833445
91-HYPERLIQUID-BTC-24APR2026,91,Hyperliquid,BTC,BTC,2026-04-24,2026-04-12,24,0.022568899
91-HYPERLIQUID-BTC-24APR2026,91,Hyperliquid,BTC,BTC,2026-04-24,2026-04-13,24,0.008683495999999999
91-HYPERLIQUID-BTC-24APR2026,91,Hyperliquid,BTC,BTC,2026-04-24,2026-04-14,24,-0.0694704865
91-HYPERLIQUID-BTC-24APR2026,91,Hyperliquid,BTC,BTC,2026-04-24,2026-04-15,24,-0.070199355
91-HYPERLIQUID-BTC-24APR2026,91,Hyperliquid,BTC,BTC,2026-04-24,2026-04-16,24,-0.0129829405
91-HYPERLIQUID-BTC-24APR2026,91,Hyperliquid,BTC,BTC,2026-04-24,2026-04-17,24,-0.046287548000000005
91-HYPERLIQUID-BTC-24APR2026,91,Hyperliquid,BTC,BTC,2026-04-24,2026-04-18,24,-0.08942792
91-HYPERLIQUID-BTC-24APR2026,91,Hyperliquid,BTC,BTC,2026-04-24,2026-04-19,24,-0.054228122999999996
91-HYPERLIQUID-BTC-24APR2026,91,Hyperliquid,BTC,BTC,2026-04-24,2026-04-20,24,6.27435000000001e-05
91-HYPERLIQUID-BTC-24APR2026,91,Hyperliquid,BTC,BTC,2026-04-24,2026-04-21,24,-0.0075186715
91-HYPERLIQUID-BTC-24APR2026,91,Hyperliquid,BTC,BTC,2026-04-24,2026-04-22,24,-0.04601117
91-HYPERLIQUID-BTC-24APR2026,91,Hyperliquid,BTC,BTC,2026-04-24,2026-04-23,24,0.046871256
91-HYPERLIQUID-BTC-24APR2026,91,Hyperliquid,BTC,BTC,2026-04-24,2026-04-24,1,0.1095
92-OKX-BTCUSDT-24APR2026,92,OKX,BTC,BTCUSDT,2026-04-24,2026-03-24,3,0.0509640543084325
92-OKX-BTCUSDT-24APR2026,92,OKX,BTC,BTCUSDT,2026-04-24,2026-03-25,3,0.0273109478792605
92-OKX-BTCUSDT-24APR2026,92,OKX,BTC,BTCUSDT,2026-04-24,2026-03-26,3,0.0766219152276065
92-OKX-BTCUSDT-24APR2026,92,OKX,BTC,BTCUSDT,2026-04-24,2026-03-27,3,0.0358485430737045
92-OKX-BTCUSDT-24APR2026,92,OKX,BTC,BTCUSDT,2026-04-24,2026-03-28,3,-0.004468194362569001
92-OKX-BTCUSDT-24APR2026,92,OKX,BTC,BTCUSDT,2026-04-24,2026-03-29,3,-0.003600808580401
92-OKX-BTCUSDT-24APR2026,92,OKX,BTC,BTCUSDT,2026-04-24,2026-03-30,3,0.0409749378691515
92-OKX-BTCUSDT-24APR2026,92,OKX,BTC,BTCUSDT,2026-04-24,2026-03-31,3,0.04901757916983399
92-OKX-BTCUSDT-24APR2026,92,OKX,BTC,BTCUSDT,2026-04-24,2026-04-01,3,0.05626245259889601
92-OKX-BTCUSDT-24APR2026,92,OKX,BTC,BTCUSDT,2026-04-24,2026-04-02,3,-0.019837897582348
92-OKX-BTCUSDT-24APR2026,92,OKX,BTC,BTCUSDT,2026-04-24,2026-04-03,3,0.023552238066118
92-OKX-BTCUSDT-24APR2026,92,OKX,BTC,BTCUSDT,2026-04-24,2026-04-04,3,0.007813609604438
92-OKX-BTCUSDT-24APR2026,92,OKX,BTC,BTCUSDT,2026-04-24,2026-04-05,3,0.011158026499036999
92-OKX-BTCUSDT-24APR2026,92,OKX,BTC,BTCUSDT,2026-04-24,2026-04-06,3,0.0737856016275265
92-OKX-BTCUSDT-24APR2026,92,OKX,BTC,BTCUSDT,2026-04-24,2026-04-07,3,0.021876213029789
92-OKX-BTCUSDT-24APR2026,92,OKX,BTC,BTCUSDT,2026-04-24,2026-04-08,3,0.1017888034935485
92-OKX-BTCUSDT-24APR2026,92,OKX,BTC,BTCUSDT,2026-04-24,2026-04-09,3,0.0693271524101045
92-OKX-BTCUSDT-24APR2026,92,OKX,BTC,BTCUSDT,2026-04-24,2026-04-10,3,0.022740954924894002
92-OKX-BTCUSDT-24APR2026,92,OKX,BTC,BTCUSDT,2026-04-24,2026-04-11,3,0.036901771446119995
92-OKX-BTCUSDT-24APR2026,92,OKX,BTC,BTCUSDT,2026-04-24,2026-04-12,3,0.0322758170420805
92-OKX-BTCUSDT-24APR2026,92,OKX,BTC,BTCUSDT,2026-04-24,2026-04-13,3,0.0256174061093165
92-OKX-BTCUSDT-24APR2026,92,OKX,BTC,BTCUSDT,2026-04-24,2026-04-14,3,0.0391172143513605
92-OKX-BTCUSDT-24APR2026,92,OKX,BTC,BTCUSDT,2026-04-24,2026-04-15,3,-0.06627529351849
92-OKX-BTCUSDT-24APR2026,92,OKX,BTC,BTCUSDT,2026-04-24,2026-04-16,3,-0.034927898793810495
92-OKX-BTCUSDT-24APR2026,92,OKX,BTC,BTCUSDT,2026-04-24,2026-04-17,3,-0.029968081624935
92-OKX-BTCUSDT-24APR2026,92,OKX,BTC,BTCUSDT,2026-04-24,2026-04-18,3,-0.0040936577285629995
92-OKX-BTCUSDT-24APR2026,92,OKX,BTC,BTCUSDT,2026-04-24,2026-04-19,3,-0.050613304643579
92-OKX-BTCUSDT-24APR2026,92,OKX,BTC,BTCUSDT,2026-04-24,2026-04-20,3,0.003969869991318999
92-OKX-BTCUSDT-24APR2026,92,OKX,BTC,BTCUSDT,2026-04-24,2026-04-21,3,0.0017671054337865012
92-OKX-BTCUSDT-24APR2026,92,OKX,BTC,BTCUSDT,2026-04-24,2026-04-22,3,-0.009517177812619
92-OKX-BTCUSDT-24APR2026,92,OKX,BTC,BTCUSDT,2026-04-24,2026-04-23,3,-0.0542225417576615
92-OKX-BTCUSDT-24APR2026,92,OKX,BTC,BTCUSDT,2026-04-24,2026-04-24,1,-0.052096641413373
93-BINANCE-XAUUSDT-24APR2026,93,Binance,XAU,XAUUSDT,2026-04-24,2026-03-24,5,0.026639160000000002
93-BINANCE-XAUUSDT-24APR2026,93,Binance,XAU,XAUUSDT,2026-04-24,2026-03-25,6,0.03472975
93-BINANCE-XAUUSDT-24APR2026,93,Binance,XAU,XAUUSDT,2026-04-24,2026-03-26,6,0.005927600000000001
93-BINANCE-XAUUSDT-24APR2026,93,Binance,XAU,XAUUSDT,2026-04-24,2026-03-27,6,0.08939579999999998
93-BINANCE-XAUUSDT-24APR2026,93,Binance,XAU,XAUUSDT,2026-04-24,2026-03-28,6,0.28924425000000004
93-BINANCE-XAUUSDT-24APR2026,93,Binance,XAU,XAUUSDT,2026-04-24,2026-03-29,6,0.84619045
93-BINANCE-XAUUSDT-24APR2026,93,Binance,XAU,XAUUSDT,2026-04-24,2026-03-30,6,0.09542925000000001
93-BINANCE-XAUUSDT-24APR2026,93,Binance,XAU,XAUUSDT,2026-04-24,2026-03-31,6,0.0
93-BINANCE-XAUUSDT-24APR2026,93,Binance,XAU,XAUUSDT,2026-04-24,2026-04-01,6,-0.18394904999999998
93-BINANCE-XAUUSDT-24APR2026,93,Binance,XAU,XAUUSDT,2026-04-24,2026-04-02,6,-0.19542465
93-BINANCE-XAUUSDT-24APR2026,93,Binance,XAU,XAUUSDT,2026-04-24,2026-04-03,6,-0.34192835000000005
93-BINANCE-XAUUSDT-24APR2026,93,Binance,XAU,XAUUSDT,2026-04-24,2026-04-04,6,-0.3238572
93-BINANCE-XAUUSDT-24APR2026,93,Binance,XAU,XAUUSDT,2026-04-24,2026-04-05,6,-1.84397635
93-BINANCE-XAUUSDT-24APR2026,93,Binance,XAU,XAUUSDT,2026-04-24,2026-04-06,6,-0.18477029999999997
93-BINANCE-XAUUSDT-24APR2026,93,Binance,XAU,XAUUSDT,2026-04-24,2026-04-07,6,0.0
93-BINANCE-XAUUSDT-24APR2026,93,Binance,XAU,XAUUSDT,2026-04-24,2026-04-08,6,-0.02578725
93-BINANCE-XAUUSDT-24APR2026,93,Binance,XAU,XAUUSDT,2026-04-24,2026-04-09,6,-0.0009563000000000001
93-BINANCE-XAUUSDT-24APR2026,93,Binance,XAU,XAUUSDT,2026-04-24,2026-04-10,6,0.0
93-BINANCE-XAUUSDT-24APR2026,93,Binance,XAU,XAUUSDT,2026-04-24,2026-04-11,6,0.0
93-BINANCE-XAUUSDT-24APR2026,93,Binance,XAU,XAUUSDT,2026-04-24,2026-04-12,6,-1.6052480999999998
93-BINANCE-XAUUSDT-24APR2026,93,Binance,XAU,XAUUSDT,2026-04-24,2026-04-13,6,-0.1243847
93-BINANCE-XAUUSDT-24APR2026,93,Binance,XAU,XAUUSDT,2026-04-24,2026-04-14,6,0.0
93-BINANCE-XAUUSDT-24APR2026,93,Binance,XAU,XAUUSDT,2026-04-24,2026-04-15,6,-0.0283021
93-BINANCE-XAUUSDT-24APR2026,93,Binance,XAU,XAUUSDT,2026-04-24,2026-04-16,6,0.0
93-BINANCE-XAUUSDT-24APR2026,93,Binance,XAU,XAUUSDT,2026-04-24,2026-04-17,6,0.0
93-BINANCE-XAUUSDT-24APR2026,93,Binance,XAU,XAUUSDT,2026-04-24,2026-04-18,6,-0.48324174999999997
93-BINANCE-XAUUSDT-24APR2026,93,Binance,XAU,XAUUSDT,2026-04-24,2026-04-19,6,-2.1024146
93-BINANCE-XAUUSDT-24APR2026,93,Binance,XAU,XAUUSDT,2026-04-24,2026-04-20,6,-0.17485689999999998
93-BINANCE-XAUUSDT-24APR2026,93,Binance,XAU,XAUUSDT,2026-04-24,2026-04-21,6,0.0353393
93-BINANCE-XAUUSDT-24APR2026,93,Binance,XAU,XAUUSDT,2026-04-24,2026-04-22,6,0.061192250000000004
93-BINANCE-XAUUSDT-24APR2026,93,Binance,XAU,XAUUSDT,2026-04-24,2026-04-23,6,0.0901769
93-BINANCE-XAUUSDT-24APR2026,93,Binance,XAU,XAUUSDT,2026-04-24,2026-04-24,1,0.3921414
94-HYPERLIQUID-xyzGOLD-24APR2026,94,Hyperliquid,XAU,xyzGOLD,2026-04-24,2026-03-24,19,0.13394164484210525
94-HYPERLIQUID-xyzGOLD-24APR2026,94,Hyperliquid,XAU,xyzGOLD,2026-04-24,2026-03-25,24,0.048229494000000005
94-HYPERLIQUID-xyzGOLD-24APR2026,94,Hyperliquid,XAU,xyzGOLD,2026-04-24,2026-03-26,24,0.0056122765
94-HYPERLIQUID-xyzGOLD-24APR2026,94,Hyperliquid,XAU,xyzGOLD,2026-04-24,2026-03-27,24,0.0699771795
94-HYPERLIQUID-xyzGOLD-24APR2026,94,Hyperliquid,XAU,xyzGOLD,2026-04-24,2026-03-28,24,0.04559222300000001
94-HYPERLIQUID-xyzGOLD-24APR2026,94,Hyperliquid,XAU,xyzGOLD,2026-04-24,2026-03-29,24,0.089667579
94-HYPERLIQUID-xyzGOLD-24APR2026,94,Hyperliquid,XAU,xyzGOLD,2026-04-24,2026-03-30,24,0.053878745
94-HYPERLIQUID-xyzGOLD-24APR2026,94,Hyperliquid,XAU,xyzGOLD,2026-04-24,2026-03-31,24,0.018755014
94-HYPERLIQUID-xyzGOLD-24APR2026,94,Hyperliquid,XAU,xyzGOLD,2026-04-24,2026-04-01,24,-0.2663825115
94-HYPERLIQUID-xyzGOLD-24APR2026,94,Hyperliquid,XAU,xyzGOLD,2026-04-24,2026-04-02,24,-0.1555684385
94-HYPERLIQUID-xyzGOLD-24APR2026,94,Hyperliquid,XAU,xyzGOLD,2026-04-24,2026-04-03,24,0.007930172499999999
94-HYPERLIQUID-xyzGOLD-24APR2026,94,Hyperliquid,XAU,xyzGOLD,2026-04-24,2026-04-04,24,0.050868079000000004
94-HYPERLIQUID-xyzGOLD-24APR2026,94,Hyperliquid,XAU,xyzGOLD,2026-04-24,2026-04-05,24,-0.0757842565
94-HYPERLIQUID-xyzGOLD-24APR2026,94,Hyperliquid,XAU,xyzGOLD,2026-04-24,2026-04-06,24,0.011636857
94-HYPERLIQUID-xyzGOLD-24APR2026,94,Hyperliquid,XAU,xyzGOLD,2026-04-24,2026-04-07,24,0.062411934
94-HYPERLIQUID-xyzGOLD-24APR2026,94,Hyperliquid,XAU,xyzGOLD,2026-04-24,2026-04-08,24,-0.014863237999999999
94-HYPERLIQUID-xyzGOLD-24APR2026,94,Hyperliquid,XAU,xyzGOLD,2026-04-24,2026-04-09,24,-0.042198234
94-HYPERLIQUID-xyzGOLD-24APR2026,94,Hyperliquid,XAU,xyzGOLD,2026-04-24,2026-04-10,24,0.017498246
94-HYPERLIQUID-xyzGOLD-24APR2026,94,Hyperliquid,XAU,xyzGOLD,2026-04-24,2026-04-11,24,0.045487249
94-HYPERLIQUID-xyzGOLD-24APR2026,94,Hyperliquid,XAU,xyzGOLD,2026-04-24,2026-04-12,24,-0.2566210975
94-HYPERLIQUID-xyzGOLD-24APR2026,94,Hyperliquid,XAU,xyzGOLD,2026-04-24,2026-04-13,24,0.006254712999999999
94-HYPERLIQUID-xyzGOLD-24APR2026,94,Hyperliquid,XAU,xyzGOLD,2026-04-24,2026-04-14,24,0.0347306625
94-HYPERLIQUID-xyzGOLD-24APR2026,94,Hyperliquid,XAU,xyzGOLD,2026-04-24,2026-04-15,24,0.0661589145
94-HYPERLIQUID-xyzGOLD-24APR2026,94,Hyperliquid,XAU,xyzGOLD,2026-04-24,2026-04-16,24,0.06632542749999999
94-HYPERLIQUID-xyzGOLD-24APR2026,94,Hyperliquid,XAU,xyzGOLD,2026-04-24,2026-04-17,24,0.06290103400000001
94-HYPERLIQUID-xyzGOLD-24APR2026,94,Hyperliquid,XAU,xyzGOLD,2026-04-24,2026-04-18,24,-0.053000043999999996
94-HYPERLIQUID-xyzGOLD-24APR2026,94,Hyperliquid,XAU,xyzGOLD,2026-04-24,2026-04-19,24,-0.22864549
94-HYPERLIQUID-xyzGOLD-24APR2026,94,Hyperliquid,XAU,xyzGOLD,2026-04-24,2026-04-20,24,0.055206797499999995
94-HYPERLIQUID-xyzGOLD-24APR2026,94,Hyperliquid,XAU,xyzGOLD,2026-04-24,2026-04-21,24,0.098593727
94-HYPERLIQUID-xyzGOLD-24APR2026,94,Hyperliquid,XAU,xyzGOLD,2026-04-24,2026-04-22,24,0.15878803049999998
94-HYPERLIQUID-xyzGOLD-24APR2026,94,Hyperliquid,XAU,xyzGOLD,2026-04-24,2026-04-23,24,0.152439622
94-HYPERLIQUID-xyzGOLD-24APR2026,94,Hyperliquid,XAU,xyzGOLD,2026-04-24,2026-04-24,1,0.153127428
95-BINANCE-XAGUSDT-24APR2026,95,Binance,XAG,XAGUSDT,2026-04-24,2026-03-24,5,0.05863506
95-BINANCE-XAGUSDT-24APR2026,95,Binance,XAG,XAGUSDT,2026-04-24,2026-03-25,6,0.10660189999999999
95-BINANCE-XAGUSDT-24APR2026,95,Binance,XAG,XAGUSDT,2026-04-24,2026-03-26,6,0.13560115
95-BINANCE-XAGUSDT-24APR2026,95,Binance,XAG,XAGUSDT,2026-04-24,2026-03-27,6,0.0452381
95-BINANCE-XAGUSDT-24APR2026,95,Binance,XAG,XAGUSDT,2026-04-24,2026-03-28,6,0.13909055
95-BINANCE-XAGUSDT-24APR2026,95,Binance,XAG,XAGUSDT,2026-04-24,2026-03-29,6,0.10346655
95-BINANCE-XAGUSDT-24APR2026,95,Binance,XAG,XAGUSDT,2026-04-24,2026-03-30,6,0.0
95-BINANCE-XAGUSDT-24APR2026,95,Binance,XAG,XAGUSDT,2026-04-24,2026-03-31,6,0.0633348
95-BINANCE-XAGUSDT-24APR2026,95,Binance,XAG,XAGUSDT,2026-04-24,2026-04-01,6,0.0
95-BINANCE-XAGUSDT-24APR2026,95,Binance,XAG,XAGUSDT,2026-04-24,2026-04-02,6,0.00917245
95-BINANCE-XAGUSDT-24APR2026,95,Binance,XAG,XAGUSDT,2026-04-24,2026-04-03,6,-0.34013984999999997
95-BINANCE-XAGUSDT-24APR2026,95,Binance,XAG,XAGUSDT,2026-04-24,2026-04-04,6,-0.2302566
95-BINANCE-XAGUSDT-24APR2026,95,Binance,XAG,XAGUSDT,2026-04-24,2026-04-05,6,-1.7672862
95-BINANCE-XAGUSDT-24APR2026,95,Binance,XAG,XAGUSDT,2026-04-24,2026-04-06,6,-0.06682785000000002
95-BINANCE-XAGUSDT-24APR2026,95,Binance,XAG,XAGUSDT,2026-04-24,2026-04-07,6,0.1700827
95-BINANCE-XAGUSDT-24APR2026,95,Binance,XAG,XAGUSDT,2026-04-24,2026-04-08,6,0.0695252
95-BINANCE-XAGUSDT-24APR2026,95,Binance,XAG,XAGUSDT,2026-04-24,2026-04-09,6,0.0
95-BINANCE-XAGUSDT-24APR2026,95,Binance,XAG,XAGUSDT,2026-04-24,2026-04-10,6,0.09881279999999999
95-BINANCE-XAGUSDT-24APR2026,95,Binance,XAG,XAGUSDT,2026-04-24,2026-04-11,6,0.06836085
95-BINANCE-XAGUSDT-24APR2026,95,Binance,XAG,XAGUSDT,2026-04-24,2026-04-12,6,-2.60989235
95-BINANCE-XAGUSDT-24APR2026,95,Binance,XAG,XAGUSDT,2026-04-24,2026-04-13,6,-0.2095319
95-BINANCE-XAGUSDT-24APR2026,95,Binance,XAG,XAGUSDT,2026-04-24,2026-04-14,6,0.0
95-BINANCE-XAGUSDT-24APR2026,95,Binance,XAG,XAGUSDT,2026-04-24,2026-04-15,6,0.0
95-BINANCE-XAGUSDT-24APR2026,95,Binance,XAG,XAGUSDT,2026-04-24,2026-04-16,6,0.0
95-BINANCE-XAGUSDT-24APR2026,95,Binance,XAG,XAGUSDT,2026-04-24,2026-04-17,6,0.03749645
95-BINANCE-XAGUSDT-24APR2026,95,Binance,XAG,XAGUSDT,2026-04-24,2026-04-18,6,0.056764800000000004
95-BINANCE-XAGUSDT-24APR2026,95,Binance,XAG,XAGUSDT,2026-04-24,2026-04-19,6,-2.097874
95-BINANCE-XAGUSDT-24APR2026,95,Binance,XAG,XAGUSDT,2026-04-24,2026-04-20,6,-0.35866724999999994
95-BINANCE-XAGUSDT-24APR2026,95,Binance,XAG,XAGUSDT,2026-04-24,2026-04-21,6,0.01706375
95-BINANCE-XAGUSDT-24APR2026,95,Binance,XAG,XAGUSDT,2026-04-24,2026-04-22,6,0.0032485
95-BINANCE-XAGUSDT-24APR2026,95,Binance,XAG,XAGUSDT,2026-04-24,2026-04-23,6,0.07385409999999999
95-BINANCE-XAGUSDT-24APR2026,95,Binance,XAG,XAGUSDT,2026-04-24,2026-04-24,1,0.2456304
96-HYPERLIQUID-xyzSILVER-24APR2026,96,Hyperliquid,XAG,xyzSILVER,2026-04-24,2026-03-24,19,0.08689924610526316
96-HYPERLIQUID-xyzSILVER-24APR2026,96,Hyperliquid,XAG,xyzSILVER,2026-04-24,2026-03-25,24,0.0716429665
96-HYPERLIQUID-xyzSILVER-24APR2026,96,Hyperliquid,XAG,xyzSILVER,2026-04-24,2026-03-26,24,0.051659070499999994
96-HYPERLIQUID-xyzSILVER-24APR2026,96,Hyperliquid,XAG,xyzSILVER,2026-04-24,2026-03-27,24,0.033287780999999995
96-HYPERLIQUID-xyzSILVER-24APR2026,96,Hyperliquid,XAG,xyzSILVER,2026-04-24,2026-03-28,24,0.0452441955
96-HYPERLIQUID-xyzSILVER-24APR2026,96,Hyperliquid,XAG,xyzSILVER,2026-04-24,2026-03-29,24,0.0586176495
96-HYPERLIQUID-xyzSILVER-24APR2026,96,Hyperliquid,XAG,xyzSILVER,2026-04-24,2026-03-30,24,0.040734730000000004
96-HYPERLIQUID-xyzSILVER-24APR2026,96,Hyperliquid,XAG,xyzSILVER,2026-04-24,2026-03-31,24,0.0994334825
96-HYPERLIQUID-xyzSILVER-24APR2026,96,Hyperliquid,XAG,xyzSILVER,2026-04-24,2026-04-01,24,-0.0575929485
96-HYPERLIQUID-xyzSILVER-24APR2026,96,Hyperliquid,XAG,xyzSILVER,2026-04-24,2026-04-02,24,-0.021557629999999998
96-HYPERLIQUID-xyzSILVER-24APR2026,96,Hyperliquid,XAG,xyzSILVER,2026-04-24,2026-04-03,24,0.038208163499999996
96-HYPERLIQUID-xyzSILVER-24APR2026,96,Hyperliquid,XAG,xyzSILVER,2026-04-24,2026-04-04,24,0.050267581
96-HYPERLIQUID-xyzSILVER-24APR2026,96,Hyperliquid,XAG,xyzSILVER,2026-04-24,2026-04-05,24,-0.183524993
96-HYPERLIQUID-xyzSILVER-24APR2026,96,Hyperliquid,XAG,xyzSILVER,2026-04-24,2026-04-06,24,-0.084238715
96-HYPERLIQUID-xyzSILVER-24APR2026,96,Hyperliquid,XAG,xyzSILVER,2026-04-24,2026-04-07,24,0.079496781
96-HYPERLIQUID-xyzSILVER-24APR2026,96,Hyperliquid,XAG,xyzSILVER,2026-04-24,2026-04-08,24,-0.0937991965
96-HYPERLIQUID-xyzSILVER-24APR2026,96,Hyperliquid,XAG,xyzSILVER,2026-04-24,2026-04-09,24,0.019340948500000003
96-HYPERLIQUID-xyzSILVER-24APR2026,96,Hyperliquid,XAG,xyzSILVER,2026-04-24,2026-04-10,24,-0.0141727675
96-HYPERLIQUID-xyzSILVER-24APR2026,96,Hyperliquid,XAG,xyzSILVER,2026-04-24,2026-04-11,24,0.053475857999999994
96-HYPERLIQUID-xyzSILVER-24APR2026,96,Hyperliquid,XAG,xyzSILVER,2026-04-24,2026-04-12,24,-0.5638763455
96-HYPERLIQUID-xyzSILVER-24APR2026,96,Hyperliquid,XAG,xyzSILVER,2026-04-24,2026-04-13,24,-0.05388684800000001
96-HYPERLIQUID-xyzSILVER-24APR2026,96,Hyperliquid,XAG,xyzSILVER,2026-04-24,2026-04-14,24,0.0772300215
96-HYPERLIQUID-xyzSILVER-24APR2026,96,Hyperliquid,XAG,xyzSILVER,2026-04-24,2026-04-15,24,0.08972408100000001
96-HYPERLIQUID-xyzSILVER-24APR2026,96,Hyperliquid,XAG,xyzSILVER,2026-04-24,2026-04-16,24,0.09860102700000001
96-HYPERLIQUID-xyzSILVER-24APR2026,96,Hyperliquid,XAG,xyzSILVER,2026-04-24,2026-04-17,24,0.1322862565
96-HYPERLIQUID-xyzSILVER-24APR2026,96,Hyperliquid,XAG,xyzSILVER,2026-04-24,2026-04-18,24,-0.0255263845
96-HYPERLIQUID-xyzSILVER-24APR2026,96,Hyperliquid,XAG,xyzSILVER,2026-04-24,2026-04-19,24,-0.5506996995
96-HYPERLIQUID-xyzSILVER-24APR2026,96,Hyperliquid,XAG,xyzSILVER,2026-04-24,2026-04-20,24,0.0128548255
96-HYPERLIQUID-xyzSILVER-24APR2026,96,Hyperliquid,XAG,xyzSILVER,2026-04-24,2026-04-21,24,0.033403778
96-HYPERLIQUID-xyzSILVER-24APR2026,96,Hyperliquid,XAG,xyzSILVER,2026-04-24,2026-04-22,24,0.0333681905
96-HYPERLIQUID-xyzSILVER-24APR2026,96,Hyperliquid,XAG,xyzSILVER,2026-04-24,2026-04-23,24,0.0706892945
96-HYPERLIQUID-xyzSILVER-24APR2026,96,Hyperliquid,XAG,xyzSILVER,2026-04-24,2026-04-24,1,0.05475
97-HYPERLIQUID-HYPE-24APR2026,97,Hyperliquid,HYPE,HYPE,2026-04-24,2026-03-24,19,0.10078813389473684
97-HYPERLIQUID-HYPE-24APR2026,97,Hyperliquid,HYPE,HYPE,2026-04-24,2026-03-25,24,0.1095
97-HYPERLIQUID-HYPE-24APR2026,97,Hyperliquid,HYPE,HYPE,2026-04-24,2026-03-26,24,0.1088544975
97-HYPERLIQUID-HYPE-24APR2026,97,Hyperliquid,HYPE,HYPE,2026-04-24,2026-03-27,24,0.1095
97-HYPERLIQUID-HYPE-24APR2026,97,Hyperliquid,HYPE,HYPE,2026-04-24,2026-03-28,24,0.1095
97-HYPERLIQUID-HYPE-24APR2026,97,Hyperliquid,HYPE,HYPE,2026-04-24,2026-03-29,24,0.0918354965
97-HYPERLIQUID-HYPE-24APR2026,97,Hyperliquid,HYPE,HYPE,2026-04-24,2026-03-30,24,0.098645484
97-HYPERLIQUID-HYPE-24APR2026,97,Hyperliquid,HYPE,HYPE,2026-04-24,2026-03-31,24,0.1095
97-HYPERLIQUID-HYPE-24APR2026,97,Hyperliquid,HYPE,HYPE,2026-04-24,2026-04-01,24,0.1015400435
97-HYPERLIQUID-HYPE-24APR2026,97,Hyperliquid,HYPE,HYPE,2026-04-24,2026-04-02,24,0.101299034
97-HYPERLIQUID-HYPE-24APR2026,97,Hyperliquid,HYPE,HYPE,2026-04-24,2026-04-03,24,0.0434140855
97-HYPERLIQUID-HYPE-24APR2026,97,Hyperliquid,HYPE,HYPE,2026-04-24,2026-04-04,24,0.071310342
97-HYPERLIQUID-HYPE-24APR2026,97,Hyperliquid,HYPE,HYPE,2026-04-24,2026-04-05,24,0.0992209065
97-HYPERLIQUID-HYPE-24APR2026,97,Hyperliquid,HYPE,HYPE,2026-04-24,2026-04-06,24,8.358499999997979e-06
97-HYPERLIQUID-HYPE-24APR2026,97,Hyperliquid,HYPE,HYPE,2026-04-24,2026-04-07,24,0.0667613105
97-HYPERLIQUID-HYPE-24APR2026,97,Hyperliquid,HYPE,HYPE,2026-04-24,2026-04-08,24,0.014369101
97-HYPERLIQUID-HYPE-24APR2026,97,Hyperliquid,HYPE,HYPE,2026-04-24,2026-04-09,24,0.024822482000000003
97-HYPERLIQUID-HYPE-24APR2026,97,Hyperliquid,HYPE,HYPE,2026-04-24,2026-04-10,24,0.003491079
97-HYPERLIQUID-HYPE-24APR2026,97,Hyperliquid,HYPE,HYPE,2026-04-24,2026-04-11,24,0.1095
97-HYPERLIQUID-HYPE-24APR2026,97,Hyperliquid,HYPE,HYPE,2026-04-24,2026-04-12,24,0.0704974505
97-HYPERLIQUID-HYPE-24APR2026,97,Hyperliquid,HYPE,HYPE,2026-04-24,2026-04-13,24,0.056821375
97-HYPERLIQUID-HYPE-24APR2026,97,Hyperliquid,HYPE,HYPE,2026-04-24,2026-04-14,24,-0.029257341499999995
97-HYPERLIQUID-HYPE-24APR2026,97,Hyperliquid,HYPE,HYPE,2026-04-24,2026-04-15,24,0.0199479435
97-HYPERLIQUID-HYPE-24APR2026,97,Hyperliquid,HYPE,HYPE,2026-04-24,2026-04-16,24,-0.013459776499999998
97-HYPERLIQUID-HYPE-24APR2026,97,Hyperliquid,HYPE,HYPE,2026-04-24,2026-04-17,24,0.0736344795
97-HYPERLIQUID-HYPE-24APR2026,97,Hyperliquid,HYPE,HYPE,2026-04-24,2026-04-18,24,-0.014913680999999998
97-HYPERLIQUID-HYPE-24APR2026,97,Hyperliquid,HYPE,HYPE,2026-04-24,2026-04-19,24,-0.0424669835
97-HYPERLIQUID-HYPE-24APR2026,97,Hyperliquid,HYPE,HYPE,2026-04-24,2026-04-20,24,0.09557017649999999
97-HYPERLIQUID-HYPE-24APR2026,97,Hyperliquid,HYPE,HYPE,2026-04-24,2026-04-21,24,0.099705298
97-HYPERLIQUID-HYPE-24APR2026,97,Hyperliquid,HYPE,HYPE,2026-04-24,2026-04-22,24,0.0463764985
97-HYPERLIQUID-HYPE-24APR2026,97,Hyperliquid,HYPE,HYPE,2026-04-24,2026-04-23,24,0.0207563455
97-HYPERLIQUID-HYPE-24APR2026,97,Hyperliquid,HYPE,HYPE,2026-04-24,2026-04-24,1,0.1095
98-BYBIT-HYPEUSDT-24APR2026,98,Bybit,HYPE,HYPEUSDT,2026-04-24,2026-03-24,3,-0.01756015
98-BYBIT-HYPEUSDT-24APR2026,98,Bybit,HYPE,HYPEUSDT,2026-04-24,2026-03-25,3,0.03102865
98-BYBIT-HYPEUSDT-24APR2026,98,Bybit,HYPE,HYPEUSDT,2026-04-24,2026-03-26,3,-0.0091177
98-BYBIT-HYPEUSDT-24APR2026,98,Bybit,HYPE,HYPEUSDT,2026-04-24,2026-03-27,3,0.09827625
98-BYBIT-HYPEUSDT-24APR2026,98,Bybit,HYPE,HYPEUSDT,2026-04-24,2026-03-28,3,-0.03870825
98-BYBIT-HYPEUSDT-24APR2026,98,Bybit,HYPE,HYPEUSDT,2026-04-24,2026-03-29,3,-0.007548200000000001
98-BYBIT-HYPEUSDT-24APR2026,98,Bybit,HYPE,HYPEUSDT,2026-04-24,2026-03-30,3,-0.04119025
98-BYBIT-HYPEUSDT-24APR2026,98,Bybit,HYPE,HYPEUSDT,2026-04-24,2026-03-31,3,0.1059522
98-BYBIT-HYPEUSDT-24APR2026,98,Bybit,HYPE,HYPEUSDT,2026-04-24,2026-04-01,3,0.1095
98-BYBIT-HYPEUSDT-24APR2026,98,Bybit,HYPE,HYPEUSDT,2026-04-24,2026-04-02,3,0.10729905
98-BYBIT-HYPEUSDT-24APR2026,98,Bybit,HYPE,HYPEUSDT,2026-04-24,2026-04-03,3,0.029674500000000003
98-BYBIT-HYPEUSDT-24APR2026,98,Bybit,HYPE,HYPEUSDT,2026-04-24,2026-04-04,3,-0.0190676
98-BYBIT-HYPEUSDT-24APR2026,98,Bybit,HYPE,HYPEUSDT,2026-04-24,2026-04-05,3,-0.00498955
98-BYBIT-HYPEUSDT-24APR2026,98,Bybit,HYPE,HYPEUSDT,2026-04-24,2026-04-06,3,0.0725547
98-BYBIT-HYPEUSDT-24APR2026,98,Bybit,HYPE,HYPEUSDT,2026-04-24,2026-04-07,3,-0.03243025
98-BYBIT-HYPEUSDT-24APR2026,98,Bybit,HYPE,HYPEUSDT,2026-04-24,2026-04-08,3,0.04354450000000001
98-BYBIT-HYPEUSDT-24APR2026,98,Bybit,HYPE,HYPEUSDT,2026-04-24,2026-04-09,3,0.02152405
98-BYBIT-HYPEUSDT-24APR2026,98,Bybit,HYPE,HYPEUSDT,2026-04-24,2026-04-10,3,0.034240650000000004
98-BYBIT-HYPEUSDT-24APR2026,98,Bybit,HYPE,HYPEUSDT,2026-04-24,2026-04-11,3,0.01314365
98-BYBIT-HYPEUSDT-24APR2026,98,Bybit,HYPE,HYPEUSDT,2026-04-24,2026-04-12,3,0.07925245
98-BYBIT-HYPEUSDT-24APR2026,98,Bybit,HYPE,HYPEUSDT,2026-04-24,2026-04-13,3,0.03317485
98-BYBIT-HYPEUSDT-24APR2026,98,Bybit,HYPE,HYPEUSDT,2026-04-24,2026-04-14,3,-0.06146235
98-BYBIT-HYPEUSDT-24APR2026,98,Bybit,HYPE,HYPEUSDT,2026-04-24,2026-04-15,3,-0.110157
98-BYBIT-HYPEUSDT-24APR2026,98,Bybit,HYPE,HYPEUSDT,2026-04-24,2026-04-16,3,-0.07677775
98-BYBIT-HYPEUSDT-24APR2026,98,Bybit,HYPE,HYPEUSDT,2026-04-24,2026-04-17,3,-0.0878044
98-BYBIT-HYPEUSDT-24APR2026,98,Bybit,HYPE,HYPEUSDT,2026-04-24,2026-04-18,3,-0.0515015
98-BYBIT-HYPEUSDT-24APR2026,98,Bybit,HYPE,HYPEUSDT,2026-04-24,2026-04-19,3,0.04934070000000001
98-BYBIT-HYPEUSDT-24APR2026,98,Bybit,HYPE,HYPEUSDT,2026-04-24,2026-04-20,3,0.1095
98-BYBIT-HYPEUSDT-24APR2026,98,Bybit,HYPE,HYPEUSDT,2026-04-24,2026-04-21,3,0.10414545000000001
98-BYBIT-HYPEUSDT-24APR2026,98,Bybit,HYPE,HYPEUSDT,2026-04-24,2026-04-22,3,0.044427799999999996
98-BYBIT-HYPEUSDT-24APR2026,98,Bybit,HYPE,HYPEUSDT,2026-04-24,2026-04-23,3,0.032360900000000005
98-BYBIT-HYPEUSDT-24APR2026,98,Bybit,HYPE,HYPEUSDT,2026-04-24,2026-04-24,1,0.1095
99-HYPERLIQUID-xyzSP500-24APR2026,99,Hyperliquid,S&P500,xyzSP500,2026-04-24,2026-03-24,19,-0.05504719452631579
99-HYPERLIQUID-xyzSP500-24APR2026,99,Hyperliquid,S&P500,xyzSP500,2026-04-24,2026-03-25,24,0.0681023935
99-HYPERLIQUID-xyzSP500-24APR2026,99,Hyperliquid,S&P500,xyzSP500,2026-04-24,2026-03-26,24,0.016496102000000002
99-HYPERLIQUID-xyzSP500-24APR2026,99,Hyperliquid,S&P500,xyzSP500,2026-04-24,2026-03-27,24,-0.0306872655
99-HYPERLIQUID-xyzSP500-24APR2026,99,Hyperliquid,S&P500,xyzSP500,2026-04-24,2026-03-28,24,0.0793762215
99-HYPERLIQUID-xyzSP500-24APR2026,99,Hyperliquid,S&P500,xyzSP500,2026-04-24,2026-03-29,24,-0.048931097
99-HYPERLIQUID-xyzSP500-24APR2026,99,Hyperliquid,S&P500,xyzSP500,2026-04-24,2026-03-30,24,-0.037944487500000006
99-HYPERLIQUID-xyzSP500-24APR2026,99,Hyperliquid,S&P500,xyzSP500,2026-04-24,2026-03-31,24,-0.132870512
99-HYPERLIQUID-xyzSP500-24APR2026,99,Hyperliquid,S&P500,xyzSP500,2026-04-24,2026-04-01,24,-0.2012971715
99-HYPERLIQUID-xyzSP500-24APR2026,99,Hyperliquid,S&P500,xyzSP500,2026-04-24,2026-04-02,24,-0.4308345755
99-HYPERLIQUID-xyzSP500-24APR2026,99,Hyperliquid,S&P500,xyzSP500,2026-04-24,2026-04-03,24,-0.1592785905
99-HYPERLIQUID-xyzSP500-24APR2026,99,Hyperliquid,S&P500,xyzSP500,2026-04-24,2026-04-04,24,-0.0005007070000000023
99-HYPERLIQUID-xyzSP500-24APR2026,99,Hyperliquid,S&P500,xyzSP500,2026-04-24,2026-04-05,24,0.0626284155
99-HYPERLIQUID-xyzSP500-24APR2026,99,Hyperliquid,S&P500,xyzSP500,2026-04-24,2026-04-06,24,-0.133814913
99-HYPERLIQUID-xyzSP500-24APR2026,99,Hyperliquid,S&P500,xyzSP500,2026-04-24,2026-04-07,24,-0.132781379
99-HYPERLIQUID-xyzSP500-24APR2026,99,Hyperliquid,S&P500,xyzSP500,2026-04-24,2026-04-08,24,-0.016538807
99-HYPERLIQUID-xyzSP500-24APR2026,99,Hyperliquid,S&P500,xyzSP500,2026-04-24,2026-04-09,24,-0.2656861645
99-HYPERLIQUID-xyzSP500-24APR2026,99,Hyperliquid,S&P500,xyzSP500,2026-04-24,2026-04-10,24,-0.074384956
99-HYPERLIQUID-xyzSP500-24APR2026,99,Hyperliquid,S&P500,xyzSP500,2026-04-24,2026-04-11,24,0.1161168295
99-HYPERLIQUID-xyzSP500-24APR2026,99,Hyperliquid,S&P500,xyzSP500,2026-04-24,2026-04-12,24,-0.4449387595
99-HYPERLIQUID-xyzSP500-24APR2026,99,Hyperliquid,S&P500,xyzSP500,2026-04-24,2026-04-13,24,-0.222313105
99-HYPERLIQUID-xyzSP500-24APR2026,99,Hyperliquid,S&P500,xyzSP500,2026-04-24,2026-04-14,24,-0.07532037800000001
99-HYPERLIQUID-xyzSP500-24APR2026,99,Hyperliquid,S&P500,xyzSP500,2026-04-24,2026-04-15,24,-0.118406876
99-HYPERLIQUID-xyzSP500-24APR2026,99,Hyperliquid,S&P500,xyzSP500,2026-04-24,2026-04-16,24,-0.028897634000000002
99-HYPERLIQUID-xyzSP500-24APR2026,99,Hyperliquid,S&P500,xyzSP500,2026-04-24,2026-04-17,24,-0.06966868150000001
99-HYPERLIQUID-xyzSP500-24APR2026,99,Hyperliquid,S&P500,xyzSP500,2026-04-24,2026-04-18,24,-0.1029993865
99-HYPERLIQUID-xyzSP500-24APR2026,99,Hyperliquid,S&P500,xyzSP500,2026-04-24,2026-04-19,24,-0.04812919200000001
99-HYPERLIQUID-xyzSP500-24APR2026,99,Hyperliquid,S&P500,xyzSP500,2026-04-24,2026-04-20,24,-0.066964725
99-HYPERLIQUID-xyzSP500-24APR2026,99,Hyperliquid,S&P500,xyzSP500,2026-04-24,2026-04-21,24,-0.021252198
99-HYPERLIQUID-xyzSP500-24APR2026,99,Hyperliquid,S&P500,xyzSP500,2026-04-24,2026-04-22,24,-0.006311214999999999
99-HYPERLIQUID-xyzSP500-24APR2026,99,Hyperliquid,S&P500,xyzSP500,2026-04-24,2026-04-23,24,-0.051220377000000004
99-HYPERLIQUID-xyzSP500-24APR2026,99,Hyperliquid,S&P500,xyzSP500,2026-04-24,2026-04-24,1,-0.033281868
