exchange,asset,date,samples,realizedApr
Binance,BNB,2023-10-01,3,0.0639699
Binance,BNB,2023-10-02,3,0.044238
Binance,BNB,2023-10-03,3,0.0
Binance,BNB,2023-10-04,3,0.0
Binance,BNB,2023-10-05,3,0.0186661
Binance,BNB,2023-10-06,3,0.019370549999999997
Binance,BNB,2023-10-07,3,0.018312050000000003
Binance,BNB,2023-10-08,3,0.05726485
Binance,BNB,2023-10-09,3,0.0
Binance,BNB,2023-10-10,3,0.0
Binance,BNB,2023-10-11,3,0.0
Binance,BNB,2023-10-12,3,0.0
Binance,BNB,2023-10-13,3,0.0
Binance,BNB,2023-10-14,3,0.0
Binance,BNB,2023-10-15,3,0.0
Binance,BNB,2023-10-16,3,0.006723299999999999
Binance,BNB,2023-10-17,3,0.06501744999999999
Binance,BNB,2023-10-18,3,0.0
Binance,BNB,2023-10-19,3,0.0
Binance,BNB,2023-10-20,3,0.08398285
Binance,BNB,2023-10-21,3,0.0661818
Binance,BNB,2023-10-22,3,0.11134325
Binance,BNB,2023-10-23,3,0.11976380000000002
Binance,BNB,2023-10-24,3,0.14633215
Binance,BNB,2023-10-25,3,0.16669915000000002
Binance,BNB,2023-10-26,3,0.2268183
Binance,BNB,2023-10-27,3,0.16681960000000004
Binance,BNB,2023-10-28,3,0.03984705
Binance,BNB,2023-10-29,3,0.0549909
Binance,BNB,2023-10-30,3,0.1189754
Binance,BNB,2023-10-31,3,0.12792884999999998
Binance,BNB,2023-11-01,3,0.048428200000000005
Binance,BNB,2023-11-02,3,0.31845155
Binance,BNB,2023-11-03,3,0.17137115000000003
Binance,BNB,2023-11-04,3,0.16694005
Binance,BNB,2023-11-05,3,0.057199150000000004
Binance,BNB,2023-11-06,3,0.19342445
Binance,BNB,2023-11-07,3,0.24474345
Binance,BNB,2023-11-08,3,0.26354095
Binance,BNB,2023-11-09,3,0.1918732
Binance,BNB,2023-11-10,3,0.13418129999999998
Binance,BNB,2023-11-11,3,0.29210949999999997
Binance,BNB,2023-11-12,3,0.06597009999999999
Binance,BNB,2023-11-13,3,0.20995165000000002
Binance,BNB,2023-11-14,3,0.18584704999999999
Binance,BNB,2023-11-15,3,0.1599211
Binance,BNB,2023-11-16,3,0.2195986
Binance,BNB,2023-11-17,3,0.040920149999999995
Binance,BNB,2023-11-18,3,0.0730146
Binance,BNB,2023-11-19,3,0.04511035
Binance,BNB,2023-11-20,3,0.157753
Binance,BNB,2023-11-21,3,0.27663350000000003
Binance,BNB,2023-11-22,3,0.08783360000000001
Binance,BNB,2023-11-23,3,0.0731168
Binance,BNB,2023-11-24,3,0.0807307
Binance,BNB,2023-11-25,3,0.14709865
Binance,BNB,2023-11-26,3,0.08122344999999999
Binance,BNB,2023-11-27,3,0.1315971
Binance,BNB,2023-11-28,3,0.1228955
Binance,BNB,2023-11-29,3,0.16856795000000002
Binance,BNB,2023-11-30,3,0.22625620000000002
Binance,BNB,2023-12-01,3,0.16065110000000002
Binance,BNB,2023-12-02,3,0.17498099999999997
Binance,BNB,2023-12-03,3,0.20865955
Binance,BNB,2023-12-04,3,0.2685743
Binance,BNB,2023-12-05,3,0.09937489999999999
Binance,BNB,2023-12-06,3,0.23222030000000002
Binance,BNB,2023-12-07,3,0.28563075
Binance,BNB,2023-12-08,3,0.45066914999999996
Binance,BNB,2023-12-09,3,0.50152095
Binance,BNB,2023-12-10,3,0.3044976
Binance,BNB,2023-12-11,3,0.1906395
Binance,BNB,2023-12-12,3,0.0
Binance,BNB,2023-12-13,3,-0.45755670000000004
Binance,BNB,2023-12-14,3,-0.49603135
Binance,BNB,2023-12-15,3,-0.1827263
Binance,BNB,2023-12-16,3,-0.39801424999999996
Binance,BNB,2023-12-17,3,-0.14226605
Binance,BNB,2023-12-18,3,0.10019979999999999
Binance,BNB,2023-12-19,3,0.07777785
Binance,BNB,2023-12-20,3,-0.6077542
Binance,BNB,2023-12-21,3,-0.6173318000000001
Binance,BNB,2023-12-22,3,-0.38493995
Binance,BNB,2023-12-23,3,-0.50895965
Binance,BNB,2023-12-24,3,-0.28991950000000005
Binance,BNB,2023-12-25,3,-0.27285940000000003
Binance,BNB,2023-12-26,3,0.0
Binance,BNB,2023-12-27,3,-0.30198275
Binance,BNB,2023-12-28,3,-0.95909225
Binance,BNB,2023-12-29,3,-0.62613195
Binance,BNB,2023-12-30,3,-0.65566775
Binance,BNB,2023-12-31,3,-1.0981134499999998
Binance,BNB,2024-01-01,3,-0.66023025
Binance,BNB,2024-01-02,3,-0.0231994
Binance,BNB,2024-01-03,3,-0.28679875
Binance,BNB,2024-01-04,3,-0.24865625
Binance,BNB,2024-01-05,3,-0.8350798500000001
Binance,BNB,2024-01-06,3,-1.05540845
Binance,BNB,2024-01-07,3,-0.9932672
Binance,BNB,2024-01-08,3,-0.6557224999999999
Binance,BNB,2024-01-09,3,-0.0313754
Binance,BNB,2024-01-10,3,0.0
Binance,BNB,2024-01-11,3,0.0
Binance,BNB,2024-01-12,3,0.030827900000000002
Binance,BNB,2024-01-13,3,0.030601599999999996
Binance,BNB,2024-01-14,3,0.0440044
Binance,BNB,2024-01-15,3,0.0824827
Binance,BNB,2024-01-16,3,-0.43857304999999996
Binance,BNB,2024-01-17,3,-0.3927546
Binance,BNB,2024-01-18,3,-0.36447805
Binance,BNB,2024-01-19,3,-0.5226763500000001
Binance,BNB,2024-01-20,3,-0.41777535000000005
Binance,BNB,2024-01-21,3,-0.30660365
Binance,BNB,2024-01-22,3,-0.49256385
Binance,BNB,2024-01-23,3,-0.33180325
Binance,BNB,2024-01-24,3,-0.16877235000000002
Binance,BNB,2024-01-25,3,0.0
Binance,BNB,2024-01-26,3,0.0
Binance,BNB,2024-01-27,3,0.0
Binance,BNB,2024-01-28,3,0.0
Binance,BNB,2024-01-29,3,0.0
Binance,BNB,2024-01-30,3,0.0
Binance,BNB,2024-01-31,3,0.0
Binance,BNB,2024-02-01,3,0.0
Binance,BNB,2024-02-02,3,0.0
Binance,BNB,2024-02-03,3,0.0
Binance,BNB,2024-02-04,3,0.0
Binance,BNB,2024-02-05,3,-0.0196078
Binance,BNB,2024-02-06,3,0.0
Binance,BNB,2024-02-07,3,0.0
Binance,BNB,2024-02-08,3,-0.40508795
Binance,BNB,2024-02-09,3,-0.88713615
Binance,BNB,2024-02-10,3,-0.6807761
Binance,BNB,2024-02-11,3,-0.63619865
Binance,BNB,2024-02-12,3,-0.57923675
Binance,BNB,2024-02-13,3,-0.6867037000000001
Binance,BNB,2024-02-14,3,-0.36645999999999995
Binance,BNB,2024-02-15,3,-0.1430654
Binance,BNB,2024-02-16,3,-0.04237285
Binance,BNB,2024-02-17,3,-0.03916815
Binance,BNB,2024-02-18,3,-0.1723238
Binance,BNB,2024-02-19,3,0.20108215
Binance,BNB,2024-02-20,3,0.2842328
Binance,BNB,2024-02-21,3,-0.12546509999999997
Binance,BNB,2024-02-22,3,-0.9082623499999999
Binance,BNB,2024-02-23,3,-0.5998483
Binance,BNB,2024-02-24,3,-0.7611344999999999
Binance,BNB,2024-02-25,3,-0.7364824
Binance,BNB,2024-02-26,3,-0.1831862
Binance,BNB,2024-02-27,3,-0.2376442
Binance,BNB,2024-02-28,3,-0.4622944
Binance,BNB,2024-02-29,3,0.4454898
Binance,BNB,2024-03-01,3,0.39554320000000004
Binance,BNB,2024-03-02,3,0.6035567
Binance,BNB,2024-03-03,3,0.6512257
Binance,BNB,2024-03-04,3,0.60924705
Binance,BNB,2024-03-05,3,0.78225705
Binance,BNB,2024-03-06,3,0.09046159999999999
Binance,BNB,2024-03-07,3,0.07076985
Binance,BNB,2024-03-08,3,-0.0040624500000000004
Binance,BNB,2024-03-09,3,-0.20340355
Binance,BNB,2024-03-10,3,0.10970075
Binance,BNB,2024-03-11,3,0.03546705
Binance,BNB,2024-03-12,3,0.30002999999999996
Binance,BNB,2024-03-13,3,0.6094551
Binance,BNB,2024-03-14,3,0.5107955999999999
Binance,BNB,2024-03-15,3,0.0899579
Binance,BNB,2024-03-16,3,0.2012391
Binance,BNB,2024-03-17,3,0.03488304999999999
Binance,BNB,2024-03-18,3,0.0573342
Binance,BNB,2024-03-19,3,0.19449025
Binance,BNB,2024-03-20,3,0.19464720000000002
Binance,BNB,2024-03-21,3,0.0571882
Binance,BNB,2024-03-22,3,0.14010160000000002
Binance,BNB,2024-03-23,3,0.11421215
Binance,BNB,2024-03-24,3,0.1528328
Binance,BNB,2024-03-25,3,0.2654718
Binance,BNB,2024-03-26,3,0.38767015
Binance,BNB,2024-03-27,3,0.3689347
Binance,BNB,2024-03-28,3,0.48959274999999997
Binance,BNB,2024-03-29,3,0.37697929999999996
Binance,BNB,2024-03-30,3,-0.16466245000000002
Binance,BNB,2024-03-31,3,-0.16425365
Binance,BNB,2024-04-01,3,-0.04980425
Binance,BNB,2024-04-02,3,0.2058673
Binance,BNB,2024-04-03,3,0.21255044999999997
Binance,BNB,2024-04-04,3,0.07401105000000001
Binance,BNB,2024-04-05,3,-0.37161015
Binance,BNB,2024-04-06,3,-0.4231299
Binance,BNB,2024-04-07,3,-0.52235515
Binance,BNB,2024-04-08,3,-0.2098312
Binance,BNB,2024-04-09,3,0.1150261
Binance,BNB,2024-04-10,3,0.2245188
Binance,BNB,2024-04-11,3,0.24622535
Binance,BNB,2024-04-12,3,-0.004996850000000008
Binance,BNB,2024-04-13,3,-0.6775312499999999
Binance,BNB,2024-04-14,3,-0.6434256500000001
Binance,BNB,2024-04-15,3,-0.48036555
Binance,BNB,2024-04-16,3,-0.837164
Binance,BNB,2024-04-17,3,-0.08411425
Binance,BNB,2024-04-18,3,-0.1261148
Binance,BNB,2024-04-19,3,-0.06488239999999999
Binance,BNB,2024-04-20,3,0.0
Binance,BNB,2024-04-21,3,-0.05846570000000001
Binance,BNB,2024-04-22,3,0.0
Binance,BNB,2024-04-23,3,-0.0978857
Binance,BNB,2024-04-24,3,-0.42427599999999993
Binance,BNB,2024-04-25,3,-0.2330306
Binance,BNB,2024-04-26,3,-0.6207189999999999
Binance,BNB,2024-04-27,3,-0.4768287
Binance,BNB,2024-04-28,3,-0.8029671500000001
Binance,BNB,2024-04-29,3,-0.8678130500000001
Binance,BNB,2024-04-30,3,-0.4689812
Binance,BNB,2024-05-01,3,-0.21021080000000003
Binance,BNB,2024-05-02,3,-0.19021610000000003
Binance,BNB,2024-05-03,3,-0.16968119999999998
Binance,BNB,2024-05-04,3,-0.19658535
Binance,BNB,2024-05-05,3,-0.52467655
Binance,BNB,2024-05-06,3,-0.16027515
Binance,BNB,2024-05-07,3,-0.031415549999999993
Binance,BNB,2024-05-08,3,0.0
Binance,BNB,2024-05-09,3,0.0
Binance,BNB,2024-05-10,3,-0.1433574
Binance,BNB,2024-05-11,3,-0.0284481
Binance,BNB,2024-05-12,3,-0.00949365
Binance,BNB,2024-05-13,3,-0.21979205000000002
Binance,BNB,2024-05-14,3,-0.6099916499999999
Binance,BNB,2024-05-15,3,-1.0408230500000002
Binance,BNB,2024-05-16,3,-0.30198275
Binance,BNB,2024-05-17,3,-0.259442
Binance,BNB,2024-05-18,3,0.0
Binance,BNB,2024-05-19,3,0.0
Binance,BNB,2024-05-20,3,-0.0545237
Binance,BNB,2024-05-21,3,0.10494115000000002
Binance,BNB,2024-05-22,3,0.17607599999999998
Binance,BNB,2024-05-23,3,0.09007470000000001
Binance,BNB,2024-05-24,3,0.00163885
Binance,BNB,2024-05-25,3,0.0
Binance,BNB,2024-05-26,3,0.031948449999999996
Binance,BNB,2024-05-27,3,0.14002495
Binance,BNB,2024-05-28,3,0.06498825
Binance,BNB,2024-05-29,3,0.08085115
Binance,BNB,2024-05-30,3,0.0
Binance,BNB,2024-05-31,3,0.0368796
Binance,BNB,2024-06-01,3,0.20521394999999998
Binance,BNB,2024-06-02,3,0.25812070000000004
Binance,BNB,2024-06-03,3,0.227468
Binance,BNB,2024-06-04,3,0.16350175
Binance,BNB,2024-06-05,3,0.18964670000000003
Binance,BNB,2024-06-06,3,0.16514425
Binance,BNB,2024-06-07,3,0.0155709
Binance,BNB,2024-06-08,3,0.0
Binance,BNB,2024-06-09,3,0.0
Binance,BNB,2024-06-10,3,0.0
Binance,BNB,2024-06-11,3,0.0
Binance,BNB,2024-06-12,3,-0.00328135
Binance,BNB,2024-06-13,3,0.0
Binance,BNB,2024-06-14,3,0.0
Binance,BNB,2024-06-15,3,0.0
Binance,BNB,2024-06-16,3,0.0
Binance,BNB,2024-06-17,3,0.0
Binance,BNB,2024-06-18,3,0.0
Binance,BNB,2024-06-19,3,0.0
Binance,BNB,2024-06-20,3,0.0
Binance,BNB,2024-06-21,3,0.0
Binance,BNB,2024-06-22,3,0.0
Binance,BNB,2024-06-23,3,0.0
Binance,BNB,2024-06-24,3,0.0
Binance,BNB,2024-06-25,3,0.0
Binance,BNB,2024-06-26,3,0.0
Binance,BNB,2024-06-27,3,0.0
Binance,BNB,2024-06-28,3,0.0
Binance,BNB,2024-06-29,3,0.0
Binance,BNB,2024-06-30,3,0.0
Binance,BNB,2024-07-01,3,0.005661149999999999
Binance,BNB,2024-07-02,3,0.012895450000000001
Binance,BNB,2024-07-03,3,0.05095764999999999
Binance,BNB,2024-07-04,3,0.0
Binance,BNB,2024-07-05,3,0.0
Binance,BNB,2024-07-06,3,0.0
Binance,BNB,2024-07-07,3,0.0
Binance,BNB,2024-07-08,3,0.0
Binance,BNB,2024-07-09,3,0.0
Binance,BNB,2024-07-10,3,0.0
Binance,BNB,2024-07-11,3,0.0
Binance,BNB,2024-07-12,3,0.0
Binance,BNB,2024-07-13,3,0.0
Binance,BNB,2024-07-14,3,0.0
Binance,BNB,2024-07-15,3,0.0
Binance,BNB,2024-07-16,3,0.0
Binance,BNB,2024-07-17,3,0.0
Binance,BNB,2024-07-18,3,0.0
Binance,BNB,2024-07-19,3,0.0
Binance,BNB,2024-07-20,3,0.0
Binance,BNB,2024-07-21,3,0.0
Binance,BNB,2024-07-22,3,0.0
Binance,BNB,2024-07-23,3,0.0
Binance,BNB,2024-07-24,3,0.0
Binance,BNB,2024-07-25,3,0.0
Binance,BNB,2024-07-26,3,0.0
Binance,BNB,2024-07-27,3,0.0
Binance,BNB,2024-07-28,3,0.0
Binance,BNB,2024-07-29,3,0.023170200000000002
Binance,BNB,2024-07-30,3,0.0
Binance,BNB,2024-07-31,3,0.013249500000000003
Binance,BNB,2024-08-01,3,0.00664665
Binance,BNB,2024-08-02,3,0.00509905
Binance,BNB,2024-08-03,3,0.0
Binance,BNB,2024-08-04,3,0.0
Binance,BNB,2024-08-05,3,0.0
Binance,BNB,2024-08-06,3,-0.03747455
Binance,BNB,2024-08-07,3,0.0
Binance,BNB,2024-08-08,3,0.0
Binance,BNB,2024-08-09,3,0.0
Binance,BNB,2024-08-10,3,0.0
Binance,BNB,2024-08-11,3,0.0
Binance,BNB,2024-08-12,3,0.0
Binance,BNB,2024-08-13,3,0.0
Binance,BNB,2024-08-14,3,0.0
Binance,BNB,2024-08-15,3,0.0
Binance,BNB,2024-08-16,3,-0.0235863
Binance,BNB,2024-08-17,3,-0.0041026000000000005
Binance,BNB,2024-08-18,3,0.0
Binance,BNB,2024-08-19,3,0.0
Binance,BNB,2024-08-20,3,0.0
Binance,BNB,2024-08-21,3,0.0
Binance,BNB,2024-08-22,3,-0.029400750000000003
Binance,BNB,2024-08-23,3,-0.22596419999999998
Binance,BNB,2024-08-24,3,-0.2145981
Binance,BNB,2024-08-25,3,-0.13238550000000002
Binance,BNB,2024-08-26,3,-0.00024090000000000003
Binance,BNB,2024-08-27,3,0.0
Binance,BNB,2024-08-28,3,0.0
Binance,BNB,2024-08-29,3,0.0
Binance,BNB,2024-08-30,3,0.0
Binance,BNB,2024-08-31,3,0.0
Binance,BNB,2024-09-01,3,-0.01958225
Binance,BNB,2024-09-02,3,0.0
Binance,BNB,2024-09-03,3,0.0
Binance,BNB,2024-09-04,3,0.0
Binance,BNB,2024-09-05,3,0.0
Binance,BNB,2024-09-06,3,0.0
Binance,BNB,2024-09-07,3,0.0
Binance,BNB,2024-09-08,3,0.0
Binance,BNB,2024-09-09,3,0.0
Binance,BNB,2024-09-10,3,0.0014381000000000003
Binance,BNB,2024-09-11,3,0.0
Binance,BNB,2024-09-12,3,0.0
Binance,BNB,2024-09-13,3,0.0
Binance,BNB,2024-09-14,3,0.0
Binance,BNB,2024-09-15,3,0.0
Binance,BNB,2024-09-16,3,-0.065846
Binance,BNB,2024-09-17,3,-0.10566019999999998
Binance,BNB,2024-09-18,3,-0.09967419999999999
Binance,BNB,2024-09-19,3,-0.1380576
Binance,BNB,2024-09-20,3,-0.026973499999999997
Binance,BNB,2024-09-21,3,0.0
Binance,BNB,2024-09-22,3,0.0
Binance,BNB,2024-09-23,3,0.0
Binance,BNB,2024-09-24,3,0.024498799999999998
Binance,BNB,2024-09-25,3,0.0
Binance,BNB,2024-09-26,3,0.0
Binance,BNB,2024-09-27,3,0.0
Binance,BNB,2024-09-28,3,0.01906395
Binance,BNB,2024-09-29,3,0.0
Binance,BNB,2024-09-30,3,0.0
Binance,BNB,2024-10-01,3,0.0
Binance,BNB,2024-10-02,3,-0.009595850000000001
Binance,BNB,2024-10-03,3,-0.051078099999999994
Binance,BNB,2024-10-04,3,0.0
Binance,BNB,2024-10-05,3,0.0
Binance,BNB,2024-10-06,3,0.0
Binance,BNB,2024-10-07,3,0.0
Binance,BNB,2024-10-08,3,0.0
Binance,BNB,2024-10-09,3,-0.45353804999999997
Binance,BNB,2024-10-10,3,-0.1100621
Binance,BNB,2024-10-11,3,-0.05527194999999999
Binance,BNB,2024-10-12,3,0.0
Binance,BNB,2024-10-13,3,0.0
Binance,BNB,2024-10-14,3,0.0
Binance,BNB,2024-10-15,3,0.030565099999999998
Binance,BNB,2024-10-16,3,0.035777300000000005
Binance,BNB,2024-10-17,3,0.0
Binance,BNB,2024-10-18,3,0.0
Binance,BNB,2024-10-19,3,0.0
Binance,BNB,2024-10-20,3,0.0
Binance,BNB,2024-10-21,3,0.0588526
Binance,BNB,2024-10-22,3,0.0
Binance,BNB,2024-10-23,3,0.0
Binance,BNB,2024-10-24,3,0.0
Binance,BNB,2024-10-25,3,0.0
Binance,BNB,2024-10-26,3,0.0
Binance,BNB,2024-10-27,3,0.0
Binance,BNB,2024-10-28,3,0.0
Binance,BNB,2024-10-29,3,0.01658925
Binance,BNB,2024-10-30,3,0.1339112
Binance,BNB,2024-10-31,3,0.0407924
Binance,BNB,2024-11-01,3,0.0
Binance,BNB,2024-11-02,3,0.0
Binance,BNB,2024-11-03,3,0.0
Binance,BNB,2024-11-04,3,0.0
Binance,BNB,2024-11-05,3,0.0
Binance,BNB,2024-11-06,3,0.038467350000000004
Binance,BNB,2024-11-07,3,0.14927405000000002
Binance,BNB,2024-11-08,3,0.14261279999999998
Binance,BNB,2024-11-09,3,0.1798866
Binance,BNB,2024-11-10,3,0.2866856
Binance,BNB,2024-11-11,3,0.24509385000000003
Binance,BNB,2024-11-12,3,0.41401585
Binance,BNB,2024-11-13,3,0.15093845000000003
Binance,BNB,2024-11-14,3,0.09607529999999999
Binance,BNB,2024-11-15,3,0.00824535
Binance,BNB,2024-11-16,3,0.09366265
Binance,BNB,2024-11-17,3,0.0418874
Binance,BNB,2024-11-18,3,0.0027010000000000003
Binance,BNB,2024-11-19,3,0.188267
Binance,BNB,2024-11-20,3,0.16912639999999998
Binance,BNB,2024-11-21,3,0.13687865
Binance,BNB,2024-11-22,3,0.2694065
Binance,BNB,2024-11-23,3,0.30690295
Binance,BNB,2024-11-24,3,0.2845613
Binance,BNB,2024-11-25,3,0.20827995
Binance,BNB,2024-11-26,3,0.1969175
Binance,BNB,2024-11-27,3,0.17915294999999998
Binance,BNB,2024-11-28,3,0.25915364999999996
Binance,BNB,2024-11-29,3,0.24536395
Binance,BNB,2024-11-30,3,0.2593471
Binance,BNB,2024-12-01,3,0.2529012
Binance,BNB,2024-12-02,3,0.33247485000000004
Binance,BNB,2024-12-03,3,0.3894148499999999
Binance,BNB,2024-12-04,3,0.3061036
Binance,BNB,2024-12-05,3,0.42582725000000005
Binance,BNB,2024-12-06,3,0.25902955
Binance,BNB,2024-12-07,3,0.31962684999999996
Binance,BNB,2024-12-08,3,0.2088092
Binance,BNB,2024-12-09,3,0.23719525
Binance,BNB,2024-12-10,3,0.05385210000000001
Binance,BNB,2024-12-11,3,0.0749564
Binance,BNB,2024-12-12,3,0.046245499999999995
Binance,BNB,2024-12-13,3,0.06748849999999999
Binance,BNB,2024-12-14,3,0.0
Binance,BNB,2024-12-15,3,0.0
Binance,BNB,2024-12-16,3,0.0948562
Binance,BNB,2024-12-17,3,0.10337165
Binance,BNB,2024-12-18,3,0.013734950000000001
Binance,BNB,2024-12-19,3,0.0
Binance,BNB,2024-12-20,3,-0.004015
Binance,BNB,2024-12-21,3,0.0
Binance,BNB,2024-12-22,3,0.0
Binance,BNB,2024-12-23,3,-0.043186800000000004
Binance,BNB,2024-12-24,3,-0.13450615
Binance,BNB,2024-12-25,3,-0.03173675
Binance,BNB,2024-12-26,3,-0.11843155000000001
Binance,BNB,2024-12-27,3,-0.10418925000000001
Binance,BNB,2024-12-28,3,0.0
Binance,BNB,2024-12-29,3,0.0
Binance,BNB,2024-12-30,3,-0.02832765
Binance,BNB,2024-12-31,3,-0.018563899999999998
Binance,BNB,2025-01-01,3,0.0
Binance,BNB,2025-01-02,3,-0.0623785
Binance,BNB,2025-01-03,3,0.0
Binance,BNB,2025-01-04,3,0.0
Binance,BNB,2025-01-05,3,0.0
Binance,BNB,2025-01-06,3,0.0
Binance,BNB,2025-01-07,3,0.006088199999999998
Binance,BNB,2025-01-08,3,-0.51682905
Binance,BNB,2025-01-09,3,-0.1054485
Binance,BNB,2025-01-10,3,-0.27139575
Binance,BNB,2025-01-11,3,0.0
Binance,BNB,2025-01-12,3,-0.020586
Binance,BNB,2025-01-13,3,-0.3473887500000001
Binance,BNB,2025-01-14,3,0.0
Binance,BNB,2025-01-15,3,0.0
Binance,BNB,2025-01-16,3,0.0
Binance,BNB,2025-01-17,3,0.0130962
Binance,BNB,2025-01-18,3,0.0
Binance,BNB,2025-01-19,3,0.0795481
Binance,BNB,2025-01-20,3,0.09480145
Binance,BNB,2025-01-21,3,0.0576846
Binance,BNB,2025-01-22,3,0.0416611
Binance,BNB,2025-01-23,3,0.027382300000000002
Binance,BNB,2025-01-24,3,0.0305359
Binance,BNB,2025-01-25,3,0.031725800000000005
Binance,BNB,2025-01-26,3,0.026984450000000004
Binance,BNB,2025-01-27,3,-0.043091899999999995
Binance,BNB,2025-01-28,3,0.0
Binance,BNB,2025-01-29,3,0.0
Binance,BNB,2025-01-30,3,0.0
Binance,BNB,2025-01-31,3,0.0
Binance,BNB,2025-02-01,3,0.02213725
Binance,BNB,2025-02-02,3,0.0
Binance,BNB,2025-02-03,3,0.0
Binance,BNB,2025-02-04,3,0.0
Binance,BNB,2025-02-05,3,0.0
Binance,BNB,2025-02-06,3,-0.0038762999999999996
Binance,BNB,2025-02-07,3,-0.06275445
Binance,BNB,2025-02-08,3,0.0
Binance,BNB,2025-02-09,3,-0.16081169999999997
Binance,BNB,2025-02-10,3,0.0
Binance,BNB,2025-02-11,3,0.0
Binance,BNB,2025-02-12,3,-0.054158700000000004
Binance,BNB,2025-02-13,3,-0.2009909
Binance,BNB,2025-02-14,3,-0.01926105
Binance,BNB,2025-02-15,3,-0.0689704
Binance,BNB,2025-02-16,3,-0.1441385
Binance,BNB,2025-02-17,3,-0.11841330000000001
Binance,BNB,2025-02-18,3,-0.07147795
Binance,BNB,2025-02-19,3,-0.06724395
Binance,BNB,2025-02-20,3,-0.0473989
Binance,BNB,2025-02-21,3,-0.1905592
Binance,BNB,2025-02-22,3,-0.19727885
Binance,BNB,2025-02-23,3,-0.1339915
Binance,BNB,2025-02-24,3,-0.23010695000000003
Binance,BNB,2025-02-25,3,-0.016070949999999997
Binance,BNB,2025-02-26,3,-0.20204209999999997
Binance,BNB,2025-02-27,3,0.0
Binance,BNB,2025-02-28,3,-0.05738895
Binance,BNB,2025-03-01,3,-0.19816945
Binance,BNB,2025-03-02,3,-0.09960484999999998
Binance,BNB,2025-03-03,3,-0.10053195
Binance,BNB,2025-03-04,3,-0.0888848
Binance,BNB,2025-03-05,3,-0.0363321
Binance,BNB,2025-03-06,3,0.0
Binance,BNB,2025-03-07,3,0.0
Binance,BNB,2025-03-08,3,0.0
Binance,BNB,2025-03-09,3,-0.0476982
Binance,BNB,2025-03-10,3,-0.039368900000000005
Binance,BNB,2025-03-11,3,-0.045300150000000004
Binance,BNB,2025-03-12,3,-0.00519395
Binance,BNB,2025-03-13,3,0.0
Binance,BNB,2025-03-14,3,-0.022615399999999997
Binance,BNB,2025-03-15,3,-0.013092550000000001
Binance,BNB,2025-03-16,3,0.0
Binance,BNB,2025-03-17,3,0.0
Binance,BNB,2025-03-18,3,-0.013895550000000001
Binance,BNB,2025-03-19,3,-0.13208255
Binance,BNB,2025-03-20,3,-0.22068265
Binance,BNB,2025-03-21,3,-0.44021920000000003
Binance,BNB,2025-03-22,3,-0.38007814999999995
Binance,BNB,2025-03-23,3,-0.40492005000000003
Binance,BNB,2025-03-24,3,-0.23826835000000002
Binance,BNB,2025-03-25,3,-0.17032725
Binance,BNB,2025-03-26,3,0.0
Binance,BNB,2025-03-27,3,-0.008468000000000002
Binance,BNB,2025-03-28,3,-0.1680095
Binance,BNB,2025-03-29,3,-0.27424639999999995
Binance,BNB,2025-03-30,3,-0.38038475
Binance,BNB,2025-03-31,3,-0.11742779999999998
Binance,BNB,2025-04-01,3,-0.29096705000000006
Binance,BNB,2025-04-02,3,-0.030608899999999998
Binance,BNB,2025-04-03,3,-0.25470795
Binance,BNB,2025-04-04,3,0.0
Binance,BNB,2025-04-05,3,0.0
Binance,BNB,2025-04-06,3,0.0
Binance,BNB,2025-04-07,3,0.0
Binance,BNB,2025-04-08,3,0.0
Binance,BNB,2025-04-09,3,0.0
Binance,BNB,2025-04-10,3,0.0
Binance,BNB,2025-04-11,3,0.0
Binance,BNB,2025-04-12,3,-0.12244289999999998
Binance,BNB,2025-04-13,3,-0.0208999
Binance,BNB,2025-04-14,3,-0.06766370000000001
Binance,BNB,2025-04-15,3,-0.032868249999999995
Binance,BNB,2025-04-16,3,-0.08315065
Binance,BNB,2025-04-17,3,0.0
Binance,BNB,2025-04-18,3,-0.1026526
Binance,BNB,2025-04-19,3,-0.2769839
Binance,BNB,2025-04-20,3,0.0
Binance,BNB,2025-04-21,3,-0.07941669999999999
Binance,BNB,2025-04-22,3,-0.12338095
Binance,BNB,2025-04-23,3,0.0
Binance,BNB,2025-04-24,3,0.0
Binance,BNB,2025-04-25,3,0.0
Binance,BNB,2025-04-26,3,-0.0188778
Binance,BNB,2025-04-27,3,-0.05790725
Binance,BNB,2025-04-28,3,0.0
Binance,BNB,2025-04-29,3,-0.016472450000000003
Binance,BNB,2025-04-30,3,-0.08723135
Binance,BNB,2025-05-01,3,-0.1815145
Binance,BNB,2025-05-02,3,-0.07349275
Binance,BNB,2025-05-03,3,-0.015111
Binance,BNB,2025-05-04,3,-0.19846145
Binance,BNB,2025-05-05,3,-0.1103395
Binance,BNB,2025-05-06,3,-0.17538249999999997
Binance,BNB,2025-05-07,3,0.0
Binance,BNB,2025-05-08,3,-0.02280155
Binance,BNB,2025-05-09,3,0.0
Binance,BNB,2025-05-10,3,0.0
Binance,BNB,2025-05-11,3,0.012964800000000004
Binance,BNB,2025-05-12,3,0.022056950000000002
Binance,BNB,2025-05-13,3,0.0
Binance,BNB,2025-05-14,3,0.0182938
Binance,BNB,2025-05-15,3,0.0
Binance,BNB,2025-05-16,3,0.0
Binance,BNB,2025-05-17,3,0.0
Binance,BNB,2025-05-18,3,0.0
Binance,BNB,2025-05-19,3,0.0
Binance,BNB,2025-05-20,3,0.0
Binance,BNB,2025-05-21,3,0.0
Binance,BNB,2025-05-22,3,0.0
Binance,BNB,2025-05-23,3,0.0
Binance,BNB,2025-05-24,3,0.0
Binance,BNB,2025-05-25,3,0.0
Binance,BNB,2025-05-26,3,0.0
Binance,BNB,2025-05-27,3,0.0
Binance,BNB,2025-05-28,3,0.0
Binance,BNB,2025-05-29,3,0.0
Binance,BNB,2025-05-30,3,0.0
Binance,BNB,2025-05-31,3,-0.01284435
Binance,BNB,2025-06-01,3,-0.015311749999999999
Binance,BNB,2025-06-02,3,0.0
Binance,BNB,2025-06-03,3,0.0
Binance,BNB,2025-06-04,3,0.0
Binance,BNB,2025-06-05,3,0.0
Binance,BNB,2025-06-06,3,-0.12557825
Binance,BNB,2025-06-07,3,-0.022874550000000004
Binance,BNB,2025-06-08,3,-0.018753699999999998
Binance,BNB,2025-06-09,3,-0.06116669999999999
Binance,BNB,2025-06-10,3,-0.010366
Binance,BNB,2025-06-11,3,0.0
Binance,BNB,2025-06-12,3,0.0
Binance,BNB,2025-06-13,3,-0.03164185
Binance,BNB,2025-06-14,3,-0.09002725
Binance,BNB,2025-06-15,3,-0.0559472
Binance,BNB,2025-06-16,3,0.0
Binance,BNB,2025-06-17,3,0.0
Binance,BNB,2025-06-18,3,-0.0641086
Binance,BNB,2025-06-19,3,-0.0250171
Binance,BNB,2025-06-20,3,0.0
Binance,BNB,2025-06-21,3,-0.055012799999999994
Binance,BNB,2025-06-22,3,-0.04575275000000001
Binance,BNB,2025-06-23,3,0.0
Binance,BNB,2025-06-24,3,-0.10694500000000001
Binance,BNB,2025-06-25,3,0.0
Binance,BNB,2025-06-26,3,0.0
Binance,BNB,2025-06-27,3,0.0
Binance,BNB,2025-06-28,3,0.0
Binance,BNB,2025-06-29,3,0.0
Binance,BNB,2025-06-30,3,0.0
Binance,BNB,2025-07-01,3,0.0
Binance,BNB,2025-07-02,3,0.0
Binance,BNB,2025-07-03,3,0.0
Binance,BNB,2025-07-04,3,0.0
Binance,BNB,2025-07-05,3,0.0
Binance,BNB,2025-07-06,3,0.0
Binance,BNB,2025-07-07,3,0.0
Binance,BNB,2025-07-08,3,0.0
Binance,BNB,2025-07-09,3,0.0
Binance,BNB,2025-07-10,3,0.0
Binance,BNB,2025-07-11,3,0.0
Binance,BNB,2025-07-12,3,0.00782925
Binance,BNB,2025-07-13,3,0.0
Binance,BNB,2025-07-14,3,0.034456
Binance,BNB,2025-07-15,3,0.0
Binance,BNB,2025-07-16,3,0.0
Binance,BNB,2025-07-17,3,0.0170893
Binance,BNB,2025-07-18,3,0.0838916
Binance,BNB,2025-07-19,3,0.0
Binance,BNB,2025-07-20,3,0.00442015
Binance,BNB,2025-07-21,3,0.059626399999999996
Binance,BNB,2025-07-22,3,0.0388798
Binance,BNB,2025-07-23,3,0.18863929999999998
Binance,BNB,2025-07-24,3,0.0142642
Binance,BNB,2025-07-25,3,0.00660285
Binance,BNB,2025-07-26,3,0.0527425
Binance,BNB,2025-07-27,3,0.08189505000000001
Binance,BNB,2025-07-28,3,0.12797994999999998
Binance,BNB,2025-07-29,3,0.05016925
Binance,BNB,2025-07-30,3,0.06151345
Binance,BNB,2025-07-31,3,0.02911605
Binance,BNB,2025-08-01,3,0.020640750000000003
Binance,BNB,2025-08-02,3,0.00357335
Binance,BNB,2025-08-03,3,0.013421050000000002
Binance,BNB,2025-08-04,3,0.0
Binance,BNB,2025-08-05,3,0.0
Binance,BNB,2025-08-06,3,0.01193185
Binance,BNB,2025-08-07,3,0.0152205
Binance,BNB,2025-08-08,3,0.0
Binance,BNB,2025-08-09,3,0.02007865
Binance,BNB,2025-08-10,3,0.011964700000000002
Binance,BNB,2025-08-11,3,0.052198650000000006
Binance,BNB,2025-08-12,3,0.0
Binance,BNB,2025-08-13,3,0.1633302
Binance,BNB,2025-08-14,3,0.11071544999999998
Binance,BNB,2025-08-15,3,0.0
Binance,BNB,2025-08-16,3,0.0
Binance,BNB,2025-08-17,3,0.0012556
Binance,BNB,2025-08-18,3,0.011917249999999999
Binance,BNB,2025-08-19,3,0.0
Binance,BNB,2025-08-20,3,0.0
Binance,BNB,2025-08-21,3,0.0467492
Binance,BNB,2025-08-22,3,0.017636799999999998
Binance,BNB,2025-08-23,3,0.22991350000000002
Binance,BNB,2025-08-24,3,0.083074
Binance,BNB,2025-08-25,3,0.02427615
Binance,BNB,2025-08-26,3,0.001022
Binance,BNB,2025-08-27,3,0.018020050000000003
Binance,BNB,2025-08-28,3,0.06901785
Binance,BNB,2025-08-29,3,0.024962349999999998
Binance,BNB,2025-08-30,3,0.02037065
Binance,BNB,2025-08-31,3,0.014351800000000003
Binance,BNB,2025-09-01,3,0.0
Binance,BNB,2025-09-02,3,0.0079132
Binance,BNB,2025-09-03,3,0.0
Binance,BNB,2025-09-04,3,0.0099718
Binance,BNB,2025-09-05,3,0.0
Binance,BNB,2025-09-06,3,0.005051599999999999
Binance,BNB,2025-09-07,3,0.0190603
Binance,BNB,2025-09-08,3,0.027075699999999998
Binance,BNB,2025-09-09,3,0.08088034999999999
Binance,BNB,2025-09-10,3,0.059046049999999996
Binance,BNB,2025-09-11,3,0.0084242
Binance,BNB,2025-09-12,3,0.05101605000000001
Binance,BNB,2025-09-13,3,0.146803
Binance,BNB,2025-09-14,3,0.03815345
Binance,BNB,2025-09-15,3,0.0
Binance,BNB,2025-09-16,3,0.00071175
Binance,BNB,2025-09-17,3,0.10018519999999999
Binance,BNB,2025-09-18,3,0.12370215
Binance,BNB,2025-09-19,3,0.04309555
Binance,BNB,2025-09-20,3,0.0
Binance,BNB,2025-09-21,3,0.0
Binance,BNB,2025-09-22,3,0.04270865000000001
Binance,BNB,2025-09-23,3,0.015669449999999998
Binance,BNB,2025-09-24,3,0.02625445
Binance,BNB,2025-09-25,3,0.042526150000000006
Binance,BNB,2025-09-26,3,0.022056950000000002
Binance,BNB,2025-09-27,3,0.0
Binance,BNB,2025-09-28,3,0.0
Binance,BNB,2025-09-29,3,0.058695649999999995
Binance,BNB,2025-09-30,3,0.040639100000000004
Binance,BNB,2025-10-01,3,0.0
Binance,BNB,2025-10-02,3,0.0
Binance,BNB,2025-10-03,3,0.1240489
Binance,BNB,2025-10-04,3,0.06186385
Binance,BNB,2025-10-05,3,0.01681555
Binance,BNB,2025-10-06,3,0.03914625
Binance,BNB,2025-10-07,3,0.022816149999999997
Binance,BNB,2025-10-08,3,0.0
Binance,BNB,2025-10-09,3,0.0
Binance,BNB,2025-10-10,3,0.0
Binance,BNB,2025-10-11,3,0.0010073999999999999
Binance,BNB,2025-10-12,3,-0.019458150000000004
Binance,BNB,2025-10-13,3,-0.11157685
Binance,BNB,2025-10-14,3,-0.16221695
Binance,BNB,2025-10-15,3,-0.07458775
Binance,BNB,2025-10-16,3,0.0
Binance,BNB,2025-10-17,3,-0.061243349999999995
Binance,BNB,2025-10-18,3,-0.07960650000000001
Binance,BNB,2025-10-19,3,-0.0342662
Binance,BNB,2025-10-20,3,-0.22071184999999996
Binance,BNB,2025-10-21,3,-0.0105339
Binance,BNB,2025-10-22,3,-0.08270535000000001
Binance,BNB,2025-10-23,3,-0.025331000000000003
Binance,BNB,2025-10-24,3,-0.16499095
Binance,BNB,2025-10-25,3,-0.09884200000000003
Binance,BNB,2025-10-26,3,0.0
Binance,BNB,2025-10-27,3,0.0
Binance,BNB,2025-10-28,3,-0.041595400000000005
Binance,BNB,2025-10-29,3,-0.1945815
Binance,BNB,2025-10-30,3,-0.034565500000000006
Binance,BNB,2025-10-31,3,-0.14875575
Binance,BNB,2025-11-01,3,-0.090374
Binance,BNB,2025-11-02,3,0.0
Binance,BNB,2025-11-03,3,0.0
Binance,BNB,2025-11-04,3,0.0
Binance,BNB,2025-11-05,3,0.0
Binance,BNB,2025-11-06,3,0.0
Binance,BNB,2025-11-07,3,0.0
Binance,BNB,2025-11-08,3,0.0
Binance,BNB,2025-11-09,3,0.0
Binance,BNB,2025-11-10,3,-0.07982185
Binance,BNB,2025-11-11,3,-0.0560348
Binance,BNB,2025-11-12,3,0.0
Binance,BNB,2025-11-13,3,-0.010395199999999999
Binance,BNB,2025-11-14,3,0.0
Binance,BNB,2025-11-15,3,0.0
Binance,BNB,2025-11-16,3,0.01823175
Binance,BNB,2025-11-17,3,0.02471415
Binance,BNB,2025-11-18,3,0.042464100000000005
Binance,BNB,2025-11-19,3,0.07022965
Binance,BNB,2025-11-20,3,0.053695150000000004
Binance,BNB,2025-11-21,3,0.014030599999999999
Binance,BNB,2025-11-22,3,0.048862550000000005
Binance,BNB,2025-11-23,3,0.02848095
Binance,BNB,2025-11-24,3,0.0418436
Binance,BNB,2025-11-25,3,0.05249795000000001
Binance,BNB,2025-11-26,3,0.0031754999999999995
Binance,BNB,2025-11-27,3,0.02061155
Binance,BNB,2025-11-28,3,0.0
Binance,BNB,2025-11-29,3,0.0
Binance,BNB,2025-11-30,3,0.0
Binance,BNB,2025-12-01,3,0.0
Binance,BNB,2025-12-02,3,0.0
Binance,BNB,2025-12-03,3,0.0
Binance,BNB,2025-12-04,3,0.05404555
Binance,BNB,2025-12-05,3,0.02212995
Binance,BNB,2025-12-06,3,0.0
Binance,BNB,2025-12-07,3,0.0
Binance,BNB,2025-12-08,3,0.021998550000000002
Binance,BNB,2025-12-09,3,0.0
Binance,BNB,2025-12-10,3,0.0040369
Binance,BNB,2025-12-11,3,0.01423865
Binance,BNB,2025-12-12,3,0.0
Binance,BNB,2025-12-13,3,0.0225716
Binance,BNB,2025-12-14,3,0.0189727
Binance,BNB,2025-12-15,3,0.0
Binance,BNB,2025-12-16,3,0.0
Binance,BNB,2025-12-17,3,0.0
Binance,BNB,2025-12-18,3,0.0
Binance,BNB,2025-12-19,3,0.0
Binance,BNB,2025-12-20,3,0.0630793
Binance,BNB,2025-12-21,3,0.00597505
Binance,BNB,2025-12-22,3,0.03529915
Binance,BNB,2025-12-23,3,0.0068912
Binance,BNB,2025-12-24,3,0.0
Binance,BNB,2025-12-25,3,0.0
Binance,BNB,2025-12-26,3,0.0
Binance,BNB,2025-12-27,3,0.017888650000000002
Binance,BNB,2025-12-28,3,0.0634516
Binance,BNB,2025-12-29,3,0.0423327
Binance,BNB,2025-12-30,3,0.0074825000000000004
Binance,BNB,2025-12-31,3,0.05250525
Binance,BNB,2026-01-01,3,0.0496181
Binance,BNB,2026-01-02,3,0.019680800000000002
Binance,BNB,2026-01-03,3,0.05129345
Binance,BNB,2026-01-04,3,0.06134555
Binance,BNB,2026-01-05,3,0.06327275
Binance,BNB,2026-01-06,3,0.0560859
Binance,BNB,2026-01-07,3,0.040277749999999994
Binance,BNB,2026-01-08,3,0.01662575
Binance,BNB,2026-01-09,3,0.0
Binance,BNB,2026-01-10,3,0.052147549999999994
Binance,BNB,2026-01-11,3,0.0955935
Binance,BNB,2026-01-12,3,0.0002774
Binance,BNB,2026-01-13,3,0.10026185
Binance,BNB,2026-01-14,3,0.11331790000000001
Binance,BNB,2026-01-15,3,0.058732150000000004
Binance,BNB,2026-01-16,3,0.0
Binance,BNB,2026-01-17,3,0.0
Binance,BNB,2026-01-18,3,0.017399550000000003
Binance,BNB,2026-01-19,3,0.0
Binance,BNB,2026-01-20,3,0.0048764
Binance,BNB,2026-01-21,3,0.0
Binance,BNB,2026-01-22,3,0.0
Binance,BNB,2026-01-23,3,0.00542755
Binance,BNB,2026-01-24,3,0.0170236
Binance,BNB,2026-01-25,3,0.0134539
Binance,BNB,2026-01-26,3,0.02433455
Binance,BNB,2026-01-27,3,0.0407924
Binance,BNB,2026-01-28,3,0.0355145
Binance,BNB,2026-01-29,3,0.0337479
Binance,BNB,2026-01-30,3,0.0
Binance,BNB,2026-01-31,3,0.0
Binance,BNB,2026-02-01,3,0.0
Binance,BNB,2026-02-02,3,0.0
Binance,BNB,2026-02-03,3,0.0
Binance,BNB,2026-02-04,3,0.0
Binance,BNB,2026-02-05,3,0.0
Binance,BNB,2026-02-06,3,0.006314500000000001
Binance,BNB,2026-02-07,3,0.0
Binance,BNB,2026-02-08,3,0.0
Binance,BNB,2026-02-09,3,0.0
Binance,BNB,2026-02-10,3,0.0
Binance,BNB,2026-02-11,3,0.0
Binance,BNB,2026-02-12,3,0.0
Binance,BNB,2026-02-13,3,0.0
Binance,BNB,2026-02-14,3,0.0
Binance,BNB,2026-02-15,3,0.0
Binance,BNB,2026-02-16,3,0.0
Binance,BNB,2026-02-17,3,0.0
Binance,BNB,2026-02-18,3,0.0
Binance,BNB,2026-02-19,3,-0.026057350000000003
Binance,BNB,2026-02-20,3,0.0
Binance,BNB,2026-02-21,3,0.0
Binance,BNB,2026-02-22,3,0.0
Binance,BNB,2026-02-23,3,0.0
Binance,BNB,2026-02-24,3,0.0
Binance,BNB,2026-02-25,3,0.0
Binance,BNB,2026-02-26,3,0.0
Binance,BNB,2026-02-27,3,0.0
Binance,BNB,2026-02-28,3,0.0
Binance,BNB,2026-03-01,3,0.0
Binance,BNB,2026-03-02,3,0.0
Binance,BNB,2026-03-03,3,0.0
Binance,BNB,2026-03-04,3,0.0
Binance,BNB,2026-03-05,3,0.0
Binance,BNB,2026-03-06,3,0.0
Binance,BNB,2026-03-07,3,0.0
Binance,BNB,2026-03-08,3,0.0
Binance,BNB,2026-03-09,3,0.0
Binance,BNB,2026-03-10,3,0.0
Binance,BNB,2026-03-11,3,0.0
Binance,BNB,2026-03-12,3,0.0
Binance,BNB,2026-03-13,3,0.0
Binance,BNB,2026-03-14,3,0.0
Binance,BNB,2026-03-15,3,0.0
Binance,BNB,2026-03-16,3,0.0
Binance,BNB,2026-03-17,3,0.0
Binance,BNB,2026-03-18,3,0.0
Binance,BNB,2026-03-19,3,-0.037073049999999996
Binance,BNB,2026-03-20,3,-0.0464572
Binance,BNB,2026-03-21,3,0.0
Binance,BNB,2026-03-22,3,-0.026601199999999995
Binance,BNB,2026-03-23,3,-0.0162571
Binance,BNB,2026-03-24,3,0.0
Binance,BNB,2026-03-25,3,0.0
Binance,BNB,2026-03-26,3,0.0
Binance,BNB,2026-03-27,3,-0.00992435
Binance,BNB,2026-03-28,3,0.0
Binance,BNB,2026-03-29,3,0.0
Binance,BNB,2026-03-30,3,0.0
Binance,BNB,2026-03-31,3,0.0
Binance,BNB,2026-04-01,3,0.030791399999999997
Binance,BNB,2026-04-02,3,0.00271195
Binance,BNB,2026-04-03,3,0.0
Binance,BNB,2026-04-04,3,0.0
Binance,BNB,2026-04-05,3,0.0
Binance,BNB,2026-04-06,3,0.011858850000000002
Binance,BNB,2026-04-07,3,0.0016680500000000001
Binance,BNB,2026-04-08,3,0.071905
Binance,BNB,2026-04-09,3,0.02145105
Binance,BNB,2026-04-10,3,0.02051665
Binance,BNB,2026-04-11,3,0.03398515
Binance,BNB,2026-04-12,3,0.02400605
Binance,BNB,2026-04-13,3,0.0
Binance,BNB,2026-04-14,3,0.08873879999999999
Binance,BNB,2026-04-15,3,0.029857000000000005
Binance,BNB,2026-04-16,3,0.03980325
Binance,BNB,2026-04-17,3,0.03658395
Binance,BNB,2026-04-18,3,0.00612835
Binance,BNB,2026-04-19,3,0.00460265
Binance,BNB,2026-04-20,3,0.02003485
Binance,BNB,2026-04-21,3,0.0199363
Binance,BNB,2026-04-22,3,0.048983
Binance,BNB,2026-04-23,3,0.00459535
Binance,BNB,2026-04-24,3,0.038759350000000005
Binance,BNB,2026-04-25,3,0.01152305
Binance,BNB,2026-04-26,3,0.014202149999999998
Binance,BNB,2026-04-27,3,0.007650399999999999
Binance,BNB,2026-04-28,3,0.0149723
Binance,BNB,2026-04-29,3,0.0168046
Binance,BNB,2026-04-30,3,0.00254405
Binance,BNB,2026-05-01,3,0.01254505
Binance,BNB,2026-05-02,3,0.0261194
Binance,BNB,2026-05-03,3,0.02770715
Binance,BNB,2026-05-04,3,0.057199150000000004
Binance,BNB,2026-05-05,3,0.07002525
Binance,BNB,2026-05-06,3,0.08138770000000001
Binance,BNB,2026-05-07,3,0.07433955
Binance,BNB,2026-05-08,3,0.00325215
Binance,BNB,2026-05-09,3,0.074168
Binance,BNB,2026-05-10,3,0.0385805
Binance,BNB,2026-05-11,3,0.03671169999999999
Binance,BNB,2026-05-12,3,0.08144610000000001
Binance,BNB,2026-05-13,3,0.07156190000000001
Binance,BNB,2026-05-14,3,0.0
Binance,BNB,2026-05-15,3,0.0453184
Binance,BNB,2026-05-16,3,0.0
Binance,BNB,2026-05-17,3,0.011917249999999999
Binance,BRENTOIL,2026-03-31,4,0.0
Binance,BRENTOIL,2026-04-01,6,0.0
Binance,BRENTOIL,2026-04-02,6,0.2036919
Binance,BRENTOIL,2026-04-03,6,-0.31856104999999996
Binance,BRENTOIL,2026-04-04,6,0.5023714
Binance,BRENTOIL,2026-04-05,6,3.94136855
Binance,BRENTOIL,2026-04-06,6,-1.0156709
Binance,BRENTOIL,2026-04-07,6,-0.82604245
Binance,BRENTOIL,2026-04-08,6,-3.86420025
Binance,BRENTOIL,2026-04-09,6,-2.8997425000000003
Binance,BRENTOIL,2026-04-10,6,-1.2704993
Binance,BRENTOIL,2026-04-11,6,-1.77515925
Binance,BRENTOIL,2026-04-12,6,6.43977165
Binance,BRENTOIL,2026-04-13,6,-1.5301603000000001
Binance,BRENTOIL,2026-04-14,6,-2.37561345
Binance,BRENTOIL,2026-04-15,6,0.15818735
Binance,BRENTOIL,2026-04-16,6,0.17170695
Binance,BRENTOIL,2026-04-17,6,0.2338555
Binance,BRENTOIL,2026-04-18,6,2.39446205
Binance,BRENTOIL,2026-04-19,6,8.34234145
Binance,BRENTOIL,2026-04-20,6,1.9935241499999998
Binance,BRENTOIL,2026-04-21,6,0.0
Binance,BRENTOIL,2026-04-22,6,0.01545775
Binance,BRENTOIL,2026-04-23,6,-0.01928295
Binance,BRENTOIL,2026-04-24,6,-0.32825180000000004
Binance,BRENTOIL,2026-04-25,6,0.26879695
Binance,BRENTOIL,2026-04-26,6,1.5654412000000002
Binance,BRENTOIL,2026-04-27,6,-0.1631842
Binance,BRENTOIL,2026-04-28,6,-0.47064560000000005
Binance,BRENTOIL,2026-04-29,6,-0.5966363
Binance,BRENTOIL,2026-04-30,6,-0.23388469999999997
Binance,BRENTOIL,2026-05-01,6,-0.6417649
Binance,BRENTOIL,2026-05-02,6,-0.21146640000000003
Binance,BRENTOIL,2026-05-03,6,-2.81978925
Binance,BRENTOIL,2026-05-04,6,-1.1345733
Binance,BRENTOIL,2026-05-05,6,-0.3948278
Binance,BRENTOIL,2026-05-06,6,-0.34123485
Binance,BRENTOIL,2026-05-07,6,-2.23717625
Binance,BRENTOIL,2026-05-08,6,-2.0664986
Binance,BRENTOIL,2026-05-09,6,-0.16176435
Binance,BRENTOIL,2026-05-10,6,0.21417105000000003
Binance,BRENTOIL,2026-05-11,6,-2.272125
Binance,BRENTOIL,2026-05-12,6,-2.39647685
Binance,BRENTOIL,2026-05-13,6,-2.01989905
Binance,BRENTOIL,2026-05-14,6,0.0
Binance,BRENTOIL,2026-05-15,6,0.00047815000000000005
Binance,BRENTOIL,2026-05-16,6,0.0623128
Binance,BRENTOIL,2026-05-17,5,0.0
Binance,BTC,2023-10-01,24,0.008238050000000002
Binance,BTC,2023-10-02,24,0.01325086875
Binance,BTC,2023-10-03,24,0.03637453125
Binance,BTC,2023-10-04,24,0.0027949875000000016
Binance,BTC,2023-10-05,24,-0.029249731249999997
Binance,BTC,2023-10-06,24,2.6462499999999837e-05
Binance,BTC,2023-10-07,24,0.0199737125
Binance,BTC,2023-10-08,24,0.0352927625
Binance,BTC,2023-10-09,24,0.06353691875
Binance,BTC,2023-10-10,24,0.04531064375
Binance,BTC,2023-10-11,24,0.08810643750000001
Binance,BTC,2023-10-12,24,0.048261212500000004
Binance,BTC,2023-10-13,24,0.017314231250000003
Binance,BTC,2023-10-14,24,0.012263087499999999
Binance,BTC,2023-10-15,24,0.024726925
Binance,BTC,2023-10-16,24,0.03618746875
Binance,BTC,2023-10-17,24,-0.013569331249999999
Binance,BTC,2023-10-18,24,-0.0032462187500000004
Binance,BTC,2023-10-19,24,-0.07253097500000001
Binance,BTC,2023-10-20,24,0.00758880625
Binance,BTC,2023-10-21,24,0.04470885
Binance,BTC,2023-10-22,24,0.04830273125
Binance,BTC,2023-10-23,24,0.07307026250000001
Binance,BTC,2023-10-24,24,0.1095
Binance,BTC,2023-10-25,24,0.1095
Binance,BTC,2023-10-26,24,0.1095
Binance,BTC,2023-10-27,24,0.1095
Binance,BTC,2023-10-28,24,0.1095
Binance,BTC,2023-10-29,24,0.1095
Binance,BTC,2023-10-30,24,0.1095
Binance,BTC,2023-10-31,24,0.1095
Binance,BTC,2023-11-01,24,0.1095
Binance,BTC,2023-11-02,24,0.1095
Binance,BTC,2023-11-03,24,0.1095
Binance,BTC,2023-11-04,24,0.1095
Binance,BTC,2023-11-05,24,0.1095
Binance,BTC,2023-11-06,24,0.1095
Binance,BTC,2023-11-07,24,0.1095
Binance,BTC,2023-11-08,24,0.1095
Binance,BTC,2023-11-09,24,0.14609855000000002
Binance,BTC,2023-11-10,24,0.1156393
Binance,BTC,2023-11-11,24,0.1679228125
Binance,BTC,2023-11-12,24,0.29581561875
Binance,BTC,2023-11-13,24,0.18488208125000002
Binance,BTC,2023-11-14,24,0.1524559375
Binance,BTC,2023-11-15,24,0.1095
Binance,BTC,2023-11-16,24,0.13582745
Binance,BTC,2023-11-17,24,0.1095
Binance,BTC,2023-11-18,24,0.1095
Binance,BTC,2023-11-19,24,0.1095
Binance,BTC,2023-11-20,24,0.1095
Binance,BTC,2023-11-21,24,0.1095
Binance,BTC,2023-11-22,24,0.1095
Binance,BTC,2023-11-23,24,0.1095
Binance,BTC,2023-11-24,24,0.1095
Binance,BTC,2023-11-25,24,0.1095
Binance,BTC,2023-11-26,24,0.1095
Binance,BTC,2023-11-27,24,0.1095
Binance,BTC,2023-11-28,24,0.1095
Binance,BTC,2023-11-29,24,0.1095
Binance,BTC,2023-11-30,24,0.1095
Binance,BTC,2023-12-01,24,0.10934031250000002
Binance,BTC,2023-12-02,24,0.0931032875
Binance,BTC,2023-12-03,24,0.1095
Binance,BTC,2023-12-04,24,0.1095
Binance,BTC,2023-12-05,24,0.1095
Binance,BTC,2023-12-06,24,0.1095
Binance,BTC,2023-12-07,24,0.1095
Binance,BTC,2023-12-08,24,0.20018789999999997
Binance,BTC,2023-12-09,24,0.244267125
Binance,BTC,2023-12-10,24,0.2182161625
Binance,BTC,2023-12-11,24,0.1116580625
Binance,BTC,2023-12-12,24,0.11559686875000001
Binance,BTC,2023-12-13,24,0.12045593125
Binance,BTC,2023-12-14,24,0.1095
Binance,BTC,2023-12-15,24,0.1095
Binance,BTC,2023-12-16,24,0.1095
Binance,BTC,2023-12-17,24,0.12021503125
Binance,BTC,2023-12-18,24,0.13151086875
Binance,BTC,2023-12-19,24,0.1111160375
Binance,BTC,2023-12-20,24,0.21425636875
Binance,BTC,2023-12-21,24,0.32306925625
Binance,BTC,2023-12-22,24,0.23988210624999998
Binance,BTC,2023-12-23,24,0.13085843125
Binance,BTC,2023-12-24,24,0.18439435
Binance,BTC,2023-12-25,24,0.31800670625
Binance,BTC,2023-12-26,24,0.3026151125
Binance,BTC,2023-12-27,24,0.31058579999999997
Binance,BTC,2023-12-28,24,0.50345316875
Binance,BTC,2023-12-29,24,0.48469855624999997
Binance,BTC,2023-12-30,24,0.40122351250000005
Binance,BTC,2023-12-31,24,0.3810043374999999
Binance,BTC,2024-01-01,24,0.44933461875
Binance,BTC,2024-01-02,24,0.42213664375
Binance,BTC,2024-01-03,24,0.14059024375
Binance,BTC,2024-01-04,24,0.1095
Binance,BTC,2024-01-05,24,0.1095
Binance,BTC,2024-01-06,24,0.1095
Binance,BTC,2024-01-07,24,0.1095
Binance,BTC,2024-01-08,24,0.1095
Binance,BTC,2024-01-09,24,0.1095
Binance,BTC,2024-01-10,24,0.1095
Binance,BTC,2024-01-11,24,0.1095
Binance,BTC,2024-01-12,24,0.1095
Binance,BTC,2024-01-13,24,0.1095
Binance,BTC,2024-01-14,24,0.1095
Binance,BTC,2024-01-15,24,0.1095
Binance,BTC,2024-01-16,24,0.1095
Binance,BTC,2024-01-17,24,0.1095
Binance,BTC,2024-01-18,24,0.1095
Binance,BTC,2024-01-19,24,0.1095
Binance,BTC,2024-01-20,24,0.1095
Binance,BTC,2024-01-21,24,0.1095
Binance,BTC,2024-01-22,24,0.1095
Binance,BTC,2024-01-23,24,0.1095
Binance,BTC,2024-01-24,24,0.1095
Binance,BTC,2024-01-25,24,0.1095
Binance,BTC,2024-01-26,24,0.10619766250000001
Binance,BTC,2024-01-27,24,0.10282323750000001
Binance,BTC,2024-01-28,24,0.09024625000000001
Binance,BTC,2024-01-29,24,0.10636830000000001
Binance,BTC,2024-01-30,24,0.0648814875
Binance,BTC,2024-01-31,24,0.10592026250000001
Binance,BTC,2024-02-01,24,0.1095
Binance,BTC,2024-02-02,24,0.10192123125000001
Binance,BTC,2024-02-03,24,0.0923158
Binance,BTC,2024-02-04,24,0.10451546875
Binance,BTC,2024-02-05,24,0.1095
Binance,BTC,2024-02-06,24,0.08964080625
Binance,BTC,2024-02-07,24,0.08530004375
Binance,BTC,2024-02-08,24,0.047961000000000004
Binance,BTC,2024-02-09,24,0.09939634375
Binance,BTC,2024-02-10,24,0.10860620625000002
Binance,BTC,2024-02-11,24,0.1095
Binance,BTC,2024-02-12,24,0.1095
Binance,BTC,2024-02-13,24,0.1095
Binance,BTC,2024-02-14,24,0.11783295
Binance,BTC,2024-02-15,24,0.1095
Binance,BTC,2024-02-16,24,0.1095
Binance,BTC,2024-02-17,24,0.15467240000000002
Binance,BTC,2024-02-18,24,0.1997864
Binance,BTC,2024-02-19,24,0.16409441875
Binance,BTC,2024-02-20,24,0.15048448125
Binance,BTC,2024-02-21,24,0.1140333
Binance,BTC,2024-02-22,24,0.13153505000000001
Binance,BTC,2024-02-23,24,0.12041715000000001
Binance,BTC,2024-02-24,24,0.11409261250000001
Binance,BTC,2024-02-25,24,0.20045663125000002
Binance,BTC,2024-02-26,24,0.29334456875000003
Binance,BTC,2024-02-27,24,0.45225918125000003
Binance,BTC,2024-02-28,24,0.5147074875000001
Binance,BTC,2024-02-29,24,0.6886131062499999
Binance,BTC,2024-03-01,24,0.53562655
Binance,BTC,2024-03-02,24,0.57754634375
Binance,BTC,2024-03-03,24,0.516684875
Binance,BTC,2024-03-04,24,0.58464559375
Binance,BTC,2024-03-05,24,0.7627843
Binance,BTC,2024-03-06,24,0.41714800625
Binance,BTC,2024-03-07,24,0.47251622500000007
Binance,BTC,2024-03-08,24,0.46539188125000003
Binance,BTC,2024-03-09,24,0.318329275
Binance,BTC,2024-03-10,24,0.55793580625
Binance,BTC,2024-03-11,24,0.6868255187500001
Binance,BTC,2024-03-12,24,0.4667063375
Binance,BTC,2024-03-13,24,0.49391389375
Binance,BTC,2024-03-14,24,0.41522673750000005
Binance,BTC,2024-03-15,24,0.15767406875
Binance,BTC,2024-03-16,24,0.20702024375000003
Binance,BTC,2024-03-17,24,0.225914925
Binance,BTC,2024-03-18,24,0.30613371250000004
Binance,BTC,2024-03-19,24,0.256647925
Binance,BTC,2024-03-20,24,0.14407097500000002
Binance,BTC,2024-03-21,24,0.198382975
Binance,BTC,2024-03-22,24,0.11963559375
Binance,BTC,2024-03-23,24,0.11356290625
Binance,BTC,2024-03-24,24,0.1976447625
Binance,BTC,2024-03-25,24,0.2465584125
Binance,BTC,2024-03-26,24,0.2665220875
Binance,BTC,2024-03-27,24,0.35750746250000004
Binance,BTC,2024-03-28,24,0.28587575625
Binance,BTC,2024-03-29,24,0.2740356125
Binance,BTC,2024-03-30,24,0.35546300625
Binance,BTC,2024-03-31,24,0.5315303374999999
Binance,BTC,2024-04-01,24,0.28940986875
Binance,BTC,2024-04-02,24,0.1334868875
Binance,BTC,2024-04-03,24,0.1095
Binance,BTC,2024-04-04,24,0.1095
Binance,BTC,2024-04-05,24,0.1095
Binance,BTC,2024-04-06,24,0.1095
Binance,BTC,2024-04-07,24,0.1095
Binance,BTC,2024-04-08,24,0.23629963124999998
Binance,BTC,2024-04-09,24,0.1924143125
Binance,BTC,2024-04-10,24,0.1320560875
Binance,BTC,2024-04-11,24,0.18802655625
Binance,BTC,2024-04-12,24,0.17520456250000002
Binance,BTC,2024-04-13,24,0.1095
Binance,BTC,2024-04-14,24,0.1095
Binance,BTC,2024-04-15,24,0.06649524375
Binance,BTC,2024-04-16,24,0.0706649125
Binance,BTC,2024-04-17,24,0.061957837499999995
Binance,BTC,2024-04-18,24,0.0028657062500000007
Binance,BTC,2024-04-19,24,0.07621565000000001
Binance,BTC,2024-04-20,24,0.0272864875
Binance,BTC,2024-04-21,24,0.03808455625
Binance,BTC,2024-04-22,24,0.01045588125
Binance,BTC,2024-04-23,24,0.01912189375
Binance,BTC,2024-04-24,24,0.06813865625
Binance,BTC,2024-04-25,24,0.02767384375
Binance,BTC,2024-04-26,24,0.05551878125
Binance,BTC,2024-04-27,24,0.045385012499999995
Binance,BTC,2024-04-28,24,0.010912587500000001
Binance,BTC,2024-04-29,24,0.077392775
Binance,BTC,2024-04-30,24,0.10629347500000001
Binance,BTC,2024-05-01,24,0.0945450375
Binance,BTC,2024-05-02,24,0.02014754375
Binance,BTC,2024-05-03,24,0.023719525
Binance,BTC,2024-05-04,24,0.07336728125
Binance,BTC,2024-05-05,24,0.0216445
Binance,BTC,2024-05-06,24,0.04415131249999999
Binance,BTC,2024-05-07,24,0.05711018125
Binance,BTC,2024-05-08,24,0.07445406874999999
Binance,BTC,2024-05-09,24,0.04442688749999999
Binance,BTC,2024-05-10,24,0.07842435625
Binance,BTC,2024-05-11,24,0.04462718125
Binance,BTC,2024-05-12,24,0.079955075
Binance,BTC,2024-05-13,24,0.1003850375
Binance,BTC,2024-05-14,24,0.0889696625
Binance,BTC,2024-05-15,24,0.01853515625
Binance,BTC,2024-05-16,24,0.047523
Binance,BTC,2024-05-17,24,0.0060129187499999995
Binance,BTC,2024-05-18,24,0.03730345625
Binance,BTC,2024-05-19,24,0.055890625
Binance,BTC,2024-05-20,24,0.05285884375
Binance,BTC,2024-05-21,24,0.11138705
Binance,BTC,2024-05-22,24,0.13052035
Binance,BTC,2024-05-23,24,0.1095
Binance,BTC,2024-05-24,24,0.1095
Binance,BTC,2024-05-25,24,0.1095
Binance,BTC,2024-05-26,24,0.1095
Binance,BTC,2024-05-27,24,0.1095
Binance,BTC,2024-05-28,24,0.1095
Binance,BTC,2024-05-29,24,0.11883670000000002
Binance,BTC,2024-05-30,24,0.12418805625000001
Binance,BTC,2024-05-31,24,0.11987649375000002
Binance,BTC,2024-06-01,24,0.11041250000000001
Binance,BTC,2024-06-02,24,0.1095
Binance,BTC,2024-06-03,24,0.1310058
Binance,BTC,2024-06-04,24,0.11041615
Binance,BTC,2024-06-05,24,0.14458744999999998
Binance,BTC,2024-06-06,24,0.11755920000000002
Binance,BTC,2024-06-07,24,0.11010590000000002
Binance,BTC,2024-06-08,24,0.1095
Binance,BTC,2024-06-09,24,0.1095
Binance,BTC,2024-06-10,24,0.1095
Binance,BTC,2024-06-11,24,0.1095
Binance,BTC,2024-06-12,24,0.1095
Binance,BTC,2024-06-13,24,0.1095
Binance,BTC,2024-06-14,24,0.1095
Binance,BTC,2024-06-15,24,0.1095
Binance,BTC,2024-06-16,24,0.1095
Binance,BTC,2024-06-17,24,0.1095
Binance,BTC,2024-06-18,24,0.10306140000000001
Binance,BTC,2024-06-19,24,0.043019812500000004
Binance,BTC,2024-06-20,24,0.05931158749999999
Binance,BTC,2024-06-21,24,0.09671040000000002
Binance,BTC,2024-06-22,24,0.08813290000000001
Binance,BTC,2024-06-23,24,0.0604996625
Binance,BTC,2024-06-24,24,0.09196494375000001
Binance,BTC,2024-06-25,24,0.08534384375
Binance,BTC,2024-06-26,24,0.1095
Binance,BTC,2024-06-27,24,0.1095
Binance,BTC,2024-06-28,24,0.1095
Binance,BTC,2024-06-29,24,0.1095
Binance,BTC,2024-06-30,24,0.1095
Binance,BTC,2024-07-01,24,0.1095
Binance,BTC,2024-07-02,24,0.1095
Binance,BTC,2024-07-03,24,0.1095
Binance,BTC,2024-07-04,24,0.1095
Binance,BTC,2024-07-05,24,0.06579079375
Binance,BTC,2024-07-06,24,0.06796893124999999
Binance,BTC,2024-07-07,24,0.10197141875
Binance,BTC,2024-07-08,24,0.10205445625
Binance,BTC,2024-07-09,24,0.07614265
Binance,BTC,2024-07-10,24,0.09019150000000002
Binance,BTC,2024-07-11,24,0.09793223750000002
Binance,BTC,2024-07-12,24,0.05525871875
Binance,BTC,2024-07-13,24,0.0932565875
Binance,BTC,2024-07-14,24,0.06263536874999999
Binance,BTC,2024-07-15,24,-0.004261375000000001
Binance,BTC,2024-07-16,24,0.02885918125
Binance,BTC,2024-07-17,24,0.014941274999999999
Binance,BTC,2024-07-18,24,0.030238425
Binance,BTC,2024-07-19,24,0.026543712499999997
Binance,BTC,2024-07-20,24,-0.005356375000000001
Binance,BTC,2024-07-21,24,0.037120043750000005
Binance,BTC,2024-07-22,24,0.05104296875
Binance,BTC,2024-07-23,24,0.06676078125
Binance,BTC,2024-07-24,24,0.1095
Binance,BTC,2024-07-25,24,0.1095
Binance,BTC,2024-07-26,24,0.07416298125
Binance,BTC,2024-07-27,24,0.09164009375
Binance,BTC,2024-07-28,24,0.07416571874999998
Binance,BTC,2024-07-29,24,0.07168463125
Binance,BTC,2024-07-30,24,0.05240533125
Binance,BTC,2024-07-31,24,0.06777639375
Binance,BTC,2024-08-01,24,0.10868240000000001
Binance,BTC,2024-08-02,24,0.1095
Binance,BTC,2024-08-03,24,0.08772775000000001
Binance,BTC,2024-08-04,24,0.09250195000000001
Binance,BTC,2024-08-05,24,0.0538968125
Binance,BTC,2024-08-06,24,0.005281549999999999
Binance,BTC,2024-08-07,24,-0.005116843750000002
Binance,BTC,2024-08-08,24,0.03260316875
Binance,BTC,2024-08-09,24,0.01534825
Binance,BTC,2024-08-10,24,-0.0010142437499999996
Binance,BTC,2024-08-11,24,0.0030149000000000013
Binance,BTC,2024-08-12,24,0.044006681250000006
Binance,BTC,2024-08-13,24,-0.005860075000000002
Binance,BTC,2024-08-14,24,-0.0599476
Binance,BTC,2024-08-15,24,-0.03917773124999999
Binance,BTC,2024-08-16,24,-0.028015118749999998
Binance,BTC,2024-08-17,24,0.028230012500000002
Binance,BTC,2024-08-18,24,-0.026061912499999996
Binance,BTC,2024-08-19,24,-0.04191295
Binance,BTC,2024-08-20,24,-0.012685575000000003
Binance,BTC,2024-08-21,24,-0.010913043749999999
Binance,BTC,2024-08-22,24,-0.033267925
Binance,BTC,2024-08-23,24,-0.01101433125
Binance,BTC,2024-08-24,24,0.0050014125
Binance,BTC,2024-08-25,24,0.011352868749999996
Binance,BTC,2024-08-26,24,0.036454375
Binance,BTC,2024-08-27,24,0.014237737500000002
Binance,BTC,2024-08-28,24,0.00683143125
Binance,BTC,2024-08-29,24,-0.0014161999999999994
Binance,BTC,2024-08-30,24,0.018584431250000002
Binance,BTC,2024-08-31,24,0.0392676125
Binance,BTC,2024-09-01,24,-0.022858581249999996
Binance,BTC,2024-09-02,24,0.017980356250000003
Binance,BTC,2024-09-03,24,0.045385925
Binance,BTC,2024-09-04,24,0.028269706250000002
Binance,BTC,2024-09-05,24,0.02787505
Binance,BTC,2024-09-06,24,0.00446988125
Binance,BTC,2024-09-07,24,-0.0425690375
Binance,BTC,2024-09-08,24,-0.0635565375
Binance,BTC,2024-09-09,24,-0.06280053125
Binance,BTC,2024-09-10,24,-0.04614831875
Binance,BTC,2024-09-11,24,-0.0375411625
Binance,BTC,2024-09-12,24,-0.013870912499999999
Binance,BTC,2024-09-13,24,-0.0399027125
Binance,BTC,2024-09-14,24,0.006088200000000001
Binance,BTC,2024-09-15,24,0.00891831875
Binance,BTC,2024-09-16,24,0.06602530625
Binance,BTC,2024-09-17,24,0.034602456250000004
Binance,BTC,2024-09-18,24,0.03491955
Binance,BTC,2024-09-19,24,0.05298659375
Binance,BTC,2024-09-20,24,0.03688826875
Binance,BTC,2024-09-21,24,0.08874290625000002
Binance,BTC,2024-09-22,24,0.07776096875
Binance,BTC,2024-09-23,24,0.0347470875
Binance,BTC,2024-09-24,24,0.014868731250000001
Binance,BTC,2024-09-25,24,0.014868731250000001
Binance,BTC,2024-09-26,24,0.0919882125
Binance,BTC,2024-09-27,24,0.054823456250000006
Binance,BTC,2024-09-28,24,0.0402604125
Binance,BTC,2024-09-29,24,0.0480486
Binance,BTC,2024-09-30,24,0.09881873125000001
Binance,BTC,2024-10-01,24,0.09874345000000001
Binance,BTC,2024-10-02,24,0.07760766875
Binance,BTC,2024-10-03,24,0.056551275000000005
Binance,BTC,2024-10-04,24,0.0067620812499999995
Binance,BTC,2024-10-05,24,0.008212500000000001
Binance,BTC,2024-10-06,24,0.042124193750000004
Binance,BTC,2024-10-07,24,0.00119856875
Binance,BTC,2024-10-08,24,0.0866300125
Binance,BTC,2024-10-09,24,0.0589684875
Binance,BTC,2024-10-10,24,0.05017061875000001
Binance,BTC,2024-10-11,24,0.00917290625
Binance,BTC,2024-10-12,24,0.02683160625
Binance,BTC,2024-10-13,24,0.03800745
Binance,BTC,2024-10-14,24,0.10741448125000001
Binance,BTC,2024-10-15,24,0.10415046875000002
Binance,BTC,2024-10-16,24,0.10326078125
Binance,BTC,2024-10-17,24,0.1095
Binance,BTC,2024-10-18,24,0.1095
Binance,BTC,2024-10-19,24,0.1095
Binance,BTC,2024-10-20,24,0.1095
Binance,BTC,2024-10-21,24,0.1095
Binance,BTC,2024-10-22,24,0.1095
Binance,BTC,2024-10-23,24,0.1095
Binance,BTC,2024-10-24,24,0.1095
Binance,BTC,2024-10-25,24,0.09274878125000001
Binance,BTC,2024-10-26,24,0.09823381875000002
Binance,BTC,2024-10-27,24,0.10665619375000002
Binance,BTC,2024-10-28,24,0.10539055625
Binance,BTC,2024-10-29,24,0.1095
Binance,BTC,2024-10-30,24,0.1095
Binance,BTC,2024-10-31,24,0.1095
Binance,BTC,2024-11-01,24,0.1095
Binance,BTC,2024-11-02,24,0.1095
Binance,BTC,2024-11-03,24,0.1095
Binance,BTC,2024-11-04,24,0.1095
Binance,BTC,2024-11-05,24,0.1095
Binance,BTC,2024-11-06,24,0.1095
Binance,BTC,2024-11-07,24,0.1095
Binance,BTC,2024-11-08,24,0.1095
Binance,BTC,2024-11-09,24,0.1095
Binance,BTC,2024-11-10,24,0.2673050125
Binance,BTC,2024-11-11,24,0.24674410625
Binance,BTC,2024-11-12,24,0.35544658125
Binance,BTC,2024-11-13,24,0.16409305
Binance,BTC,2024-11-14,24,0.1095
Binance,BTC,2024-11-15,24,0.11306605000000002
Binance,BTC,2024-11-16,24,0.13970511875000002
Binance,BTC,2024-11-17,24,0.11423633125
Binance,BTC,2024-11-18,24,0.2844198625
Binance,BTC,2024-11-19,24,0.2176339875
Binance,BTC,2024-11-20,24,0.1095
Binance,BTC,2024-11-21,24,0.1095
Binance,BTC,2024-11-22,24,0.1095
Binance,BTC,2024-11-23,24,0.1095
Binance,BTC,2024-11-24,24,0.21546543124999998
Binance,BTC,2024-11-25,24,0.20814718124999998
Binance,BTC,2024-11-26,24,0.28315650625000005
Binance,BTC,2024-11-27,24,0.14397653125
Binance,BTC,2024-11-28,24,0.16598968125000002
Binance,BTC,2024-11-29,24,0.16423311875
Binance,BTC,2024-11-30,24,0.15744411875
Binance,BTC,2024-12-01,24,0.19738789375
Binance,BTC,2024-12-02,24,0.19104236875
Binance,BTC,2024-12-03,24,0.22549745624999998
Binance,BTC,2024-12-04,24,0.28101030625
Binance,BTC,2024-12-05,24,0.48073465624999995
Binance,BTC,2024-12-06,24,0.196587175
Binance,BTC,2024-12-07,24,0.16542666875
Binance,BTC,2024-12-08,24,0.229535725
Binance,BTC,2024-12-09,24,0.16314998125000002
Binance,BTC,2024-12-10,24,0.1095
Binance,BTC,2024-12-11,24,0.1095
Binance,BTC,2024-12-12,24,0.1095
Binance,BTC,2024-12-13,24,0.09912031250000002
Binance,BTC,2024-12-14,24,0.10801718750000001
Binance,BTC,2024-12-15,24,0.10290810000000002
Binance,BTC,2024-12-16,24,0.0996951875
Binance,BTC,2024-12-17,24,0.10852636250000001
Binance,BTC,2024-12-18,24,0.10643035
Binance,BTC,2024-12-19,24,0.1095
Binance,BTC,2024-12-20,24,0.1095
Binance,BTC,2024-12-21,24,0.07740190000000001
Binance,BTC,2024-12-22,24,0.10814585
Binance,BTC,2024-12-23,24,0.10578064999999999
Binance,BTC,2024-12-24,24,0.1095
Binance,BTC,2024-12-25,24,0.10894748125000002
Binance,BTC,2024-12-26,24,0.09495976875
Binance,BTC,2024-12-27,24,0.1095
Binance,BTC,2024-12-28,24,0.07691781874999999
Binance,BTC,2024-12-29,24,0.07652179375000001
Binance,BTC,2024-12-30,24,0.1005054875
Binance,BTC,2024-12-31,24,0.1095
Binance,BTC,2025-01-01,24,0.1095
Binance,BTC,2025-01-02,24,0.1095
Binance,BTC,2025-01-03,24,0.08478448125
Binance,BTC,2025-01-04,24,0.07486286875
Binance,BTC,2025-01-05,24,0.10336800000000002
Binance,BTC,2025-01-06,24,0.1095
Binance,BTC,2025-01-07,24,0.09921429999999999
Binance,BTC,2025-01-08,24,0.1095
Binance,BTC,2025-01-09,24,0.05113741250000001
Binance,BTC,2025-01-10,24,0.0455656875
Binance,BTC,2025-01-11,24,0.042908943750000005
Binance,BTC,2025-01-12,24,0.05508169375
Binance,BTC,2025-01-13,24,0.0630656125
Binance,BTC,2025-01-14,24,0.09165651875000001
Binance,BTC,2025-01-15,24,0.058033631249999995
Binance,BTC,2025-01-16,24,0.059419718749999996
Binance,BTC,2025-01-17,24,0.0703035625
Binance,BTC,2025-01-18,24,0.10799756875000001
Binance,BTC,2025-01-19,24,0.1095
Binance,BTC,2025-01-20,24,0.1095
Binance,BTC,2025-01-21,24,0.1095
Binance,BTC,2025-01-22,24,0.10520121250000002
Binance,BTC,2025-01-23,24,0.0729635
Binance,BTC,2025-01-24,24,0.08069420000000001
Binance,BTC,2025-01-25,24,0.08872191875
Binance,BTC,2025-01-26,24,0.10014459375
Binance,BTC,2025-01-27,24,0.04998857500000001
Binance,BTC,2025-01-28,24,0.0860013
Binance,BTC,2025-01-29,24,0.1016169125
Binance,BTC,2025-01-30,24,0.07854663125000001
Binance,BTC,2025-01-31,24,0.09942189375
Binance,BTC,2025-02-01,24,0.06367516250000001
Binance,BTC,2025-02-02,24,0.04378905
Binance,BTC,2025-02-03,24,0.067088825
Binance,BTC,2025-02-04,24,0.03964310625
Binance,BTC,2025-02-05,24,0.03007280625
Binance,BTC,2025-02-06,24,0.047170318749999995
Binance,BTC,2025-02-07,24,0.03491726875
Binance,BTC,2025-02-08,24,0.015831418749999996
Binance,BTC,2025-02-09,24,0.052924543750000004
Binance,BTC,2025-02-10,24,0.07500385000000001
Binance,BTC,2025-02-11,24,0.02302055
Binance,BTC,2025-02-12,24,0.0685150625
Binance,BTC,2025-02-13,24,0.035622175000000006
Binance,BTC,2025-02-14,24,0.048047231249999996
Binance,BTC,2025-02-15,24,0.03651870625
Binance,BTC,2025-02-16,24,0.03600314375
Binance,BTC,2025-02-17,24,0.06383074375
Binance,BTC,2025-02-18,24,0.09970750625000001
Binance,BTC,2025-02-19,24,0.07202316874999999
Binance,BTC,2025-02-20,24,0.04024170625
Binance,BTC,2025-02-21,24,0.03998346875000001
Binance,BTC,2025-02-22,24,0.0497568
Binance,BTC,2025-02-23,24,0.009246362499999999
Binance,BTC,2025-02-24,24,0.06318058750000001
Binance,BTC,2025-02-25,24,0.040007193749999996
Binance,BTC,2025-02-26,24,0.08974254999999999
Binance,BTC,2025-02-27,24,0.06658558125
Binance,BTC,2025-02-28,24,0.0376543125
Binance,BTC,2025-03-01,24,-0.02892625
Binance,BTC,2025-03-02,24,-0.03875205
Binance,BTC,2025-03-03,24,0.0147387
Binance,BTC,2025-03-04,24,0.01622105625
Binance,BTC,2025-03-05,24,0.04146354375
Binance,BTC,2025-03-06,24,0.0479527875
Binance,BTC,2025-03-07,24,0.018521924999999998
Binance,BTC,2025-03-08,24,-0.0006738812500000007
Binance,BTC,2025-03-09,24,0.05959948125
Binance,BTC,2025-03-10,24,0.03647034375
Binance,BTC,2025-03-11,24,0.047808156250000004
Binance,BTC,2025-03-12,24,0.037508312499999995
Binance,BTC,2025-03-13,24,0.036593075
Binance,BTC,2025-03-14,24,0.00394428125
Binance,BTC,2025-03-15,24,-0.011265268750000001
Binance,BTC,2025-03-16,24,0.02361139375
Binance,BTC,2025-03-17,24,0.0367965625
Binance,BTC,2025-03-18,24,0.02130094375
Binance,BTC,2025-03-19,24,0.046395149999999996
Binance,BTC,2025-03-20,24,0.02384225625
Binance,BTC,2025-03-21,24,0.03841761875
Binance,BTC,2025-03-22,24,0.02012290625
Binance,BTC,2025-03-23,24,0.021471125000000004
Binance,BTC,2025-03-24,24,0.007769937499999998
Binance,BTC,2025-03-25,24,-0.01924690625
Binance,BTC,2025-03-26,24,0.0034574625
Binance,BTC,2025-03-27,24,0.0128845
Binance,BTC,2025-03-28,24,0.045816625
Binance,BTC,2025-03-29,24,0.04275199375
Binance,BTC,2025-03-30,24,0.026901412500000003
Binance,BTC,2025-03-31,24,0.042563562500000006
Binance,BTC,2025-04-01,24,0.018648306249999996
Binance,BTC,2025-04-02,24,0.0315150125
Binance,BTC,2025-04-03,24,0.05840866875
Binance,BTC,2025-04-04,24,0.075914525
Binance,BTC,2025-04-05,24,0.0332451125
Binance,BTC,2025-04-06,24,0.03327111875
Binance,BTC,2025-04-07,24,0.0585387
Binance,BTC,2025-04-08,24,0.0569044125
Binance,BTC,2025-04-09,24,0.04577784375
Binance,BTC,2025-04-10,24,0.03525535
Binance,BTC,2025-04-11,24,0.008947518750000001
Binance,BTC,2025-04-12,24,0.05807013125
Binance,BTC,2025-04-13,24,0.0941773
Binance,BTC,2025-04-14,24,0.031956662499999997
Binance,BTC,2025-04-15,24,0.03779346875
Binance,BTC,2025-04-16,24,0.03805855
Binance,BTC,2025-04-17,24,0.0395806
Binance,BTC,2025-04-18,24,0.0469143625
Binance,BTC,2025-04-19,24,0.015244225
Binance,BTC,2025-04-20,24,0.0043973375
Binance,BTC,2025-04-21,24,0.05252486875
Binance,BTC,2025-04-22,24,-0.029330487500000002
Binance,BTC,2025-04-23,24,0.0125934125
Binance,BTC,2025-04-24,24,0.00426183125
Binance,BTC,2025-04-25,24,-0.03195529375
Binance,BTC,2025-04-26,24,-0.00909625625
Binance,BTC,2025-04-27,24,-0.0034387562500000006
Binance,BTC,2025-04-28,24,-0.022647337500000003
Binance,BTC,2025-04-29,24,-0.010628799999999999
Binance,BTC,2025-04-30,24,0.005743275000000002
Binance,BTC,2025-05-01,24,-0.045756856250000005
Binance,BTC,2025-05-02,24,-0.09055239375000002
Binance,BTC,2025-05-03,24,0.00472538125
Binance,BTC,2025-05-04,24,0.017946137499999997
Binance,BTC,2025-05-05,24,0.010290262499999998
Binance,BTC,2025-05-06,24,0.0237615
Binance,BTC,2025-05-07,24,0.012685575
Binance,BTC,2025-05-08,24,0.0707214875
Binance,BTC,2025-05-09,24,0.08788424375
Binance,BTC,2025-05-10,24,0.08838155625
Binance,BTC,2025-05-11,24,0.0704349625
Binance,BTC,2025-05-12,24,0.06879839375
Binance,BTC,2025-05-13,24,0.09779353750000001
Binance,BTC,2025-05-14,24,0.053154493750000004
Binance,BTC,2025-05-15,24,0.040472112500000004
Binance,BTC,2025-05-16,24,0.055970468749999995
Binance,BTC,2025-05-17,24,0.03718939375
Binance,BTC,2025-05-18,24,0.08025255
Binance,BTC,2025-05-19,24,0.059237675
Binance,BTC,2025-05-20,24,0.062383518750000005
Binance,BTC,2025-05-21,24,0.08070834375000001
Binance,BTC,2025-05-22,24,0.10733144375000002
Binance,BTC,2025-05-23,24,0.07345123125
Binance,BTC,2025-05-24,24,0.07824596249999999
Binance,BTC,2025-05-25,24,0.05987049375
Binance,BTC,2025-05-26,24,0.09998125625
Binance,BTC,2025-05-27,24,0.049460237500000004
Binance,BTC,2025-05-28,24,0.039154462499999994
Binance,BTC,2025-05-29,24,0.050674775
Binance,BTC,2025-05-30,24,0.06939197500000001
Binance,BTC,2025-05-31,24,0.04669445
Binance,BTC,2025-06-01,24,0.021233875
Binance,BTC,2025-06-02,24,0.052410806250000004
Binance,BTC,2025-06-03,24,0.0406537
Binance,BTC,2025-06-04,24,0.013272768749999999
Binance,BTC,2025-06-05,24,0.01818293125
Binance,BTC,2025-06-06,24,-0.03281395625
Binance,BTC,2025-06-07,24,0.0035833875
Binance,BTC,2025-06-08,24,0.002622525000000002
Binance,BTC,2025-06-09,24,0.0452152875
Binance,BTC,2025-06-10,24,0.09724831875
Binance,BTC,2025-06-11,24,0.058948868749999994
Binance,BTC,2025-06-12,24,0.025919106250000004
Binance,BTC,2025-06-13,24,0.018524206249999998
Binance,BTC,2025-06-14,24,0.0074893437499999995
Binance,BTC,2025-06-15,24,0.03347734374999999
Binance,BTC,2025-06-16,24,0.03502585625
Binance,BTC,2025-06-17,24,0.02439979375
Binance,BTC,2025-06-18,24,0.03981191875
Binance,BTC,2025-06-19,24,0.02276505
Binance,BTC,2025-06-20,24,0.051784375
Binance,BTC,2025-06-21,24,0.0452335375
Binance,BTC,2025-06-22,24,0.04955605
Binance,BTC,2025-06-23,24,0.011084137499999999
Binance,BTC,2025-06-24,24,-0.003491681250000001
Binance,BTC,2025-06-25,24,0.012540031249999998
Binance,BTC,2025-06-26,24,0.019996525
Binance,BTC,2025-06-27,24,0.0158528625
Binance,BTC,2025-06-28,24,0.041740031250000004
Binance,BTC,2025-06-29,24,0.060096337500000006
Binance,BTC,2025-06-30,24,0.032626893750000004
Binance,BTC,2025-07-01,24,0.0261184875
Binance,BTC,2025-07-02,24,0.043876649999999996
Binance,BTC,2025-07-03,24,0.05027920625000001
Binance,BTC,2025-07-04,24,0.030632625
Binance,BTC,2025-07-05,24,0.03245443125
Binance,BTC,2025-07-06,24,0.01825228125
Binance,BTC,2025-07-07,24,0.03264149375
Binance,BTC,2025-07-08,24,0.040166425
Binance,BTC,2025-07-09,24,0.06126753125000001
Binance,BTC,2025-07-10,24,0.07457315
Binance,BTC,2025-07-11,24,0.1095
Binance,BTC,2025-07-12,24,0.1095
Binance,BTC,2025-07-13,24,0.10327538125
Binance,BTC,2025-07-14,24,0.10861076875000002
Binance,BTC,2025-07-15,24,0.1095
Binance,BTC,2025-07-16,24,0.1095
Binance,BTC,2025-07-17,24,0.1095
Binance,BTC,2025-07-18,24,0.1095
Binance,BTC,2025-07-19,24,0.1095
Binance,BTC,2025-07-20,24,0.1095
Binance,BTC,2025-07-21,24,0.1095
Binance,BTC,2025-07-22,24,0.1095
Binance,BTC,2025-07-23,24,0.1095
Binance,BTC,2025-07-24,24,0.1095
Binance,BTC,2025-07-25,24,0.1095
Binance,BTC,2025-07-26,24,0.1095
Binance,BTC,2025-07-27,24,0.1095
Binance,BTC,2025-07-28,24,0.1095
Binance,BTC,2025-07-29,24,0.1095
Binance,BTC,2025-07-30,24,0.09574771250000001
Binance,BTC,2025-07-31,24,0.07110108750000001
Binance,BTC,2025-08-01,24,0.0411090375
Binance,BTC,2025-08-02,24,0.03964310625
Binance,BTC,2025-08-03,24,0.05988053125
Binance,BTC,2025-08-04,24,0.05974274375
Binance,BTC,2025-08-05,24,0.06856935625
Binance,BTC,2025-08-06,24,0.08193200625000001
Binance,BTC,2025-08-07,24,0.060433049999999995
Binance,BTC,2025-08-08,24,0.06472545
Binance,BTC,2025-08-09,24,0.0874549125
Binance,BTC,2025-08-10,24,0.10943110625000002
Binance,BTC,2025-08-11,24,0.1095
Binance,BTC,2025-08-12,24,0.08764973124999999
Binance,BTC,2025-08-13,24,0.10818736875000001
Binance,BTC,2025-08-14,24,0.08375518125000002
Binance,BTC,2025-08-15,24,0.07189815625
Binance,BTC,2025-08-16,24,0.09335787499999999
Binance,BTC,2025-08-17,24,0.0367117
Binance,BTC,2025-08-18,24,0.040933381250000005
Binance,BTC,2025-08-19,24,0.05218131249999999
Binance,BTC,2025-08-20,24,0.0287182
Binance,BTC,2025-08-21,24,0.07919724375000001
Binance,BTC,2025-08-22,24,0.09318085
Binance,BTC,2025-08-23,24,0.10844515
Binance,BTC,2025-08-24,24,0.1095
Binance,BTC,2025-08-25,24,0.0859602375
Binance,BTC,2025-08-26,24,0.0585533
Binance,BTC,2025-08-27,24,0.050585806250000004
Binance,BTC,2025-08-28,24,0.07882357499999999
Binance,BTC,2025-08-29,24,0.04969566250000001
Binance,BTC,2025-08-30,24,0.05797431875
Binance,BTC,2025-08-31,24,0.06815462500000001
Binance,BTC,2025-09-01,24,0.07892486250000001
Binance,BTC,2025-09-02,24,0.060956368749999996
Binance,BTC,2025-09-03,24,0.03339339375
Binance,BTC,2025-09-04,24,0.069870125
Binance,BTC,2025-09-05,24,0.07281156875000001
Binance,BTC,2025-09-06,24,0.04619394375
Binance,BTC,2025-09-07,24,0.0695498375
Binance,BTC,2025-09-08,24,0.06749808125
Binance,BTC,2025-09-09,24,0.09327301250000002
Binance,BTC,2025-09-10,24,0.07615451250000001
Binance,BTC,2025-09-11,24,0.05003876250000001
Binance,BTC,2025-09-12,24,0.03674226875
Binance,BTC,2025-09-13,24,0.04508845
Binance,BTC,2025-09-14,24,0.05237339375
Binance,BTC,2025-09-15,24,0.0660513125
Binance,BTC,2025-09-16,24,0.07186165625
Binance,BTC,2025-09-17,24,0.07277689375
Binance,BTC,2025-09-18,24,0.04946297499999999
Binance,BTC,2025-09-19,24,0.038804975
Binance,BTC,2025-09-20,24,-0.01905345625
Binance,BTC,2025-09-21,24,0.04187143125
Binance,BTC,2025-09-22,24,0.049615818750000006
Binance,BTC,2025-09-23,24,0.074874275
Binance,BTC,2025-09-24,24,0.042649337499999995
Binance,BTC,2025-09-25,24,0.05114608125
Binance,BTC,2025-09-26,24,0.04547945625
Binance,BTC,2025-09-27,24,0.051627425
Binance,BTC,2025-09-28,24,0.0462610125
Binance,BTC,2025-09-29,24,0.01344614375
Binance,BTC,2025-09-30,24,0.0427296375
Binance,BTC,2025-10-01,24,0.07550891875
Binance,BTC,2025-10-02,24,0.10658456250000002
Binance,BTC,2025-10-03,24,0.10946623750000001
Binance,BTC,2025-10-04,24,0.09902085000000001
Binance,BTC,2025-10-05,24,0.09986400000000001
Binance,BTC,2025-10-06,24,0.0921552
Binance,BTC,2025-10-07,24,0.0667083125
Binance,BTC,2025-10-08,24,0.06164758750000001
Binance,BTC,2025-10-09,24,0.02795854375
Binance,BTC,2025-10-10,24,0.050151456250000004
Binance,BTC,2025-10-11,24,0.033010143750000005
Binance,BTC,2025-10-12,24,-0.04336610625
Binance,BTC,2025-10-13,24,-0.01392338125
Binance,BTC,2025-10-14,24,-0.0329887
Binance,BTC,2025-10-15,24,0.004093475000000001
Binance,BTC,2025-10-16,24,-0.0212649
Binance,BTC,2025-10-17,24,-0.0188969625
Binance,BTC,2025-10-18,24,-0.0434131
Binance,BTC,2025-10-19,24,0.0080309125
Binance,BTC,2025-10-20,24,-0.021274937499999997
Binance,BTC,2025-10-21,24,-0.01702861875
Binance,BTC,2025-10-22,24,0.056274331250000004
Binance,BTC,2025-10-23,24,0.03900755
Binance,BTC,2025-10-24,24,0.035855318750000004
Binance,BTC,2025-10-25,24,0.03411518125
Binance,BTC,2025-10-26,24,0.059958093750000004
Binance,BTC,2025-10-27,24,0.08707303125
Binance,BTC,2025-10-28,24,0.042074918749999995
Binance,BTC,2025-10-29,24,0.03484609375
Binance,BTC,2025-10-30,24,0.026770925
Binance,BTC,2025-10-31,24,0.10503468125000003
Binance,BTC,2025-11-01,24,0.10295555
Binance,BTC,2025-11-02,24,0.0735319875
Binance,BTC,2025-11-03,24,0.0791840125
Binance,BTC,2025-11-04,10,0.06876928499999999
Binance,BTC,2025-11-05,3,0.04664335
Binance,BTC,2025-11-06,3,0.05984175
Binance,BTC,2025-11-07,3,0.06410495
Binance,BTC,2025-11-08,3,0.05315495
Binance,BTC,2025-11-09,3,0.041956749999999994
Binance,BTC,2025-11-10,3,0.07739460000000001
Binance,BTC,2025-11-11,3,0.0214109
Binance,BTC,2025-11-12,3,0.03261275
Binance,BTC,2025-11-13,3,0.06525105
Binance,BTC,2025-11-14,3,0.09772144999999999
Binance,BTC,2025-11-15,3,0.0891695
Binance,BTC,2025-11-16,3,0.09053825
Binance,BTC,2025-11-17,3,0.09773240000000001
Binance,BTC,2025-11-18,3,0.08659625
Binance,BTC,2025-11-19,3,0.0601812
Binance,BTC,2025-11-20,3,0.0848917
Binance,BTC,2025-11-21,3,0.0417487
Binance,BTC,2025-11-22,3,0.04805225
Binance,BTC,2025-11-23,3,0.011212800000000002
Binance,BTC,2025-11-24,3,0.017899599999999998
Binance,BTC,2025-11-25,3,-0.023042450000000003
Binance,BTC,2025-11-26,3,0.032875549999999996
Binance,BTC,2025-11-27,3,0.01618045
Binance,BTC,2025-11-28,3,0.022173749999999996
Binance,BTC,2025-11-29,3,0.00887315
Binance,BTC,2025-11-30,3,0.049340699999999994
Binance,BTC,2025-12-01,3,0.03006505
Binance,BTC,2025-12-02,3,0.020560449999999997
Binance,BTC,2025-12-03,3,0.005799849999999999
Binance,BTC,2025-12-04,3,0.0400332
Binance,BTC,2025-12-05,3,0.0371278
Binance,BTC,2025-12-06,3,0.0138335
Binance,BTC,2025-12-07,3,0.040405500000000004
Binance,BTC,2025-12-08,3,0.03431365000000001
Binance,BTC,2025-12-09,3,0.0462601
Binance,BTC,2025-12-10,3,0.0291197
Binance,BTC,2025-12-11,3,0.02596245
Binance,BTC,2025-12-12,3,0.05473175
Binance,BTC,2025-12-13,3,0.044464300000000005
Binance,BTC,2025-12-14,3,0.06084915
Binance,BTC,2025-12-15,3,0.008679699999999999
Binance,BTC,2025-12-16,3,0.04710690000000001
Binance,BTC,2025-12-17,3,0.07710625
Binance,BTC,2025-12-18,3,0.050070699999999996
Binance,BTC,2025-12-19,3,0.09304215
Binance,BTC,2025-12-20,3,0.06717825000000001
Binance,BTC,2025-12-21,3,0.0822418
Binance,BTC,2025-12-22,3,0.056819549999999996
Binance,BTC,2025-12-23,3,0.03525535
Binance,BTC,2025-12-24,3,0.08899430000000001
Binance,BTC,2025-12-25,3,0.0811322
Binance,BTC,2025-12-26,3,0.07228825
Binance,BTC,2025-12-27,3,0.03813154999999999
Binance,BTC,2025-12-28,3,0.06344794999999999
Binance,BTC,2025-12-29,3,0.09061490000000001
Binance,BTC,2025-12-30,3,0.0837967
Binance,BTC,2025-12-31,3,0.02965625
Binance,BTC,2026-01-01,3,0.07924515
Binance,BTC,2026-01-02,3,0.053436000000000004
Binance,BTC,2026-01-03,3,0.04052595
Binance,BTC,2026-01-04,3,0.07204005000000001
Binance,BTC,2026-01-05,3,0.07973790000000001
Binance,BTC,2026-01-06,3,0.01507815
Binance,BTC,2026-01-07,3,0.07105455000000001
Binance,BTC,2026-01-08,3,0.09172085
Binance,BTC,2026-01-09,3,0.017019950000000002
Binance,BTC,2026-01-10,3,0.07130275
Binance,BTC,2026-01-11,3,0.05504565
Binance,BTC,2026-01-12,3,0.034182250000000004
Binance,BTC,2026-01-13,3,0.056677200000000004
Binance,BTC,2026-01-14,3,0.024462300000000003
Binance,BTC,2026-01-15,3,0.010614199999999999
Binance,BTC,2026-01-16,3,0.06267779999999999
Binance,BTC,2026-01-17,3,0.021188249999999995
Binance,BTC,2026-01-18,3,0.0718685
Binance,BTC,2026-01-19,3,0.028871499999999998
Binance,BTC,2026-01-20,3,0.08065404999999999
Binance,BTC,2026-01-21,3,0.06739725
Binance,BTC,2026-01-22,3,0.0762266
Binance,BTC,2026-01-23,3,0.056385199999999996
Binance,BTC,2026-01-24,3,0.05234465
Binance,BTC,2026-01-25,3,0.052209599999999995
Binance,BTC,2026-01-26,3,0.045697999999999996
Binance,BTC,2026-01-27,3,0.0649627
Binance,BTC,2026-01-28,3,0.059279649999999996
Binance,BTC,2026-01-29,3,0.06237485
Binance,BTC,2026-01-30,3,0.0237323
Binance,BTC,2026-01-31,3,0.0723649
Binance,BTC,2026-02-01,3,0.006847400000000001
Binance,BTC,2026-02-02,3,-0.0317112
Binance,BTC,2026-02-03,3,-0.0015439500000000005
Binance,BTC,2026-02-04,3,0.030251200000000002
Binance,BTC,2026-02-05,3,0.0164761
Binance,BTC,2026-02-06,3,-0.10498495000000001
Binance,BTC,2026-02-07,3,-0.09640015
Binance,BTC,2026-02-08,3,-0.04311745
Binance,BTC,2026-02-09,3,-0.02012245
Binance,BTC,2026-02-10,3,-0.08191695
Binance,BTC,2026-02-11,3,-0.0298789
Binance,BTC,2026-02-12,3,0.0014235000000000005
Binance,BTC,2026-02-13,3,0.0192574
Binance,BTC,2026-02-14,3,0.005004149999999998
Binance,BTC,2026-02-15,3,0.0044712499999999995
Binance,BTC,2026-02-16,3,-0.017264500000000002
Binance,BTC,2026-02-17,3,0.0497568
Binance,BTC,2026-02-18,3,0.0243747
Binance,BTC,2026-02-19,3,-0.015987
Binance,BTC,2026-02-20,3,0.0218854
Binance,BTC,2026-02-21,3,0.0371424
Binance,BTC,2026-02-22,3,0.0209656
Binance,BTC,2026-02-23,3,-0.00043799999999999975
Binance,BTC,2026-02-24,3,0.01580815
Binance,BTC,2026-02-25,3,0.005256
Binance,BTC,2026-02-26,3,0.0032156500000000018
Binance,BTC,2026-02-27,3,-0.035660500000000005
Binance,BTC,2026-02-28,3,-0.014567150000000001
Binance,BTC,2026-03-01,3,0.024903950000000005
Binance,BTC,2026-03-02,3,-0.012183699999999999
Binance,BTC,2026-03-03,3,0.009971800000000001
Binance,BTC,2026-03-04,3,0.006617449999999997
Binance,BTC,2026-03-05,3,0.031776900000000004
Binance,BTC,2026-03-06,3,-0.0129502
Binance,BTC,2026-03-07,3,-0.0002664499999999994
Binance,BTC,2026-03-08,3,-0.03094835
Binance,BTC,2026-03-09,3,-0.050297
Binance,BTC,2026-03-10,3,0.002095099999999999
Binance,BTC,2026-03-11,3,-0.0807672
Binance,BTC,2026-03-12,3,-0.07509875
Binance,BTC,2026-03-13,3,0.003051399999999999
Binance,BTC,2026-03-14,3,-0.0336457
Binance,BTC,2026-03-15,3,-0.02075025
Binance,BTC,2026-03-16,3,0.04258455
Binance,BTC,2026-03-17,3,-0.0128626
Binance,BTC,2026-03-18,3,-0.03271860000000001
Binance,BTC,2026-03-19,3,-0.010150649999999999
Binance,BTC,2026-03-20,3,0.00421575
Binance,BTC,2026-03-21,3,-0.004153699999999999
Binance,BTC,2026-03-22,3,-0.038164399999999994
Binance,BTC,2026-03-23,3,-0.0174543
Binance,BTC,2026-03-24,3,0.040004000000000005
Binance,BTC,2026-03-25,3,0.029583249999999995
Binance,BTC,2026-03-26,3,0.0062926
Binance,BTC,2026-03-27,3,-0.0336311
Binance,BTC,2026-03-28,3,-0.05790724999999999
Binance,BTC,2026-03-29,3,-0.0037047499999999997
Binance,BTC,2026-03-30,3,0.005657499999999999
Binance,BTC,2026-03-31,3,-0.0166732
Binance,BTC,2026-04-01,3,-0.012165450000000001
Binance,BTC,2026-04-02,3,-0.011066800000000002
Binance,BTC,2026-04-03,3,-0.00393835
Binance,BTC,2026-04-04,3,0.03477355
Binance,BTC,2026-04-05,3,0.029594199999999998
Binance,BTC,2026-04-06,3,0.047596
Binance,BTC,2026-04-07,3,0.03935065
Binance,BTC,2026-04-08,3,0.04245315
Binance,BTC,2026-04-09,3,0.011336900000000002
Binance,BTC,2026-04-10,3,0.0024893
Binance,BTC,2026-04-11,3,-0.07322995
Binance,BTC,2026-04-12,3,-0.044285450000000004
Binance,BTC,2026-04-13,3,-0.0212649
Binance,BTC,2026-04-14,3,-0.0304994
Binance,BTC,2026-04-15,3,-0.07865385
Binance,BTC,2026-04-16,3,-0.0309666
Binance,BTC,2026-04-17,3,-0.01719515
Binance,BTC,2026-04-18,3,-0.0721459
Binance,BTC,2026-04-19,3,-0.1017985
Binance,BTC,2026-04-20,3,-0.0443037
Binance,BTC,2026-04-21,3,-0.06571095
Binance,BTC,2026-04-22,3,0.0020951000000000008
Binance,BTC,2026-04-23,3,-0.06613435
Binance,BTC,2026-04-24,3,-0.054187900000000004
Binance,BTC,2026-04-25,3,-0.04749015
Binance,BTC,2026-04-26,3,0.00214985
Binance,BTC,2026-04-27,3,-0.0514212
Binance,BTC,2026-04-28,3,-0.006982450000000001
Binance,BTC,2026-04-29,3,0.007431399999999999
Binance,BTC,2026-04-30,3,-0.03270765
Binance,BTC,2026-05-01,3,-0.03175135
Binance,BTC,2026-05-02,3,-0.03089725
Binance,BTC,2026-05-03,3,0.0058217500000000005
Binance,BTC,2026-05-04,3,0.003598899999999999
Binance,BTC,2026-05-05,3,-0.04835885
Binance,BTC,2026-05-06,3,-0.06956535
Binance,BTC,2026-05-07,3,-0.0490487
Binance,BTC,2026-05-08,3,-0.023845450000000004
Binance,BTC,2026-05-09,3,0.006183099999999998
Binance,BTC,2026-05-10,3,0.038252
Binance,BTC,2026-05-11,3,0.04724925
Binance,BTC,2026-05-12,3,0.0349816
Binance,BTC,2026-05-13,3,0.045818450000000004
Binance,BTC,2026-05-14,3,0.039967499999999996
Binance,BTC,2026-05-15,3,-0.0167316
Binance,BTC,2026-05-16,3,0.031692950000000004
Binance,BTC,2026-05-17,3,0.019202649999999998
Binance,CLOIL,2026-03-31,4,0.0
Binance,CLOIL,2026-04-01,6,-0.1737035
Binance,CLOIL,2026-04-02,6,-1.29926495
Binance,CLOIL,2026-04-03,6,-0.47389774999999995
Binance,CLOIL,2026-04-04,6,-0.296526
Binance,CLOIL,2026-04-05,6,1.7712136
Binance,CLOIL,2026-04-06,6,-2.2832282999999998
Binance,CLOIL,2026-04-07,6,-2.6873234500000005
Binance,CLOIL,2026-04-08,6,-4.43625745
Binance,CLOIL,2026-04-09,6,-4.3995567
Binance,CLOIL,2026-04-10,6,-2.09590665
Binance,CLOIL,2026-04-11,6,-1.8257738000000001
Binance,CLOIL,2026-04-12,6,5.3820308500000005
Binance,CLOIL,2026-04-13,6,-2.5194125
Binance,CLOIL,2026-04-14,6,-1.8498601500000003
Binance,CLOIL,2026-04-15,6,0.08750874999999998
Binance,CLOIL,2026-04-16,6,0.12823545
Binance,CLOIL,2026-04-17,6,0.5752838
Binance,CLOIL,2026-04-18,6,2.56207005
Binance,CLOIL,2026-04-19,6,7.8903291
Binance,CLOIL,2026-04-20,6,1.825
Binance,CLOIL,2026-04-21,6,0.2479372
Binance,CLOIL,2026-04-22,6,0.0189654
Binance,CLOIL,2026-04-23,6,-0.048253
Binance,CLOIL,2026-04-24,6,-0.2924088
Binance,CLOIL,2026-04-25,6,0.25625555
Binance,CLOIL,2026-04-26,6,1.8312926
Binance,CLOIL,2026-04-27,6,-0.0012337000000000001
Binance,CLOIL,2026-04-28,6,-0.33696434999999997
Binance,CLOIL,2026-04-29,6,-0.48698665
Binance,CLOIL,2026-04-30,6,-0.4742591
Binance,CLOIL,2026-05-01,6,-0.61640835
Binance,CLOIL,2026-05-02,6,-0.30254485
Binance,CLOIL,2026-05-03,6,-3.1267323499999997
Binance,CLOIL,2026-05-04,6,-0.96589585
Binance,CLOIL,2026-05-05,6,-0.2039328
Binance,CLOIL,2026-05-06,6,-0.20933115
Binance,CLOIL,2026-05-07,6,-2.12301885
Binance,CLOIL,2026-05-08,6,-1.8891889
Binance,CLOIL,2026-05-09,6,-0.1410433
Binance,CLOIL,2026-05-10,6,0.26702305
Binance,CLOIL,2026-05-11,6,-2.2103305
Binance,CLOIL,2026-05-12,6,-2.53599445
Binance,CLOIL,2026-05-13,6,-2.4886539500000002
Binance,CLOIL,2026-05-14,6,-0.0157899
Binance,CLOIL,2026-05-15,6,-0.17554309999999998
Binance,CLOIL,2026-05-16,6,0.05729404999999999
Binance,CLOIL,2026-05-17,5,0.0
Binance,ETH,2023-10-01,24,0.047491975
Binance,ETH,2023-10-02,24,0.05096905625
Binance,ETH,2023-10-03,24,0.046947668750000005
Binance,ETH,2023-10-04,24,0.020952368750000002
Binance,ETH,2023-10-05,24,0.05024270625
Binance,ETH,2023-10-06,24,0.084086875
Binance,ETH,2023-10-07,24,0.05959172499999999
Binance,ETH,2023-10-08,24,0.10555070000000001
Binance,ETH,2023-10-09,24,0.062931475
Binance,ETH,2023-10-10,24,0.06251126875
Binance,ETH,2023-10-11,24,0.05081484375
Binance,ETH,2023-10-12,24,0.0493991
Binance,ETH,2023-10-13,24,0.0276113375
Binance,ETH,2023-10-14,24,0.05872530625
Binance,ETH,2023-10-15,24,0.04647499375
Binance,ETH,2023-10-16,24,0.055351793749999996
Binance,ETH,2023-10-17,24,0.0538274625
Binance,ETH,2023-10-18,24,0.04505195000000001
Binance,ETH,2023-10-19,24,0.046522443749999996
Binance,ETH,2023-10-20,24,0.0648121375
Binance,ETH,2023-10-21,24,0.046459024999999994
Binance,ETH,2023-10-22,24,0.044896825
Binance,ETH,2023-10-23,24,0.04885068750000001
Binance,ETH,2023-10-24,24,0.1095
Binance,ETH,2023-10-25,24,0.1095
Binance,ETH,2023-10-26,24,0.1095
Binance,ETH,2023-10-27,24,0.1095
Binance,ETH,2023-10-28,24,0.1095
Binance,ETH,2023-10-29,24,0.1095
Binance,ETH,2023-10-30,24,0.1095
Binance,ETH,2023-10-31,24,0.1095
Binance,ETH,2023-11-01,24,0.1631039
Binance,ETH,2023-11-02,24,0.15569439999999998
Binance,ETH,2023-11-03,24,0.1095
Binance,ETH,2023-11-04,24,0.1095
Binance,ETH,2023-11-05,24,0.1095
Binance,ETH,2023-11-06,24,0.1095
Binance,ETH,2023-11-07,24,0.1095
Binance,ETH,2023-11-08,24,0.1095
Binance,ETH,2023-11-09,24,0.38859861875000007
Binance,ETH,2023-11-10,24,0.25342725625
Binance,ETH,2023-11-11,24,0.20733779375000003
Binance,ETH,2023-11-12,24,0.23800144375
Binance,ETH,2023-11-13,24,0.2416966125
Binance,ETH,2023-11-14,24,0.126751725
Binance,ETH,2023-11-15,24,0.1095
Binance,ETH,2023-11-16,24,0.1095
Binance,ETH,2023-11-17,24,0.1095
Binance,ETH,2023-11-18,24,0.1095
Binance,ETH,2023-11-19,24,0.1095
Binance,ETH,2023-11-20,24,0.1095
Binance,ETH,2023-11-21,24,0.1095
Binance,ETH,2023-11-22,24,0.1095
Binance,ETH,2023-11-23,24,0.1095
Binance,ETH,2023-11-24,24,0.1095
Binance,ETH,2023-11-25,24,0.1095
Binance,ETH,2023-11-26,24,0.1095
Binance,ETH,2023-11-27,24,0.1095
Binance,ETH,2023-11-28,24,0.1095
Binance,ETH,2023-11-29,24,0.1095
Binance,ETH,2023-11-30,24,0.1095
Binance,ETH,2023-12-01,24,0.1095
Binance,ETH,2023-12-02,24,0.1095
Binance,ETH,2023-12-03,24,0.1095
Binance,ETH,2023-12-04,24,0.1095
Binance,ETH,2023-12-05,24,0.1095
Binance,ETH,2023-12-06,24,0.1095
Binance,ETH,2023-12-07,24,0.15003826875
Binance,ETH,2023-12-08,24,0.16558088125
Binance,ETH,2023-12-09,24,0.2999195875
Binance,ETH,2023-12-10,24,0.2261768125
Binance,ETH,2023-12-11,24,0.11593860000000002
Binance,ETH,2023-12-12,24,0.11848401875000002
Binance,ETH,2023-12-13,24,0.13136578125
Binance,ETH,2023-12-14,24,0.1095
Binance,ETH,2023-12-15,24,0.11102935000000001
Binance,ETH,2023-12-16,24,0.1095
Binance,ETH,2023-12-17,24,0.13085113125
Binance,ETH,2023-12-18,24,0.11181911875000002
Binance,ETH,2023-12-19,24,0.1095
Binance,ETH,2023-12-20,24,0.20913268124999998
Binance,ETH,2023-12-21,24,0.40342491875000003
Binance,ETH,2023-12-22,24,0.424215775
Binance,ETH,2023-12-23,24,0.1624313875
Binance,ETH,2023-12-24,24,0.20217121875
Binance,ETH,2023-12-25,24,0.4047193
Binance,ETH,2023-12-26,24,0.36585455624999996
Binance,ETH,2023-12-27,24,0.43005531875
Binance,ETH,2023-12-28,24,0.54512521875
Binance,ETH,2023-12-29,24,0.46002273125
Binance,ETH,2023-12-30,24,0.29332358124999997
Binance,ETH,2023-12-31,24,0.31585275
Binance,ETH,2024-01-01,24,0.45408235625000004
Binance,ETH,2024-01-02,24,0.53545454375
Binance,ETH,2024-01-03,24,0.17045956250000002
Binance,ETH,2024-01-04,24,0.1095
Binance,ETH,2024-01-05,24,0.1095
Binance,ETH,2024-01-06,24,0.1095
Binance,ETH,2024-01-07,24,0.1095
Binance,ETH,2024-01-08,24,0.1095
Binance,ETH,2024-01-09,24,0.1095
Binance,ETH,2024-01-10,24,0.1095
Binance,ETH,2024-01-11,24,0.1095
Binance,ETH,2024-01-12,24,0.1095
Binance,ETH,2024-01-13,24,0.1095
Binance,ETH,2024-01-14,24,0.1095
Binance,ETH,2024-01-15,24,0.1095
Binance,ETH,2024-01-16,24,0.1095
Binance,ETH,2024-01-17,24,0.1095
Binance,ETH,2024-01-18,24,0.1095
Binance,ETH,2024-01-19,24,0.1095
Binance,ETH,2024-01-20,24,0.1095
Binance,ETH,2024-01-21,24,0.1095
Binance,ETH,2024-01-22,24,0.1095
Binance,ETH,2024-01-23,24,0.1095
Binance,ETH,2024-01-24,24,0.1095
Binance,ETH,2024-01-25,24,0.1095
Binance,ETH,2024-01-26,24,0.09952591875
Binance,ETH,2024-01-27,24,0.09707905000000001
Binance,ETH,2024-01-28,24,0.08749278125
Binance,ETH,2024-01-29,24,0.1095
Binance,ETH,2024-01-30,24,0.09561175000000001
Binance,ETH,2024-01-31,24,0.09521435625
Binance,ETH,2024-02-01,24,0.09968834375
Binance,ETH,2024-02-02,24,0.0805162625
Binance,ETH,2024-02-03,24,0.06671196250000001
Binance,ETH,2024-02-04,24,0.10308147500000002
Binance,ETH,2024-02-05,24,0.09573813125000001
Binance,ETH,2024-02-06,24,0.10005745
Binance,ETH,2024-02-07,24,0.06898271875
Binance,ETH,2024-02-08,24,0.0925567
Binance,ETH,2024-02-09,24,0.1015694625
Binance,ETH,2024-02-10,24,0.1070900875
Binance,ETH,2024-02-11,24,0.074764775
Binance,ETH,2024-02-12,24,0.10714757500000001
Binance,ETH,2024-02-13,24,0.1095
Binance,ETH,2024-02-14,24,0.1207493
Binance,ETH,2024-02-15,24,0.14064316875000002
Binance,ETH,2024-02-16,24,0.11584233125
Binance,ETH,2024-02-17,24,0.12234435000000003
Binance,ETH,2024-02-18,24,0.11366100000000001
Binance,ETH,2024-02-19,24,0.162196875
Binance,ETH,2024-02-20,24,0.20630758125
Binance,ETH,2024-02-21,24,0.12078534375000001
Binance,ETH,2024-02-22,24,0.1095
Binance,ETH,2024-02-23,24,0.1095
Binance,ETH,2024-02-24,24,0.1095
Binance,ETH,2024-02-25,24,0.36600375
Binance,ETH,2024-02-26,24,0.25863124375
Binance,ETH,2024-02-27,24,0.47209054375
Binance,ETH,2024-02-28,24,0.491098375
Binance,ETH,2024-02-29,24,0.7421900875
Binance,ETH,2024-03-01,24,0.51436165
Binance,ETH,2024-03-02,24,0.55901894375
Binance,ETH,2024-03-03,24,0.4279469875
Binance,ETH,2024-03-04,24,0.43151896875
Binance,ETH,2024-03-05,24,0.755504375
Binance,ETH,2024-03-06,24,0.41128975624999997
Binance,ETH,2024-03-07,24,0.4577611
Binance,ETH,2024-03-08,24,0.5154721624999999
Binance,ETH,2024-03-09,24,0.38883495625
Binance,ETH,2024-03-10,24,0.39867490000000005
Binance,ETH,2024-03-11,24,0.7110008375000002
Binance,ETH,2024-03-12,24,0.49447051875000003
Binance,ETH,2024-03-13,24,0.533288725
Binance,ETH,2024-03-14,24,0.459693775
Binance,ETH,2024-03-15,24,0.28565219375
Binance,ETH,2024-03-16,24,0.25726112500000003
Binance,ETH,2024-03-17,24,0.21540657500000002
Binance,ETH,2024-03-18,24,0.302196275
Binance,ETH,2024-03-19,24,0.198496125
Binance,ETH,2024-03-20,24,0.14264428125
Binance,ETH,2024-03-21,24,0.19666382500000001
Binance,ETH,2024-03-22,24,0.18793439374999998
Binance,ETH,2024-03-23,24,0.14182120625
Binance,ETH,2024-03-24,24,0.19850753124999998
Binance,ETH,2024-03-25,24,0.25786063750000005
Binance,ETH,2024-03-26,24,0.25807005625
Binance,ETH,2024-03-27,24,0.34358681874999997
Binance,ETH,2024-03-28,24,0.39154416875000003
Binance,ETH,2024-03-29,24,0.33977165625
Binance,ETH,2024-03-30,24,0.35125729375000003
Binance,ETH,2024-03-31,24,0.65795265
Binance,ETH,2024-04-01,24,0.27713856875000004
Binance,ETH,2024-04-02,24,0.1214400625
Binance,ETH,2024-04-03,24,0.1095
Binance,ETH,2024-04-04,24,0.1095
Binance,ETH,2024-04-05,24,0.131000325
Binance,ETH,2024-04-06,24,0.11257147500000002
Binance,ETH,2024-04-07,24,0.1095
Binance,ETH,2024-04-08,24,0.2368412
Binance,ETH,2024-04-09,24,0.16380606875
Binance,ETH,2024-04-10,24,0.14493283125
Binance,ETH,2024-04-11,24,0.12951295000000002
Binance,ETH,2024-04-12,24,0.1095
Binance,ETH,2024-04-13,24,0.1095
Binance,ETH,2024-04-14,24,0.1095
Binance,ETH,2024-04-15,24,0.0819561875
Binance,ETH,2024-04-16,24,0.08719713124999999
Binance,ETH,2024-04-17,24,0.01934135
Binance,ETH,2024-04-18,24,0.0456761
Binance,ETH,2024-04-19,24,0.08455818125000002
Binance,ETH,2024-04-20,24,0.04969155625
Binance,ETH,2024-04-21,24,0.0272025375
Binance,ETH,2024-04-22,24,0.014420693749999998
Binance,ETH,2024-04-23,24,0.04501955625
Binance,ETH,2024-04-24,24,0.028243243749999997
Binance,ETH,2024-04-25,24,0.04814851875000001
Binance,ETH,2024-04-26,24,0.06344749375
Binance,ETH,2024-04-27,24,0.0685752875
Binance,ETH,2024-04-28,24,0.0928970625
Binance,ETH,2024-04-29,24,0.0863635625
Binance,ETH,2024-04-30,24,0.05054383125
Binance,ETH,2024-05-01,24,0.04524129375
Binance,ETH,2024-05-02,24,0.0761526875
Binance,ETH,2024-05-03,24,0.036037362499999996
Binance,ETH,2024-05-04,24,0.0866665125
Binance,ETH,2024-05-05,24,0.07647069375
Binance,ETH,2024-05-06,24,0.09543061875000002
Binance,ETH,2024-05-07,24,0.0683179625
Binance,ETH,2024-05-08,24,0.09839122500000001
Binance,ETH,2024-05-09,24,0.10643400000000001
Binance,ETH,2024-05-10,24,0.08357678750000001
Binance,ETH,2024-05-11,24,0.08454495000000001
Binance,ETH,2024-05-12,24,0.07166638125
Binance,ETH,2024-05-13,24,0.10759698125000002
Binance,ETH,2024-05-14,24,0.0995136
Binance,ETH,2024-05-15,24,0.09976544999999999
Binance,ETH,2024-05-16,24,0.064833125
Binance,ETH,2024-05-17,24,0.07337731874999999
Binance,ETH,2024-05-18,24,0.06807113125
Binance,ETH,2024-05-19,24,0.079068125
Binance,ETH,2024-05-20,24,0.0602907
Binance,ETH,2024-05-21,24,0.15165567500000002
Binance,ETH,2024-05-22,24,0.129558575
Binance,ETH,2024-05-23,24,0.1095
Binance,ETH,2024-05-24,24,0.1095
Binance,ETH,2024-05-25,24,0.1095
Binance,ETH,2024-05-26,24,0.1095
Binance,ETH,2024-05-27,24,0.1095
Binance,ETH,2024-05-28,24,0.14139871875
Binance,ETH,2024-05-29,24,0.19006645
Binance,ETH,2024-05-30,24,0.16362083125000002
Binance,ETH,2024-05-31,24,0.14363343125
Binance,ETH,2024-06-01,24,0.147607825
Binance,ETH,2024-06-02,24,0.12072785625
Binance,ETH,2024-06-03,24,0.14218848750000002
Binance,ETH,2024-06-04,24,0.13467724375
Binance,ETH,2024-06-05,24,0.145301025
Binance,ETH,2024-06-06,24,0.18922147499999997
Binance,ETH,2024-06-07,24,0.14972345625
Binance,ETH,2024-06-08,24,0.1095
Binance,ETH,2024-06-09,24,0.1095
Binance,ETH,2024-06-10,24,0.1095
Binance,ETH,2024-06-11,24,0.1095
Binance,ETH,2024-06-12,24,0.1095
Binance,ETH,2024-06-13,24,0.1095
Binance,ETH,2024-06-14,24,0.1095
Binance,ETH,2024-06-15,24,0.1095
Binance,ETH,2024-06-16,24,0.1095
Binance,ETH,2024-06-17,24,0.09564779375
Binance,ETH,2024-06-18,24,0.08624265625000001
Binance,ETH,2024-06-19,24,0.09534530000000001
Binance,ETH,2024-06-20,24,0.0418280875
Binance,ETH,2024-06-21,24,0.05909258750000001
Binance,ETH,2024-06-22,24,0.059103537500000004
Binance,ETH,2024-06-23,24,0.057439137499999994
Binance,ETH,2024-06-24,24,0.09898435
Binance,ETH,2024-06-25,24,0.1095
Binance,ETH,2024-06-26,24,0.1095
Binance,ETH,2024-06-27,24,0.1095
Binance,ETH,2024-06-28,24,0.1095
Binance,ETH,2024-06-29,24,0.1095
Binance,ETH,2024-06-30,24,0.1095
Binance,ETH,2024-07-01,24,0.1095
Binance,ETH,2024-07-02,24,0.1095
Binance,ETH,2024-07-03,24,0.1095
Binance,ETH,2024-07-04,24,0.1095
Binance,ETH,2024-07-05,24,0.08615505625000001
Binance,ETH,2024-07-06,24,0.062116612499999994
Binance,ETH,2024-07-07,24,0.08602913125
Binance,ETH,2024-07-08,24,0.06935319375
Binance,ETH,2024-07-09,24,0.04679254375
Binance,ETH,2024-07-10,24,0.05813720000000001
Binance,ETH,2024-07-11,24,0.0859365125
Binance,ETH,2024-07-12,24,0.0798766
Binance,ETH,2024-07-13,24,0.1006816
Binance,ETH,2024-07-14,24,0.07023466875
Binance,ETH,2024-07-15,24,0.0447207125
Binance,ETH,2024-07-16,24,0.07891436875
Binance,ETH,2024-07-17,24,0.08634075000000001
Binance,ETH,2024-07-18,24,0.05494208125
Binance,ETH,2024-07-19,24,0.085094275
Binance,ETH,2024-07-20,24,0.07464204375
Binance,ETH,2024-07-21,24,0.06616948125000001
Binance,ETH,2024-07-22,24,0.06796436875
Binance,ETH,2024-07-23,24,0.09807139375000001
Binance,ETH,2024-07-24,24,0.08892358125
Binance,ETH,2024-07-25,24,0.031103931249999998
Binance,ETH,2024-07-26,24,0.041440731249999994
Binance,ETH,2024-07-27,24,0.0669163625
Binance,ETH,2024-07-28,24,0.10366821250000001
Binance,ETH,2024-07-29,24,0.10866688750000002
Binance,ETH,2024-07-30,24,0.1095
Binance,ETH,2024-07-31,24,0.1095
Binance,ETH,2024-08-01,24,0.08726739374999999
Binance,ETH,2024-08-02,24,0.072790125
Binance,ETH,2024-08-03,24,0.045479
Binance,ETH,2024-08-04,24,0.027320706250000003
Binance,ETH,2024-08-05,24,-0.030762199999999993
Binance,ETH,2024-08-06,24,-0.057597912499999994
Binance,ETH,2024-08-07,24,-0.03451120625
Binance,ETH,2024-08-08,24,-0.014857325
Binance,ETH,2024-08-09,24,-0.007725224999999999
Binance,ETH,2024-08-10,24,0.01392520625
Binance,ETH,2024-08-11,24,0.00775579375
Binance,ETH,2024-08-12,24,0.07382626875
Binance,ETH,2024-08-13,24,-0.033199943749999995
Binance,ETH,2024-08-14,24,0.015282093749999996
Binance,ETH,2024-08-15,24,0.0293213625
Binance,ETH,2024-08-16,24,0.0272372125
Binance,ETH,2024-08-17,24,-0.0181249875
Binance,ETH,2024-08-18,24,-0.029027537500000002
Binance,ETH,2024-08-19,24,-0.001024281249999999
Binance,ETH,2024-08-20,24,0.0019559437500000017
Binance,ETH,2024-08-21,24,0.021109775
Binance,ETH,2024-08-22,24,0.04092243125
Binance,ETH,2024-08-23,24,0.019739656249999998
Binance,ETH,2024-08-24,24,-0.005848668750000001
Binance,ETH,2024-08-25,24,0.0268028625
Binance,ETH,2024-08-26,24,0.07497966875
Binance,ETH,2024-08-27,24,0.030535899999999994
Binance,ETH,2024-08-28,24,0.0034665874999999994
Binance,ETH,2024-08-29,24,0.0173438875
Binance,ETH,2024-08-30,24,0.0444579125
Binance,ETH,2024-08-31,24,0.07293293125
Binance,ETH,2024-09-01,24,0.02887925625
Binance,ETH,2024-09-02,24,0.057044025
Binance,ETH,2024-09-03,24,0.06517075
Binance,ETH,2024-09-04,24,0.03541366875
Binance,ETH,2024-09-05,24,0.03411883125
Binance,ETH,2024-09-06,24,0.03484518125
Binance,ETH,2024-09-07,24,0.0249577875
Binance,ETH,2024-09-08,24,0.022839875
Binance,ETH,2024-09-09,24,0.010846431249999998
Binance,ETH,2024-09-10,24,-0.0033443125
Binance,ETH,2024-09-11,24,0.009440724999999999
Binance,ETH,2024-09-12,24,0.028136481249999998
Binance,ETH,2024-09-13,24,0.041433887499999995
Binance,ETH,2024-09-14,24,-0.0014892000000000002
Binance,ETH,2024-09-15,24,0.02291150625
Binance,ETH,2024-09-16,24,-0.003333362499999999
Binance,ETH,2024-09-17,24,0.0485951875
Binance,ETH,2024-09-18,24,0.046585406249999996
Binance,ETH,2024-09-19,24,0.07436099375
Binance,ETH,2024-09-20,24,0.09788752500000002
Binance,ETH,2024-09-21,24,0.059562525
Binance,ETH,2024-09-22,24,0.065844175
Binance,ETH,2024-09-23,24,0.061992512500000006
Binance,ETH,2024-09-24,24,0.04434978125
Binance,ETH,2024-09-25,24,0.058845299999999996
Binance,ETH,2024-09-26,24,0.100292875
Binance,ETH,2024-09-27,24,0.08731940625000001
Binance,ETH,2024-09-28,24,0.06403423125
Binance,ETH,2024-09-29,24,0.0782715125
Binance,ETH,2024-09-30,24,0.10271145625000001
Binance,ETH,2024-10-01,24,0.10364905
Binance,ETH,2024-10-02,24,0.07382033750000001
Binance,ETH,2024-10-03,24,0.049431949999999995
Binance,ETH,2024-10-04,24,0.062164062500000006
Binance,ETH,2024-10-05,24,0.08227465
Binance,ETH,2024-10-06,24,0.046044749999999995
Binance,ETH,2024-10-07,24,0.0659117
Binance,ETH,2024-10-08,24,0.10202115
Binance,ETH,2024-10-09,24,0.07562845625
Binance,ETH,2024-10-10,24,0.10797749375
Binance,ETH,2024-10-11,24,0.07515486875
Binance,ETH,2024-10-12,24,0.09067558125000001
Binance,ETH,2024-10-13,24,0.04544660625
Binance,ETH,2024-10-14,24,0.10793004375000002
Binance,ETH,2024-10-15,24,0.1095
Binance,ETH,2024-10-16,24,0.1095
Binance,ETH,2024-10-17,24,0.1095
Binance,ETH,2024-10-18,24,0.1095
Binance,ETH,2024-10-19,24,0.1095
Binance,ETH,2024-10-20,24,0.1095
Binance,ETH,2024-10-21,24,0.1095
Binance,ETH,2024-10-22,24,0.1095
Binance,ETH,2024-10-23,24,0.1095
Binance,ETH,2024-10-24,24,0.1095
Binance,ETH,2024-10-25,24,0.1095
Binance,ETH,2024-10-26,24,0.1095
Binance,ETH,2024-10-27,24,0.1095
Binance,ETH,2024-10-28,24,0.1095
Binance,ETH,2024-10-29,24,0.1095
Binance,ETH,2024-10-30,24,0.1095
Binance,ETH,2024-10-31,24,0.1095
Binance,ETH,2024-11-01,24,0.1095
Binance,ETH,2024-11-02,24,0.1095
Binance,ETH,2024-11-03,24,0.1095
Binance,ETH,2024-11-04,24,0.1095
Binance,ETH,2024-11-05,24,0.10793825625000002
Binance,ETH,2024-11-06,24,0.10927689375
Binance,ETH,2024-11-07,24,0.12733025
Binance,ETH,2024-11-08,24,0.1095
Binance,ETH,2024-11-09,24,0.1095
Binance,ETH,2024-11-10,24,0.23108879999999998
Binance,ETH,2024-11-11,24,0.20150235625000001
Binance,ETH,2024-11-12,24,0.4297437
Binance,ETH,2024-11-13,24,0.20954056875000002
Binance,ETH,2024-11-14,24,0.11977064375000002
Binance,ETH,2024-11-15,24,0.1485102875
Binance,ETH,2024-11-16,24,0.11817924375000001
Binance,ETH,2024-11-17,24,0.17635659375
Binance,ETH,2024-11-18,24,0.32593359375
Binance,ETH,2024-11-19,24,0.20747375624999997
Binance,ETH,2024-11-20,24,0.16076470625
Binance,ETH,2024-11-21,24,0.22375777500000002
Binance,ETH,2024-11-22,24,0.25116243125
Binance,ETH,2024-11-23,24,0.347065725
Binance,ETH,2024-11-24,24,0.25353995
Binance,ETH,2024-11-25,24,0.28947921875
Binance,ETH,2024-11-26,24,0.18963392499999998
Binance,ETH,2024-11-27,24,0.19413985
Binance,ETH,2024-11-28,24,0.135829275
Binance,ETH,2024-11-29,24,0.15170814375
Binance,ETH,2024-11-30,24,0.1813402125
Binance,ETH,2024-12-01,24,0.225929525
Binance,ETH,2024-12-02,24,0.31158361875
Binance,ETH,2024-12-03,24,0.250698425
Binance,ETH,2024-12-04,24,0.2145397
Binance,ETH,2024-12-05,24,0.35084803750000004
Binance,ETH,2024-12-06,24,0.29361694999999993
Binance,ETH,2024-12-07,24,0.2535937875
Binance,ETH,2024-12-08,24,0.22944265
Binance,ETH,2024-12-09,24,0.12667325000000002
Binance,ETH,2024-12-10,24,0.1095
Binance,ETH,2024-12-11,24,0.1095
Binance,ETH,2024-12-12,24,0.1095
Binance,ETH,2024-12-13,24,0.1095
Binance,ETH,2024-12-14,24,0.1095
Binance,ETH,2024-12-15,24,0.10305136250000001
Binance,ETH,2024-12-16,24,0.10888953750000002
Binance,ETH,2024-12-17,24,0.1032594125
Binance,ETH,2024-12-18,24,0.09616563750000001
Binance,ETH,2024-12-19,24,0.0887826
Binance,ETH,2024-12-20,24,0.09784920000000001
Binance,ETH,2024-12-21,24,0.10783560000000002
Binance,ETH,2024-12-22,24,0.0788226625
Binance,ETH,2024-12-23,24,0.08589453750000002
Binance,ETH,2024-12-24,24,0.0584921625
Binance,ETH,2024-12-25,24,0.06245423750000001
Binance,ETH,2024-12-26,24,0.09601325000000001
Binance,ETH,2024-12-27,24,0.08678605
Binance,ETH,2024-12-28,24,0.09411296875000001
Binance,ETH,2024-12-29,24,0.08805123125000001
Binance,ETH,2024-12-30,24,0.1095
Binance,ETH,2024-12-31,24,0.1040761
Binance,ETH,2025-01-01,24,0.1095
Binance,ETH,2025-01-02,24,0.1095
Binance,ETH,2025-01-03,24,0.1095
Binance,ETH,2025-01-04,24,0.1095
Binance,ETH,2025-01-05,24,0.1095
Binance,ETH,2025-01-06,24,0.1095
Binance,ETH,2025-01-07,24,0.1084077375
Binance,ETH,2025-01-08,24,0.09851395625000002
Binance,ETH,2025-01-09,24,0.10020162500000002
Binance,ETH,2025-01-10,24,0.08344219375
Binance,ETH,2025-01-11,24,0.09205938750000002
Binance,ETH,2025-01-12,24,0.10268910000000002
Binance,ETH,2025-01-13,24,0.06840145625
Binance,ETH,2025-01-14,24,0.07198529999999999
Binance,ETH,2025-01-15,24,0.07548154375
Binance,ETH,2025-01-16,24,0.08608890000000001
Binance,ETH,2025-01-17,24,0.1095
Binance,ETH,2025-01-18,24,0.1095
Binance,ETH,2025-01-19,24,0.1095
Binance,ETH,2025-01-20,24,0.1095
Binance,ETH,2025-01-21,24,0.1095
Binance,ETH,2025-01-22,24,0.1095
Binance,ETH,2025-01-23,24,0.1095
Binance,ETH,2025-01-24,24,0.09961215000000001
Binance,ETH,2025-01-25,24,0.09049490625
Binance,ETH,2025-01-26,24,0.05307236875000001
Binance,ETH,2025-01-27,24,0.057328725000000004
Binance,ETH,2025-01-28,24,0.0728175
Binance,ETH,2025-01-29,24,0.06754005625000001
Binance,ETH,2025-01-30,24,0.09327073125
Binance,ETH,2025-01-31,24,0.0969047625
Binance,ETH,2025-02-01,24,0.07674809375
Binance,ETH,2025-02-02,24,0.059799775000000006
Binance,ETH,2025-02-03,24,-0.1850358375
Binance,ETH,2025-02-04,24,-0.05740172500000001
Binance,ETH,2025-02-05,24,0.024201324999999996
Binance,ETH,2025-02-06,24,-0.020186325
Binance,ETH,2025-02-07,24,0.0012980312500000008
Binance,ETH,2025-02-08,24,0.058059637500000004
Binance,ETH,2025-02-09,24,0.04106478125
Binance,ETH,2025-02-10,24,0.04410431875
Binance,ETH,2025-02-11,24,0.030421381249999994
Binance,ETH,2025-02-12,24,0.07618781875
Binance,ETH,2025-02-13,24,0.045364481250000005
Binance,ETH,2025-02-14,24,0.0727910375
Binance,ETH,2025-02-15,24,0.0313562375
Binance,ETH,2025-02-16,24,0.048892662499999996
Binance,ETH,2025-02-17,24,0.07378611875
Binance,ETH,2025-02-18,24,0.0320552125
Binance,ETH,2025-02-19,24,0.03977541875
Binance,ETH,2025-02-20,24,0.055244118749999994
Binance,ETH,2025-02-21,24,0.0516329
Binance,ETH,2025-02-22,24,0.039785
Binance,ETH,2025-02-23,24,0.041832193749999996
Binance,ETH,2025-02-24,24,0.0064112249999999996
Binance,ETH,2025-02-25,24,0.01665449375
Binance,ETH,2025-02-26,24,0.06284980624999999
Binance,ETH,2025-02-27,24,0.07181831250000001
Binance,ETH,2025-02-28,24,0.026379462499999996
Binance,ETH,2025-03-01,24,0.005078062500000002
Binance,ETH,2025-03-02,24,0.04390995625
Binance,ETH,2025-03-03,24,-0.000664300000000001
Binance,ETH,2025-03-04,24,0.00554206875
Binance,ETH,2025-03-05,24,0.0349660875
Binance,ETH,2025-03-06,24,0.005532031249999999
Binance,ETH,2025-03-07,24,0.0398808125
Binance,ETH,2025-03-08,24,0.06204863124999999
Binance,ETH,2025-03-09,24,0.002792249999999999
Binance,ETH,2025-03-10,24,0.007071874999999998
Binance,ETH,2025-03-11,24,0.03899431875
Binance,ETH,2025-03-12,24,0.0017068312499999999
Binance,ETH,2025-03-13,24,0.025478368749999997
Binance,ETH,2025-03-14,24,0.058836175
Binance,ETH,2025-03-15,24,0.016058631250000004
Binance,ETH,2025-03-16,24,-0.0142505125
Binance,ETH,2025-03-17,24,0.0521119625
Binance,ETH,2025-03-18,24,0.0418436
Binance,ETH,2025-03-19,24,0.05445389375
Binance,ETH,2025-03-20,24,0.018482231249999998
Binance,ETH,2025-03-21,24,0.03208213125
Binance,ETH,2025-03-22,24,0.004210731250000001
Binance,ETH,2025-03-23,24,0.01745566875
Binance,ETH,2025-03-24,24,0.0666407875
Binance,ETH,2025-03-25,24,0.01615855
Binance,ETH,2025-03-26,24,0.0116261625
Binance,ETH,2025-03-27,24,0.061516643749999995
Binance,ETH,2025-03-28,24,-0.010492381250000002
Binance,ETH,2025-03-29,24,0.025818275
Binance,ETH,2025-03-30,24,-0.004479462500000001
Binance,ETH,2025-03-31,24,0.0148217375
Binance,ETH,2025-04-01,24,0.0340399
Binance,ETH,2025-04-02,24,0.015028418750000001
Binance,ETH,2025-04-03,24,0.042188525000000004
Binance,ETH,2025-04-04,24,0.01618045
Binance,ETH,2025-04-05,24,0.027448000000000004
Binance,ETH,2025-04-06,24,9.353124999999943e-05
Binance,ETH,2025-04-07,24,-0.0192437125
Binance,ETH,2025-04-08,24,-0.0165938125
Binance,ETH,2025-04-09,24,0.011470125000000003
Binance,ETH,2025-04-10,24,0.012449237500000002
Binance,ETH,2025-04-11,24,-0.015460031249999999
Binance,ETH,2025-04-12,24,0.03228926875
Binance,ETH,2025-04-13,24,0.06542670625
Binance,ETH,2025-04-14,24,0.05278036875
Binance,ETH,2025-04-15,24,0.0227185125
Binance,ETH,2025-04-16,24,-0.0037161562500000016
Binance,ETH,2025-04-17,24,0.004447524999999998
Binance,ETH,2025-04-18,24,-0.004471706250000001
Binance,ETH,2025-04-19,24,0.07585019375
Binance,ETH,2025-04-20,24,0.010870156249999999
Binance,ETH,2025-04-21,24,0.054207975
Binance,ETH,2025-04-22,24,0.04935210625000001
Binance,ETH,2025-04-23,24,0.10658319375000001
Binance,ETH,2025-04-24,24,0.0521247375
Binance,ETH,2025-04-25,24,0.030406324999999994
Binance,ETH,2025-04-26,24,0.010086318750000005
Binance,ETH,2025-04-27,24,-0.03565730625
Binance,ETH,2025-04-28,24,-0.022343931250000004
Binance,ETH,2025-04-29,24,-0.0037248249999999976
Binance,ETH,2025-04-30,24,-0.004873206250000001
Binance,ETH,2025-05-01,24,0.01965388125
Binance,ETH,2025-05-02,24,-0.007922324999999997
Binance,ETH,2025-05-03,24,0.03700780625
Binance,ETH,2025-05-04,24,0.00589794375
Binance,ETH,2025-05-05,24,0.0337670625
Binance,ETH,2025-05-06,24,-0.006200437499999996
Binance,ETH,2025-05-07,24,0.04490458125
Binance,ETH,2025-05-08,24,0.10233687500000001
Binance,ETH,2025-05-09,24,0.1095
Binance,ETH,2025-05-10,24,0.10516745000000001
Binance,ETH,2025-05-11,24,0.06297345
Binance,ETH,2025-05-12,24,0.08050759375000001
Binance,ETH,2025-05-13,24,0.10778130625
Binance,ETH,2025-05-14,24,0.07379205000000001
Binance,ETH,2025-05-15,24,0.08358089375000001
Binance,ETH,2025-05-16,24,0.0740119625
Binance,ETH,2025-05-17,24,0.01996230625
Binance,ETH,2025-05-18,24,0.005111368749999999
Binance,ETH,2025-05-19,24,0.0806932875
Binance,ETH,2025-05-20,24,0.0444852875
Binance,ETH,2025-05-21,24,0.041760562499999994
Binance,ETH,2025-05-22,24,0.10545808125000002
Binance,ETH,2025-05-23,24,0.07035010000000001
Binance,ETH,2025-05-24,24,0.04629249375
Binance,ETH,2025-05-25,24,0.04865085
Binance,ETH,2025-05-26,24,0.05960039375
Binance,ETH,2025-05-27,24,0.10677436250000001
Binance,ETH,2025-05-28,24,0.1095
Binance,ETH,2025-05-29,24,0.09531381875
Binance,ETH,2025-05-30,24,0.07153635000000001
Binance,ETH,2025-05-31,24,0.06495768125
Binance,ETH,2025-06-01,24,0.0351996875
Binance,ETH,2025-06-02,24,0.06212071875
Binance,ETH,2025-06-03,24,0.05735290625
Binance,ETH,2025-06-04,24,0.06618499374999999
Binance,ETH,2025-06-05,24,0.0518126625
Binance,ETH,2025-06-06,24,0.0467026625
Binance,ETH,2025-06-07,24,0.08046926875
Binance,ETH,2025-06-08,24,0.06349996249999999
Binance,ETH,2025-06-09,24,0.07160843750000001
Binance,ETH,2025-06-10,24,0.1095
Binance,ETH,2025-06-11,24,0.09683997500000001
Binance,ETH,2025-06-12,24,0.054337550000000005
Binance,ETH,2025-06-13,24,0.01767695
Binance,ETH,2025-06-14,24,0.016496631249999998
Binance,ETH,2025-06-15,24,0.0724169125
Binance,ETH,2025-06-16,24,0.046715893749999994
Binance,ETH,2025-06-17,24,0.0749929
Binance,ETH,2025-06-18,24,0.05320376875
Binance,ETH,2025-06-19,24,0.0637956125
Binance,ETH,2025-06-20,24,0.029947793749999996
Binance,ETH,2025-06-21,24,0.0084315
Binance,ETH,2025-06-22,24,0.017724856250000004
Binance,ETH,2025-06-23,24,0.0031983124999999998
Binance,ETH,2025-06-24,24,0.004321599999999999
Binance,ETH,2025-06-25,24,0.012702912500000002
Binance,ETH,2025-06-26,24,0.0351832625
Binance,ETH,2025-06-27,24,0.049205193749999994
Binance,ETH,2025-06-28,24,0.040615375
Binance,ETH,2025-06-29,24,0.051301662500000005
Binance,ETH,2025-06-30,24,0.06321024374999999
Binance,ETH,2025-07-01,24,0.01038014375
Binance,ETH,2025-07-02,24,0.06969310000000001
Binance,ETH,2025-07-03,24,0.06077934375
Binance,ETH,2025-07-04,24,0.03908921875
Binance,ETH,2025-07-05,24,0.047800856249999996
Binance,ETH,2025-07-06,24,0.08749278125
Binance,ETH,2025-07-07,24,0.054309718750000006
Binance,ETH,2025-07-08,24,0.052894887499999994
Binance,ETH,2025-07-09,24,0.08176684375
Binance,ETH,2025-07-10,24,0.05838175
Binance,ETH,2025-07-11,24,0.1032147
Binance,ETH,2025-07-12,24,0.06725535625
Binance,ETH,2025-07-13,24,0.047465056250000005
Binance,ETH,2025-07-14,24,0.09304580000000001
Binance,ETH,2025-07-15,24,0.10773613750000001
Binance,ETH,2025-07-16,24,0.1095
Binance,ETH,2025-07-17,24,0.1095
Binance,ETH,2025-07-18,24,0.1095
Binance,ETH,2025-07-19,24,0.1095
Binance,ETH,2025-07-20,24,0.1095
Binance,ETH,2025-07-21,24,0.1095
Binance,ETH,2025-07-22,24,0.1095
Binance,ETH,2025-07-23,24,0.1095
Binance,ETH,2025-07-24,24,0.1095
Binance,ETH,2025-07-25,24,0.1095
Binance,ETH,2025-07-26,24,0.10733463750000001
Binance,ETH,2025-07-27,24,0.10509901250000002
Binance,ETH,2025-07-28,24,0.09191521250000001
Binance,ETH,2025-07-29,24,0.0829964375
Binance,ETH,2025-07-30,24,0.0417952375
Binance,ETH,2025-07-31,24,0.022574793750000002
Binance,ETH,2025-08-01,24,0.0385951
Binance,ETH,2025-08-02,24,0.055617787499999995
Binance,ETH,2025-08-03,24,0.04330633749999999
Binance,ETH,2025-08-04,24,0.018496375
Binance,ETH,2025-08-05,24,0.0241474875
Binance,ETH,2025-08-06,24,0.07371631249999999
Binance,ETH,2025-08-07,24,0.06858669375
Binance,ETH,2025-08-08,24,0.10688112500000002
Binance,ETH,2025-08-09,24,0.10923172500000002
Binance,ETH,2025-08-10,24,0.10586231875000002
Binance,ETH,2025-08-11,24,0.08637633750000001
Binance,ETH,2025-08-12,24,0.10660691875000002
Binance,ETH,2025-08-13,24,0.1095
Binance,ETH,2025-08-14,24,0.1095
Binance,ETH,2025-08-15,24,0.08289195625
Binance,ETH,2025-08-16,24,0.057630762499999995
Binance,ETH,2025-08-17,24,0.02117958125
Binance,ETH,2025-08-18,24,0.09847335
Binance,ETH,2025-08-19,24,0.1095
Binance,ETH,2025-08-20,24,0.058732150000000004
Binance,ETH,2025-08-21,24,0.05431565
Binance,ETH,2025-08-22,24,0.08110665
Binance,ETH,2025-08-23,24,0.1095
Binance,ETH,2025-08-24,24,0.09331407500000001
Binance,ETH,2025-08-25,24,0.022881393750000003
Binance,ETH,2025-08-26,24,0.004745000000000001
Binance,ETH,2025-08-27,24,0.040887299999999994
Binance,ETH,2025-08-28,24,0.025826031249999996
Binance,ETH,2025-08-29,24,0.0377218375
Binance,ETH,2025-08-30,24,0.00822345
Binance,ETH,2025-08-31,24,0.008634075
Binance,ETH,2025-09-01,24,-0.003967549999999999
Binance,ETH,2025-09-02,24,0.037139662500000004
Binance,ETH,2025-09-03,24,0.01938743125
Binance,ETH,2025-09-04,24,-0.03320633125
Binance,ETH,2025-09-05,24,-0.011400775
Binance,ETH,2025-09-06,24,0.047288487500000004
Binance,ETH,2025-09-07,24,0.0556725375
Binance,ETH,2025-09-08,24,0.056875212499999994
Binance,ETH,2025-09-09,24,0.0825620875
Binance,ETH,2025-09-10,24,0.07578449375
Binance,ETH,2025-09-11,24,0.08365571875
Binance,ETH,2025-09-12,24,0.10715396250000002
Binance,ETH,2025-09-13,24,0.07808490625000002
Binance,ETH,2025-09-14,24,0.07428525625
Binance,ETH,2025-09-15,24,0.0549662625
Binance,ETH,2025-09-16,24,0.03375200625
Binance,ETH,2025-09-17,24,0.05319008125
Binance,ETH,2025-09-18,24,0.04355773125
Binance,ETH,2025-09-19,24,-0.03040495625
Binance,ETH,2025-09-20,24,0.0035432375000000005
Binance,ETH,2025-09-21,24,0.02108194375
Binance,ETH,2025-09-22,24,-0.0015886625
Binance,ETH,2025-09-23,24,0.0154477125
Binance,ETH,2025-09-24,24,-0.03760275625
Binance,ETH,2025-09-25,24,0.0316409375
Binance,ETH,2025-09-26,24,0.0280758
Binance,ETH,2025-09-27,24,0.07724905625
Binance,ETH,2025-09-28,24,0.060220893750000004
Binance,ETH,2025-09-29,24,0.005812625000000001
Binance,ETH,2025-09-30,24,-0.007650399999999999
Binance,ETH,2025-10-01,24,0.01069313125
Binance,ETH,2025-10-02,24,0.029564543750000002
Binance,ETH,2025-10-03,24,0.0677576875
Binance,ETH,2025-10-04,24,0.04110675625
Binance,ETH,2025-10-05,24,0.09977411875000002
Binance,ETH,2025-10-06,24,0.10853913750000001
Binance,ETH,2025-10-07,24,0.08156746250000001
Binance,ETH,2025-10-08,24,0.03875250625
Binance,ETH,2025-10-09,24,0.0300103
Binance,ETH,2025-10-10,24,0.023486381250000004
Binance,ETH,2025-10-11,24,-0.06610651875
Binance,ETH,2025-10-12,24,-0.025045387500000002
Binance,ETH,2025-10-13,24,0.05487729375
Binance,ETH,2025-10-14,24,0.0182052875
Binance,ETH,2025-10-15,24,0.02372089375
Binance,ETH,2025-10-16,24,0.015532118749999999
Binance,ETH,2025-10-17,24,0.03743941875
Binance,ETH,2025-10-18,24,0.04830045
Binance,ETH,2025-10-19,24,0.0312649875
Binance,ETH,2025-10-20,24,0.05405969375
Binance,ETH,2025-10-21,24,0.02201908125
Binance,ETH,2025-10-22,24,0.017284575
Binance,ETH,2025-10-23,24,0.03723410625
Binance,ETH,2025-10-24,24,0.050095337499999996
Binance,ETH,2025-10-25,24,0.06157276250000001
Binance,ETH,2025-10-26,24,0.08058835000000002
Binance,ETH,2025-10-27,24,0.08220165
Binance,ETH,2025-10-28,24,0.008719393749999998
Binance,ETH,2025-10-29,24,-0.0025668625
Binance,ETH,2025-10-30,24,-0.022790599999999998
Binance,ETH,2025-10-31,24,0.04443646874999999
Binance,ETH,2025-11-01,24,0.08889210000000002
Binance,ETH,2025-11-02,24,0.07731749375000001
Binance,ETH,2025-11-03,24,0.03985024374999999
Binance,ETH,2025-11-04,10,0.092677515
Binance,ETH,2025-11-05,3,0.02250955
Binance,ETH,2025-11-06,3,0.036412400000000004
Binance,ETH,2025-11-07,3,0.075336
Binance,ETH,2025-11-08,3,0.08257395
Binance,ETH,2025-11-09,3,0.0455885
Binance,ETH,2025-11-10,3,0.07515714999999999
Binance,ETH,2025-11-11,3,0.011796800000000001
Binance,ETH,2025-11-12,3,0.024520700000000003
Binance,ETH,2025-11-13,3,0.07040120000000001
Binance,ETH,2025-11-14,3,0.04070845
Binance,ETH,2025-11-15,3,0.051300750000000006
Binance,ETH,2025-11-16,3,0.10139335000000001
Binance,ETH,2025-11-17,3,0.09487080000000002
Binance,ETH,2025-11-18,3,0.0911916
Binance,ETH,2025-11-19,3,0.07274815
Binance,ETH,2025-11-20,3,0.07928895000000001
Binance,ETH,2025-11-21,3,0.039135300000000005
Binance,ETH,2025-11-22,3,0.050045150000000004
Binance,ETH,2025-11-23,3,0.012782299999999996
Binance,ETH,2025-11-24,3,0.045756399999999996
Binance,ETH,2025-11-25,3,0.029930000000000002
Binance,ETH,2025-11-26,3,0.02070645
Binance,ETH,2025-11-27,3,0.01861865
Binance,ETH,2025-11-28,3,0.0058035000000000005
Binance,ETH,2025-11-29,3,0.0107018
Binance,ETH,2025-11-30,3,0.05709330000000001
Binance,ETH,2025-12-01,3,0.038675400000000006
Binance,ETH,2025-12-02,3,0.0607652
Binance,ETH,2025-12-03,3,0.039493
Binance,ETH,2025-12-04,3,0.09465545000000002
Binance,ETH,2025-12-05,3,0.062269
Binance,ETH,2025-12-06,3,0.029652599999999998
Binance,ETH,2025-12-07,3,0.015293500000000002
Binance,ETH,2025-12-08,3,0.051778899999999996
Binance,ETH,2025-12-09,3,0.0561005
Binance,ETH,2025-12-10,3,0.07625215
Binance,ETH,2025-12-11,3,0.035310100000000004
Binance,ETH,2025-12-12,3,0.009975449999999999
Binance,ETH,2025-12-13,3,0.0074642499999999995
Binance,ETH,2025-12-14,3,0.07809904999999999
Binance,ETH,2025-12-15,3,0.042413
Binance,ETH,2025-12-16,3,-0.0008395000000000008
Binance,ETH,2025-12-17,3,0.0151694
Binance,ETH,2025-12-18,3,0.0031791500000000034
Binance,ETH,2025-12-19,3,0.08126359999999999
Binance,ETH,2025-12-20,3,0.01755285
Binance,ETH,2025-12-21,3,0.02325415
Binance,ETH,2025-12-22,3,-0.008486249999999999
Binance,ETH,2025-12-23,3,0.0483333
Binance,ETH,2025-12-24,3,0.052556349999999995
Binance,ETH,2025-12-25,3,0.06637525
Binance,ETH,2025-12-26,3,0.05457480000000001
Binance,ETH,2025-12-27,3,0.0425298
Binance,ETH,2025-12-28,3,0.06525104999999999
Binance,ETH,2025-12-29,3,0.07128449999999999
Binance,ETH,2025-12-30,3,0.04520160000000001
Binance,ETH,2025-12-31,3,0.036094850000000005
Binance,ETH,2026-01-01,3,0.06657235
Binance,ETH,2026-01-02,3,0.06622195000000002
Binance,ETH,2026-01-03,3,0.043212350000000004
Binance,ETH,2026-01-04,3,0.054899649999999994
Binance,ETH,2026-01-05,3,0.05101605
Binance,ETH,2026-01-06,3,0.06993765
Binance,ETH,2026-01-07,3,0.0687222
Binance,ETH,2026-01-08,3,0.05384115
Binance,ETH,2026-01-09,3,0.058345249999999994
Binance,ETH,2026-01-10,3,0.08846140000000001
Binance,ETH,2026-01-11,3,0.08129645
Binance,ETH,2026-01-12,3,0.07349275000000001
Binance,ETH,2026-01-13,3,0.060371
Binance,ETH,2026-01-14,3,0.10340814999999999
Binance,ETH,2026-01-15,3,0.05744369999999999
Binance,ETH,2026-01-16,3,0.03507285
Binance,ETH,2026-01-17,3,0.08200455
Binance,ETH,2026-01-18,3,0.027699849999999998
Binance,ETH,2026-01-19,3,0.02010785
Binance,ETH,2026-01-20,3,0.05819560000000001
Binance,ETH,2026-01-21,3,0.00801175
Binance,ETH,2026-01-22,3,0.02506455
Binance,ETH,2026-01-23,3,0.03499255
Binance,ETH,2026-01-24,3,0.0224037
Binance,ETH,2026-01-25,3,0.05432295
Binance,ETH,2026-01-26,3,-0.021034950000000007
Binance,ETH,2026-01-27,3,0.09284505
Binance,ETH,2026-01-28,3,0.0830667
Binance,ETH,2026-01-29,3,0.0278933
Binance,ETH,2026-01-30,3,0.00039784999999999967
Binance,ETH,2026-01-31,3,-0.05130805
Binance,ETH,2026-02-01,3,-0.081468
Binance,ETH,2026-02-02,3,-0.12567315
Binance,ETH,2026-02-03,3,-0.06706875
Binance,ETH,2026-02-04,3,-0.023779750000000002
Binance,ETH,2026-02-05,3,-0.0102127
Binance,ETH,2026-02-06,3,-0.12514755000000002
Binance,ETH,2026-02-07,3,0.04180345
Binance,ETH,2026-02-08,3,-0.02109335
Binance,ETH,2026-02-09,3,-0.0336968
Binance,ETH,2026-02-10,3,-0.11087970000000001
Binance,ETH,2026-02-11,3,-0.1231145
Binance,ETH,2026-02-12,3,-0.01610745
Binance,ETH,2026-02-13,3,-0.0338209
Binance,ETH,2026-02-14,3,-0.0027265500000000008
Binance,ETH,2026-02-15,3,-0.02815245000000001
Binance,ETH,2026-02-16,3,-0.0537937
Binance,ETH,2026-02-17,3,0.005139199999999999
Binance,ETH,2026-02-18,3,-0.0128772
Binance,ETH,2026-02-19,3,-0.07823775
Binance,ETH,2026-02-20,3,-0.054702549999999996
Binance,ETH,2026-02-21,3,0.0520855
Binance,ETH,2026-02-22,3,0.0038325000000000004
Binance,ETH,2026-02-23,3,-0.13948475000000002
Binance,ETH,2026-02-24,3,-0.0175565
Binance,ETH,2026-02-25,3,0.028674400000000003
Binance,ETH,2026-02-26,3,0.0332953
Binance,ETH,2026-02-27,3,-0.033912149999999995
Binance,ETH,2026-02-28,3,-0.09293995
Binance,ETH,2026-03-01,3,0.025079149999999998
Binance,ETH,2026-03-02,3,-0.06813455
Binance,ETH,2026-03-03,3,-0.027050150000000005
Binance,ETH,2026-03-04,3,-0.0032266
Binance,ETH,2026-03-05,3,-0.01325315
Binance,ETH,2026-03-06,3,-0.02870725
Binance,ETH,2026-03-07,3,-0.029824150000000004
Binance,ETH,2026-03-08,3,-0.07687995
Binance,ETH,2026-03-09,3,-0.0529469
Binance,ETH,2026-03-10,3,0.04382555
Binance,ETH,2026-03-11,3,0.009212600000000001
Binance,ETH,2026-03-12,3,-0.027090299999999998
Binance,ETH,2026-03-13,3,0.015695
Binance,ETH,2026-03-14,3,-0.013826199999999999
Binance,ETH,2026-03-15,3,0.0006132000000000018
Binance,ETH,2026-03-16,3,0.09009660000000001
Binance,ETH,2026-03-17,3,0.022126299999999998
Binance,ETH,2026-03-18,3,0.005131899999999999
Binance,ETH,2026-03-19,3,-0.00432525
Binance,ETH,2026-03-20,3,-0.04513955
Binance,ETH,2026-03-21,3,0.0202867
Binance,ETH,2026-03-22,3,-0.0267545
Binance,ETH,2026-03-23,3,-0.0004927500000000058
Binance,ETH,2026-03-24,3,0.008468
Binance,ETH,2026-03-25,3,-0.000368650000000001
Binance,ETH,2026-03-26,3,-0.011110600000000003
Binance,ETH,2026-03-27,3,-0.08568740000000001
Binance,ETH,2026-03-28,3,-0.04757045000000001
Binance,ETH,2026-03-29,3,-0.03124035
Binance,ETH,2026-03-30,3,0.0098696
Binance,ETH,2026-03-31,3,0.00380695
Binance,ETH,2026-04-01,3,0.03267845
Binance,ETH,2026-04-02,3,-0.10808015
Binance,ETH,2026-04-03,3,-0.012077850000000001
Binance,ETH,2026-04-04,3,0.020513
Binance,ETH,2026-04-05,3,-0.004653750000000001
Binance,ETH,2026-04-06,3,0.0386535
Binance,ETH,2026-04-07,3,-0.02145105
Binance,ETH,2026-04-08,3,0.08228925
Binance,ETH,2026-04-09,3,0.0136656
Binance,ETH,2026-04-10,3,0.003960249999999999
Binance,ETH,2026-04-11,3,-0.0639553
Binance,ETH,2026-04-12,3,-0.002854300000000004
Binance,ETH,2026-04-13,3,0.0184544
Binance,ETH,2026-04-14,3,0.0857385
Binance,ETH,2026-04-15,3,0.013545149999999999
Binance,ETH,2026-04-16,3,-0.0388725
Binance,ETH,2026-04-17,3,0.012782299999999998
Binance,ETH,2026-04-18,3,-0.0674009
Binance,ETH,2026-04-19,3,-0.16348715
Binance,ETH,2026-04-20,3,-0.005566249999999999
Binance,ETH,2026-04-21,3,-0.0429897
Binance,ETH,2026-04-22,3,0.057191849999999995
Binance,ETH,2026-04-23,3,0.007267150000000001
Binance,ETH,2026-04-24,3,-0.08311049999999999
Binance,ETH,2026-04-25,3,-0.04000035
Binance,ETH,2026-04-26,3,-0.0215496
Binance,ETH,2026-04-27,3,-0.08064310000000001
Binance,ETH,2026-04-28,3,-0.10131305
Binance,ETH,2026-04-29,3,0.044858499999999996
Binance,ETH,2026-04-30,3,-0.06732425
Binance,ETH,2026-05-01,3,-0.0292292
Binance,ETH,2026-05-02,3,-0.0169506
Binance,ETH,2026-05-03,3,0.038832349999999995
Binance,ETH,2026-05-04,3,0.0465156
Binance,ETH,2026-05-05,3,-0.03973755
Binance,ETH,2026-05-06,3,-0.0605973
Binance,ETH,2026-05-07,3,-0.08357405
Binance,ETH,2026-05-08,3,-0.02618875
Binance,ETH,2026-05-09,3,0.07034644999999999
Binance,ETH,2026-05-10,3,0.0911843
Binance,ETH,2026-05-11,3,0.046767449999999995
Binance,ETH,2026-05-12,3,0.0314265
Binance,ETH,2026-05-13,3,0.0252361
Binance,ETH,2026-05-14,3,0.0562611
Binance,ETH,2026-05-15,3,0.0039858
Binance,ETH,2026-05-16,3,0.06595184999999999
Binance,ETH,2026-05-17,3,0.06335305000000001
Binance,HYPE,2025-05-30,24,0.11008765000000002
Binance,HYPE,2025-05-31,24,-0.1464818
Binance,HYPE,2025-06-01,24,0.1095
Binance,HYPE,2025-06-02,24,0.3003658
Binance,HYPE,2025-06-03,24,0.1392548
Binance,HYPE,2025-06-04,24,0.19761191250000001
Binance,HYPE,2025-06-05,24,0.3243964875
Binance,HYPE,2025-06-06,24,0.21564565
Binance,HYPE,2025-06-07,24,0.1095
Binance,HYPE,2025-06-08,24,0.164839475
Binance,HYPE,2025-06-09,24,0.11184147500000001
Binance,HYPE,2025-06-10,24,0.359238475
Binance,HYPE,2025-06-11,24,0.268097975
Binance,HYPE,2025-06-12,24,0.18402935
Binance,HYPE,2025-06-13,24,0.3706328625
Binance,HYPE,2025-06-14,24,0.2939846875
Binance,HYPE,2025-06-15,24,0.2052714375
Binance,HYPE,2025-06-16,24,0.506275075
Binance,HYPE,2025-06-17,24,0.2068117375
Binance,HYPE,2025-06-18,24,0.16957535
Binance,HYPE,2025-06-19,24,0.1785361
Binance,HYPE,2025-06-20,24,0.11509180000000001
Binance,HYPE,2025-06-21,24,0.1453311375
Binance,HYPE,2025-06-22,24,0.21748981250000002
Binance,HYPE,2025-06-23,24,0.1095
Binance,HYPE,2025-06-24,24,0.06935730000000001
Binance,HYPE,2025-06-25,24,0.07135020000000002
Binance,HYPE,2025-06-26,24,0.1095
Binance,HYPE,2025-06-27,24,0.12140995
Binance,HYPE,2025-06-28,24,0.1095
Binance,HYPE,2025-06-29,24,0.13122115
Binance,HYPE,2025-06-30,24,0.24304255
Binance,HYPE,2025-07-01,24,0.11625615
Binance,HYPE,2025-07-02,24,0.12082503750000001
Binance,HYPE,2025-07-03,24,0.11327501250000001
Binance,HYPE,2025-07-04,24,0.1095
Binance,HYPE,2025-07-05,24,0.1095
Binance,HYPE,2025-07-06,24,0.1095
Binance,HYPE,2025-07-07,24,0.07955540000000001
Binance,HYPE,2025-07-08,24,-0.03164184999999998
Binance,HYPE,2025-07-09,24,0.047668999999999996
Binance,HYPE,2025-07-10,24,0.057972950000000016
Binance,HYPE,2025-07-11,24,0.12168005
Binance,HYPE,2025-07-12,24,0.13644430000000002
Binance,HYPE,2025-07-13,24,0.1095
Binance,HYPE,2025-07-14,24,0.161233275
Binance,HYPE,2025-07-15,24,0.28069594999999997
Binance,HYPE,2025-07-16,24,0.132931175
Binance,HYPE,2025-07-17,24,0.22575888749999998
Binance,HYPE,2025-07-18,24,0.3456376625
Binance,HYPE,2025-07-19,24,0.1095
Binance,HYPE,2025-07-20,24,0.16584505000000002
Binance,HYPE,2025-07-21,24,0.1912965
Binance,HYPE,2025-07-22,24,0.17561610000000002
Binance,HYPE,2025-07-23,24,0.1095
Binance,HYPE,2025-07-24,24,0.1095
Binance,HYPE,2025-07-25,24,0.1095
Binance,HYPE,2025-07-26,24,0.1095
Binance,HYPE,2025-07-27,24,0.1095
Binance,HYPE,2025-07-28,24,0.081630425
Binance,HYPE,2025-07-29,24,0.046639700000000006
Binance,HYPE,2025-07-30,24,0.079736075
Binance,HYPE,2025-07-31,24,-0.07256929999999999
Binance,HYPE,2025-08-01,24,-0.018458962499999988
Binance,HYPE,2025-08-02,24,-0.16744375
Binance,HYPE,2025-08-03,24,-0.2837811125
Binance,HYPE,2025-08-04,24,0.0039000250000000053
Binance,HYPE,2025-08-05,24,0.09996255000000002
Binance,HYPE,2025-08-06,24,0.05525735000000001
Binance,HYPE,2025-08-07,24,0.1095
Binance,HYPE,2025-08-08,24,0.05572090000000001
Binance,HYPE,2025-08-09,24,0.1095
Binance,HYPE,2025-08-10,24,0.1095
Binance,HYPE,2025-08-11,24,0.1095
Binance,HYPE,2025-08-12,24,0.1095
Binance,HYPE,2025-08-13,24,0.05407110000000001
Binance,HYPE,2025-08-14,24,0.07810635
Binance,HYPE,2025-08-15,24,0.0966009
Binance,HYPE,2025-08-16,24,0.1095
Binance,HYPE,2025-08-17,24,0.1095
Binance,HYPE,2025-08-18,24,0.1095
Binance,HYPE,2025-08-19,24,0.1095
Binance,HYPE,2025-08-20,24,0.1095
Binance,HYPE,2025-08-21,24,0.1991586
Binance,HYPE,2025-08-22,24,0.2203550625
Binance,HYPE,2025-08-23,24,0.3550729125
Binance,HYPE,2025-08-24,24,0.37256736250000005
Binance,HYPE,2025-08-25,24,0.2524057125
Binance,HYPE,2025-08-26,24,0.1095
Binance,HYPE,2025-08-27,24,0.19167245000000002
Binance,HYPE,2025-08-28,24,0.1095
Binance,HYPE,2025-08-29,24,0.1095
Binance,HYPE,2025-08-30,24,0.1095
Binance,HYPE,2025-08-31,24,0.1095
Binance,HYPE,2025-09-01,24,0.1095
Binance,HYPE,2025-09-02,24,0.1095
Binance,HYPE,2025-09-03,24,0.12719337500000003
Binance,HYPE,2025-09-04,24,0.11481987500000002
Binance,HYPE,2025-09-05,24,0.15424352500000002
Binance,HYPE,2025-09-06,24,0.112348825
Binance,HYPE,2025-09-07,24,0.14376255000000002
Binance,HYPE,2025-09-08,24,0.5451302375
Binance,HYPE,2025-09-09,24,0.5505632625
Binance,HYPE,2025-09-10,24,0.13598805
Binance,HYPE,2025-09-11,24,0.1095
Binance,HYPE,2025-09-12,24,0.1095
Binance,HYPE,2025-09-13,24,0.1095
Binance,HYPE,2025-09-14,24,0.23535565
Binance,HYPE,2025-09-15,24,0.1095
Binance,HYPE,2025-09-16,24,0.15051140000000002
Binance,HYPE,2025-09-17,24,0.1095
Binance,HYPE,2025-09-18,24,0.334020625
Binance,HYPE,2025-09-19,24,0.6249502625
Binance,HYPE,2025-09-20,24,0.48453202500000003
Binance,HYPE,2025-09-21,24,0.40440174999999995
Binance,HYPE,2025-09-22,24,0.31769508750000003
Binance,HYPE,2025-09-23,24,0.40033108749999996
Binance,HYPE,2025-09-24,24,0.34472151250000005
Binance,HYPE,2025-09-25,24,0.2090856875
Binance,HYPE,2025-09-26,24,0.19943417500000002
Binance,HYPE,2025-09-27,24,0.12133968750000002
Binance,HYPE,2025-09-28,24,0.11504070000000001
Binance,HYPE,2025-09-29,24,0.22675990000000001
Binance,HYPE,2025-09-30,24,0.1611958625
Binance,HYPE,2025-10-01,24,0.1312202375
Binance,HYPE,2025-10-02,24,0.2579774375
Binance,HYPE,2025-10-03,24,0.30903546249999997
Binance,HYPE,2025-10-04,24,0.15711060000000002
Binance,HYPE,2025-10-05,24,0.22944265
Binance,HYPE,2025-10-06,24,0.21143355
Binance,HYPE,2025-10-07,24,0.12007405
Binance,HYPE,2025-10-08,24,0.1720172
Binance,HYPE,2025-10-09,24,0.2027575
Binance,HYPE,2025-10-10,24,0.6369970875000001
Binance,HYPE,2025-10-11,24,0.2853323625
Binance,HYPE,2025-10-12,24,0.06567262500000001
Binance,HYPE,2025-10-13,24,0.10096812500000002
Binance,HYPE,2025-10-14,24,0.06083820000000001
Binance,HYPE,2025-10-15,24,0.1095
Binance,HYPE,2025-10-16,24,-0.2606017875
Binance,HYPE,2025-10-17,24,0.04199963750000001
Binance,HYPE,2025-10-18,24,0.023739600000000003
Binance,HYPE,2025-10-19,24,0.1095
Binance,HYPE,2025-10-20,24,0.1095
Binance,HYPE,2025-10-21,24,0.08035383750000001
Binance,HYPE,2025-10-22,24,0.07213951250000002
Binance,HYPE,2025-10-23,24,0.1095
Binance,HYPE,2025-10-24,24,0.1095
Binance,HYPE,2025-10-25,24,0.1095
Binance,HYPE,2025-10-26,24,0.1095
Binance,HYPE,2025-10-27,24,0.1095
Binance,HYPE,2025-10-28,24,-0.055950849999999996
Binance,HYPE,2025-10-29,24,-0.19431596250000002
Binance,HYPE,2025-10-30,24,0.00650521250000001
Binance,HYPE,2025-10-31,24,0.1095
Binance,HYPE,2025-11-01,24,0.1095
Binance,HYPE,2025-11-02,24,0.1095
Binance,HYPE,2025-11-03,24,0.1095
Binance,HYPE,2025-11-04,24,0.1095
Binance,HYPE,2025-11-05,24,0.11744605000000001
Binance,HYPE,2025-11-06,24,0.1095
Binance,HYPE,2025-11-07,24,0.1095
Binance,HYPE,2025-11-08,24,0.1095
Binance,HYPE,2025-11-09,24,0.1095
Binance,HYPE,2025-11-10,24,0.1095
Binance,HYPE,2025-11-11,24,0.1095
Binance,HYPE,2025-11-12,24,0.1095
Binance,HYPE,2025-11-13,24,0.1095
Binance,HYPE,2025-11-14,24,0.1095
Binance,HYPE,2025-11-15,24,0.1095
Binance,HYPE,2025-11-16,24,0.1095
Binance,HYPE,2025-11-17,24,0.1095
Binance,HYPE,2025-11-18,24,0.10493750000000002
Binance,HYPE,2025-11-19,24,0.1005547625
Binance,HYPE,2025-11-20,24,0.10007935000000001
Binance,HYPE,2025-11-21,24,0.04320413750000001
Binance,HYPE,2025-11-22,24,0.1095
Binance,HYPE,2025-11-23,24,0.057536775000000005
Binance,HYPE,2025-11-24,24,0.10891417500000002
Binance,HYPE,2025-11-25,24,0.05627205
Binance,HYPE,2025-11-26,24,0.08324920000000001
Binance,HYPE,2025-11-27,24,-0.024184899999999995
Binance,HYPE,2025-11-28,24,0.09622130000000001
Binance,HYPE,2025-11-29,24,0.1095
Binance,HYPE,2025-11-30,24,0.07213495
Binance,HYPE,2025-12-01,24,0.10763120000000002
Binance,HYPE,2025-12-02,24,0.1095
Binance,HYPE,2025-12-03,3,0.1095
Binance,HYPE,2025-12-04,3,0.1095
Binance,HYPE,2025-12-05,3,0.0647437
Binance,HYPE,2025-12-06,3,0.011351499999999995
Binance,HYPE,2025-12-07,3,0.0478442
Binance,HYPE,2025-12-08,3,0.10906930000000002
Binance,HYPE,2025-12-09,3,0.1095
Binance,HYPE,2025-12-10,3,0.10177660000000001
Binance,HYPE,2025-12-11,3,0.1003458
Binance,HYPE,2025-12-12,3,0.1095
Binance,HYPE,2025-12-13,3,0.09709730000000001
Binance,HYPE,2025-12-14,3,0.10770420000000001
Binance,HYPE,2025-12-15,3,0.1064924
Binance,HYPE,2025-12-16,3,0.03517870000000001
Binance,HYPE,2025-12-17,3,0.1095
Binance,HYPE,2025-12-18,3,0.1095
Binance,HYPE,2025-12-19,3,0.1095
Binance,HYPE,2025-12-20,3,0.1095
Binance,HYPE,2025-12-21,3,0.094097
Binance,HYPE,2025-12-22,3,0.07534330000000002
Binance,HYPE,2025-12-23,3,0.10733190000000002
Binance,HYPE,2025-12-24,3,0.025666800000000004
Binance,HYPE,2025-12-25,3,0.1077188
Binance,HYPE,2025-12-26,3,0.08176000000000001
Binance,HYPE,2025-12-27,3,0.0731533
Binance,HYPE,2025-12-28,3,0.07741650000000001
Binance,HYPE,2025-12-29,3,0.10201750000000002
Binance,HYPE,2025-12-30,3,0.0653131
Binance,HYPE,2025-12-31,3,0.1095
Binance,HYPE,2026-01-01,3,0.043770800000000006
Binance,HYPE,2026-01-02,3,-0.021096999999999994
Binance,HYPE,2026-01-03,3,0.1095
Binance,HYPE,2026-01-04,3,0.1095
Binance,HYPE,2026-01-05,3,0.095046
Binance,HYPE,2026-01-06,3,-0.000759200000000002
Binance,HYPE,2026-01-07,3,0.1095
Binance,HYPE,2026-01-08,3,0.1095
Binance,HYPE,2026-01-09,3,0.002978400000000006
Binance,HYPE,2026-01-10,3,-0.027688900000000002
Binance,HYPE,2026-01-11,3,-0.050311600000000005
Binance,HYPE,2026-01-12,3,0.05478650000000001
Binance,HYPE,2026-01-13,3,0.1091569
Binance,HYPE,2026-01-14,3,0.1095
Binance,HYPE,2026-01-15,3,0.1095
Binance,HYPE,2026-01-16,3,0.0976594
Binance,HYPE,2026-01-17,3,0.1095
Binance,HYPE,2026-01-18,3,0.1095
Binance,HYPE,2026-01-19,3,0.1095
Binance,HYPE,2026-01-20,3,0.059633700000000005
Binance,HYPE,2026-01-21,3,0.0298789
Binance,HYPE,2026-01-22,5,0.01386708
Binance,HYPE,2026-01-23,6,-0.033386549999999994
Binance,HYPE,2026-01-24,6,0.0668826
Binance,HYPE,2026-01-25,6,0.07632515
Binance,HYPE,2026-01-26,6,0.1095
Binance,HYPE,2026-01-27,6,0.0719634
Binance,HYPE,2026-01-28,6,0.02399145
Binance,HYPE,2026-01-29,6,-0.14470059999999998
Binance,HYPE,2026-01-30,6,-0.10606535
Binance,HYPE,2026-01-31,6,0.10158679999999999
Binance,HYPE,2026-02-01,6,-0.008672400000000002
Binance,HYPE,2026-02-02,6,0.044749000000000004
Binance,HYPE,2026-02-03,6,-0.054410549999999995
Binance,HYPE,2026-02-04,6,-0.06507585
Binance,HYPE,2026-02-05,6,-0.012683750000000002
Binance,HYPE,2026-02-06,6,-0.0659263
Binance,HYPE,2026-02-07,6,-0.07416435
Binance,HYPE,2026-02-08,6,0.1095
Binance,HYPE,2026-02-09,6,0.0835631
Binance,HYPE,2026-02-10,6,0.018060200000000002
Binance,HYPE,2026-02-11,6,0.10799985000000001
Binance,HYPE,2026-02-12,6,-0.007245249999999996
Binance,HYPE,2026-02-13,6,0.08915125
Binance,HYPE,2026-02-14,6,-0.0203378
Binance,HYPE,2026-02-15,6,-0.07390155
Binance,HYPE,2026-02-16,6,-0.0534141
Binance,HYPE,2026-02-17,6,0.1095
Binance,HYPE,2026-02-18,6,0.02514485
Binance,HYPE,2026-02-19,6,0.0406464
Binance,HYPE,2026-02-20,6,0.02575805
Binance,HYPE,2026-02-21,6,0.08029635
Binance,HYPE,2026-02-22,6,0.09751705
Binance,HYPE,2026-02-23,6,0.020173550000000002
Binance,HYPE,2026-02-24,6,0.07366795
Binance,HYPE,2026-02-25,6,0.0226373
Binance,HYPE,2026-02-26,6,0.1025358
Binance,HYPE,2026-02-27,6,0.07357305
Binance,HYPE,2026-02-28,6,0.00993165
Binance,HYPE,2026-03-01,6,0.1095
Binance,HYPE,2026-03-02,6,0.10225475
Binance,HYPE,2026-03-03,6,0.10088599999999999
Binance,HYPE,2026-03-04,6,-0.021881749999999995
Binance,HYPE,2026-03-05,6,0.010446299999999997
Binance,HYPE,2026-03-06,6,0.1081203
Binance,HYPE,2026-03-07,6,0.1038133
Binance,HYPE,2026-03-08,6,0.09025355
Binance,HYPE,2026-03-09,6,0.07225540000000001
Binance,HYPE,2026-03-10,6,0.04240205
Binance,HYPE,2026-03-11,6,-0.06476195
Binance,HYPE,2026-03-12,6,-0.2188321
Binance,HYPE,2026-03-13,6,-0.19416904999999998
Binance,HYPE,2026-03-14,6,0.01276405
Binance,HYPE,2026-03-15,6,-0.0361277
Binance,HYPE,2026-03-16,6,0.10796335
Binance,HYPE,2026-03-17,6,0.08367989999999999
Binance,HYPE,2026-03-18,6,0.058177349999999996
Binance,HYPE,2026-03-19,6,0.05901685
Binance,HYPE,2026-03-20,6,0.0472894
Binance,HYPE,2026-03-21,6,0.06410495000000001
Binance,HYPE,2026-03-22,6,0.0487494
Binance,HYPE,2026-03-23,6,0.07026615
Binance,HYPE,2026-03-24,6,0.010588650000000003
Binance,HYPE,2026-03-25,6,0.050727699999999994
Binance,HYPE,2026-03-26,6,0.06738994999999999
Binance,HYPE,2026-03-27,6,0.07650035000000001
Binance,HYPE,2026-03-28,6,0.05615525
Binance,HYPE,2026-03-29,6,-0.0556844
Binance,HYPE,2026-03-30,6,-0.061520750000000006
Binance,HYPE,2026-03-31,6,0.10125465
Binance,HYPE,2026-04-01,6,0.1095
Binance,HYPE,2026-04-02,6,0.09239245
Binance,HYPE,2026-04-03,6,0.08114315
Binance,HYPE,2026-04-04,6,0.0962286
Binance,HYPE,2026-04-05,6,0.09364075
Binance,HYPE,2026-04-06,6,0.063656
Binance,HYPE,2026-04-07,6,0.026926049999999997
Binance,HYPE,2026-04-08,6,0.07491625
Binance,HYPE,2026-04-09,6,-0.0167681
Binance,HYPE,2026-04-10,6,0.02207155
Binance,HYPE,2026-04-11,6,0.09346555000000001
Binance,HYPE,2026-04-12,6,0.046479099999999995
Binance,HYPE,2026-04-13,6,0.02937155
Binance,HYPE,2026-04-14,6,-0.08005545
Binance,HYPE,2026-04-15,6,-0.12060329999999998
Binance,HYPE,2026-04-16,6,-0.16480845
Binance,HYPE,2026-04-17,6,-0.09160404999999999
Binance,HYPE,2026-04-18,6,-0.007329200000000002
Binance,HYPE,2026-04-19,6,0.04914725
Binance,HYPE,2026-04-20,6,0.0751754
Binance,HYPE,2026-04-21,6,0.10009395
Binance,HYPE,2026-04-22,6,0.0530929
Binance,HYPE,2026-04-23,6,0.019545749999999997
Binance,HYPE,2026-04-24,6,0.1095
Binance,HYPE,2026-04-25,6,0.10676615
Binance,HYPE,2026-04-26,6,0.04336565
Binance,HYPE,2026-04-27,6,0.09491095
Binance,HYPE,2026-04-28,6,0.022487649999999998
Binance,HYPE,2026-04-29,6,0.06363044999999999
Binance,HYPE,2026-04-30,6,-0.01946545
Binance,HYPE,2026-05-01,6,-0.007737999999999999
Binance,HYPE,2026-05-02,6,0.1095
Binance,HYPE,2026-05-03,6,0.1095
Binance,HYPE,2026-05-04,6,0.0886439
Binance,HYPE,2026-05-05,6,0.1095
Binance,HYPE,2026-05-06,6,-0.009603150000000001
Binance,HYPE,2026-05-07,6,0.1095
Binance,HYPE,2026-05-08,6,0.1095
Binance,HYPE,2026-05-09,6,0.054348499999999994
Binance,HYPE,2026-05-10,6,0.0032995999999999985
Binance,HYPE,2026-05-11,6,-0.1301444
Binance,HYPE,2026-05-12,6,-0.014618249999999998
Binance,HYPE,2026-05-13,6,-0.027396900000000005
Binance,HYPE,2026-05-14,6,0.04345325
Binance,HYPE,2026-05-15,6,0.0424495
Binance,HYPE,2026-05-16,6,-0.052957849999999994
Binance,HYPE,2026-05-17,5,-0.05659398
Binance,XAG,2026-01-07,4,0.570708525
Binance,XAG,2026-01-08,6,0.61322555
Binance,XAG,2026-01-09,6,0.4357808
Binance,XAG,2026-01-10,6,0.7705223
Binance,XAG,2026-01-11,6,2.8959683999999997
Binance,XAG,2026-01-12,6,1.08477635
Binance,XAG,2026-01-13,6,0.37677855
Binance,XAG,2026-01-14,6,0.24519605
Binance,XAG,2026-01-15,6,0.50102455
Binance,XAG,2026-01-16,6,0.25875945
Binance,XAG,2026-01-17,6,-0.25770095
Binance,XAG,2026-01-18,6,1.5474686
Binance,XAG,2026-01-19,6,0.9420321500000001
Binance,XAG,2026-01-20,6,0.56019835
Binance,XAG,2026-01-21,6,0.31940055
Binance,XAG,2026-01-22,6,0.1095
Binance,XAG,2026-01-23,6,0.19369820000000001
Binance,XAG,2026-01-24,6,1.4767316
Binance,XAG,2026-01-25,6,3.44902005
Binance,XAG,2026-01-26,6,1.5267183500000001
Binance,XAG,2026-01-27,6,0.84202215
Binance,XAG,2026-01-28,6,0.16072775
Binance,XAG,2026-01-29,6,0.29980005
Binance,XAG,2026-01-30,6,2.2364097500000004
Binance,XAG,2026-01-31,6,2.07096255
Binance,XAG,2026-02-01,6,-1.22652775
Binance,XAG,2026-02-02,6,1.3201027999999997
Binance,XAG,2026-02-03,6,0.53007125
Binance,XAG,2026-02-04,6,0.07571195
Binance,XAG,2026-02-05,6,0.18824509999999997
Binance,XAG,2026-02-06,6,0.9151389500000001
Binance,XAG,2026-02-07,6,0.009285599999999996
Binance,XAG,2026-02-08,6,1.8089327
Binance,XAG,2026-02-09,6,0.5709549
Binance,XAG,2026-02-10,6,0.02214455
Binance,XAG,2026-02-11,6,-0.04087635
Binance,XAG,2026-02-12,6,0.0109135
Binance,XAG,2026-02-13,6,0.35329445
Binance,XAG,2026-02-14,6,0.5016925
Binance,XAG,2026-02-15,6,1.2121869
Binance,XAG,2026-02-16,6,0.68778045
Binance,XAG,2026-02-17,6,0.10060494999999998
Binance,XAG,2026-02-18,6,0.09569935
Binance,XAG,2026-02-19,6,0.0
Binance,XAG,2026-02-20,6,-0.0691529
Binance,XAG,2026-02-21,6,0.12185159999999999
Binance,XAG,2026-02-22,6,1.8760160499999998
Binance,XAG,2026-02-23,6,0.53415925
Binance,XAG,2026-02-24,6,-0.053311899999999995
Binance,XAG,2026-02-25,6,0.0
Binance,XAG,2026-02-26,6,-0.14143385
Binance,XAG,2026-02-27,6,-0.20742950000000002
Binance,XAG,2026-02-28,6,3.1776608
Binance,XAG,2026-03-01,6,4.14334495
Binance,XAG,2026-03-02,6,1.7780427500000002
Binance,XAG,2026-03-03,6,0.27079715
Binance,XAG,2026-03-04,6,0.08323825
Binance,XAG,2026-03-05,6,-0.02857585
Binance,XAG,2026-03-06,6,-0.2618218
Binance,XAG,2026-03-07,6,-0.1242898
Binance,XAG,2026-03-08,6,-0.20556434999999998
Binance,XAG,2026-03-09,6,0.1030176
Binance,XAG,2026-03-10,6,0.0
Binance,XAG,2026-03-11,6,0.0
Binance,XAG,2026-03-12,6,-0.16535229999999998
Binance,XAG,2026-03-13,6,0.0
Binance,XAG,2026-03-14,6,0.03883965
Binance,XAG,2026-03-15,6,-0.6091485
Binance,XAG,2026-03-16,6,0.0
Binance,XAG,2026-03-17,6,0.028495549999999998
Binance,XAG,2026-03-18,6,0.098988
Binance,XAG,2026-03-19,6,0.8401934999999999
Binance,XAG,2026-03-20,6,0.51149275
Binance,XAG,2026-03-21,6,0.38172429999999996
Binance,XAG,2026-03-22,6,-0.14669714999999997
Binance,XAG,2026-03-23,6,0.47572275
Binance,XAG,2026-03-24,6,0.26297885
Binance,XAG,2026-03-25,6,0.10660190000000001
Binance,XAG,2026-03-26,6,0.13560115000000003
Binance,XAG,2026-03-27,6,0.0452381
Binance,XAG,2026-03-28,6,0.13909055
Binance,XAG,2026-03-29,6,0.10346655
Binance,XAG,2026-03-30,6,0.0
Binance,XAG,2026-03-31,6,0.0633348
Binance,XAG,2026-04-01,6,0.0
Binance,XAG,2026-04-02,6,0.00917245
Binance,XAG,2026-04-03,6,-0.34013984999999997
Binance,XAG,2026-04-04,6,-0.2302566
Binance,XAG,2026-04-05,6,-1.7672862
Binance,XAG,2026-04-06,6,-0.06682785000000002
Binance,XAG,2026-04-07,6,0.1700827
Binance,XAG,2026-04-08,6,0.0695252
Binance,XAG,2026-04-09,6,0.0
Binance,XAG,2026-04-10,6,0.09881279999999999
Binance,XAG,2026-04-11,6,0.06836085
Binance,XAG,2026-04-12,6,-2.60989235
Binance,XAG,2026-04-13,6,-0.2095319
Binance,XAG,2026-04-14,6,0.0
Binance,XAG,2026-04-15,6,0.0
Binance,XAG,2026-04-16,6,0.0
Binance,XAG,2026-04-17,6,0.03749645
Binance,XAG,2026-04-18,6,0.056764800000000004
Binance,XAG,2026-04-19,6,-2.097874
Binance,XAG,2026-04-20,6,-0.35866724999999994
Binance,XAG,2026-04-21,6,0.01706375
Binance,XAG,2026-04-22,6,0.0032485
Binance,XAG,2026-04-23,6,0.07385409999999999
Binance,XAG,2026-04-24,6,0.160892
Binance,XAG,2026-04-25,6,0.11641675
Binance,XAG,2026-04-26,6,1.30404645
Binance,XAG,2026-04-27,6,0.24123945
Binance,XAG,2026-04-28,6,0.2923431
Binance,XAG,2026-04-29,6,0.41701615
Binance,XAG,2026-04-30,6,0.23455995
Binance,XAG,2026-05-01,6,0.30142430000000003
Binance,XAG,2026-05-02,6,0.29335415000000004
Binance,XAG,2026-05-03,6,3.3098711
Binance,XAG,2026-05-04,6,0.56424255
Binance,XAG,2026-05-05,6,0.18530685000000002
Binance,XAG,2026-05-06,6,0.14353259999999998
Binance,XAG,2026-05-07,6,0.045303800000000005
Binance,XAG,2026-05-08,6,0.07645655
Binance,XAG,2026-05-09,6,0.0
Binance,XAG,2026-05-10,6,-0.0460265
Binance,XAG,2026-05-11,6,0.07056544999999999
Binance,XAG,2026-05-12,6,0.12960055
Binance,XAG,2026-05-13,6,0.0612105
Binance,XAG,2026-05-14,6,0.02656835
Binance,XAG,2026-05-15,6,0.40914310000000004
Binance,XAG,2026-05-16,6,-0.0186588
Binance,XAG,2026-05-17,5,0.0
Binance,XAU,2025-12-11,4,-0.17489887499999998
Binance,XAU,2025-12-12,6,-0.05428644999999999
Binance,XAU,2025-12-13,6,0.41179665000000004
Binance,XAU,2025-12-14,6,0.20107485
Binance,XAU,2025-12-15,6,0.18008005000000002
Binance,XAU,2025-12-16,6,0.1121207
Binance,XAU,2025-12-17,6,0.58245605
Binance,XAU,2025-12-18,6,0.6480575
Binance,XAU,2025-12-19,6,-0.13926940000000002
Binance,XAU,2025-12-20,6,0.1095
Binance,XAU,2025-12-21,6,0.1095
Binance,XAU,2025-12-22,6,-0.028616
Binance,XAU,2025-12-23,6,0.1436859
Binance,XAU,2025-12-24,6,0.5219792
Binance,XAU,2025-12-25,6,0.1325315
Binance,XAU,2025-12-26,6,0.0685908
Binance,XAU,2025-12-27,6,0.09879454999999998
Binance,XAU,2025-12-28,6,0.31125739999999996
Binance,XAU,2025-12-29,6,1.402914
Binance,XAU,2025-12-30,6,1.0056041999999998
Binance,XAU,2025-12-31,6,0.2819041
Binance,XAU,2026-01-01,6,0.6924999000000001
Binance,XAU,2026-01-02,6,0.1362107
Binance,XAU,2026-01-03,6,1.51424995
Binance,XAU,2026-01-04,6,1.44956465
Binance,XAU,2026-01-05,6,0.13289284999999998
Binance,XAU,2026-01-06,6,-0.09149455000000001
Binance,XAU,2026-01-07,6,0.10507620000000001
Binance,XAU,2026-01-08,6,0.1095
Binance,XAU,2026-01-09,6,-0.03411655
Binance,XAU,2026-01-10,6,-0.237834
Binance,XAU,2026-01-11,6,0.4485777
Binance,XAU,2026-01-12,6,0.1651406
Binance,XAU,2026-01-13,6,0.11400044999999999
Binance,XAU,2026-01-14,6,0.1095
Binance,XAU,2026-01-15,6,0.27800225
Binance,XAU,2026-01-16,6,0.1794778
Binance,XAU,2026-01-17,6,0.08387335
Binance,XAU,2026-01-18,6,1.2622722
Binance,XAU,2026-01-19,6,0.3781254
Binance,XAU,2026-01-20,6,0.11582545
Binance,XAU,2026-01-21,6,0.049687449999999994
Binance,XAU,2026-01-22,6,-0.003047749999999995
Binance,XAU,2026-01-23,6,0.0832127
Binance,XAU,2026-01-24,6,1.52123605
Binance,XAU,2026-01-25,6,4.3277612
Binance,XAU,2026-01-26,6,1.0497984
Binance,XAU,2026-01-27,6,0.0
Binance,XAU,2026-01-28,6,0.06430570000000001
Binance,XAU,2026-01-29,6,0.56059985
Binance,XAU,2026-01-30,6,1.5047161500000001
Binance,XAU,2026-01-31,6,-0.18642375
Binance,XAU,2026-02-01,6,-3.1824788
Binance,XAU,2026-02-02,6,0.29125175000000003
Binance,XAU,2026-02-03,6,0.1788427
Binance,XAU,2026-02-04,6,0.005953150000000001
Binance,XAU,2026-02-05,6,0.0605389
Binance,XAU,2026-02-06,6,-0.023772449999999997
Binance,XAU,2026-02-07,6,0.013377249999999995
Binance,XAU,2026-02-08,6,1.8088086
Binance,XAU,2026-02-09,6,0.49501665
Binance,XAU,2026-02-10,6,0.0
Binance,XAU,2026-02-11,6,0.0
Binance,XAU,2026-02-12,6,0.0
Binance,XAU,2026-02-13,6,0.0
Binance,XAU,2026-02-14,6,-0.7063334
Binance,XAU,2026-02-15,6,-0.8101467000000001
Binance,XAU,2026-02-16,6,-0.05513690000000001
Binance,XAU,2026-02-17,6,0.060148349999999996
Binance,XAU,2026-02-18,6,0.08921695
Binance,XAU,2026-02-19,6,0.0139065
Binance,XAU,2026-02-20,6,0.04874575
Binance,XAU,2026-02-21,6,0.6062431
Binance,XAU,2026-02-22,6,1.5429718000000001
Binance,XAU,2026-02-23,6,0.41295734999999995
Binance,XAU,2026-02-24,6,0.012694700000000001
Binance,XAU,2026-02-25,6,0.0
Binance,XAU,2026-02-26,6,0.0
Binance,XAU,2026-02-27,6,0.0
Binance,XAU,2026-02-28,6,3.6541902
Binance,XAU,2026-03-01,6,3.99047565
Binance,XAU,2026-03-02,6,1.3483611
Binance,XAU,2026-03-03,6,0.0
Binance,XAU,2026-03-04,6,0.0
Binance,XAU,2026-03-05,6,-0.02383085
Binance,XAU,2026-03-06,6,-0.13242565
Binance,XAU,2026-03-07,6,-0.09036305
Binance,XAU,2026-03-08,6,-0.34383365000000005
Binance,XAU,2026-03-09,6,0.0
Binance,XAU,2026-03-10,6,0.0
Binance,XAU,2026-03-11,6,0.0
Binance,XAU,2026-03-12,6,-0.00115705
Binance,XAU,2026-03-13,6,0.13054955000000001
Binance,XAU,2026-03-14,6,0.057494800000000006
Binance,XAU,2026-03-15,6,-0.59388785
Binance,XAU,2026-03-16,6,-0.0024674
Binance,XAU,2026-03-17,6,0.0
Binance,XAU,2026-03-18,6,0.09209315000000001
Binance,XAU,2026-03-19,6,0.3110457
Binance,XAU,2026-03-20,6,0.5975086500000001
Binance,XAU,2026-03-21,6,0.41801625
Binance,XAU,2026-03-22,6,-0.23741060000000003
Binance,XAU,2026-03-23,6,0.4637398
Binance,XAU,2026-03-24,6,0.1090693
Binance,XAU,2026-03-25,6,0.03472975
Binance,XAU,2026-03-26,6,0.005927600000000001
Binance,XAU,2026-03-27,6,0.08939579999999998
Binance,XAU,2026-03-28,6,0.28924425
Binance,XAU,2026-03-29,6,0.84619045
Binance,XAU,2026-03-30,6,0.09542925000000001
Binance,XAU,2026-03-31,6,0.0
Binance,XAU,2026-04-01,6,-0.18394904999999998
Binance,XAU,2026-04-02,6,-0.19542465
Binance,XAU,2026-04-03,6,-0.34192835000000005
Binance,XAU,2026-04-04,6,-0.3238572
Binance,XAU,2026-04-05,6,-1.84397635
Binance,XAU,2026-04-06,6,-0.18477029999999997
Binance,XAU,2026-04-07,6,0.0
Binance,XAU,2026-04-08,6,-0.02578725
Binance,XAU,2026-04-09,6,-0.0009563000000000001
Binance,XAU,2026-04-10,6,0.0
Binance,XAU,2026-04-11,6,0.0
Binance,XAU,2026-04-12,6,-1.6052480999999998
Binance,XAU,2026-04-13,6,-0.1243847
Binance,XAU,2026-04-14,6,0.0
Binance,XAU,2026-04-15,6,-0.0283021
Binance,XAU,2026-04-16,6,0.0
Binance,XAU,2026-04-17,6,0.0
Binance,XAU,2026-04-18,6,-0.48324174999999997
Binance,XAU,2026-04-19,6,-2.1024146
Binance,XAU,2026-04-20,6,-0.17485689999999998
Binance,XAU,2026-04-21,6,0.0353393
Binance,XAU,2026-04-22,6,0.061192250000000004
Binance,XAU,2026-04-23,6,0.0901769
Binance,XAU,2026-04-24,6,0.09988589999999999
Binance,XAU,2026-04-25,6,0.09732724999999999
Binance,XAU,2026-04-26,6,0.42489285
Binance,XAU,2026-04-27,6,0.13416305
Binance,XAU,2026-04-28,6,0.14831775
Binance,XAU,2026-04-29,6,0.26584409999999997
Binance,XAU,2026-04-30,6,0.11121915
Binance,XAU,2026-05-01,6,0.15381465000000002
Binance,XAU,2026-05-02,6,0.0914179
Binance,XAU,2026-05-03,6,0.6719795999999999
Binance,XAU,2026-05-04,6,0.25343775
Binance,XAU,2026-05-05,6,0.059057
Binance,XAU,2026-05-06,6,0.0305578
Binance,XAU,2026-05-07,6,0.0
Binance,XAU,2026-05-08,6,0.0
Binance,XAU,2026-05-09,6,0.0
Binance,XAU,2026-05-10,6,0.0
Binance,XAU,2026-05-11,6,0.090009
Binance,XAU,2026-05-12,6,0.0902499
Binance,XAU,2026-05-13,6,0.02754655
Binance,XAU,2026-05-14,6,0.05399445
Binance,XAU,2026-05-15,6,0.33835135
Binance,XAU,2026-05-16,6,0.0
Binance,XAU,2026-05-17,5,0.0
Binance,XRP,2021-01-22,3,0.143153
Binance,XRP,2021-01-23,3,0.3825273
Binance,XRP,2021-01-24,3,0.6117035000000001
Binance,XRP,2021-01-25,3,0.9192087
Binance,XRP,2021-01-26,3,0.3935868
Binance,XRP,2021-01-27,3,0.2415278
Binance,XRP,2021-01-28,3,0.2762393
Binance,XRP,2021-01-29,3,1.01528765
Binance,XRP,2021-01-30,3,0.8945310499999999
Binance,XRP,2021-01-31,3,1.2862855499999999
Binance,XRP,2021-02-01,3,1.42070045
Binance,XRP,2021-02-02,3,1.4469549
Binance,XRP,2021-02-03,3,1.96152095
Binance,XRP,2021-02-04,3,1.9144067500000002
Binance,XRP,2021-02-05,3,1.9956667
Binance,XRP,2021-02-06,3,1.578114
Binance,XRP,2021-02-07,3,1.41311575
Binance,XRP,2021-02-08,3,1.72513965
Binance,XRP,2021-02-09,3,2.6687559000000003
Binance,XRP,2021-02-10,3,2.49609995
Binance,XRP,2021-02-11,3,1.7314651
Binance,XRP,2021-02-12,3,1.7645195000000002
Binance,XRP,2021-02-13,3,1.8250437999999998
Binance,XRP,2021-02-14,3,1.67045535
Binance,XRP,2021-02-15,3,0.5294763
Binance,XRP,2021-02-16,3,0.7666533000000001
Binance,XRP,2021-02-17,3,1.0638910499999998
Binance,XRP,2021-02-18,3,2.5130615
Binance,XRP,2021-02-19,3,2.1201608999999997
Binance,XRP,2021-02-20,3,3.17745275
Binance,XRP,2021-02-21,3,1.0921603
Binance,XRP,2021-02-22,3,0.8393065499999999
Binance,XRP,2021-02-23,3,0.4819825
Binance,XRP,2021-02-24,3,0.20273195
Binance,XRP,2021-02-25,3,0.28146245000000003
Binance,XRP,2021-02-26,3,0.1569865
Binance,XRP,2021-02-27,3,0.21062325
Binance,XRP,2021-02-28,3,0.1629433
Binance,XRP,2021-03-01,3,0.24678015
Binance,XRP,2021-03-02,3,0.26037275
Binance,XRP,2021-03-03,3,0.42687845
Binance,XRP,2021-03-04,3,0.46472165
Binance,XRP,2021-03-05,3,0.336384
Binance,XRP,2021-03-06,3,0.405442
Binance,XRP,2021-03-07,3,0.2457326
Binance,XRP,2021-03-08,3,0.654883
Binance,XRP,2021-03-09,3,1.2681049
Binance,XRP,2021-03-10,3,0.9572271
Binance,XRP,2021-03-11,3,0.4742153
Binance,XRP,2021-03-12,3,0.65177685
Binance,XRP,2021-03-13,3,0.7607585499999999
Binance,XRP,2021-03-14,3,1.1746429999999999
Binance,XRP,2021-03-15,3,0.8170305999999999
Binance,XRP,2021-03-16,3,0.6397574
Binance,XRP,2021-03-17,3,0.5599611
Binance,XRP,2021-03-18,3,1.2413686499999999
Binance,XRP,2021-03-19,3,0.7495202000000001
Binance,XRP,2021-03-20,3,1.27577355
Binance,XRP,2021-03-21,3,0.615901
Binance,XRP,2021-03-22,3,0.9598331999999999
Binance,XRP,2021-03-23,3,0.5999651
Binance,XRP,2021-03-24,3,0.52680815
Binance,XRP,2021-03-25,3,0.1095
Binance,XRP,2021-03-26,3,0.2704066
Binance,XRP,2021-03-27,3,0.2577849
Binance,XRP,2021-03-28,3,0.43674074999999996
Binance,XRP,2021-03-29,3,0.5990525999999999
Binance,XRP,2021-03-30,3,1.4500792999999998
Binance,XRP,2021-03-31,3,0.8888370499999999
Binance,XRP,2021-04-01,3,1.7141349000000001
Binance,XRP,2021-04-02,3,1.98594675
Binance,XRP,2021-04-03,3,1.5737997000000001
Binance,XRP,2021-04-04,3,0.6999605
Binance,XRP,2021-04-05,3,1.86232855
Binance,XRP,2021-04-06,3,2.15322625
Binance,XRP,2021-04-07,3,1.0855465
Binance,XRP,2021-04-08,3,1.2064709999999998
Binance,XRP,2021-04-09,3,1.56148095
Binance,XRP,2021-04-10,3,1.9406685
Binance,XRP,2021-04-11,3,1.5189694000000002
Binance,XRP,2021-04-12,3,2.07936485
Binance,XRP,2021-04-13,3,2.28940775
Binance,XRP,2021-04-14,3,2.0600417500000003
Binance,XRP,2021-04-15,3,1.9743032500000002
Binance,XRP,2021-04-16,3,2.6756288500000003
Binance,XRP,2021-04-17,3,2.3883921000000004
Binance,XRP,2021-04-18,3,0.43656555
Binance,XRP,2021-04-19,3,0.17928434999999998
Binance,XRP,2021-04-20,3,0.1515699
Binance,XRP,2021-04-21,3,0.38031539999999997
Binance,XRP,2021-04-22,3,0.290394
Binance,XRP,2021-04-23,3,0.1095
Binance,XRP,2021-04-24,3,0.1095
Binance,XRP,2021-04-25,3,0.18544190000000002
Binance,XRP,2021-04-26,3,0.2184379
Binance,XRP,2021-04-27,3,0.3224629
Binance,XRP,2021-04-28,3,0.6006805000000001
Binance,XRP,2021-04-29,3,0.6265298
Binance,XRP,2021-04-30,3,0.46907245000000003
Binance,XRP,2021-05-01,3,0.8149318500000001
Binance,XRP,2021-05-02,3,0.7280655
Binance,XRP,2021-05-03,3,1.0341216500000001
Binance,XRP,2021-05-04,3,0.78400905
Binance,XRP,2021-05-05,3,0.82451675
Binance,XRP,2021-05-06,3,1.8053776
Binance,XRP,2021-05-07,3,0.9581140499999999
Binance,XRP,2021-05-08,3,1.2545707000000001
Binance,XRP,2021-05-09,3,0.9088865
Binance,XRP,2021-05-10,3,1.2653309
Binance,XRP,2021-05-11,3,0.1811933
Binance,XRP,2021-05-12,3,0.47240125000000005
Binance,XRP,2021-05-13,3,0.19968054999999998
Binance,XRP,2021-05-14,3,0.23466215
Binance,XRP,2021-05-15,3,0.2908174
Binance,XRP,2021-05-16,3,0.57360115
Binance,XRP,2021-05-17,3,0.4348975
Binance,XRP,2021-05-18,3,0.5696774
Binance,XRP,2021-05-19,3,-0.5443500499999999
Binance,XRP,2021-05-20,3,0.1095
Binance,XRP,2021-05-21,3,0.1095
Binance,XRP,2021-05-22,3,0.1302101
Binance,XRP,2021-05-23,3,0.07820855
Binance,XRP,2021-05-24,3,-0.05964465
Binance,XRP,2021-05-25,3,0.0345728
Binance,XRP,2021-05-26,3,0.18793485000000001
Binance,XRP,2021-05-27,3,0.13017725
Binance,XRP,2021-05-28,3,-0.04878225
Binance,XRP,2021-05-29,3,0.15888449999999998
Binance,XRP,2021-05-30,3,0.0536404
Binance,XRP,2021-05-31,3,0.1095
Binance,XRP,2021-06-01,3,0.1095
Binance,XRP,2021-06-02,3,0.1095
Binance,XRP,2021-06-03,3,0.1095
Binance,XRP,2021-06-04,3,0.1095
Binance,XRP,2021-06-05,3,0.1095
Binance,XRP,2021-06-06,3,0.1095
Binance,XRP,2021-06-07,3,0.1095
Binance,XRP,2021-06-08,3,0.0912719
Binance,XRP,2021-06-09,3,0.011347849999999998
Binance,XRP,2021-06-10,3,0.084534
Binance,XRP,2021-06-11,3,0.1095
Binance,XRP,2021-06-12,3,0.1095
Binance,XRP,2021-06-13,3,0.1095
Binance,XRP,2021-06-14,3,0.1095
Binance,XRP,2021-06-15,3,0.1095
Binance,XRP,2021-06-16,3,0.1095
Binance,XRP,2021-06-17,3,0.1095
Binance,XRP,2021-06-18,3,0.055925300000000004
Binance,XRP,2021-06-19,3,0.004339849999999997
Binance,XRP,2021-06-20,3,-0.026922400000000003
Binance,XRP,2021-06-21,3,0.07864655
Binance,XRP,2021-06-22,3,-0.02314465
Binance,XRP,2021-06-23,3,0.00408799999999999
Binance,XRP,2021-06-24,3,0.064678
Binance,XRP,2021-06-25,3,0.1095
Binance,XRP,2021-06-26,3,0.09620305
Binance,XRP,2021-06-27,3,0.05880150000000001
Binance,XRP,2021-06-28,3,0.05159275
Binance,XRP,2021-06-29,3,0.09425030000000001
Binance,XRP,2021-06-30,3,0.1095
Binance,XRP,2021-07-01,3,0.1095
Binance,XRP,2021-07-02,3,0.1095
Binance,XRP,2021-07-03,3,0.06498095
Binance,XRP,2021-07-04,3,0.1095
Binance,XRP,2021-07-05,3,0.0622471
Binance,XRP,2021-07-06,3,0.08275645
Binance,XRP,2021-07-07,3,0.1095
Binance,XRP,2021-07-08,3,0.024199500000000002
Binance,XRP,2021-07-09,3,0.07287225
Binance,XRP,2021-07-10,3,0.0795481
Binance,XRP,2021-07-11,3,0.1095
Binance,XRP,2021-07-12,3,0.08212865
Binance,XRP,2021-07-13,3,0.058181000000000004
Binance,XRP,2021-07-14,3,0.07295254999999999
Binance,XRP,2021-07-15,3,0.1095
Binance,XRP,2021-07-16,3,0.0685835
Binance,XRP,2021-07-17,3,0.1095
Binance,XRP,2021-07-18,3,-0.019147899999999995
Binance,XRP,2021-07-19,3,0.0722773
Binance,XRP,2021-07-20,3,-0.03952585
Binance,XRP,2021-07-21,3,-0.10480244999999999
Binance,XRP,2021-07-22,3,0.1095
Binance,XRP,2021-07-23,3,0.1095
Binance,XRP,2021-07-24,3,0.1095
Binance,XRP,2021-07-25,3,0.0869941
Binance,XRP,2021-07-26,3,0.1095
Binance,XRP,2021-07-27,3,0.1095
Binance,XRP,2021-07-28,3,0.1095
Binance,XRP,2021-07-29,3,0.1095
Binance,XRP,2021-07-30,3,0.1095
Binance,XRP,2021-07-31,3,0.1095
Binance,XRP,2021-08-01,3,0.1095
Binance,XRP,2021-08-02,3,0.1095
Binance,XRP,2021-08-03,3,0.1095
Binance,XRP,2021-08-04,3,0.1095
Binance,XRP,2021-08-05,3,0.1095
Binance,XRP,2021-08-06,3,0.1095
Binance,XRP,2021-08-07,3,0.15366135
Binance,XRP,2021-08-08,3,0.20268450000000002
Binance,XRP,2021-08-09,3,0.14977775000000002
Binance,XRP,2021-08-10,3,0.19012485
Binance,XRP,2021-08-11,3,0.29952995
Binance,XRP,2021-08-12,3,0.6235222
Binance,XRP,2021-08-13,3,0.1937858
Binance,XRP,2021-08-14,3,0.41144990000000004
Binance,XRP,2021-08-15,3,0.495013
Binance,XRP,2021-08-16,3,0.54153955
Binance,XRP,2021-08-17,3,0.1578187
Binance,XRP,2021-08-18,3,0.1095
Binance,XRP,2021-08-19,3,0.1095
Binance,XRP,2021-08-20,3,0.3552034
Binance,XRP,2021-08-21,3,0.569473
Binance,XRP,2021-08-22,3,0.4264587
Binance,XRP,2021-08-23,3,0.68188205
Binance,XRP,2021-08-24,3,0.3783298
Binance,XRP,2021-08-25,3,0.1649946
Binance,XRP,2021-08-26,3,0.31676160000000003
Binance,XRP,2021-08-27,3,0.256522
Binance,XRP,2021-08-28,3,0.47432480000000005
Binance,XRP,2021-08-29,3,0.41178205
Binance,XRP,2021-08-30,3,0.53741505
Binance,XRP,2021-08-31,3,0.4979111
Binance,XRP,2021-09-01,3,0.36737249999999994
Binance,XRP,2021-09-02,3,0.83031295
Binance,XRP,2021-09-03,3,0.6522696
Binance,XRP,2021-09-04,3,0.7115383
Binance,XRP,2021-09-05,3,0.558085
Binance,XRP,2021-09-06,3,0.7605358999999999
Binance,XRP,2021-09-07,3,0.26770560000000004
Binance,XRP,2021-09-08,3,0.1565558
Binance,XRP,2021-09-09,3,0.13364109999999998
Binance,XRP,2021-09-10,3,0.1095
Binance,XRP,2021-09-11,3,0.1095
Binance,XRP,2021-09-12,3,0.1095
Binance,XRP,2021-09-13,3,0.1095
Binance,XRP,2021-09-14,3,0.1095
Binance,XRP,2021-09-15,3,0.1095
Binance,XRP,2021-09-16,3,0.1547016
Binance,XRP,2021-09-17,3,0.11881115000000002
Binance,XRP,2021-09-18,3,0.11367925000000001
Binance,XRP,2021-09-19,3,0.1095
Binance,XRP,2021-09-20,3,0.1095
Binance,XRP,2021-09-21,3,0.1095
Binance,XRP,2021-09-22,3,0.1095
Binance,XRP,2021-09-23,3,0.1095
Binance,XRP,2021-09-24,3,0.1095
Binance,XRP,2021-09-25,3,0.1095
Binance,XRP,2021-09-26,3,0.10648144999999999
Binance,XRP,2021-09-27,3,0.1095
Binance,XRP,2021-09-28,3,0.0758032
Binance,XRP,2021-09-29,3,0.1095
Binance,XRP,2021-09-30,3,0.07582145
Binance,XRP,2021-10-01,3,0.1095
Binance,XRP,2021-10-02,3,0.1095
Binance,XRP,2021-10-03,3,0.1095
Binance,XRP,2021-10-04,3,0.1095
Binance,XRP,2021-10-05,3,0.1095
Binance,XRP,2021-10-06,3,0.1095
Binance,XRP,2021-10-07,3,0.3225067
Binance,XRP,2021-10-08,3,0.3515023
Binance,XRP,2021-10-09,3,0.2572666
Binance,XRP,2021-10-10,3,0.53333435
Binance,XRP,2021-10-11,3,0.330617
Binance,XRP,2021-10-12,3,0.1095
Binance,XRP,2021-10-13,3,0.1095
Binance,XRP,2021-10-14,3,0.1982534
Binance,XRP,2021-10-15,3,0.3389901
Binance,XRP,2021-10-16,3,0.67083715
Binance,XRP,2021-10-17,3,0.55338745
Binance,XRP,2021-10-18,3,0.2048964
Binance,XRP,2021-10-19,3,0.3148052
Binance,XRP,2021-10-20,3,0.46525820000000007
Binance,XRP,2021-10-21,3,0.7908016999999999
Binance,XRP,2021-10-22,3,0.26065015
Binance,XRP,2021-10-23,3,0.4767046
Binance,XRP,2021-10-24,3,0.59651585
Binance,XRP,2021-10-25,3,0.5309144
Binance,XRP,2021-10-26,3,0.7727086500000001
Binance,XRP,2021-10-27,3,0.48516165
Binance,XRP,2021-10-28,3,0.1095
Binance,XRP,2021-10-29,3,0.18040124999999999
Binance,XRP,2021-10-30,3,0.3488159
Binance,XRP,2021-10-31,3,0.34085525
Binance,XRP,2021-11-01,3,0.3230907
Binance,XRP,2021-11-02,3,0.5993373000000001
Binance,XRP,2021-11-03,3,0.7412128
Binance,XRP,2021-11-04,3,0.44050754999999997
Binance,XRP,2021-11-05,3,0.47316044999999995
Binance,XRP,2021-11-06,3,0.3462317
Binance,XRP,2021-11-07,3,0.16318785
Binance,XRP,2021-11-08,3,0.7471987999999999
Binance,XRP,2021-11-09,3,0.64104585
Binance,XRP,2021-11-10,3,0.60064035
Binance,XRP,2021-11-11,3,0.14538315
Binance,XRP,2021-11-12,3,0.1095
Binance,XRP,2021-11-13,3,0.1635054
Binance,XRP,2021-11-14,3,0.21644135
Binance,XRP,2021-11-15,3,0.28139675
Binance,XRP,2021-11-16,3,0.13301695
Binance,XRP,2021-11-17,3,0.1095
Binance,XRP,2021-11-18,3,0.1095
Binance,XRP,2021-11-19,3,0.1095
Binance,XRP,2021-11-20,3,0.1206179
Binance,XRP,2021-11-21,3,0.15966195
Binance,XRP,2021-11-22,3,0.12406715000000001
Binance,XRP,2021-11-23,3,0.13651729999999998
Binance,XRP,2021-11-24,3,0.2200877
Binance,XRP,2021-11-25,3,0.31588195
Binance,XRP,2021-11-26,3,0.3094324
Binance,XRP,2021-11-27,3,0.1095
Binance,XRP,2021-11-28,3,0.1095
Binance,XRP,2021-11-29,3,0.1095
Binance,XRP,2021-11-30,3,0.1095
Binance,XRP,2021-12-01,3,0.1095
Binance,XRP,2021-12-02,3,0.1095
Binance,XRP,2021-12-03,3,0.1095
Binance,XRP,2021-12-04,3,-0.7275690999999999
Binance,XRP,2021-12-05,3,0.09543655000000001
Binance,XRP,2021-12-06,3,0.1095
Binance,XRP,2021-12-07,3,0.1095
Binance,XRP,2021-12-08,3,0.1095
Binance,XRP,2021-12-09,3,0.1095
Binance,XRP,2021-12-10,3,0.10583175
Binance,XRP,2021-12-11,3,0.0197173
Binance,XRP,2021-12-12,3,0.0382155
Binance,XRP,2021-12-13,3,0.1095
Binance,XRP,2021-12-14,3,0.09100545
Binance,XRP,2021-12-15,3,0.1095
Binance,XRP,2021-12-16,3,0.1095
Binance,XRP,2021-12-17,3,0.1095
Binance,XRP,2021-12-18,3,0.1095
Binance,XRP,2021-12-19,3,0.1095
Binance,XRP,2021-12-20,3,0.1095
Binance,XRP,2021-12-21,3,0.007102900000000002
Binance,XRP,2021-12-22,3,-0.1552053
Binance,XRP,2021-12-23,3,-0.50607615
Binance,XRP,2021-12-24,3,-1.5757123000000002
Binance,XRP,2021-12-25,3,-0.07973424999999999
Binance,XRP,2021-12-26,3,0.1095
Binance,XRP,2021-12-27,3,0.1095
Binance,XRP,2021-12-28,3,0.1095
Binance,XRP,2021-12-29,3,0.1095
Binance,XRP,2021-12-30,3,0.1095
Binance,XRP,2021-12-31,3,0.1095
Binance,XRP,2022-01-01,3,0.1095
Binance,XRP,2022-01-02,3,0.1095
Binance,XRP,2022-01-03,3,0.1095
Binance,XRP,2022-01-04,3,0.1095
Binance,XRP,2022-01-05,3,0.1095
Binance,XRP,2022-01-06,3,0.0569473
Binance,XRP,2022-01-07,3,0.10762755
Binance,XRP,2022-01-08,3,0.1095
Binance,XRP,2022-01-09,3,0.1095
Binance,XRP,2022-01-10,3,0.08383685
Binance,XRP,2022-01-11,3,0.0856582
Binance,XRP,2022-01-12,3,0.08893954999999999
Binance,XRP,2022-01-13,3,0.1070764
Binance,XRP,2022-01-14,3,0.1095
Binance,XRP,2022-01-15,3,0.1095
Binance,XRP,2022-01-16,3,0.1095
Binance,XRP,2022-01-17,3,0.1073319
Binance,XRP,2022-01-18,3,0.1095
Binance,XRP,2022-01-19,3,0.0784458
Binance,XRP,2022-01-20,3,0.1095
Binance,XRP,2022-01-21,3,0.04080335
Binance,XRP,2022-01-22,3,-0.024027950000000006
Binance,XRP,2022-01-23,3,0.020666300000000002
Binance,XRP,2022-01-24,3,0.035536399999999996
Binance,XRP,2022-01-25,3,0.0037813999999999994
Binance,XRP,2022-01-26,3,0.013541499999999998
Binance,XRP,2022-01-27,3,0.047187200000000006
Binance,XRP,2022-01-28,3,0.051778899999999996
Binance,XRP,2022-01-29,3,0.0835193
Binance,XRP,2022-01-30,3,0.10409435
Binance,XRP,2022-01-31,3,-0.06068855
Binance,XRP,2022-02-01,3,0.07593825
Binance,XRP,2022-02-02,3,0.08855629999999999
Binance,XRP,2022-02-03,3,-0.0495816
Binance,XRP,2022-02-04,3,0.029094150000000003
Binance,XRP,2022-02-05,3,0.1095
Binance,XRP,2022-02-06,3,0.09761560000000001
Binance,XRP,2022-02-07,3,0.09359329999999999
Binance,XRP,2022-02-08,3,0.0918048
Binance,XRP,2022-02-09,3,0.08336965
Binance,XRP,2022-02-10,3,0.06176165
Binance,XRP,2022-02-11,3,0.1095
Binance,XRP,2022-02-12,3,0.09771049999999999
Binance,XRP,2022-02-13,3,0.06543719999999999
Binance,XRP,2022-02-14,3,0.0651598
Binance,XRP,2022-02-15,3,-0.020330500000000005
Binance,XRP,2022-02-16,3,0.07696755
Binance,XRP,2022-02-17,3,0.08816575
Binance,XRP,2022-02-18,3,-0.052337350000000005
Binance,XRP,2022-02-19,3,0.1010466
Binance,XRP,2022-02-20,3,0.1095
Binance,XRP,2022-02-21,3,-0.016275349999999997
Binance,XRP,2022-02-22,3,-0.19973165
Binance,XRP,2022-02-23,3,-0.16064745
Binance,XRP,2022-02-24,3,-0.10403594999999999
Binance,XRP,2022-02-25,3,0.043646700000000004
Binance,XRP,2022-02-26,3,0.10178025
Binance,XRP,2022-02-27,3,0.09271
Binance,XRP,2022-02-28,3,0.0693792
Binance,XRP,2022-03-01,3,0.1095
Binance,XRP,2022-03-02,3,0.07961015
Binance,XRP,2022-03-03,3,0.1095
Binance,XRP,2022-03-04,3,0.0439825
Binance,XRP,2022-03-05,3,0.0025878500000000026
Binance,XRP,2022-03-06,3,0.02782395
Binance,XRP,2022-03-07,3,0.0034601999999999966
Binance,XRP,2022-03-08,3,-0.0037157000000000023
Binance,XRP,2022-03-09,3,0.022432899999999995
Binance,XRP,2022-03-10,3,0.07536520000000001
Binance,XRP,2022-03-11,3,0.0954475
Binance,XRP,2022-03-12,3,0.09740755000000001
Binance,XRP,2022-03-13,3,0.029944600000000002
Binance,XRP,2022-03-14,3,0.0033397499999999955
Binance,XRP,2022-03-15,3,0.0764091
Binance,XRP,2022-03-16,3,0.0858334
Binance,XRP,2022-03-17,3,0.1095
Binance,XRP,2022-03-18,3,0.1095
Binance,XRP,2022-03-19,3,0.1095
Binance,XRP,2022-03-20,3,0.1095
Binance,XRP,2022-03-21,3,0.1095
Binance,XRP,2022-03-22,3,0.1095
Binance,XRP,2022-03-23,3,0.1095
Binance,XRP,2022-03-24,3,0.1095
Binance,XRP,2022-03-25,3,0.1095
Binance,XRP,2022-03-26,3,0.1095
Binance,XRP,2022-03-27,3,0.1095
Binance,XRP,2022-03-28,3,0.1095
Binance,XRP,2022-03-29,3,0.1095
Binance,XRP,2022-03-30,3,0.1095
Binance,XRP,2022-03-31,3,0.1095
Binance,XRP,2022-04-01,3,0.1095
Binance,XRP,2022-04-02,3,0.1095
Binance,XRP,2022-04-03,3,0.1095
Binance,XRP,2022-04-04,3,0.1095
Binance,XRP,2022-04-05,3,0.1095
Binance,XRP,2022-04-06,3,0.10242994999999999
Binance,XRP,2022-04-07,3,0.059013199999999995
Binance,XRP,2022-04-08,3,0.1095
Binance,XRP,2022-04-09,3,0.1095
Binance,XRP,2022-04-10,3,0.1095
Binance,XRP,2022-04-11,3,0.0369672
Binance,XRP,2022-04-12,3,0.0512387
Binance,XRP,2022-04-13,3,0.0466397
Binance,XRP,2022-04-14,3,0.10854735
Binance,XRP,2022-04-15,3,0.10291539999999999
Binance,XRP,2022-04-16,3,0.0272947
Binance,XRP,2022-04-17,3,-0.0011533999999999978
Binance,XRP,2022-04-18,3,0.0592906
Binance,XRP,2022-04-19,3,0.09964865
Binance,XRP,2022-04-20,3,0.1095
Binance,XRP,2022-04-21,3,0.07172615
Binance,XRP,2022-04-22,3,0.06421445
Binance,XRP,2022-04-23,3,0.1095
Binance,XRP,2022-04-24,3,0.1095
Binance,XRP,2022-04-25,3,0.005095399999999999
Binance,XRP,2022-04-26,3,0.021396300000000004
Binance,XRP,2022-04-27,3,0.031236700000000003
Binance,XRP,2022-04-28,3,0.08722039999999999
Binance,XRP,2022-04-29,3,0.1070107
Binance,XRP,2022-04-30,3,0.055972749999999995
Binance,XRP,2022-05-01,3,0.008774599999999999
Binance,XRP,2022-05-02,3,0.04573085000000001
Binance,XRP,2022-05-03,3,0.08931915
Binance,XRP,2022-05-04,3,0.0968637
Binance,XRP,2022-05-05,3,0.1095
Binance,XRP,2022-05-06,3,0.03293395
Binance,XRP,2022-05-07,3,0.05575375
Binance,XRP,2022-05-08,3,-0.008325649999999997
Binance,XRP,2022-05-09,3,0.05161464999999999
Binance,XRP,2022-05-10,3,-0.10713479999999999
Binance,XRP,2022-05-11,3,-0.029367900000000002
Binance,XRP,2022-05-12,3,-0.65555095
Binance,XRP,2022-05-13,3,0.0790955
Binance,XRP,2022-05-14,3,0.09058935
Binance,XRP,2022-05-15,3,0.0115778
Binance,XRP,2022-05-16,3,-0.049475750000000006
Binance,XRP,2022-05-17,3,-0.18520100000000003
Binance,XRP,2022-05-18,3,-0.29899705000000004
Binance,XRP,2022-05-19,3,-0.21563105000000002
Binance,XRP,2022-05-20,3,0.032083499999999994
Binance,XRP,2022-05-21,3,-0.11020445000000001
Binance,XRP,2022-05-22,3,-0.06158645000000001
Binance,XRP,2022-05-23,3,0.0275575
Binance,XRP,2022-05-24,3,-0.1429705
Binance,XRP,2022-05-25,3,-0.13514855
Binance,XRP,2022-05-26,3,-0.15488775
Binance,XRP,2022-05-27,3,-0.028210849999999992
Binance,XRP,2022-05-28,3,-0.03448155
Binance,XRP,2022-05-29,3,-0.14681395
Binance,XRP,2022-05-30,3,0.0718247
Binance,XRP,2022-05-31,3,0.0841909
Binance,XRP,2022-06-01,3,-0.0161111
Binance,XRP,2022-06-02,3,-0.0854027
Binance,XRP,2022-06-03,3,0.0425444
Binance,XRP,2022-06-04,3,0.02684575
Binance,XRP,2022-06-05,3,-0.01764775
Binance,XRP,2022-06-06,3,0.09622494999999999
Binance,XRP,2022-06-07,3,-0.056166200000000006
Binance,XRP,2022-06-08,3,0.05986365
Binance,XRP,2022-06-09,3,0.003985800000000001
Binance,XRP,2022-06-10,3,0.022279599999999993
Binance,XRP,2022-06-11,3,-0.18610985000000002
Binance,XRP,2022-06-12,3,-0.09336699999999999
Binance,XRP,2022-06-13,3,-0.12140265
Binance,XRP,2022-06-14,3,-0.12593595
Binance,XRP,2022-06-15,3,-0.16265860000000001
Binance,XRP,2022-06-16,3,0.007800049999999999
Binance,XRP,2022-06-17,3,-0.006584599999999996
Binance,XRP,2022-06-18,3,-0.08543555000000001
Binance,XRP,2022-06-19,3,-0.023068000000000005
Binance,XRP,2022-06-20,3,0.0685032
Binance,XRP,2022-06-21,3,0.0686857
Binance,XRP,2022-06-22,3,-0.05143945
Binance,XRP,2022-06-23,3,-0.0604878
Binance,XRP,2022-06-24,3,0.07000335
Binance,XRP,2022-06-25,3,0.057633500000000004
Binance,XRP,2022-06-26,3,0.04211005
Binance,XRP,2022-06-27,3,0.025473349999999995
Binance,XRP,2022-06-28,3,-0.011424499999999999
Binance,XRP,2022-06-29,3,-0.06603945
Binance,XRP,2022-06-30,3,-0.12417300000000002
Binance,XRP,2022-07-01,3,-0.103514
Binance,XRP,2022-07-02,3,0.024747
Binance,XRP,2022-07-03,3,0.0027739999999999987
Binance,XRP,2022-07-04,3,-0.031010400000000004
Binance,XRP,2022-07-05,3,-0.03225505000000001
Binance,XRP,2022-07-06,3,-0.027984549999999997
Binance,XRP,2022-07-07,3,-0.01290275
Binance,XRP,2022-07-08,3,0.061181299999999994
Binance,XRP,2022-07-09,3,0.06326179999999999
Binance,XRP,2022-07-10,3,0.0720364
Binance,XRP,2022-07-11,3,-0.015454100000000004
Binance,XRP,2022-07-12,3,-0.10249200000000001
Binance,XRP,2022-07-13,3,-0.1638047
Binance,XRP,2022-07-14,3,-0.11438005
Binance,XRP,2022-07-15,3,0.0451359
Binance,XRP,2022-07-16,3,-0.0889797
Binance,XRP,2022-07-17,3,0.04331455
Binance,XRP,2022-07-18,3,0.04845375
Binance,XRP,2022-07-19,3,0.010449950000000001
Binance,XRP,2022-07-20,3,0.008687
Binance,XRP,2022-07-21,3,-0.09644394999999999
Binance,XRP,2022-07-22,3,-0.0250244
Binance,XRP,2022-07-23,3,-0.10563099999999999
Binance,XRP,2022-07-24,3,0.07217145
Binance,XRP,2022-07-25,3,-0.112493
Binance,XRP,2022-07-26,3,-0.12225309999999999
Binance,XRP,2022-07-27,3,-0.1219976
Binance,XRP,2022-07-28,3,0.01745065
Binance,XRP,2022-07-29,3,0.08132930000000001
Binance,XRP,2022-07-30,3,0.0777523
Binance,XRP,2022-07-31,3,0.10026550000000001
Binance,XRP,2022-08-01,3,0.03875935
Binance,XRP,2022-08-02,3,-0.002146200000000001
Binance,XRP,2022-08-03,3,-0.018374099999999997
Binance,XRP,2022-08-04,3,-0.07098154999999999
Binance,XRP,2022-08-05,3,-0.001014699999999998
Binance,XRP,2022-08-06,3,0.058480300000000006
Binance,XRP,2022-08-07,3,-0.057721100000000004
Binance,XRP,2022-08-08,3,0.08388795
Binance,XRP,2022-08-09,3,0.016735250000000004
Binance,XRP,2022-08-10,3,-0.2366806
Binance,XRP,2022-08-11,3,0.0920749
Binance,XRP,2022-08-12,3,0.09445835000000001
Binance,XRP,2022-08-13,3,0.08575310000000001
Binance,XRP,2022-08-14,3,0.10035675
Binance,XRP,2022-08-15,3,-0.11649340000000001
Binance,XRP,2022-08-16,3,0.017257200000000004
Binance,XRP,2022-08-17,3,0.04074495
Binance,XRP,2022-08-18,3,-0.0326018
Binance,XRP,2022-08-19,3,-0.2131527
Binance,XRP,2022-08-20,3,-0.1836826
Binance,XRP,2022-08-21,3,-0.1081203
Binance,XRP,2022-08-22,3,-0.083147
Binance,XRP,2022-08-23,3,-0.0811176
Binance,XRP,2022-08-24,3,-0.07997149999999999
Binance,XRP,2022-08-25,3,-0.09403495
Binance,XRP,2022-08-26,3,0.045292849999999996
Binance,XRP,2022-08-27,3,-0.09989685
Binance,XRP,2022-08-28,3,0.00010949999999999907
Binance,XRP,2022-08-29,3,-0.21156129999999998
Binance,XRP,2022-08-30,3,-0.12344665
Binance,XRP,2022-08-31,3,-0.1303634
Binance,XRP,2022-09-01,3,-0.11819795
Binance,XRP,2022-09-02,3,-0.015410299999999997
Binance,XRP,2022-09-03,3,-0.03770085
Binance,XRP,2022-09-04,3,0.0564509
Binance,XRP,2022-09-05,3,0.00858845
Binance,XRP,2022-09-06,3,0.0637582
Binance,XRP,2022-09-07,3,-0.19473115
Binance,XRP,2022-09-08,3,0.031375400000000005
Binance,XRP,2022-09-09,3,0.04771645
Binance,XRP,2022-09-10,3,0.0811468
Binance,XRP,2022-09-11,3,0.0390477
Binance,XRP,2022-09-12,3,0.05678305
Binance,XRP,2022-09-13,3,-0.037438049999999994
Binance,XRP,2022-09-14,3,-0.33628909999999995
Binance,XRP,2022-09-15,3,-0.1665714
Binance,XRP,2022-09-16,3,-0.1317358
Binance,XRP,2022-09-17,3,0.0231775
Binance,XRP,2022-09-18,3,0.0262289
Binance,XRP,2022-09-19,3,0.010150650000000002
Binance,XRP,2022-09-20,3,-0.018834
Binance,XRP,2022-09-21,3,-0.07771215
Binance,XRP,2022-09-22,3,-0.14966095000000001
Binance,XRP,2022-09-23,3,-0.1578187
Binance,XRP,2022-09-24,3,-0.21085684999999998
Binance,XRP,2022-09-25,3,-0.09651694999999999
Binance,XRP,2022-09-26,3,-0.0976959
Binance,XRP,2022-09-27,3,-0.11946450000000002
Binance,XRP,2022-09-28,3,-0.26600834999999995
Binance,XRP,2022-09-29,3,-0.1188586
Binance,XRP,2022-09-30,3,0.03735410000000001
Binance,XRP,2022-10-01,3,0.1095
Binance,XRP,2022-10-02,3,0.033050750000000004
Binance,XRP,2022-10-03,3,-0.005934899999999997
Binance,XRP,2022-10-04,3,-0.02534925
Binance,XRP,2022-10-05,3,0.0046136
Binance,XRP,2022-10-06,3,0.038467350000000004
Binance,XRP,2022-10-07,3,0.004920199999999999
Binance,XRP,2022-10-08,3,0.10456155
Binance,XRP,2022-10-09,3,0.1095
Binance,XRP,2022-10-10,3,0.08563264999999999
Binance,XRP,2022-10-11,3,0.041975000000000005
Binance,XRP,2022-10-12,3,0.0286598
Binance,XRP,2022-10-13,3,-0.0202575
Binance,XRP,2022-10-14,3,0.0012409999999999921
Binance,XRP,2022-10-15,3,-0.0047231
Binance,XRP,2022-10-16,3,-0.010347750000000001
Binance,XRP,2022-10-17,3,0.008749050000000001
Binance,XRP,2022-10-18,3,0.04186185
Binance,XRP,2022-10-19,3,0.05947675
Binance,XRP,2022-10-20,3,0.040175550000000004
Binance,XRP,2022-10-21,3,-0.158629
Binance,XRP,2022-10-22,3,-0.10212334999999999
Binance,XRP,2022-10-23,3,0.0787524
Binance,XRP,2022-10-24,3,0.04667985
Binance,XRP,2022-10-25,3,-0.00807015
Binance,XRP,2022-10-26,3,0.03929225
Binance,XRP,2022-10-27,3,0.02062615
Binance,XRP,2022-10-28,3,-0.025345599999999996
Binance,XRP,2022-10-29,3,0.0557866
Binance,XRP,2022-10-30,3,0.07332119999999999
Binance,XRP,2022-10-31,3,0.0366241
Binance,XRP,2022-11-01,3,0.019866949999999994
Binance,XRP,2022-11-02,3,-0.01766965
Binance,XRP,2022-11-03,3,-0.01959685
Binance,XRP,2022-11-04,3,0.04861435
Binance,XRP,2022-11-05,3,0.10228759999999999
Binance,XRP,2022-11-06,3,0.1008276
Binance,XRP,2022-11-07,3,0.10927005000000001
Binance,XRP,2022-11-08,3,-0.022389099999999995
Binance,XRP,2022-11-09,3,-0.45423155
Binance,XRP,2022-11-10,3,-1.04369925
Binance,XRP,2022-11-11,3,-0.09043605
Binance,XRP,2022-11-12,3,0.05254175
Binance,XRP,2022-11-13,3,-0.05967385
Binance,XRP,2022-11-14,3,-0.040635450000000004
Binance,XRP,2022-11-15,3,-0.21717865
Binance,XRP,2022-11-16,3,0.006259750000000001
Binance,XRP,2022-11-17,3,-0.0386827
Binance,XRP,2022-11-18,3,0.009431599999999998
Binance,XRP,2022-11-19,3,0.0712991
Binance,XRP,2022-11-20,3,-0.012019450000000003
Binance,XRP,2022-11-21,3,-0.0376753
Binance,XRP,2022-11-22,3,-0.07829615000000002
Binance,XRP,2022-11-23,3,0.0639918
Binance,XRP,2022-11-24,3,0.0182427
Binance,XRP,2022-11-25,3,0.02276505
Binance,XRP,2022-11-26,3,0.0205422
Binance,XRP,2022-11-27,3,-0.0352663
Binance,XRP,2022-11-28,3,-0.023458549999999998
Binance,XRP,2022-11-29,3,0.049807899999999995
Binance,XRP,2022-11-30,3,0.012201950000000001
Binance,XRP,2022-12-01,3,0.0577503
Binance,XRP,2022-12-02,3,0.043880300000000004
Binance,XRP,2022-12-03,3,-0.013278700000000003
Binance,XRP,2022-12-04,3,-0.03072205
Binance,XRP,2022-12-05,3,0.0333245
Binance,XRP,2022-12-06,3,-0.04858150000000001
Binance,XRP,2022-12-07,3,-0.0116435
Binance,XRP,2022-12-08,3,-0.24442224999999998
Binance,XRP,2022-12-09,3,0.0054932500000000025
Binance,XRP,2022-12-10,3,-0.09918145
Binance,XRP,2022-12-11,3,-0.24765615
Binance,XRP,2022-12-12,3,-0.09025355
Binance,XRP,2022-12-13,3,-0.05209645000000001
Binance,XRP,2022-12-14,3,0.1095
Binance,XRP,2022-12-15,3,0.0359379
Binance,XRP,2022-12-16,3,0.1010612
Binance,XRP,2022-12-17,3,-0.07412785000000001
Binance,XRP,2022-12-18,3,-0.0847968
Binance,XRP,2022-12-19,3,-0.219584
Binance,XRP,2022-12-20,3,-0.10696325
Binance,XRP,2022-12-21,3,-0.060312599999999994
Binance,XRP,2022-12-22,3,-0.07706245000000002
Binance,XRP,2022-12-23,3,-0.13865985
Binance,XRP,2022-12-24,3,-0.09114779999999999
Binance,XRP,2022-12-25,3,-0.11262074999999999
Binance,XRP,2022-12-26,3,-0.23557830000000002
Binance,XRP,2022-12-27,3,-0.06641175
Binance,XRP,2022-12-28,3,-0.02436374999999999
Binance,XRP,2022-12-29,3,0.0464061
Binance,XRP,2022-12-30,3,0.06582045
Binance,XRP,2022-12-31,3,-0.00811394999999999
Binance,XRP,2023-01-01,3,0.1095
Binance,XRP,2023-01-02,3,-0.20567385000000002
Binance,XRP,2023-01-03,3,-0.14764249999999998
Binance,XRP,2023-01-04,3,-0.00045990000000000153
Binance,XRP,2023-01-05,3,-0.042256049999999996
Binance,XRP,2023-01-06,3,0.06425095
Binance,XRP,2023-01-07,3,0.08500485
Binance,XRP,2023-01-08,3,0.0671162
Binance,XRP,2023-01-09,3,0.05070945000000001
Binance,XRP,2023-01-10,3,0.1095
Binance,XRP,2023-01-11,3,0.1095
Binance,XRP,2023-01-12,3,0.1095
Binance,XRP,2023-01-13,3,0.1095
Binance,XRP,2023-01-14,3,0.1095
Binance,XRP,2023-01-15,3,0.1095
Binance,XRP,2023-01-16,3,0.1095
Binance,XRP,2023-01-17,3,0.1095
Binance,XRP,2023-01-18,3,0.1095
Binance,XRP,2023-01-19,3,0.1095
Binance,XRP,2023-01-20,3,0.0632545
Binance,XRP,2023-01-21,3,0.08648675
Binance,XRP,2023-01-22,3,0.1095
Binance,XRP,2023-01-23,3,0.1095
Binance,XRP,2023-01-24,3,0.1095
Binance,XRP,2023-01-25,3,0.1095
Binance,XRP,2023-01-26,3,0.1095
Binance,XRP,2023-01-27,3,0.1095
Binance,XRP,2023-01-28,3,0.1095
Binance,XRP,2023-01-29,3,0.1095
Binance,XRP,2023-01-30,3,0.1095
Binance,XRP,2023-01-31,3,0.1064778
Binance,XRP,2023-02-01,3,0.1095
Binance,XRP,2023-02-02,3,0.1095
Binance,XRP,2023-02-03,3,0.1095
Binance,XRP,2023-02-04,3,0.1095
Binance,XRP,2023-02-05,3,0.1095
Binance,XRP,2023-02-06,3,0.09653155000000001
Binance,XRP,2023-02-07,3,0.1095
Binance,XRP,2023-02-08,3,0.1095
Binance,XRP,2023-02-09,3,0.1095
Binance,XRP,2023-02-10,3,0.011501149999999996
Binance,XRP,2023-02-11,3,0.1048864
Binance,XRP,2023-02-12,3,-0.008971699999999994
Binance,XRP,2023-02-13,3,-0.12523515
Binance,XRP,2023-02-14,3,0.07448555
Binance,XRP,2023-02-15,3,0.10229490000000001
Binance,XRP,2023-02-16,3,0.1095
Binance,XRP,2023-02-17,3,0.10724795
Binance,XRP,2023-02-18,3,0.1095
Binance,XRP,2023-02-19,3,0.1095
Binance,XRP,2023-02-20,3,0.07361685
Binance,XRP,2023-02-21,3,0.1095
Binance,XRP,2023-02-22,3,0.1095
Binance,XRP,2023-02-23,3,0.1095
Binance,XRP,2023-02-24,3,0.1095
Binance,XRP,2023-02-25,3,0.08436244999999999
Binance,XRP,2023-02-26,3,0.058181000000000004
Binance,XRP,2023-02-27,3,0.1095
Binance,XRP,2023-02-28,3,0.1095
Binance,XRP,2023-03-01,3,0.1095
Binance,XRP,2023-03-02,3,0.1095
Binance,XRP,2023-03-03,3,0.08820955000000001
Binance,XRP,2023-03-04,3,0.1095
Binance,XRP,2023-03-05,3,0.05862265
Binance,XRP,2023-03-06,3,0.030988500000000002
Binance,XRP,2023-03-07,3,0.08933374999999999
Binance,XRP,2023-03-08,3,0.08712915
Binance,XRP,2023-03-09,3,0.1095
Binance,XRP,2023-03-10,3,0.037598650000000004
Binance,XRP,2023-03-11,3,-0.026831149999999998
Binance,XRP,2023-03-12,3,0.0019819499999999984
Binance,XRP,2023-03-13,3,0.0199071
Binance,XRP,2023-03-14,3,0.06836085
Binance,XRP,2023-03-15,3,0.1095
Binance,XRP,2023-03-16,3,0.10141889999999999
Binance,XRP,2023-03-17,3,-0.0138335
Binance,XRP,2023-03-18,3,0.1095
Binance,XRP,2023-03-19,3,0.1095
Binance,XRP,2023-03-20,3,0.1095
Binance,XRP,2023-03-21,3,0.06957995
Binance,XRP,2023-03-22,3,0.1095
Binance,XRP,2023-03-23,3,0.03475165
Binance,XRP,2023-03-24,3,0.0599549
Binance,XRP,2023-03-25,3,0.0696055
Binance,XRP,2023-03-26,3,0.047369699999999994
Binance,XRP,2023-03-27,3,0.0371205
Binance,XRP,2023-03-28,3,0.043796350000000005
Binance,XRP,2023-03-29,3,0.0677586
Binance,XRP,2023-03-30,3,0.06098785
Binance,XRP,2023-03-31,3,0.05969575
Binance,XRP,2023-04-01,3,0.0317915
Binance,XRP,2023-04-02,3,0.0004635500000000012
Binance,XRP,2023-04-03,3,0.052213249999999996
Binance,XRP,2023-04-04,3,-0.0266377
Binance,XRP,2023-04-05,3,0.054220750000000005
Binance,XRP,2023-04-06,3,-0.001751999999999999
Binance,XRP,2023-04-07,3,0.0015366499999999996
Binance,XRP,2023-04-08,3,0.0498517
Binance,XRP,2023-04-09,3,0.0041865500000000016
Binance,XRP,2023-04-10,3,-0.03056145
Binance,XRP,2023-04-11,3,0.04816175
Binance,XRP,2023-04-12,3,0.10786845
Binance,XRP,2023-04-13,3,-0.053322850000000005
Binance,XRP,2023-04-14,3,0.1095
Binance,XRP,2023-04-15,3,0.1095
Binance,XRP,2023-04-16,3,0.1095
Binance,XRP,2023-04-17,3,0.1095
Binance,XRP,2023-04-18,3,0.1095
Binance,XRP,2023-04-19,3,-0.009902449999999998
Binance,XRP,2023-04-20,3,-0.027718100000000013
Binance,XRP,2023-04-21,3,-0.03781764999999999
Binance,XRP,2023-04-22,3,-0.15694634999999998
Binance,XRP,2023-04-23,3,0.0137897
Binance,XRP,2023-04-24,3,-0.003259450000000001
Binance,XRP,2023-04-25,3,-0.03255070000000001
Binance,XRP,2023-04-26,3,-0.00667585
Binance,XRP,2023-04-27,3,-0.14490865
Binance,XRP,2023-04-28,3,0.0014563500000000045
Binance,XRP,2023-04-29,3,0.0917829
Binance,XRP,2023-04-30,3,0.1095
Binance,XRP,2023-05-01,3,0.08870594999999999
Binance,XRP,2023-05-02,3,0.07543090000000001
Binance,XRP,2023-05-03,3,-0.06023230000000001
Binance,XRP,2023-05-04,3,0.05787804999999999
Binance,XRP,2023-05-05,3,0.10840135000000001
Binance,XRP,2023-05-06,3,0.0376534
Binance,XRP,2023-05-07,3,0.0375512
Binance,XRP,2023-05-08,3,-0.04424530000000001
Binance,XRP,2023-05-09,3,-0.11543854999999999
Binance,XRP,2023-05-10,3,-0.119647
Binance,XRP,2023-05-11,3,-0.018622299999999998
Binance,XRP,2023-05-12,3,0.053523600000000005
Binance,XRP,2023-05-13,3,0.014059800000000003
Binance,XRP,2023-05-14,3,0.027375000000000007
Binance,XRP,2023-05-15,3,0.010274749999999997
Binance,XRP,2023-05-16,3,-0.07383585
Binance,XRP,2023-05-17,3,0.0570641
Binance,XRP,2023-05-18,3,0.031397299999999996
Binance,XRP,2023-05-19,3,0.1095
Binance,XRP,2023-05-20,3,0.0683791
Binance,XRP,2023-05-21,3,0.10309425
Binance,XRP,2023-05-22,3,0.08163954999999999
Binance,XRP,2023-05-23,3,0.0446103
Binance,XRP,2023-05-24,3,0.08572025
Binance,XRP,2023-05-25,3,0.038047599999999994
Binance,XRP,2023-05-26,3,0.0512752
Binance,XRP,2023-05-27,3,0.0936444
Binance,XRP,2023-05-28,3,0.09301295
Binance,XRP,2023-05-29,3,0.1095
Binance,XRP,2023-05-30,3,0.08296085
Binance,XRP,2023-05-31,3,0.1095
Binance,XRP,2023-06-01,3,0.10456155
Binance,XRP,2023-06-02,3,0.09182305
Binance,XRP,2023-06-03,3,0.1095
Binance,XRP,2023-06-04,3,0.1095
Binance,XRP,2023-06-05,3,0.1095
Binance,XRP,2023-06-06,3,0.030331499999999997
Binance,XRP,2023-06-07,3,0.1069961
Binance,XRP,2023-06-08,3,0.0683864
Binance,XRP,2023-06-09,3,0.09139599999999999
Binance,XRP,2023-06-10,3,-0.0642108
Binance,XRP,2023-06-11,3,-0.0989442
Binance,XRP,2023-06-12,3,0.090301
Binance,XRP,2023-06-13,3,0.009358600000000002
Binance,XRP,2023-06-14,3,-0.06540069999999999
Binance,XRP,2023-06-15,3,-0.05868834999999999
Binance,XRP,2023-06-16,3,-0.12956769999999998
Binance,XRP,2023-06-17,3,-0.21073275000000002
Binance,XRP,2023-06-18,3,-0.14460205
Binance,XRP,2023-06-19,3,-0.06406115
Binance,XRP,2023-06-20,3,-0.027126800000000003
Binance,XRP,2023-06-21,3,0.05239575
Binance,XRP,2023-06-22,3,0.0331566
Binance,XRP,2023-06-23,3,0.069569
Binance,XRP,2023-06-24,3,0.0981558
Binance,XRP,2023-06-25,3,0.1081203
Binance,XRP,2023-06-26,3,0.05199425
Binance,XRP,2023-06-27,3,0.0250098
Binance,XRP,2023-06-28,3,0.08134025
Binance,XRP,2023-06-29,3,-0.12449054999999999
Binance,XRP,2023-06-30,3,0.04874575
Binance,XRP,2023-07-01,3,0.09692210000000001
Binance,XRP,2023-07-02,3,0.1095
Binance,XRP,2023-07-03,3,0.1095
Binance,XRP,2023-07-04,3,0.1095
Binance,XRP,2023-07-05,3,0.08248635
Binance,XRP,2023-07-06,3,0.029002899999999998
Binance,XRP,2023-07-07,3,0.019476399999999998
Binance,XRP,2023-07-08,3,0.016844750000000002
Binance,XRP,2023-07-09,3,0.06668185
Binance,XRP,2023-07-10,3,0.06698845
Binance,XRP,2023-07-11,3,0.0714524
Binance,XRP,2023-07-12,3,0.0718028
Binance,XRP,2023-07-13,3,-0.03120385
Binance,XRP,2023-07-14,3,0.23099389999999997
Binance,XRP,2023-07-15,3,0.1095
Binance,XRP,2023-07-16,3,0.1095
Binance,XRP,2023-07-17,3,0.1095
Binance,XRP,2023-07-18,3,0.0931772
Binance,XRP,2023-07-19,3,0.1095
Binance,XRP,2023-07-20,3,0.0889213
Binance,XRP,2023-07-21,3,0.06432395
Binance,XRP,2023-07-22,3,0.0683499
Binance,XRP,2023-07-23,3,0.0736351
Binance,XRP,2023-07-24,3,0.07144875
Binance,XRP,2023-07-25,3,0.04433655
Binance,XRP,2023-07-26,3,0.0689704
Binance,XRP,2023-07-27,3,0.0676053
Binance,XRP,2023-07-28,3,0.1095
Binance,XRP,2023-07-29,3,0.1095
Binance,XRP,2023-07-30,3,0.1095
Binance,XRP,2023-07-31,3,0.1062515
Binance,XRP,2023-08-01,3,0.0629771
Binance,XRP,2023-08-02,3,0.1095
Binance,XRP,2023-08-03,3,0.07605505
Binance,XRP,2023-08-04,3,0.1095
Binance,XRP,2023-08-05,3,0.0987982
Binance,XRP,2023-08-06,3,0.0712991
Binance,XRP,2023-08-07,3,0.1095
Binance,XRP,2023-08-08,3,0.08396094999999999
Binance,XRP,2023-08-09,3,0.0328865
Binance,XRP,2023-08-10,3,0.10437904999999999
Binance,XRP,2023-08-11,3,0.1095
Binance,XRP,2023-08-12,3,0.1095
Binance,XRP,2023-08-13,3,0.09973989999999999
Binance,XRP,2023-08-14,3,0.1095
Binance,XRP,2023-08-15,3,0.10156125
Binance,XRP,2023-08-16,3,0.046606850000000005
Binance,XRP,2023-08-17,3,0.07858085
Binance,XRP,2023-08-18,3,-0.023184800000000002
Binance,XRP,2023-08-19,3,-0.038660799999999995
Binance,XRP,2023-08-20,3,-0.021502149999999998
Binance,XRP,2023-08-21,3,0.04706675
Binance,XRP,2023-08-22,3,-0.02685305
Binance,XRP,2023-08-23,3,0.0065371499999999985
Binance,XRP,2023-08-24,3,-0.03164549999999999
Binance,XRP,2023-08-25,3,0.033550800000000006
Binance,XRP,2023-08-26,3,0.03780305
Binance,XRP,2023-08-27,3,0.06974055
Binance,XRP,2023-08-28,3,0.04173775
Binance,XRP,2023-08-29,3,-0.053363000000000015
Binance,XRP,2023-08-30,3,0.0842274
Binance,XRP,2023-08-31,3,0.05254905000000001
Binance,XRP,2023-09-01,3,0.009544750000000005
Binance,XRP,2023-09-02,3,-0.06806155000000001
Binance,XRP,2023-09-03,3,-0.03888345000000001
Binance,XRP,2023-09-04,3,0.0416976
Binance,XRP,2023-09-05,3,0.07963569999999999
Binance,XRP,2023-09-06,3,0.0184252
Binance,XRP,2023-09-07,3,0.08516544999999999
Binance,XRP,2023-09-08,3,-0.005522449999999998
Binance,XRP,2023-09-09,3,0.07003985
Binance,XRP,2023-09-10,3,0.07544915
Binance,XRP,2023-09-11,3,-0.01548695
Binance,XRP,2023-09-12,3,-0.12113619999999999
Binance,XRP,2023-09-13,3,-0.0169068
Binance,XRP,2023-09-14,3,0.055323050000000006
Binance,XRP,2023-09-15,3,0.0712188
Binance,XRP,2023-09-16,3,0.06501015
Binance,XRP,2023-09-17,3,0.06766370000000001
Binance,XRP,2023-09-18,3,0.07125165
Binance,XRP,2023-09-19,3,0.09041779999999999
Binance,XRP,2023-09-20,3,0.0006205000000000013
Binance,XRP,2023-09-21,3,0.0738322
Binance,XRP,2023-09-22,3,0.09990415000000001
Binance,XRP,2023-09-23,3,0.0664227
Binance,XRP,2023-09-24,3,0.08839570000000001
Binance,XRP,2023-09-25,3,0.061831000000000004
Binance,XRP,2023-09-26,3,0.0214839
Binance,XRP,2023-09-27,3,0.02010055
Binance,XRP,2023-09-28,3,0.1001925
Binance,XRP,2023-09-29,3,0.0937758
Binance,XRP,2023-09-30,3,0.09029735
Binance,XRP,2023-10-01,3,0.1095
Binance,XRP,2023-10-02,3,0.0940094
Binance,XRP,2023-10-03,3,0.08134390000000001
Binance,XRP,2023-10-04,3,0.06488605
Binance,XRP,2023-10-05,3,0.0510489
Binance,XRP,2023-10-06,3,0.061100999999999996
Binance,XRP,2023-10-07,3,0.0399748
Binance,XRP,2023-10-08,3,0.0844391
Binance,XRP,2023-10-09,3,-0.008595750000000001
Binance,XRP,2023-10-10,3,-0.04738794999999999
Binance,XRP,2023-10-11,3,0.03245215
Binance,XRP,2023-10-12,3,0.03973755
Binance,XRP,2023-10-13,3,0.0892498
Binance,XRP,2023-10-14,3,0.0663351
Binance,XRP,2023-10-15,3,0.0918413
Binance,XRP,2023-10-16,3,0.05424265
Binance,XRP,2023-10-17,3,0.07750775
Binance,XRP,2023-10-18,3,0.07022235
Binance,XRP,2023-10-19,3,-0.0095995
Binance,XRP,2023-10-20,3,0.0491144
Binance,XRP,2023-10-21,3,0.04473805
Binance,XRP,2023-10-22,3,0.0842566
Binance,XRP,2023-10-23,3,0.1095
Binance,XRP,2023-10-24,3,0.1095
Binance,XRP,2023-10-25,3,0.1095
Binance,XRP,2023-10-26,3,0.1095
Binance,XRP,2023-10-27,3,0.1095
Binance,XRP,2023-10-28,3,0.1095
Binance,XRP,2023-10-29,3,0.1095
Binance,XRP,2023-10-30,3,0.11558089999999999
Binance,XRP,2023-10-31,3,0.1306262
Binance,XRP,2023-11-01,3,0.1095
Binance,XRP,2023-11-02,3,0.1423792
Binance,XRP,2023-11-03,3,0.1441896
Binance,XRP,2023-11-04,3,0.11816145
Binance,XRP,2023-11-05,3,0.22137980000000002
Binance,XRP,2023-11-06,3,0.12172385000000001
Binance,XRP,2023-11-07,3,0.1738641
Binance,XRP,2023-11-08,3,0.11788405
Binance,XRP,2023-11-09,3,0.2465721
Binance,XRP,2023-11-10,3,0.2537334
Binance,XRP,2023-11-11,3,0.2050132
Binance,XRP,2023-11-12,3,0.2644644
Binance,XRP,2023-11-13,3,0.31104935
Binance,XRP,2023-11-14,3,0.2005602
Binance,XRP,2023-11-15,3,0.1095
Binance,XRP,2023-11-16,3,0.1095
Binance,XRP,2023-11-17,3,0.1095
Binance,XRP,2023-11-18,3,0.1095
Binance,XRP,2023-11-19,3,0.1095
Binance,XRP,2023-11-20,3,0.1095
Binance,XRP,2023-11-21,3,0.1095
Binance,XRP,2023-11-22,3,0.1095
Binance,XRP,2023-11-23,3,0.1095
Binance,XRP,2023-11-24,3,0.1095
Binance,XRP,2023-11-25,3,0.1095
Binance,XRP,2023-11-26,3,0.1095
Binance,XRP,2023-11-27,3,0.1095
Binance,XRP,2023-11-28,3,0.1095
Binance,XRP,2023-11-29,3,0.1095
Binance,XRP,2023-11-30,3,0.1095
Binance,XRP,2023-12-01,3,0.13480545
Binance,XRP,2023-12-02,3,0.13996655
Binance,XRP,2023-12-03,3,0.21616760000000002
Binance,XRP,2023-12-04,3,0.14174774999999998
Binance,XRP,2023-12-05,3,0.1095
Binance,XRP,2023-12-06,3,0.28113395
Binance,XRP,2023-12-07,3,0.28540445000000003
Binance,XRP,2023-12-08,3,0.46505745
Binance,XRP,2023-12-09,3,0.3607514
Binance,XRP,2023-12-10,3,0.27000874999999996
Binance,XRP,2023-12-11,3,0.19743579999999997
Binance,XRP,2023-12-12,3,0.1095
Binance,XRP,2023-12-13,3,0.1095
Binance,XRP,2023-12-14,3,0.1095
Binance,XRP,2023-12-15,3,0.17465615
Binance,XRP,2023-12-16,3,0.1488689
Binance,XRP,2023-12-17,3,0.16897675
Binance,XRP,2023-12-18,3,0.11404425
Binance,XRP,2023-12-19,3,0.1095
Binance,XRP,2023-12-20,3,0.16392879999999999
Binance,XRP,2023-12-21,3,0.25955880000000003
Binance,XRP,2023-12-22,3,0.48592450000000004
Binance,XRP,2023-12-23,3,0.3622698
Binance,XRP,2023-12-24,3,0.45829400000000003
Binance,XRP,2023-12-25,3,0.39752514999999994
Binance,XRP,2023-12-26,3,0.43111974999999997
Binance,XRP,2023-12-27,3,0.5055687999999999
Binance,XRP,2023-12-28,3,0.6650446
Binance,XRP,2023-12-29,3,0.5615598
Binance,XRP,2023-12-30,3,0.3216234
Binance,XRP,2023-12-31,3,0.38266965
Binance,XRP,2024-01-01,3,0.2628146
Binance,XRP,2024-01-02,3,0.65795265
Binance,XRP,2024-01-03,3,0.32430615
Binance,XRP,2024-01-04,3,0.1095
Binance,XRP,2024-01-05,3,0.1095
Binance,XRP,2024-01-06,3,0.1095
Binance,XRP,2024-01-07,3,0.1095
Binance,XRP,2024-01-08,3,0.1095
Binance,XRP,2024-01-09,3,0.1095
Binance,XRP,2024-01-10,3,0.1095
Binance,XRP,2024-01-11,3,0.1095
Binance,XRP,2024-01-12,3,0.1095
Binance,XRP,2024-01-13,3,0.1095
Binance,XRP,2024-01-14,3,0.1095
Binance,XRP,2024-01-15,3,0.1095
Binance,XRP,2024-01-16,3,0.1095
Binance,XRP,2024-01-17,3,0.1095
Binance,XRP,2024-01-18,3,0.1095
Binance,XRP,2024-01-19,3,0.1095
Binance,XRP,2024-01-20,3,0.1095
Binance,XRP,2024-01-21,3,0.1095
Binance,XRP,2024-01-22,3,0.1095
Binance,XRP,2024-01-23,3,0.1095
Binance,XRP,2024-01-24,3,0.1095
Binance,XRP,2024-01-25,3,0.1095
Binance,XRP,2024-01-26,3,0.1095
Binance,XRP,2024-01-27,3,0.1095
Binance,XRP,2024-01-28,3,0.1095
Binance,XRP,2024-01-29,3,0.1095
Binance,XRP,2024-01-30,3,0.1095
Binance,XRP,2024-01-31,3,0.07939115000000001
Binance,XRP,2024-02-01,3,0.1095
Binance,XRP,2024-02-02,3,0.1095
Binance,XRP,2024-02-03,3,0.1095
Binance,XRP,2024-02-04,3,0.1095
Binance,XRP,2024-02-05,3,0.1095
Binance,XRP,2024-02-06,3,0.1095
Binance,XRP,2024-02-07,3,0.1095
Binance,XRP,2024-02-08,3,0.1095
Binance,XRP,2024-02-09,3,0.1095
Binance,XRP,2024-02-10,3,0.1095
Binance,XRP,2024-02-11,3,0.1095
Binance,XRP,2024-02-12,3,0.1095
Binance,XRP,2024-02-13,3,0.11334709999999999
Binance,XRP,2024-02-14,3,0.1095
Binance,XRP,2024-02-15,3,0.24224685
Binance,XRP,2024-02-16,3,0.23542865
Binance,XRP,2024-02-17,3,0.23122385
Binance,XRP,2024-02-18,3,0.16798760000000001
Binance,XRP,2024-02-19,3,0.32986145
Binance,XRP,2024-02-20,3,0.42473225
Binance,XRP,2024-02-21,3,0.12031860000000001
Binance,XRP,2024-02-22,3,0.2419877
Binance,XRP,2024-02-23,3,0.2734726
Binance,XRP,2024-02-24,3,0.2678662
Binance,XRP,2024-02-25,3,0.30244265
Binance,XRP,2024-02-26,3,0.4279333
Binance,XRP,2024-02-27,3,0.5974393
Binance,XRP,2024-02-28,3,0.5775686999999999
Binance,XRP,2024-02-29,3,0.7989704
Binance,XRP,2024-03-01,3,0.6794474999999999
Binance,XRP,2024-03-02,3,0.95886595
Binance,XRP,2024-03-03,3,0.7217656
Binance,XRP,2024-03-04,3,0.6384726
Binance,XRP,2024-03-05,3,0.9272459999999999
Binance,XRP,2024-03-06,3,0.26152250000000005
Binance,XRP,2024-03-07,3,0.5003274000000001
Binance,XRP,2024-03-08,3,0.6000016
Binance,XRP,2024-03-09,3,0.5661953000000001
Binance,XRP,2024-03-10,3,0.6137986000000001
Binance,XRP,2024-03-11,3,0.6566788
Binance,XRP,2024-03-12,3,0.70535885
Binance,XRP,2024-03-13,3,0.5778972000000001
Binance,XRP,2024-03-14,3,0.62256955
Binance,XRP,2024-03-15,3,0.38831255
Binance,XRP,2024-03-16,3,0.23164725
Binance,XRP,2024-03-17,3,0.17356114999999997
Binance,XRP,2024-03-18,3,0.2201826
Binance,XRP,2024-03-19,3,0.18411694999999997
Binance,XRP,2024-03-20,3,0.1784412
Binance,XRP,2024-03-21,3,0.15497534999999998
Binance,XRP,2024-03-22,3,0.28398095
Binance,XRP,2024-03-23,3,0.13899565
Binance,XRP,2024-03-24,3,0.2378121
Binance,XRP,2024-03-25,3,0.2054001
Binance,XRP,2024-03-26,3,0.2364324
Binance,XRP,2024-03-27,3,0.3108997
Binance,XRP,2024-03-28,3,0.4478696
Binance,XRP,2024-03-29,3,0.5766781
Binance,XRP,2024-03-30,3,0.6056883000000001
Binance,XRP,2024-03-31,3,0.6515542
Binance,XRP,2024-04-01,3,0.5217090999999999
Binance,XRP,2024-04-02,3,0.22850095
Binance,XRP,2024-04-03,3,0.12373135
Binance,XRP,2024-04-04,3,0.1939099
Binance,XRP,2024-04-05,3,0.14290115
Binance,XRP,2024-04-06,3,0.1251585
Binance,XRP,2024-04-07,3,0.11037599999999999
Binance,XRP,2024-04-08,3,0.15471255
Binance,XRP,2024-04-09,3,0.23691054999999997
Binance,XRP,2024-04-10,3,0.16569905
Binance,XRP,2024-04-11,3,0.1456277
Binance,XRP,2024-04-12,3,0.13125035
Binance,XRP,2024-04-13,3,0.1095
Binance,XRP,2024-04-14,3,0.0867167
Binance,XRP,2024-04-15,3,0.04827490000000001
Binance,XRP,2024-04-16,3,0.0274626
Binance,XRP,2024-04-17,3,-0.0021681000000000014
Binance,XRP,2024-04-18,3,0.08838839999999999
Binance,XRP,2024-04-19,3,0.054658750000000006
Binance,XRP,2024-04-20,3,-0.013840800000000002
Binance,XRP,2024-04-21,3,0.06740455
Binance,XRP,2024-04-22,3,0.04535855
Binance,XRP,2024-04-23,3,0.04206625
Binance,XRP,2024-04-24,3,0.056768450000000005
Binance,XRP,2024-04-25,3,0.07937655
Binance,XRP,2024-04-26,3,0.06048049999999999
Binance,XRP,2024-04-27,3,0.0597213
Binance,XRP,2024-04-28,3,0.010544850000000003
Binance,XRP,2024-04-29,3,-0.050099899999999996
Binance,XRP,2024-04-30,3,0.08226370000000001
Binance,XRP,2024-05-01,3,0.0423327
Binance,XRP,2024-05-02,3,0.1095
Binance,XRP,2024-05-03,3,0.09331225
Binance,XRP,2024-05-04,3,0.038843300000000004
Binance,XRP,2024-05-05,3,0.07877065
Binance,XRP,2024-05-06,3,0.1095
Binance,XRP,2024-05-07,3,0.046986450000000006
Binance,XRP,2024-05-08,3,0.09211504999999999
Binance,XRP,2024-05-09,3,0.1095
Binance,XRP,2024-05-10,3,0.070664
Binance,XRP,2024-05-11,3,0.08682985
Binance,XRP,2024-05-12,3,0.0820447
Binance,XRP,2024-05-13,3,0.052687750000000005
Binance,XRP,2024-05-14,3,0.1095
Binance,XRP,2024-05-15,3,0.0665979
Binance,XRP,2024-05-16,3,0.10687200000000001
Binance,XRP,2024-05-17,3,0.1012291
Binance,XRP,2024-05-18,3,0.03378805
Binance,XRP,2024-05-19,3,0.06995955
Binance,XRP,2024-05-20,3,0.0280174
Binance,XRP,2024-05-21,3,0.1095
Binance,XRP,2024-05-22,3,0.1095
Binance,XRP,2024-05-23,3,0.1095
Binance,XRP,2024-05-24,3,0.1095
Binance,XRP,2024-05-25,3,0.1095
Binance,XRP,2024-05-26,3,0.1095
Binance,XRP,2024-05-27,3,0.1162817
Binance,XRP,2024-05-28,3,0.1478396
Binance,XRP,2024-05-29,3,0.16344699999999998
Binance,XRP,2024-05-30,3,0.14598175
Binance,XRP,2024-05-31,3,0.11242
Binance,XRP,2024-06-01,3,0.22615765
Binance,XRP,2024-06-02,3,0.12716235
Binance,XRP,2024-06-03,3,0.1807407
Binance,XRP,2024-06-04,3,0.1095
Binance,XRP,2024-06-05,3,0.1576143
Binance,XRP,2024-06-06,3,0.2112912
Binance,XRP,2024-06-07,3,0.2033926
Binance,XRP,2024-06-08,3,0.1095
Binance,XRP,2024-06-09,3,0.1095
Binance,XRP,2024-06-10,3,0.1095
Binance,XRP,2024-06-11,3,0.1095
Binance,XRP,2024-06-12,3,0.1095
Binance,XRP,2024-06-13,3,0.1095
Binance,XRP,2024-06-14,3,0.1095
Binance,XRP,2024-06-15,3,0.1095
Binance,XRP,2024-06-16,3,0.1095
Binance,XRP,2024-06-17,3,0.0975207
Binance,XRP,2024-06-18,3,0.1062296
Binance,XRP,2024-06-19,3,0.062287249999999995
Binance,XRP,2024-06-20,3,0.06886455
Binance,XRP,2024-06-21,3,0.01969905
Binance,XRP,2024-06-22,3,0.09101275000000002
Binance,XRP,2024-06-23,3,0.06425825
Binance,XRP,2024-06-24,3,0.047114199999999995
Binance,XRP,2024-06-25,3,0.1095
Binance,XRP,2024-06-26,3,0.1019372
Binance,XRP,2024-06-27,3,0.09460435
Binance,XRP,2024-06-28,3,0.1095
Binance,XRP,2024-06-29,3,0.1095
Binance,XRP,2024-06-30,3,0.0907244
Binance,XRP,2024-07-01,3,0.1095
Binance,XRP,2024-07-02,3,0.10302125
Binance,XRP,2024-07-03,3,0.1095
Binance,XRP,2024-07-04,3,0.0689558
Binance,XRP,2024-07-05,3,-0.06639715
Binance,XRP,2024-07-06,3,0.06300265000000001
Binance,XRP,2024-07-07,3,0.04588414999999999
Binance,XRP,2024-07-08,3,0.014282450000000002
Binance,XRP,2024-07-09,3,0.066357
Binance,XRP,2024-07-10,3,0.090082
Binance,XRP,2024-07-11,3,0.06125065
Binance,XRP,2024-07-12,3,0.09360059999999999
Binance,XRP,2024-07-13,3,0.03618975
Binance,XRP,2024-07-14,3,0.10386075
Binance,XRP,2024-07-15,3,0.0691748
Binance,XRP,2024-07-16,3,0.0878336
Binance,XRP,2024-07-17,3,0.08289515
Binance,XRP,2024-07-18,3,0.1095
Binance,XRP,2024-07-19,3,0.0680287
Binance,XRP,2024-07-20,3,0.10444474999999999
Binance,XRP,2024-07-21,3,0.08713644999999999
Binance,XRP,2024-07-22,3,0.1095
Binance,XRP,2024-07-23,3,0.09800249999999999
Binance,XRP,2024-07-24,3,0.1095
Binance,XRP,2024-07-25,3,0.06027245
Binance,XRP,2024-07-26,3,-0.027937099999999996
Binance,XRP,2024-07-27,3,0.1095
Binance,XRP,2024-07-28,3,0.1095
Binance,XRP,2024-07-29,3,0.0804022
Binance,XRP,2024-07-30,3,0.10213064999999999
Binance,XRP,2024-07-31,3,0.1093467
Binance,XRP,2024-08-01,3,0.0646342
Binance,XRP,2024-08-02,3,0.03745265000000001
Binance,XRP,2024-08-03,3,0.003252150000000002
Binance,XRP,2024-08-04,3,-0.0087308
Binance,XRP,2024-08-05,3,-0.005825399999999999
Binance,XRP,2024-08-06,3,0.00876365
Binance,XRP,2024-08-07,3,0.0007153999999999992
Binance,XRP,2024-08-08,3,0.04471615
Binance,XRP,2024-08-09,3,0.08179285000000001
Binance,XRP,2024-08-10,3,-0.017921499999999996
Binance,XRP,2024-08-11,3,0.05052695000000001
Binance,XRP,2024-08-12,3,0.04138005
Binance,XRP,2024-08-13,3,0.0421794
Binance,XRP,2024-08-14,3,0.05123505
Binance,XRP,2024-08-15,3,0.07632879999999999
Binance,XRP,2024-08-16,3,0.03879585000000001
Binance,XRP,2024-08-17,3,0.0502167
Binance,XRP,2024-08-18,3,0.03067825
Binance,XRP,2024-08-19,3,0.037084
Binance,XRP,2024-08-20,3,0.08109204999999998
Binance,XRP,2024-08-21,3,0.02256795
Binance,XRP,2024-08-22,3,0.0782487
Binance,XRP,2024-08-23,3,0.04695725
Binance,XRP,2024-08-24,3,0.0575678
Binance,XRP,2024-08-25,3,-0.0057268499999999995
Binance,XRP,2024-08-26,3,-0.02394764999999999
Binance,XRP,2024-08-27,3,-0.023024200000000005
Binance,XRP,2024-08-28,3,-0.044278149999999995
Binance,XRP,2024-08-29,3,0.051976
Binance,XRP,2024-08-30,3,0.006967850000000001
Binance,XRP,2024-08-31,3,0.09721045
Binance,XRP,2024-09-01,3,0.0513336
Binance,XRP,2024-09-02,3,0.008165049999999998
Binance,XRP,2024-09-03,3,0.06379105
Binance,XRP,2024-09-04,3,0.05876865
Binance,XRP,2024-09-05,3,0.0069422999999999985
Binance,XRP,2024-09-06,3,0.009271
Binance,XRP,2024-09-07,3,-0.0579182
Binance,XRP,2024-09-08,3,0.0613638
Binance,XRP,2024-09-09,3,0.030517649999999997
Binance,XRP,2024-09-10,3,0.030565099999999998
Binance,XRP,2024-09-11,3,0.028889750000000002
Binance,XRP,2024-09-12,3,0.0230607
Binance,XRP,2024-09-13,3,0.027393249999999997
Binance,XRP,2024-09-14,3,0.0318718
Binance,XRP,2024-09-15,3,0.030670950000000002
Binance,XRP,2024-09-16,3,0.037536599999999996
Binance,XRP,2024-09-17,3,0.056122399999999996
Binance,XRP,2024-09-18,3,0.009621399999999999
Binance,XRP,2024-09-19,3,0.0921625
Binance,XRP,2024-09-20,3,0.1095
Binance,XRP,2024-09-21,3,0.09567745
Binance,XRP,2024-09-22,3,0.0895345
Binance,XRP,2024-09-23,3,0.0862276
Binance,XRP,2024-09-24,3,0.0799569
Binance,XRP,2024-09-25,3,0.1015941
Binance,XRP,2024-09-26,3,0.08495375
Binance,XRP,2024-09-27,3,0.10595585
Binance,XRP,2024-09-28,3,0.10533535000000001
Binance,XRP,2024-09-29,3,0.1095
Binance,XRP,2024-09-30,3,0.1095
Binance,XRP,2024-10-01,3,0.1095
Binance,XRP,2024-10-02,3,0.053034500000000005
Binance,XRP,2024-10-03,3,0.053651349999999993
Binance,XRP,2024-10-04,3,0.02942995
Binance,XRP,2024-10-05,3,0.04857055
Binance,XRP,2024-10-06,3,0.10663840000000001
Binance,XRP,2024-10-07,3,0.06665265
Binance,XRP,2024-10-08,3,0.10085315
Binance,XRP,2024-10-09,3,0.1095
Binance,XRP,2024-10-10,3,0.09081565000000001
Binance,XRP,2024-10-11,3,0.0897681
Binance,XRP,2024-10-12,3,0.1095
Binance,XRP,2024-10-13,3,0.0640794
Binance,XRP,2024-10-14,3,0.104755
Binance,XRP,2024-10-15,3,0.1095
Binance,XRP,2024-10-16,3,0.1095
Binance,XRP,2024-10-17,3,0.1095
Binance,XRP,2024-10-18,3,0.1095
Binance,XRP,2024-10-19,3,0.1095
Binance,XRP,2024-10-20,3,0.1095
Binance,XRP,2024-10-21,3,0.1095
Binance,XRP,2024-10-22,3,0.1090182
Binance,XRP,2024-10-23,3,0.1095
Binance,XRP,2024-10-24,3,0.1095
Binance,XRP,2024-10-25,3,0.1095
Binance,XRP,2024-10-26,3,0.0824097
Binance,XRP,2024-10-27,3,0.1095
Binance,XRP,2024-10-28,3,0.1028059
Binance,XRP,2024-10-29,3,0.1095
Binance,XRP,2024-10-30,3,0.1095
Binance,XRP,2024-10-31,3,0.1095
Binance,XRP,2024-11-01,3,0.1095
Binance,XRP,2024-11-02,3,0.1095
Binance,XRP,2024-11-03,3,0.09094704999999999
Binance,XRP,2024-11-04,3,0.1095
Binance,XRP,2024-11-05,3,0.1095
Binance,XRP,2024-11-06,3,0.1095
Binance,XRP,2024-11-07,3,0.1095
Binance,XRP,2024-11-08,3,0.1095
Binance,XRP,2024-11-09,3,0.1095
Binance,XRP,2024-11-10,3,0.24819270000000002
Binance,XRP,2024-11-11,3,0.15984445
Binance,XRP,2024-11-12,3,0.59441345
Binance,XRP,2024-11-13,3,0.1963116
Binance,XRP,2024-11-14,3,0.1621622
Binance,XRP,2024-11-15,3,0.12180049999999999
Binance,XRP,2024-11-16,3,0.1655202
Binance,XRP,2024-11-17,3,0.20354225
Binance,XRP,2024-11-18,3,0.20064780000000002
Binance,XRP,2024-11-19,3,0.2220441
Binance,XRP,2024-11-20,3,0.1566069
Binance,XRP,2024-11-21,3,0.1095
Binance,XRP,2024-11-22,3,0.2556533
Binance,XRP,2024-11-23,3,0.26002600000000003
Binance,XRP,2024-11-24,3,0.2169998
Binance,XRP,2024-11-25,3,0.1316555
Binance,XRP,2024-11-26,3,0.1095
Binance,XRP,2024-11-27,3,0.1095
Binance,XRP,2024-11-28,3,0.24761599999999998
Binance,XRP,2024-11-29,3,0.27984549999999997
Binance,XRP,2024-11-30,3,0.14589415
Binance,XRP,2024-12-01,3,0.1095
Binance,XRP,2024-12-02,3,0.2966574
Binance,XRP,2024-12-03,3,0.19036940000000002
Binance,XRP,2024-12-04,3,0.12418395
Binance,XRP,2024-12-05,3,0.6149374000000001
Binance,XRP,2024-12-06,3,0.3466405000000001
Binance,XRP,2024-12-07,3,0.32276584999999997
Binance,XRP,2024-12-08,3,0.1949173
Binance,XRP,2024-12-09,3,0.1095
Binance,XRP,2024-12-10,3,0.1095
Binance,XRP,2024-12-11,3,0.0492969
Binance,XRP,2024-12-12,3,0.1095
Binance,XRP,2024-12-13,3,0.1073903
Binance,XRP,2024-12-14,3,0.1095
Binance,XRP,2024-12-15,3,0.08188045000000001
Binance,XRP,2024-12-16,3,0.012625350000000002
Binance,XRP,2024-12-17,3,0.1095
Binance,XRP,2024-12-18,3,0.0936809
Binance,XRP,2024-12-19,3,-0.05212929999999999
Binance,XRP,2024-12-20,3,0.1095
Binance,XRP,2024-12-21,3,0.1095
Binance,XRP,2024-12-22,3,0.1095
Binance,XRP,2024-12-23,3,0.068182
Binance,XRP,2024-12-24,3,0.1095
Binance,XRP,2024-12-25,3,0.0935422
Binance,XRP,2024-12-26,3,0.020702799999999997
Binance,XRP,2024-12-27,3,0.0337917
Binance,XRP,2024-12-28,3,0.1095
Binance,XRP,2024-12-29,3,0.10609819999999999
Binance,XRP,2024-12-30,3,0.03413115
Binance,XRP,2024-12-31,3,0.051848250000000005
Binance,XRP,2025-01-01,3,0.1095
Binance,XRP,2025-01-02,3,0.1095
Binance,XRP,2025-01-03,3,0.1095
Binance,XRP,2025-01-04,3,0.1095
Binance,XRP,2025-01-05,3,0.1095
Binance,XRP,2025-01-06,3,0.1095
Binance,XRP,2025-01-07,3,0.1095
Binance,XRP,2025-01-08,3,0.0524432
Binance,XRP,2025-01-09,3,0.08331125
Binance,XRP,2025-01-10,3,0.095265
Binance,XRP,2025-01-11,3,0.1095
Binance,XRP,2025-01-12,3,0.1095
Binance,XRP,2025-01-13,3,0.07425195
Binance,XRP,2025-01-14,3,0.1095
Binance,XRP,2025-01-15,3,0.1095
Binance,XRP,2025-01-16,3,0.10004285
Binance,XRP,2025-01-17,3,0.052925
Binance,XRP,2025-01-18,3,0.0749418
Binance,XRP,2025-01-19,3,0.06875869999999999
Binance,XRP,2025-01-20,3,0.09373565
Binance,XRP,2025-01-21,3,0.0660139
Binance,XRP,2025-01-22,3,0.1095
Binance,XRP,2025-01-23,3,0.071613
Binance,XRP,2025-01-24,3,0.08531875
Binance,XRP,2025-01-25,3,0.044745349999999996
Binance,XRP,2025-01-26,3,0.1095
Binance,XRP,2025-01-27,3,0.013158250000000002
Binance,XRP,2025-01-28,3,0.0946299
Binance,XRP,2025-01-29,3,0.038748399999999995
Binance,XRP,2025-01-30,3,0.09905735
Binance,XRP,2025-01-31,3,0.1095
Binance,XRP,2025-02-01,3,-0.0124684
Binance,XRP,2025-02-02,3,0.08382590000000001
Binance,XRP,2025-02-03,3,-0.0642838
Binance,XRP,2025-02-04,3,-0.025261649999999997
Binance,XRP,2025-02-05,3,-0.06278365
Binance,XRP,2025-02-06,3,0.0494283
Binance,XRP,2025-02-07,3,-0.0256376
Binance,XRP,2025-02-08,3,0.02829115
Binance,XRP,2025-02-09,3,0.0015731499999999989
Binance,XRP,2025-02-10,3,0.029127
Binance,XRP,2025-02-11,3,0.0905127
Binance,XRP,2025-02-12,3,-0.019768399999999995
Binance,XRP,2025-02-13,3,0.0757959
Binance,XRP,2025-02-14,3,0.06867475
Binance,XRP,2025-02-15,3,0.05427185
Binance,XRP,2025-02-16,3,0.0246521
Binance,XRP,2025-02-17,3,0.015716900000000002
Binance,XRP,2025-02-18,3,0.04081795
Binance,XRP,2025-02-19,3,-0.020093250000000003
Binance,XRP,2025-02-20,3,-0.01613665
Binance,XRP,2025-02-21,3,-0.07284305
Binance,XRP,2025-02-22,3,-0.042442200000000006
Binance,XRP,2025-02-23,3,-0.02828385
Binance,XRP,2025-02-24,3,0.013421049999999995
Binance,XRP,2025-02-25,3,-0.01345755
Binance,XRP,2025-02-26,3,-0.07987295
Binance,XRP,2025-02-27,3,0.045705300000000004
Binance,XRP,2025-02-28,3,-0.025214200000000003
Binance,XRP,2025-03-01,3,0.010110500000000001
Binance,XRP,2025-03-02,3,0.009690750000000003
Binance,XRP,2025-03-03,3,0.05898765
Binance,XRP,2025-03-04,3,-0.01310715
Binance,XRP,2025-03-05,3,-0.10321835
Binance,XRP,2025-03-06,3,-0.0194764
Binance,XRP,2025-03-07,3,-0.08441720000000001
Binance,XRP,2025-03-08,3,-0.034379349999999996
Binance,XRP,2025-03-09,3,-0.0367701
Binance,XRP,2025-03-10,3,-0.1293268
Binance,XRP,2025-03-11,3,-0.060633799999999995
Binance,XRP,2025-03-12,3,-0.0820374
Binance,XRP,2025-03-13,3,-0.01769155
Binance,XRP,2025-03-14,3,-0.0246521
Binance,XRP,2025-03-15,3,-0.0072525500000000034
Binance,XRP,2025-03-16,3,-0.02404255
Binance,XRP,2025-03-17,3,-0.0231994
Binance,XRP,2025-03-18,3,-0.11690584999999999
Binance,XRP,2025-03-19,3,-0.10024725000000001
Binance,XRP,2025-03-20,3,0.009960850000000002
Binance,XRP,2025-03-21,3,-0.00497495
Binance,XRP,2025-03-22,3,-0.04807050000000001
Binance,XRP,2025-03-23,3,0.00021169999999999783
Binance,XRP,2025-03-24,3,0.0314703
Binance,XRP,2025-03-25,3,0.07030265000000001
Binance,XRP,2025-03-26,3,0.019961850000000003
Binance,XRP,2025-03-27,3,-0.15886625000000001
Binance,XRP,2025-03-28,3,-0.012815149999999997
Binance,XRP,2025-03-29,3,-0.10099185
Binance,XRP,2025-03-30,3,-0.1330133
Binance,XRP,2025-03-31,3,-0.12355614999999999
Binance,XRP,2025-04-01,3,-0.04643895
Binance,XRP,2025-04-02,3,-0.008176000000000001
Binance,XRP,2025-04-03,3,-0.25798565
Binance,XRP,2025-04-04,3,-0.1411017
Binance,XRP,2025-04-05,3,0.0786283
Binance,XRP,2025-04-06,3,0.052216900000000004
Binance,XRP,2025-04-07,3,-0.1143983
Binance,XRP,2025-04-08,3,-0.20346925000000002
Binance,XRP,2025-04-09,3,-0.0029820500000000013
Binance,XRP,2025-04-10,3,-0.032707650000000005
Binance,XRP,2025-04-11,3,-0.05391780000000001
Binance,XRP,2025-04-12,3,0.060444
Binance,XRP,2025-04-13,3,0.08960385
Binance,XRP,2025-04-14,3,0.011471950000000002
Binance,XRP,2025-04-15,3,0.0449023
Binance,XRP,2025-04-16,3,-0.13748455
Binance,XRP,2025-04-17,3,0.04448255
Binance,XRP,2025-04-18,3,-0.07312410000000001
Binance,XRP,2025-04-19,3,0.0554435
Binance,XRP,2025-04-20,3,-0.06780969999999999
Binance,XRP,2025-04-21,3,0.08361785
Binance,XRP,2025-04-22,3,0.01253775
Binance,XRP,2025-04-23,3,0.1095
Binance,XRP,2025-04-24,3,0.05888545
Binance,XRP,2025-04-25,3,0.0647437
Binance,XRP,2025-04-26,3,0.026115750000000004
Binance,XRP,2025-04-27,3,0.01088065
Binance,XRP,2025-04-28,3,0.1095
Binance,XRP,2025-04-29,3,-0.012921
Binance,XRP,2025-04-30,3,-0.0630136
Binance,XRP,2025-05-01,3,0.06747755
Binance,XRP,2025-05-02,3,0.10750710000000001
Binance,XRP,2025-05-03,3,0.06891565000000001
Binance,XRP,2025-05-04,3,0.0333975
Binance,XRP,2025-05-05,3,-0.04851945
Binance,XRP,2025-05-06,3,0.036459849999999995
Binance,XRP,2025-05-07,3,0.04771645
Binance,XRP,2025-05-08,3,0.0958344
Binance,XRP,2025-05-09,3,0.1095
Binance,XRP,2025-05-10,3,0.1095
Binance,XRP,2025-05-11,3,0.08753065
Binance,XRP,2025-05-12,3,0.10630625
Binance,XRP,2025-05-13,3,0.1095
Binance,XRP,2025-05-14,3,0.1095
Binance,XRP,2025-05-15,3,0.04557025
Binance,XRP,2025-05-16,3,0.06838275
Binance,XRP,2025-05-17,3,0.058692
Binance,XRP,2025-05-18,3,0.015914
Binance,XRP,2025-05-19,3,0.020622500000000005
Binance,XRP,2025-05-20,3,0.058980349999999994
Binance,XRP,2025-05-21,3,0.04350435
Binance,XRP,2025-05-22,3,0.1095
Binance,XRP,2025-05-23,3,0.07604045
Binance,XRP,2025-05-24,3,0.03241565
Binance,XRP,2025-05-25,3,-0.016914099999999998
Binance,XRP,2025-05-26,3,0.0908704
Binance,XRP,2025-05-27,3,0.028028350000000004
Binance,XRP,2025-05-28,3,0.027250900000000005
Binance,XRP,2025-05-29,3,0.0493991
Binance,XRP,2025-05-30,3,0.0470047
Binance,XRP,2025-05-31,3,0.016359299999999997
Binance,XRP,2025-06-01,3,0.0032083500000000035
Binance,XRP,2025-06-02,3,0.042303499999999994
Binance,XRP,2025-06-03,3,0.1095
Binance,XRP,2025-06-04,3,0.1069596
Binance,XRP,2025-06-05,3,0.048950150000000005
Binance,XRP,2025-06-06,3,-0.021071450000000002
Binance,XRP,2025-06-07,3,0.09888944999999999
Binance,XRP,2025-06-08,3,0.0904397
Binance,XRP,2025-06-09,3,0.06256465
Binance,XRP,2025-06-10,3,0.0589037
Binance,XRP,2025-06-11,3,0.1095
Binance,XRP,2025-06-12,3,0.0328427
Binance,XRP,2025-06-13,3,-0.030692850000000004
Binance,XRP,2025-06-14,3,0.033404800000000005
Binance,XRP,2025-06-15,3,0.0309739
Binance,XRP,2025-06-16,3,0.05258190000000001
Binance,XRP,2025-06-17,3,0.0968856
Binance,XRP,2025-06-18,3,0.02406445
Binance,XRP,2025-06-19,3,0.05768095
Binance,XRP,2025-06-20,3,0.0490122
Binance,XRP,2025-06-21,3,0.023874649999999997
Binance,XRP,2025-06-22,3,0.03037165
Binance,XRP,2025-06-23,3,-0.008384050000000002
Binance,XRP,2025-06-24,3,0.05148325
Binance,XRP,2025-06-25,3,0.1063756
Binance,XRP,2025-06-26,3,0.07321899999999999
Binance,XRP,2025-06-27,3,0.005562600000000001
Binance,XRP,2025-06-28,3,0.061254300000000005
Binance,XRP,2025-06-29,3,0.08774599999999999
Binance,XRP,2025-06-30,3,0.074971
Binance,XRP,2025-07-01,3,0.07803335
Binance,XRP,2025-07-02,3,-0.01861135
Binance,XRP,2025-07-03,3,0.1095
Binance,XRP,2025-07-04,3,0.09624685
Binance,XRP,2025-07-05,3,0.015771649999999998
Binance,XRP,2025-07-06,3,0.0724233
Binance,XRP,2025-07-07,3,0.1095
Binance,XRP,2025-07-08,3,0.029751149999999994
Binance,XRP,2025-07-09,3,0.1095
Binance,XRP,2025-07-10,3,0.10753629999999999
Binance,XRP,2025-07-11,3,0.1095
Binance,XRP,2025-07-12,3,0.1095
Binance,XRP,2025-07-13,3,0.1095
Binance,XRP,2025-07-14,3,0.1095
Binance,XRP,2025-07-15,3,0.1095
Binance,XRP,2025-07-16,3,0.1095
Binance,XRP,2025-07-17,3,0.1095
Binance,XRP,2025-07-18,3,0.2712972
Binance,XRP,2025-07-19,3,0.1095
Binance,XRP,2025-07-20,3,0.1095
Binance,XRP,2025-07-21,3,0.1095
Binance,XRP,2025-07-22,3,0.1095
Binance,XRP,2025-07-23,3,0.1875297
Binance,XRP,2025-07-24,3,0.1095
Binance,XRP,2025-07-25,3,0.06772575
Binance,XRP,2025-07-26,3,0.1095
Binance,XRP,2025-07-27,3,0.08822415
Binance,XRP,2025-07-28,3,0.08630789999999999
Binance,XRP,2025-07-29,3,0.0206079
Binance,XRP,2025-07-30,3,0.022374500000000002
Binance,XRP,2025-07-31,3,0.08357769999999999
Binance,XRP,2025-08-01,3,-0.009420650000000003
Binance,XRP,2025-08-02,3,0.10305775
Binance,XRP,2025-08-03,3,0.03948935
Binance,XRP,2025-08-04,3,0.04227065
Binance,XRP,2025-08-05,3,0.07890205
Binance,XRP,2025-08-06,3,0.02621795
Binance,XRP,2025-08-07,3,0.09346919999999999
Binance,XRP,2025-08-08,3,0.1047696
Binance,XRP,2025-08-09,3,0.1095
Binance,XRP,2025-08-10,3,0.0804825
Binance,XRP,2025-08-11,3,0.0632983
Binance,XRP,2025-08-12,3,0.06411589999999999
Binance,XRP,2025-08-13,3,0.1095
Binance,XRP,2025-08-14,3,0.1095
Binance,XRP,2025-08-15,3,0.024371050000000005
Binance,XRP,2025-08-16,3,0.07364605
Binance,XRP,2025-08-17,3,0.0664592
Binance,XRP,2025-08-18,3,-0.07498925000000001
Binance,XRP,2025-08-19,3,0.07294525
Binance,XRP,2025-08-20,3,0.017618549999999997
Binance,XRP,2025-08-21,3,0.08007004999999999
Binance,XRP,2025-08-22,3,0.07236125
Binance,XRP,2025-08-23,3,0.1095
Binance,XRP,2025-08-24,3,0.1095
Binance,XRP,2025-08-25,3,0.08705249999999999
Binance,XRP,2025-08-26,3,0.009990049999999995
Binance,XRP,2025-08-27,3,0.07892395
Binance,XRP,2025-08-28,3,0.1040469
Binance,XRP,2025-08-29,3,0.057483849999999996
Binance,XRP,2025-08-30,3,0.0034747999999999984
Binance,XRP,2025-08-31,3,0.07538345
Binance,XRP,2025-09-01,3,0.0765916
Binance,XRP,2025-09-02,3,0.0991997
Binance,XRP,2025-09-03,3,0.09272825
Binance,XRP,2025-09-04,3,0.03362015
Binance,XRP,2025-09-05,3,0.06531674999999999
Binance,XRP,2025-09-06,3,0.05211470000000001
Binance,XRP,2025-09-07,3,0.08212135
Binance,XRP,2025-09-08,3,0.09558255
Binance,XRP,2025-09-09,3,0.1095
Binance,XRP,2025-09-10,3,0.08939580000000001
Binance,XRP,2025-09-11,3,0.10463454999999999
Binance,XRP,2025-09-12,3,0.08852345
Binance,XRP,2025-09-13,3,0.1095
Binance,XRP,2025-09-14,3,0.09811199999999999
Binance,XRP,2025-09-15,3,0.0261121
Binance,XRP,2025-09-16,3,0.0619478
Binance,XRP,2025-09-17,3,0.045048300000000006
Binance,XRP,2025-09-18,3,0.1095
Binance,XRP,2025-09-19,3,0.04953415
Binance,XRP,2025-09-20,3,0.014596350000000001
Binance,XRP,2025-09-21,3,0.032452150000000006
Binance,XRP,2025-09-22,3,-0.000792050000000003
Binance,XRP,2025-09-23,3,0.027411500000000002
Binance,XRP,2025-09-24,3,0.10207225000000002
Binance,XRP,2025-09-25,3,0.0669921
Binance,XRP,2025-09-26,3,0.0503627
Binance,XRP,2025-09-27,3,0.10201020000000001
Binance,XRP,2025-09-28,3,0.07417165
Binance,XRP,2025-09-29,3,0.10688294999999999
Binance,XRP,2025-09-30,3,0.09144345
Binance,XRP,2025-10-01,3,0.10618945
Binance,XRP,2025-10-02,3,0.07253645
Binance,XRP,2025-10-03,3,0.0880015
Binance,XRP,2025-10-04,3,0.1095
Binance,XRP,2025-10-05,3,0.1095
Binance,XRP,2025-10-06,3,0.09527229999999999
Binance,XRP,2025-10-07,3,0.06737535
Binance,XRP,2025-10-08,3,0.0279152
Binance,XRP,2025-10-09,3,0.0586409
Binance,XRP,2025-10-10,3,0.0362883
Binance,XRP,2025-10-11,3,0.11469394999999999
Binance,XRP,2025-10-12,3,-0.09134125
Binance,XRP,2025-10-13,3,-0.026820200000000002
Binance,XRP,2025-10-14,3,0.0433912
Binance,XRP,2025-10-15,3,0.011742049999999999
Binance,XRP,2025-10-16,3,-0.0103295
Binance,XRP,2025-10-17,3,0.0526111
Binance,XRP,2025-10-18,3,-0.055640600000000005
Binance,XRP,2025-10-19,3,-0.0577357
Binance,XRP,2025-10-20,3,0.028886099999999998
Binance,XRP,2025-10-21,3,0.014917550000000002
Binance,XRP,2025-10-22,3,0.00798255
Binance,XRP,2025-10-23,3,0.05399809999999999
Binance,XRP,2025-10-24,3,0.04014635
Binance,XRP,2025-10-25,3,0.08080005
Binance,XRP,2025-10-26,3,0.064897
Binance,XRP,2025-10-27,3,0.0928925
Binance,XRP,2025-10-28,3,0.04891
Binance,XRP,2025-10-29,3,0.03561305
Binance,XRP,2025-10-30,3,0.0346312
Binance,XRP,2025-10-31,3,0.001821349999999997
Binance,XRP,2025-11-01,3,-0.0065699999999999995
Binance,XRP,2025-11-02,3,0.08185125
Binance,XRP,2025-11-03,3,-0.023757849999999997
Binance,XRP,2025-11-04,3,0.0342005
Binance,XRP,2025-11-05,3,-0.010402499999999999
Binance,XRP,2025-11-06,3,-0.011333250000000001
Binance,XRP,2025-11-07,3,-0.050545200000000005
Binance,XRP,2025-11-08,3,0.0853297
Binance,XRP,2025-11-09,3,-0.035777300000000005
Binance,XRP,2025-11-10,3,0.06661615
Binance,XRP,2025-11-11,3,0.0635246
Binance,XRP,2025-11-12,3,0.0081176
Binance,XRP,2025-11-13,3,0.0272947
Binance,XRP,2025-11-14,3,-0.02911970000000001
Binance,XRP,2025-11-15,3,-0.04500085
Binance,XRP,2025-11-16,3,-0.05113285000000001
Binance,XRP,2025-11-17,3,0.03550355
Binance,XRP,2025-11-18,3,0.0006204999999999961
Binance,XRP,2025-11-19,3,0.007588349999999998
Binance,XRP,2025-11-20,3,0.0549617
Binance,XRP,2025-11-21,3,0.0398945
Binance,XRP,2025-11-22,3,0.01681555
Binance,XRP,2025-11-23,3,-0.009782
Binance,XRP,2025-11-24,3,-0.0295869
Binance,XRP,2025-11-25,3,0.0191552
Binance,XRP,2025-11-26,3,-0.026020849999999998
Binance,XRP,2025-11-27,3,-0.0008285499999999996
Binance,XRP,2025-11-28,3,0.03870095
Binance,XRP,2025-11-29,3,-0.0336822
Binance,XRP,2025-11-30,3,-0.021243
Binance,XRP,2025-12-01,3,-0.0421867
Binance,XRP,2025-12-02,3,-0.028612349999999998
Binance,XRP,2025-12-03,3,0.0833879
Binance,XRP,2025-12-04,3,0.06958360000000001
Binance,XRP,2025-12-05,3,-0.01847265
Binance,XRP,2025-12-06,3,-0.0651598
Binance,XRP,2025-12-07,3,-0.1005648
Binance,XRP,2025-12-08,3,0.0468806
Binance,XRP,2025-12-09,3,0.0419823
Binance,XRP,2025-12-10,3,0.019538450000000002
Binance,XRP,2025-12-11,3,-0.09459705
Binance,XRP,2025-12-12,3,0.0242798
Binance,XRP,2025-12-13,3,0.003697450000000005
Binance,XRP,2025-12-14,3,-0.001970999999999997
Binance,XRP,2025-12-15,3,-0.1144275
Binance,XRP,2025-12-16,3,-0.16347985
Binance,XRP,2025-12-17,3,0.03037165
Binance,XRP,2025-12-18,3,-0.13710495
Binance,XRP,2025-12-19,3,0.003879949999999997
Binance,XRP,2025-12-20,3,-0.0003175500000000009
Binance,XRP,2025-12-21,3,0.012052300000000002
Binance,XRP,2025-12-22,3,0.049935650000000005
Binance,XRP,2025-12-23,3,-0.0341275
Binance,XRP,2025-12-24,3,0.002872550000000001
Binance,XRP,2025-12-25,3,0.031127199999999994
Binance,XRP,2025-12-26,3,-0.010077649999999995
Binance,XRP,2025-12-27,3,-0.013446600000000003
Binance,XRP,2025-12-28,3,0.09578695
Binance,XRP,2025-12-29,3,0.028546649999999996
Binance,XRP,2025-12-30,3,-0.11632550000000001
Binance,XRP,2025-12-31,3,0.042778000000000004
Binance,XRP,2026-01-01,3,-0.1166029
Binance,XRP,2026-01-02,3,0.10272194999999999
Binance,XRP,2026-01-03,3,0.0830594
Binance,XRP,2026-01-04,3,0.0230899
Binance,XRP,2026-01-05,3,0.036284649999999995
Binance,XRP,2026-01-06,3,0.09242165000000001
Binance,XRP,2026-01-07,3,0.06830245
Binance,XRP,2026-01-08,3,0.0780954
Binance,XRP,2026-01-09,3,0.0063072
Binance,XRP,2026-01-10,3,-0.0439387
Binance,XRP,2026-01-11,3,-0.027586700000000002
Binance,XRP,2026-01-12,3,-0.05108175
Binance,XRP,2026-01-13,3,0.007329199999999998
Binance,XRP,2026-01-14,3,0.09980925
Binance,XRP,2026-01-15,3,0.04943925
Binance,XRP,2026-01-16,3,-0.05871755
Binance,XRP,2026-01-17,3,0.052483350000000005
Binance,XRP,2026-01-18,3,-0.009606799999999999
Binance,XRP,2026-01-19,3,-0.0634808
Binance,XRP,2026-01-20,4,0.0715281375
Binance,XRP,2026-01-21,3,-0.007617550000000003
Binance,XRP,2026-01-22,3,0.043142999999999994
Binance,XRP,2026-01-23,3,0.02511565
Binance,XRP,2026-01-24,3,0.00168265
Binance,XRP,2026-01-25,3,0.0092637
Binance,XRP,2026-01-26,3,-0.0150526
Binance,XRP,2026-01-27,3,0.0274553
Binance,XRP,2026-01-28,3,0.06935000000000001
Binance,XRP,2026-01-29,3,-0.0253529
Binance,XRP,2026-01-30,3,-0.11966890000000001
Binance,XRP,2026-01-31,3,-0.12929395
Binance,XRP,2026-02-01,3,-0.04961080000000001
Binance,XRP,2026-02-02,3,0.000145999999999998
Binance,XRP,2026-02-03,3,-0.039591549999999996
Binance,XRP,2026-02-04,3,0.029893500000000003
Binance,XRP,2026-02-05,3,-0.01543585
Binance,XRP,2026-02-06,3,-0.33781845000000005
Binance,XRP,2026-02-07,3,-0.066868
Binance,XRP,2026-02-08,3,-0.1398388
Binance,XRP,2026-02-09,3,-0.08030730000000001
Binance,XRP,2026-02-10,3,-0.13695895
Binance,XRP,2026-02-11,3,-0.09321735000000002
Binance,XRP,2026-02-12,3,-0.02018085
Binance,XRP,2026-02-13,3,-0.03691975
Binance,XRP,2026-02-14,3,-0.0555165
Binance,XRP,2026-02-15,3,-0.10778814999999999
Binance,XRP,2026-02-16,3,-0.15020115
Binance,XRP,2026-02-17,3,-0.0664665
Binance,XRP,2026-02-18,3,-0.01545045
Binance,XRP,2026-02-19,3,-0.0046464500000000025
Binance,XRP,2026-02-20,3,-0.043183150000000003
Binance,XRP,2026-02-21,3,0.00971995
Binance,XRP,2026-02-22,3,-0.0823878
Binance,XRP,2026-02-23,3,-0.13358635
Binance,XRP,2026-02-24,3,-0.09165515
Binance,XRP,2026-02-25,3,0.02504265
Binance,XRP,2026-02-26,3,0.03968645
Binance,XRP,2026-02-27,3,-0.08760365000000002
Binance,XRP,2026-02-28,3,-0.23393215
Binance,XRP,2026-03-01,3,-0.04161
Binance,XRP,2026-03-02,3,-0.029419
Binance,XRP,2026-03-03,3,-0.0659993
Binance,XRP,2026-03-04,3,0.023911150000000003
Binance,XRP,2026-03-05,3,0.01925375
Binance,XRP,2026-03-06,3,-0.041398300000000006
Binance,XRP,2026-03-07,3,-0.1392986
Binance,XRP,2026-03-08,3,-0.17953984999999997
Binance,XRP,2026-03-09,3,-0.11625615
Binance,XRP,2026-03-10,3,0.014081700000000003
Binance,XRP,2026-03-11,3,-0.0694011
Binance,XRP,2026-03-12,3,-0.08912569999999999
Binance,XRP,2026-03-13,3,0.0654737
Binance,XRP,2026-03-14,3,-0.06320705
Binance,XRP,2026-03-15,3,0.010351399999999998
Binance,XRP,2026-03-16,3,0.07105455000000001
Binance,XRP,2026-03-17,3,0.02133425
Binance,XRP,2026-03-18,3,-0.009322100000000002
Binance,XRP,2026-03-19,3,0.0445592
Binance,XRP,2026-03-20,3,-0.0420772
Binance,XRP,2026-03-21,3,-0.00785115
Binance,XRP,2026-03-22,3,-0.062112049999999995
Binance,XRP,2026-03-23,3,0.0175711
Binance,XRP,2026-03-24,3,-0.0063583
Binance,XRP,2026-03-25,3,-0.0323901
Binance,XRP,2026-03-26,3,-0.11288720000000001
Binance,XRP,2026-03-27,3,-0.09540735
Binance,XRP,2026-03-28,3,-0.07363145
Binance,XRP,2026-03-29,3,-0.050344450000000006
Binance,XRP,2026-03-30,3,-0.014406549999999995
Binance,XRP,2026-03-31,3,-0.07285765
Binance,XRP,2026-04-01,3,0.07236125
Binance,XRP,2026-04-02,3,-0.12637030000000002
Binance,XRP,2026-04-03,3,0.00281415
Binance,XRP,2026-04-04,3,-0.04912534999999999
Binance,XRP,2026-04-05,3,-0.14801845
Binance,XRP,2026-04-06,3,0.0544653
Binance,XRP,2026-04-07,3,-0.028513799999999995
Binance,XRP,2026-04-08,3,0.09277935
Binance,XRP,2026-04-09,3,-0.0395149
Binance,XRP,2026-04-10,3,0.0363248
Binance,XRP,2026-04-11,3,-0.006898499999999999
Binance,XRP,2026-04-12,3,-0.054760949999999996
Binance,XRP,2026-04-13,3,0.009121349999999999
Binance,XRP,2026-04-14,3,0.081687
Binance,XRP,2026-04-15,3,0.0203232
Binance,XRP,2026-04-16,3,0.04204069999999999
Binance,XRP,2026-04-17,3,0.0403398
Binance,XRP,2026-04-18,3,0.0415735
Binance,XRP,2026-04-19,3,0.01048645
Binance,XRP,2026-04-20,3,0.0074898000000000005
Binance,XRP,2026-04-21,3,0.03521155
Binance,XRP,2026-04-22,3,0.037113200000000006
Binance,XRP,2026-04-23,3,-0.04673825
Binance,XRP,2026-04-24,3,0.03535025
Binance,XRP,2026-04-25,3,0.0034200499999999987
Binance,XRP,2026-04-26,3,-0.0440555
Binance,XRP,2026-04-27,3,-0.022724900000000003
Binance,XRP,2026-04-28,3,0.0139649
Binance,XRP,2026-04-29,3,-0.0475084
Binance,XRP,2026-04-30,3,-0.0009526500000000005
Binance,XRP,2026-05-01,3,-0.004679300000000001
Binance,XRP,2026-05-02,3,0.0020878000000000016
Binance,XRP,2026-05-03,3,0.027805700000000003
Binance,XRP,2026-05-04,3,0.0393032
Binance,XRP,2026-05-05,3,0.03954045
Binance,XRP,2026-05-06,3,0.0406902
Binance,XRP,2026-05-07,3,-0.04001495
Binance,XRP,2026-05-08,3,-0.02564125
Binance,XRP,2026-05-09,3,0.0883154
Binance,XRP,2026-05-10,3,0.04267945
Binance,XRP,2026-05-11,3,0.0468076
Binance,XRP,2026-05-12,3,0.01036965
Binance,XRP,2026-05-13,3,0.01993995
Binance,XRP,2026-05-14,3,0.04584035
Binance,XRP,2026-05-15,3,-0.002580550000000003
Binance,XRP,2026-05-16,3,-0.014924849999999998
Binance,XRP,2026-05-17,3,-0.010738300000000001
Bybit,HYPE,2024-12-05,2,0.1095
Bybit,HYPE,2024-12-06,3,0.1095
Bybit,HYPE,2024-12-07,3,0.1095
Bybit,HYPE,2024-12-08,3,0.1095
Bybit,HYPE,2024-12-09,3,0.1095
Bybit,HYPE,2024-12-10,3,0.1095
Bybit,HYPE,2024-12-11,3,0.1095
Bybit,HYPE,2024-12-12,3,0.1095
Bybit,HYPE,2024-12-13,3,0.1095
Bybit,HYPE,2024-12-14,3,0.1095
Bybit,HYPE,2024-12-15,3,0.1095
Bybit,HYPE,2024-12-16,3,0.1095
Bybit,HYPE,2024-12-17,3,0.1095
Bybit,HYPE,2024-12-18,3,0.1095
Bybit,HYPE,2024-12-19,3,0.24809414999999999
Bybit,HYPE,2024-12-20,3,1.07708215
Bybit,HYPE,2024-12-21,3,0.73812125
Bybit,HYPE,2024-12-22,3,0.33633655
Bybit,HYPE,2024-12-23,3,1.32177085
Bybit,HYPE,2024-12-24,3,0.88433295
Bybit,HYPE,2024-12-25,3,0.8179394499999999
Bybit,HYPE,2024-12-26,3,0.38923234999999995
Bybit,HYPE,2024-12-27,3,0.37772025000000004
Bybit,HYPE,2024-12-28,3,0.1095
Bybit,HYPE,2024-12-29,3,0.4778726
Bybit,HYPE,2024-12-30,3,0.2878317
Bybit,HYPE,2024-12-31,3,0.44612125
Bybit,HYPE,2025-01-01,3,0.828769
Bybit,HYPE,2025-01-02,3,0.90246615
Bybit,HYPE,2025-01-03,3,0.9512192
Bybit,HYPE,2025-01-04,3,0.91606605
Bybit,HYPE,2025-01-05,3,0.4099753
Bybit,HYPE,2025-01-06,3,0.66082155
Bybit,HYPE,2025-01-07,3,0.22133234999999998
Bybit,HYPE,2025-01-08,3,0.42386355000000003
Bybit,HYPE,2025-01-09,3,0.38224624999999995
Bybit,HYPE,2025-01-10,3,0.5300311
Bybit,HYPE,2025-01-11,3,0.22082500000000002
Bybit,HYPE,2025-01-12,3,0.3724241
Bybit,HYPE,2025-01-13,3,0.1589575
Bybit,HYPE,2025-01-14,3,0.1095
Bybit,HYPE,2025-01-15,3,0.17843025
Bybit,HYPE,2025-01-16,3,0.53856845
Bybit,HYPE,2025-01-17,3,0.7336536499999999
Bybit,HYPE,2025-01-18,3,0.69024055
Bybit,HYPE,2025-01-19,3,0.90394075
Bybit,HYPE,2025-01-20,3,0.94362355
Bybit,HYPE,2025-01-21,3,0.3169806
Bybit,HYPE,2025-01-22,3,0.53150205
Bybit,HYPE,2025-01-23,3,0.5154019
Bybit,HYPE,2025-01-24,3,0.2648367
Bybit,HYPE,2025-01-25,3,0.22331795
Bybit,HYPE,2025-01-26,3,0.12430075
Bybit,HYPE,2025-01-27,3,0.41205945000000005
Bybit,HYPE,2025-01-28,3,0.6989312
Bybit,HYPE,2025-01-29,3,0.20810474999999998
Bybit,HYPE,2025-01-30,3,0.1228663
Bybit,HYPE,2025-01-31,3,0.1095
Bybit,HYPE,2025-02-01,3,0.14253249999999998
Bybit,HYPE,2025-02-02,3,0.19072345000000002
Bybit,HYPE,2025-02-03,3,0.13260450000000001
Bybit,HYPE,2025-02-04,3,0.1527598
Bybit,HYPE,2025-02-05,3,0.1095
Bybit,HYPE,2025-02-06,3,0.1095
Bybit,HYPE,2025-02-07,3,0.1095
Bybit,HYPE,2025-02-08,3,0.1095
Bybit,HYPE,2025-02-09,3,0.1095
Bybit,HYPE,2025-02-10,3,0.1095
Bybit,HYPE,2025-02-11,3,0.1095
Bybit,HYPE,2025-02-12,3,0.09502044999999999
Bybit,HYPE,2025-02-13,3,0.1095
Bybit,HYPE,2025-02-14,3,0.13031230000000002
Bybit,HYPE,2025-02-15,3,0.1095
Bybit,HYPE,2025-02-16,3,0.1095
Bybit,HYPE,2025-02-17,3,0.1095
Bybit,HYPE,2025-02-18,3,0.1095
Bybit,HYPE,2025-02-19,3,0.1095
Bybit,HYPE,2025-02-20,3,0.06963105
Bybit,HYPE,2025-02-21,3,0.0063619499999999956
Bybit,HYPE,2025-02-22,3,0.49382675000000004
Bybit,HYPE,2025-02-23,3,0.11590940000000001
Bybit,HYPE,2025-02-24,3,0.6264714
Bybit,HYPE,2025-02-25,3,0.1095
Bybit,HYPE,2025-02-26,3,0.1095
Bybit,HYPE,2025-02-27,3,0.1095
Bybit,HYPE,2025-02-28,3,0.1095
Bybit,HYPE,2025-03-01,3,0.1095
Bybit,HYPE,2025-03-02,3,0.1095
Bybit,HYPE,2025-03-03,3,0.1095
Bybit,HYPE,2025-03-04,3,0.15085085
Bybit,HYPE,2025-03-05,3,0.1095
Bybit,HYPE,2025-03-06,3,0.22209155000000003
Bybit,HYPE,2025-03-07,3,0.28975525
Bybit,HYPE,2025-03-08,3,0.2182992
Bybit,HYPE,2025-03-09,3,0.31553885000000004
Bybit,HYPE,2025-03-10,3,0.4519503
Bybit,HYPE,2025-03-11,3,0.32468575
Bybit,HYPE,2025-03-12,3,0.23676819999999998
Bybit,HYPE,2025-03-13,3,0.20065144999999998
Bybit,HYPE,2025-03-14,3,0.1095
Bybit,HYPE,2025-03-15,3,0.17702135
Bybit,HYPE,2025-03-16,3,0.3421291
Bybit,HYPE,2025-03-17,3,0.1296553
Bybit,HYPE,2025-03-18,3,0.1095
Bybit,HYPE,2025-03-19,3,0.1095
Bybit,HYPE,2025-03-20,3,0.1095
Bybit,HYPE,2025-03-21,3,0.1095
Bybit,HYPE,2025-03-22,3,0.1095
Bybit,HYPE,2025-03-23,3,0.1095
Bybit,HYPE,2025-03-24,3,0.1095
Bybit,HYPE,2025-03-25,3,0.12189175000000001
Bybit,HYPE,2025-03-26,3,0.1095
Bybit,HYPE,2025-03-27,3,0.1095
Bybit,HYPE,2025-03-28,3,0.11541665000000001
Bybit,HYPE,2025-03-29,3,0.56539595
Bybit,HYPE,2025-03-30,3,0.14187550000000002
Bybit,HYPE,2025-03-31,3,0.28508324999999995
Bybit,HYPE,2025-04-01,3,0.19916955
Bybit,HYPE,2025-04-02,3,0.1797917
Bybit,HYPE,2025-04-03,3,0.11405885
Bybit,HYPE,2025-04-04,3,0.1095
Bybit,HYPE,2025-04-05,3,0.26087645
Bybit,HYPE,2025-04-06,3,0.35179065000000004
Bybit,HYPE,2025-04-07,3,0.44654830000000006
Bybit,HYPE,2025-04-08,3,0.35726199999999997
Bybit,HYPE,2025-04-09,3,0.1095
Bybit,HYPE,2025-04-10,3,0.11003289999999999
Bybit,HYPE,2025-04-11,3,0.1095
Bybit,HYPE,2025-04-12,3,0.1095
Bybit,HYPE,2025-04-13,3,0.1095
Bybit,HYPE,2025-04-14,3,0.1095
Bybit,HYPE,2025-04-15,3,0.15186555
Bybit,HYPE,2025-04-16,3,0.1095
Bybit,HYPE,2025-04-17,3,0.1095
Bybit,HYPE,2025-04-18,3,0.04203705
Bybit,HYPE,2025-04-19,3,0.0817162
Bybit,HYPE,2025-04-20,3,-0.010950000000000007
Bybit,HYPE,2025-04-21,3,0.056089549999999995
Bybit,HYPE,2025-04-22,3,0.1095
Bybit,HYPE,2025-04-23,3,0.1095
Bybit,HYPE,2025-04-24,3,0.16792189999999999
Bybit,HYPE,2025-04-25,3,0.35401715
Bybit,HYPE,2025-04-26,3,0.2837291
Bybit,HYPE,2025-04-27,3,0.36016739999999997
Bybit,HYPE,2025-04-28,3,0.20549865
Bybit,HYPE,2025-04-29,3,0.1095
Bybit,HYPE,2025-04-30,3,0.1095
Bybit,HYPE,2025-05-01,3,0.1095
Bybit,HYPE,2025-05-02,3,0.1095
Bybit,HYPE,2025-05-03,3,0.1095
Bybit,HYPE,2025-05-04,3,0.34145385
Bybit,HYPE,2025-05-05,3,0.1095
Bybit,HYPE,2025-05-06,3,0.1095
Bybit,HYPE,2025-05-07,3,0.1095
Bybit,HYPE,2025-05-08,3,0.1095
Bybit,HYPE,2025-05-09,3,1.0099112000000001
Bybit,HYPE,2025-05-10,3,0.4230861000000001
Bybit,HYPE,2025-05-11,3,0.1095
Bybit,HYPE,2025-05-12,3,0.1095
Bybit,HYPE,2025-05-13,3,0.1095
Bybit,HYPE,2025-05-14,3,0.1276697
Bybit,HYPE,2025-05-15,3,0.014665700000000002
Bybit,HYPE,2025-05-16,3,0.04199325
Bybit,HYPE,2025-05-17,3,0.1095
Bybit,HYPE,2025-05-18,3,0.18302925
Bybit,HYPE,2025-05-19,3,0.1095
Bybit,HYPE,2025-05-20,3,0.1095
Bybit,HYPE,2025-05-21,3,0.07382855
Bybit,HYPE,2025-05-22,3,0.7012744999999999
Bybit,HYPE,2025-05-23,3,0.5815034
Bybit,HYPE,2025-05-24,3,0.1095
Bybit,HYPE,2025-05-25,3,0.14185725000000002
Bybit,HYPE,2025-05-26,3,0.15574915
Bybit,HYPE,2025-05-27,3,0.13568145
Bybit,HYPE,2025-05-28,3,0.1371597
Bybit,HYPE,2025-05-29,3,0.3768114
Bybit,HYPE,2025-05-30,3,0.30371285
Bybit,HYPE,2025-05-31,3,0.1095
Bybit,HYPE,2025-06-01,3,0.1095
Bybit,HYPE,2025-06-02,3,0.1860697
Bybit,HYPE,2025-06-03,3,0.16809344999999998
Bybit,HYPE,2025-06-04,3,0.15766905
Bybit,HYPE,2025-06-05,3,0.14340850000000002
Bybit,HYPE,2025-06-06,3,0.24534935
Bybit,HYPE,2025-06-07,3,0.1159824
Bybit,HYPE,2025-06-08,3,0.16491429999999999
Bybit,HYPE,2025-06-09,3,0.1095
Bybit,HYPE,2025-06-10,3,0.1095
Bybit,HYPE,2025-06-11,3,0.15028145
Bybit,HYPE,2025-06-12,3,0.1095
Bybit,HYPE,2025-06-13,3,0.1095
Bybit,HYPE,2025-06-14,3,0.1340499
Bybit,HYPE,2025-06-15,3,0.1095
Bybit,HYPE,2025-06-16,3,0.19727519999999998
Bybit,HYPE,2025-06-17,3,0.37065385
Bybit,HYPE,2025-06-18,3,0.16223155
Bybit,HYPE,2025-06-19,3,0.27441065000000003
Bybit,HYPE,2025-06-20,3,0.13438205
Bybit,HYPE,2025-06-21,3,0.1095
Bybit,HYPE,2025-06-22,3,0.1095
Bybit,HYPE,2025-06-23,3,0.1095
Bybit,HYPE,2025-06-24,3,0.1095
Bybit,HYPE,2025-06-25,3,0.1095
Bybit,HYPE,2025-06-26,3,0.1095
Bybit,HYPE,2025-06-27,3,0.1095
Bybit,HYPE,2025-06-28,3,0.1095
Bybit,HYPE,2025-06-29,3,0.1095
Bybit,HYPE,2025-06-30,3,0.1095
Bybit,HYPE,2025-07-01,3,0.18881815
Bybit,HYPE,2025-07-02,3,0.1095
Bybit,HYPE,2025-07-03,3,0.1095
Bybit,HYPE,2025-07-04,3,0.1095
Bybit,HYPE,2025-07-05,3,0.1095
Bybit,HYPE,2025-07-06,3,0.1095
Bybit,HYPE,2025-07-07,3,0.04958889999999999
Bybit,HYPE,2025-07-08,3,-0.057104249999999995
Bybit,HYPE,2025-07-09,3,0.0095046
Bybit,HYPE,2025-07-10,3,0.1095
Bybit,HYPE,2025-07-11,3,0.1332615
Bybit,HYPE,2025-07-12,3,0.38279009999999997
Bybit,HYPE,2025-07-13,3,0.11529255000000001
Bybit,HYPE,2025-07-14,3,0.27372810000000003
Bybit,HYPE,2025-07-15,3,0.24863435
Bybit,HYPE,2025-07-16,3,0.1095
Bybit,HYPE,2025-07-17,3,0.1563222
Bybit,HYPE,2025-07-18,3,0.12735945
Bybit,HYPE,2025-07-19,3,0.1095
Bybit,HYPE,2025-07-20,3,0.1095
Bybit,HYPE,2025-07-21,3,0.09968149999999999
Bybit,HYPE,2025-07-22,3,0.1095
Bybit,HYPE,2025-07-23,3,0.0658898
Bybit,HYPE,2025-07-24,3,0.02691875
Bybit,HYPE,2025-07-25,3,0.045493599999999995
Bybit,HYPE,2025-07-26,3,0.1095
Bybit,HYPE,2025-07-27,3,0.1095
Bybit,HYPE,2025-07-28,3,0.1095
Bybit,HYPE,2025-07-29,3,0.1095
Bybit,HYPE,2025-07-30,3,0.0486764
Bybit,HYPE,2025-07-31,3,0.1095
Bybit,HYPE,2025-08-01,3,0.0648313
Bybit,HYPE,2025-08-02,3,-0.0257544
Bybit,HYPE,2025-08-03,3,0.021381699999999993
Bybit,HYPE,2025-08-04,3,0.0316017
Bybit,HYPE,2025-08-05,3,0.1095
Bybit,HYPE,2025-08-06,3,0.0022337999999999976
Bybit,HYPE,2025-08-07,3,0.1095
Bybit,HYPE,2025-08-08,3,0.0574583
Bybit,HYPE,2025-08-09,3,0.0535309
Bybit,HYPE,2025-08-10,3,0.1095
Bybit,HYPE,2025-08-11,3,0.1095
Bybit,HYPE,2025-08-12,3,0.1095
Bybit,HYPE,2025-08-13,3,0.03911705
Bybit,HYPE,2025-08-14,3,0.1095
Bybit,HYPE,2025-08-15,3,0.05408935
Bybit,HYPE,2025-08-16,3,0.1095
Bybit,HYPE,2025-08-17,3,0.1095
Bybit,HYPE,2025-08-18,3,0.1095
Bybit,HYPE,2025-08-19,3,0.0246667
Bybit,HYPE,2025-08-20,3,0.1095
Bybit,HYPE,2025-08-21,3,0.1095
Bybit,HYPE,2025-08-22,3,0.1095
Bybit,HYPE,2025-08-23,3,0.1095
Bybit,HYPE,2025-08-24,3,0.1095
Bybit,HYPE,2025-08-25,3,0.1095
Bybit,HYPE,2025-08-26,3,0.1095
Bybit,HYPE,2025-08-27,3,0.15768365
Bybit,HYPE,2025-08-28,3,0.1095
Bybit,HYPE,2025-08-29,3,0.1095
Bybit,HYPE,2025-08-30,3,0.1095
Bybit,HYPE,2025-08-31,3,0.1095
Bybit,HYPE,2025-09-01,3,0.1095
Bybit,HYPE,2025-09-02,3,0.1095
Bybit,HYPE,2025-09-03,3,0.1095
Bybit,HYPE,2025-09-04,3,0.1095
Bybit,HYPE,2025-09-05,3,0.1095
Bybit,HYPE,2025-09-06,3,0.1095
Bybit,HYPE,2025-09-07,3,0.1095
Bybit,HYPE,2025-09-08,3,0.1095
Bybit,HYPE,2025-09-09,3,0.1095
Bybit,HYPE,2025-09-10,3,0.1095
Bybit,HYPE,2025-09-11,3,0.1095
Bybit,HYPE,2025-09-12,3,0.1095
Bybit,HYPE,2025-09-13,3,0.10775895
Bybit,HYPE,2025-09-14,3,0.1095
Bybit,HYPE,2025-09-15,3,0.1095
Bybit,HYPE,2025-09-16,3,0.1095
Bybit,HYPE,2025-09-17,3,0.1095
Bybit,HYPE,2025-09-18,3,0.1095
Bybit,HYPE,2025-09-19,3,0.1095
Bybit,HYPE,2025-09-20,3,0.1095
Bybit,HYPE,2025-09-21,3,0.18858819999999998
Bybit,HYPE,2025-09-22,3,0.30003365
Bybit,HYPE,2025-09-23,3,0.23437015000000003
Bybit,HYPE,2025-09-24,3,0.21811305
Bybit,HYPE,2025-09-25,3,0.1250855
Bybit,HYPE,2025-09-26,3,0.1125076
Bybit,HYPE,2025-09-27,3,0.15969845000000002
Bybit,HYPE,2025-09-28,3,0.1095
Bybit,HYPE,2025-09-29,3,0.1095
Bybit,HYPE,2025-09-30,3,0.1095
Bybit,HYPE,2025-10-01,3,0.1095
Bybit,HYPE,2025-10-02,3,0.1095
Bybit,HYPE,2025-10-03,3,0.1095
Bybit,HYPE,2025-10-04,3,0.1354734
Bybit,HYPE,2025-10-05,3,0.1095
Bybit,HYPE,2025-10-06,3,0.15578565
Bybit,HYPE,2025-10-07,3,0.1095
Bybit,HYPE,2025-10-08,3,0.1095
Bybit,HYPE,2025-10-09,3,0.1095
Bybit,HYPE,2025-10-10,3,0.1095
Bybit,HYPE,2025-10-11,3,0.1095
Bybit,HYPE,2025-10-12,3,0.1095
Bybit,HYPE,2025-10-13,3,0.1095
Bybit,HYPE,2025-10-14,3,0.06599565
Bybit,HYPE,2025-10-15,3,0.0384564
Bybit,HYPE,2025-10-16,3,-0.08693205
Bybit,HYPE,2025-10-17,3,0.09723599999999999
Bybit,HYPE,2025-10-18,3,0.1095
Bybit,HYPE,2025-10-19,3,0.1095
Bybit,HYPE,2025-10-20,3,0.1095
Bybit,HYPE,2025-10-21,3,0.1095
Bybit,HYPE,2025-10-22,3,0.1095
Bybit,HYPE,2025-10-23,3,0.1095
Bybit,HYPE,2025-10-24,3,0.0921917
Bybit,HYPE,2025-10-25,3,0.1095
Bybit,HYPE,2025-10-26,3,0.09686735
Bybit,HYPE,2025-10-27,3,0.1095
Bybit,HYPE,2025-10-28,3,0.06547735
Bybit,HYPE,2025-10-29,3,0.009179750000000002
Bybit,HYPE,2025-10-30,3,0.05231544999999999
Bybit,HYPE,2025-10-31,3,0.0975061
Bybit,HYPE,2025-11-01,3,0.02705745
Bybit,HYPE,2025-11-02,3,-0.0895126
Bybit,HYPE,2025-11-03,3,0.1095
Bybit,HYPE,2025-11-04,3,0.1095
Bybit,HYPE,2025-11-05,3,0.1095
Bybit,HYPE,2025-11-06,3,0.0749053
Bybit,HYPE,2025-11-07,3,0.058713900000000006
Bybit,HYPE,2025-11-08,3,-0.0003394500000000004
Bybit,HYPE,2025-11-09,3,0.0300103
Bybit,HYPE,2025-11-10,3,0.0720583
Bybit,HYPE,2025-11-11,3,0.06708335
Bybit,HYPE,2025-11-12,3,-0.035591149999999995
Bybit,HYPE,2025-11-13,3,0.10219635
Bybit,HYPE,2025-11-14,3,0.022699349999999997
Bybit,HYPE,2025-11-15,3,0.040051449999999995
Bybit,HYPE,2025-11-16,3,0.0672038
Bybit,HYPE,2025-11-17,3,0.1011488
Bybit,HYPE,2025-11-18,3,0.10745234999999999
Bybit,HYPE,2025-11-19,3,-0.02017355
Bybit,HYPE,2025-11-20,3,-0.018702599999999996
Bybit,HYPE,2025-11-21,3,-0.007310949999999999
Bybit,HYPE,2025-11-22,3,0.06143315
Bybit,HYPE,2025-11-23,3,-0.09139235000000001
Bybit,HYPE,2025-11-24,3,0.0588015
Bybit,HYPE,2025-11-25,3,0.042339999999999996
Bybit,HYPE,2025-11-26,3,0.0030769499999999984
Bybit,HYPE,2025-11-27,3,-0.1100329
Bybit,HYPE,2025-11-28,3,0.0977981
Bybit,HYPE,2025-11-29,3,0.1095
Bybit,HYPE,2025-11-30,3,0.0928195
Bybit,HYPE,2025-12-01,3,0.0704669
Bybit,HYPE,2025-12-02,3,0.049709350000000006
Bybit,HYPE,2025-12-03,3,0.08578229999999999
Bybit,HYPE,2025-12-04,3,0.060301650000000005
Bybit,HYPE,2025-12-05,3,-0.007821950000000001
Bybit,HYPE,2025-12-06,3,-0.055173400000000004
Bybit,HYPE,2025-12-07,3,0.053366649999999995
Bybit,HYPE,2025-12-08,3,0.0311345
Bybit,HYPE,2025-12-09,3,0.1095
Bybit,HYPE,2025-12-10,3,0.060750599999999995
Bybit,HYPE,2025-12-11,3,0.0352882
Bybit,HYPE,2025-12-12,3,0.0552683
Bybit,HYPE,2025-12-13,3,-0.004423800000000001
Bybit,HYPE,2025-12-14,3,0.030886300000000005
Bybit,HYPE,2025-12-15,3,0.04535855
Bybit,HYPE,2025-12-16,3,0.02305705
Bybit,HYPE,2025-12-17,3,0.1095
Bybit,HYPE,2025-12-18,3,0.1095
Bybit,HYPE,2025-12-19,3,0.07755155
Bybit,HYPE,2025-12-20,3,0.042197649999999996
Bybit,HYPE,2025-12-21,3,0.038292150000000004
Bybit,HYPE,2025-12-22,3,0.0683134
Bybit,HYPE,2025-12-23,3,0.008628599999999998
Bybit,HYPE,2025-12-24,3,-0.08814749999999999
Bybit,HYPE,2025-12-25,3,-0.0644517
Bybit,HYPE,2025-12-26,3,0.02272855
Bybit,HYPE,2025-12-27,3,-0.018304749999999998
Bybit,HYPE,2025-12-28,3,0.1019153
Bybit,HYPE,2025-12-29,3,0.10717494999999999
Bybit,HYPE,2025-12-30,3,-0.03091185
Bybit,HYPE,2025-12-31,3,0.07846405
Bybit,HYPE,2026-01-01,3,0.1095
Bybit,HYPE,2026-01-02,3,0.04787705
Bybit,HYPE,2026-01-03,3,0.1095
Bybit,HYPE,2026-01-04,3,0.0684667
Bybit,HYPE,2026-01-05,3,0.0012117999999999966
Bybit,HYPE,2026-01-06,3,0.07888015
Bybit,HYPE,2026-01-07,3,-0.023911150000000003
Bybit,HYPE,2026-01-08,3,-0.0575897
Bybit,HYPE,2026-01-09,3,-0.017432399999999997
Bybit,HYPE,2026-01-10,3,0.017833900000000003
Bybit,HYPE,2026-01-11,3,0.08268345
Bybit,HYPE,2026-01-12,3,0.1061785
Bybit,HYPE,2026-01-13,3,0.1095
Bybit,HYPE,2026-01-14,3,0.1095
Bybit,HYPE,2026-01-15,3,0.1095
Bybit,HYPE,2026-01-16,3,0.07192325000000001
Bybit,HYPE,2026-01-17,3,0.0752557
Bybit,HYPE,2026-01-18,3,0.10566385
Bybit,HYPE,2026-01-19,3,0.10248835
Bybit,HYPE,2026-01-20,3,0.06311945000000001
Bybit,HYPE,2026-01-21,3,0.051344549999999996
Bybit,HYPE,2026-01-22,3,-0.038211850000000006
Bybit,HYPE,2026-01-23,3,-0.030587000000000003
Bybit,HYPE,2026-01-24,3,-0.06027245
Bybit,HYPE,2026-01-25,3,-0.0721386
Bybit,HYPE,2026-01-26,3,0.1095
Bybit,HYPE,2026-01-27,3,0.1095
Bybit,HYPE,2026-01-28,3,-0.06342605
Bybit,HYPE,2026-01-29,3,-0.05913365
Bybit,HYPE,2026-01-30,3,0.030273099999999997
Bybit,HYPE,2026-01-31,3,0.0777742
Bybit,HYPE,2026-02-01,3,0.03670805
Bybit,HYPE,2026-02-02,3,0.017450649999999998
Bybit,HYPE,2026-02-03,3,0.0430481
Bybit,HYPE,2026-02-04,3,0.003985800000000002
Bybit,HYPE,2026-02-05,3,-0.06534229999999999
Bybit,HYPE,2026-02-06,3,-0.05522449999999999
Bybit,HYPE,2026-02-07,3,-0.0465886
Bybit,HYPE,2026-02-08,3,0.09003090000000001
Bybit,HYPE,2026-02-09,3,0.04473805
Bybit,HYPE,2026-02-10,3,0.01406345
Bybit,HYPE,2026-02-11,3,0.1079159
Bybit,HYPE,2026-02-12,3,0.034529
Bybit,HYPE,2026-02-13,3,-0.00496765
Bybit,HYPE,2026-02-14,3,-0.00967615
Bybit,HYPE,2026-02-15,3,-0.03316755
Bybit,HYPE,2026-02-16,3,-0.05249065
Bybit,HYPE,2026-02-17,3,0.1095
Bybit,HYPE,2026-02-18,3,0.010873350000000006
Bybit,HYPE,2026-02-19,3,-0.03032055
Bybit,HYPE,2026-02-20,3,-0.0277327
Bybit,HYPE,2026-02-21,3,0.005777950000000001
Bybit,HYPE,2026-02-22,3,0.03164915
Bybit,HYPE,2026-02-23,3,0.04946845
Bybit,HYPE,2026-02-24,3,0.02905765
Bybit,HYPE,2026-02-25,3,-0.017085649999999997
Bybit,HYPE,2026-02-26,3,0.06059
Bybit,HYPE,2026-02-27,3,0.01145735
Bybit,HYPE,2026-02-28,3,-0.01625345
Bybit,HYPE,2026-03-01,3,0.1095
Bybit,HYPE,2026-03-02,3,0.1095
Bybit,HYPE,2026-03-03,3,0.09223185
Bybit,HYPE,2026-03-04,3,-0.027867749999999997
Bybit,HYPE,2026-03-05,3,0.020261150000000002
Bybit,HYPE,2026-03-06,3,0.09921429999999999
Bybit,HYPE,2026-03-07,3,0.08090225
Bybit,HYPE,2026-03-08,3,-0.0356532
Bybit,HYPE,2026-03-09,3,0.012665500000000001
Bybit,HYPE,2026-03-10,3,-0.08399380000000001
Bybit,HYPE,2026-03-11,3,-0.04487675
Bybit,HYPE,2026-03-12,3,-0.1382328
Bybit,HYPE,2026-03-13,3,-0.09975450000000001
Bybit,HYPE,2026-03-14,3,-0.0073000000000000035
Bybit,HYPE,2026-03-15,3,0.0325069
Bybit,HYPE,2026-03-16,3,0.1095
Bybit,HYPE,2026-03-17,3,0.1095
Bybit,HYPE,2026-03-18,3,0.06824770000000001
Bybit,HYPE,2026-03-19,3,-0.09181210000000001
Bybit,HYPE,2026-03-20,3,0.0292949
Bybit,HYPE,2026-03-21,3,-0.028079449999999995
Bybit,HYPE,2026-03-22,3,0.0601301
Bybit,HYPE,2026-03-23,3,0.0671819
Bybit,HYPE,2026-03-24,3,-0.01012875
Bybit,HYPE,2026-03-25,3,0.03102865
Bybit,HYPE,2026-03-26,3,-0.009117700000000001
Bybit,HYPE,2026-03-27,3,0.09827625
Bybit,HYPE,2026-03-28,3,-0.03870825
Bybit,HYPE,2026-03-29,3,-0.0075482000000000014
Bybit,HYPE,2026-03-30,3,-0.04119025
Bybit,HYPE,2026-03-31,3,0.1059522
Bybit,HYPE,2026-04-01,3,0.1095
Bybit,HYPE,2026-04-02,3,0.10729905
Bybit,HYPE,2026-04-03,3,0.029674500000000003
Bybit,HYPE,2026-04-04,3,-0.0190676
Bybit,HYPE,2026-04-05,3,-0.00498955
Bybit,HYPE,2026-04-06,3,0.0725547
Bybit,HYPE,2026-04-07,3,-0.03243025
Bybit,HYPE,2026-04-08,3,0.04354450000000001
Bybit,HYPE,2026-04-09,3,0.02152405
Bybit,HYPE,2026-04-10,3,0.034240650000000004
Bybit,HYPE,2026-04-11,3,0.01314365
Bybit,HYPE,2026-04-12,3,0.07925245
Bybit,HYPE,2026-04-13,3,0.03317485
Bybit,HYPE,2026-04-14,3,-0.06146235
Bybit,HYPE,2026-04-15,3,-0.110157
Bybit,HYPE,2026-04-16,3,-0.07677775
Bybit,HYPE,2026-04-17,3,-0.0878044
Bybit,HYPE,2026-04-18,3,-0.0515015
Bybit,HYPE,2026-04-19,3,0.04934070000000001
Bybit,HYPE,2026-04-20,3,0.1095
Bybit,HYPE,2026-04-21,3,0.10414545000000001
Bybit,HYPE,2026-04-22,3,0.044427799999999996
Bybit,HYPE,2026-04-23,3,0.032360900000000005
Bybit,HYPE,2026-04-24,3,0.08691015
Bybit,HYPE,2026-04-25,3,0.04812525
Bybit,HYPE,2026-04-26,3,-0.00022265000000000132
Bybit,HYPE,2026-04-27,3,0.0878336
Bybit,HYPE,2026-04-28,3,0.048566899999999996
Bybit,HYPE,2026-04-29,3,0.028079450000000002
Bybit,HYPE,2026-04-30,3,-0.01679
Bybit,HYPE,2026-05-01,3,-0.0556479
Bybit,HYPE,2026-05-02,3,0.0828112
Bybit,HYPE,2026-05-03,3,0.1095
Bybit,HYPE,2026-05-04,3,0.1095
Bybit,HYPE,2026-05-05,3,0.1019664
Bybit,HYPE,2026-05-06,3,-0.0616777
Bybit,HYPE,2026-05-07,3,0.1095
Bybit,HYPE,2026-05-08,3,0.09450215000000001
Bybit,HYPE,2026-05-09,3,0.0326529
Bybit,HYPE,2026-05-10,3,0.01008495
Bybit,HYPE,2026-05-11,3,-0.0772486
Bybit,HYPE,2026-05-12,3,0.06321435
Bybit,HYPE,2026-05-13,3,0.0779567
Bybit,HYPE,2026-05-14,3,0.037664350000000006
Bybit,HYPE,2026-05-15,3,-0.012362550000000002
Bybit,HYPE,2026-05-16,3,-0.05825765
Bybit,HYPE,2026-05-17,3,-0.07495639999999999
Gate,BTC,2021-02-04,1,1.422405
Gate,BTC,2021-02-05,3,0.525235
Gate,BTC,2021-02-06,3,0.5467700000000001
Gate,BTC,2021-02-07,3,0.644225
Gate,BTC,2021-02-08,3,0.53509
Gate,BTC,2021-02-09,3,1.4756950000000002
Gate,BTC,2021-02-10,3,1.56293
Gate,BTC,2021-02-11,3,1.4771549999999998
Gate,BTC,2021-02-12,3,0.9712650000000002
Gate,BTC,2021-02-13,3,1.571325
Gate,BTC,2021-02-14,3,0.8230749999999999
Gate,BTC,2021-02-15,3,1.01689
Gate,BTC,2021-02-16,3,0.7884000000000001
Gate,BTC,2021-02-17,3,0.877825
Gate,BTC,2021-02-18,3,0.7949700000000001
Gate,BTC,2021-02-19,3,0.33653
Gate,BTC,2021-02-20,3,0.982945
Gate,BTC,2021-02-21,3,1.114345
Gate,BTC,2021-02-22,3,0.8113950000000001
Gate,BTC,2021-02-23,3,1.0650699999999997
Gate,BTC,2021-02-24,3,0.332515
Gate,BTC,2021-02-25,3,0.534725
Gate,BTC,2021-02-26,3,0.972725
Gate,BTC,2021-02-27,3,0.621595
Gate,BTC,2021-02-28,3,0.9566650000000001
Gate,BTC,2021-03-01,3,0.48837
Gate,BTC,2021-03-02,3,0.13943
Gate,BTC,2021-03-03,3,0.24966000000000002
Gate,BTC,2021-03-04,3,0.24382
Gate,BTC,2021-03-05,3,0.70372
Gate,BTC,2021-03-06,3,0.1095
Gate,BTC,2021-03-07,3,0.179215
Gate,BTC,2021-03-08,3,0.30185500000000004
Gate,BTC,2021-03-09,3,0.220095
Gate,BTC,2021-03-10,3,0.36792
Gate,BTC,2021-03-11,3,0.45478999999999997
Gate,BTC,2021-03-12,3,0.11023000000000001
Gate,BTC,2021-03-13,3,0.14308
Gate,BTC,2021-03-14,3,0.250025
Gate,BTC,2021-03-15,3,0.56356
Gate,BTC,2021-03-16,3,0.14490499999999998
Gate,BTC,2021-03-17,3,0.1095
Gate,BTC,2021-03-18,3,0.16388499999999998
Gate,BTC,2021-03-19,3,0.15622
Gate,BTC,2021-03-20,3,0.12592499999999998
Gate,BTC,2021-03-21,3,0.379235
Gate,BTC,2021-03-22,3,0.1095
Gate,BTC,2021-03-23,3,0.555165
Gate,BTC,2021-03-24,3,0.26864000000000005
Gate,BTC,2021-03-25,3,0.17410499999999998
Gate,BTC,2021-03-26,3,0.23104499999999997
Gate,BTC,2021-03-27,3,0.1095
Gate,BTC,2021-03-28,3,0.1095
Gate,BTC,2021-03-29,3,0.15293500000000002
Gate,BTC,2021-03-30,3,-0.05110000000000001
Gate,BTC,2021-03-31,3,0.45187
Gate,BTC,2021-04-01,3,0.5697650000000001
Gate,BTC,2021-04-02,3,0.64678
Gate,BTC,2021-04-03,3,1.00886
Gate,BTC,2021-04-04,3,0.909945
Gate,BTC,2021-04-05,3,0.55115
Gate,BTC,2021-04-06,3,0.29346
Gate,BTC,2021-04-07,3,0.71321
Gate,BTC,2021-04-08,3,0.32266
Gate,BTC,2021-04-09,3,-0.02883500000000001
Gate,BTC,2021-04-10,3,0.168995
Gate,BTC,2021-04-11,3,0.925275
Gate,BTC,2021-04-12,3,0.72416
Gate,BTC,2021-04-13,3,0.651525
Gate,BTC,2021-04-14,3,0.1095
Gate,BTC,2021-04-15,3,0.41135499999999997
Gate,BTC,2021-04-16,3,0.6924049999999999
Gate,BTC,2021-04-17,3,0.47377
Gate,BTC,2021-04-18,3,0.874905
Gate,BTC,2021-04-19,3,0.26207
Gate,BTC,2021-04-20,3,0.28543
Gate,BTC,2021-04-21,3,0.1095
Gate,BTC,2021-04-22,3,0.571955
Gate,BTC,2021-04-23,3,0.9563
Gate,BTC,2021-04-24,3,0.29419
Gate,BTC,2021-04-25,3,0.40916500000000006
Gate,BTC,2021-04-26,3,0.19418
Gate,BTC,2021-04-27,3,0.1095
Gate,BTC,2021-04-28,3,0.1095
Gate,BTC,2021-04-29,3,0.591665
Gate,BTC,2021-04-30,3,0.6431300000000001
Gate,BTC,2021-05-01,3,0.179215
Gate,BTC,2021-05-02,3,0.543485
Gate,BTC,2021-05-03,3,0.58984
Gate,BTC,2021-05-04,3,0.55991
Gate,BTC,2021-05-05,3,0.881475
Gate,BTC,2021-05-06,3,0.66722
Gate,BTC,2021-05-07,3,1.0585
Gate,BTC,2021-05-08,3,0.634735
Gate,BTC,2021-05-09,3,0.9431600000000001
Gate,BTC,2021-05-10,3,0.773435
Gate,BTC,2021-05-11,3,0.9055650000000001
Gate,BTC,2021-05-12,3,0.283605
Gate,BTC,2021-05-13,3,0.426685
Gate,BTC,2021-05-14,3,0.570495
Gate,BTC,2021-05-15,3,0.396025
Gate,BTC,2021-05-16,3,0.5986
Gate,BTC,2021-05-17,3,0.8292799999999999
Gate,BTC,2021-05-18,3,0.6059
Gate,BTC,2021-05-19,3,0.947175
Gate,BTC,2021-05-20,3,0.1095
Gate,BTC,2021-05-21,3,0.1095
Gate,BTC,2021-05-22,3,-0.036499999999999984
Gate,BTC,2021-05-23,3,0.1095
Gate,BTC,2021-05-24,3,0.08249
Gate,BTC,2021-05-25,3,0.1095
Gate,BTC,2021-05-26,3,0.1095
Gate,BTC,2021-05-27,3,0.1095
Gate,BTC,2021-05-28,3,0.1095
Gate,BTC,2021-05-29,3,0.1095
Gate,BTC,2021-05-30,3,0.1095
Gate,BTC,2021-05-31,3,0.1095
Gate,BTC,2021-06-01,3,0.1095
Gate,BTC,2021-06-02,3,0.1095
Gate,BTC,2021-06-03,3,0.1095
Gate,BTC,2021-06-04,3,0.1095
Gate,BTC,2021-06-05,3,0.1095
Gate,BTC,2021-06-06,3,0.1095
Gate,BTC,2021-06-07,3,0.1095
Gate,BTC,2021-06-08,3,0.1095
Gate,BTC,2021-06-09,3,0.09380499999999999
Gate,BTC,2021-06-10,3,-0.08614000000000001
Gate,BTC,2021-06-11,3,0.1095
Gate,BTC,2021-06-12,3,0.01606
Gate,BTC,2021-06-13,3,0.09709000000000001
Gate,BTC,2021-06-14,3,-0.11899
Gate,BTC,2021-06-15,3,0.05767
Gate,BTC,2021-06-16,3,0.1095
Gate,BTC,2021-06-17,3,0.1095
Gate,BTC,2021-06-18,3,0.1095
Gate,BTC,2021-06-19,3,0.081395
Gate,BTC,2021-06-20,3,0.1095
Gate,BTC,2021-06-21,3,-0.0018249999999999978
Gate,BTC,2021-06-22,3,0.0018249999999999978
Gate,BTC,2021-06-23,3,-0.027375
Gate,BTC,2021-06-24,3,-0.0018250000000000026
Gate,BTC,2021-06-25,3,-0.06971499999999999
Gate,BTC,2021-06-26,3,-0.009125
Gate,BTC,2021-06-27,3,-0.23068
Gate,BTC,2021-06-28,3,0.041975000000000005
Gate,BTC,2021-06-29,3,0.1095
Gate,BTC,2021-06-30,3,0.074825
Gate,BTC,2021-07-01,3,0.1095
Gate,BTC,2021-07-02,3,0.1095
Gate,BTC,2021-07-03,3,-0.018249999999999995
Gate,BTC,2021-07-04,3,0.008760000000000002
Gate,BTC,2021-07-05,3,0.09234500000000001
Gate,BTC,2021-07-06,3,-0.05365500000000001
Gate,BTC,2021-07-07,3,-0.002919999999999997
Gate,BTC,2021-07-08,3,0.02774
Gate,BTC,2021-07-09,3,0.01825
Gate,BTC,2021-07-10,3,0.052195
Gate,BTC,2021-07-11,3,0.09380500000000001
Gate,BTC,2021-07-12,3,-0.012775
Gate,BTC,2021-07-13,3,0.1095
Gate,BTC,2021-07-14,3,0.1095
Gate,BTC,2021-07-15,3,-0.14965
Gate,BTC,2021-07-16,3,-0.26754500000000003
Gate,BTC,2021-07-17,3,0.101105
Gate,BTC,2021-07-18,3,0.099645
Gate,BTC,2021-07-19,3,0.049275000000000006
Gate,BTC,2021-07-20,3,0.10439
Gate,BTC,2021-07-21,3,-0.038325
Gate,BTC,2021-07-22,3,-0.007300000000000005
Gate,BTC,2021-07-23,3,0.0032849999999999993
Gate,BTC,2021-07-24,3,0.030660000000000003
Gate,BTC,2021-07-25,3,-0.11096
Gate,BTC,2021-07-26,3,-0.20111500000000002
Gate,BTC,2021-07-27,3,0.1095
Gate,BTC,2021-07-28,3,0.05767
Gate,BTC,2021-07-29,3,0.09052
Gate,BTC,2021-07-30,3,0.1095
Gate,BTC,2021-07-31,3,0.1095
Gate,BTC,2021-08-01,3,0.1095
Gate,BTC,2021-08-02,3,0.1095
Gate,BTC,2021-08-03,3,0.1095
Gate,BTC,2021-08-04,3,0.1095
Gate,BTC,2021-08-05,3,0.1095
Gate,BTC,2021-08-06,3,0.1095
Gate,BTC,2021-08-07,3,0.09854999999999998
Gate,BTC,2021-08-08,3,0.1095
Gate,BTC,2021-08-09,3,0.1095
Gate,BTC,2021-08-10,3,0.1095
Gate,BTC,2021-08-11,3,0.1095
Gate,BTC,2021-08-12,3,0.1095
Gate,BTC,2021-08-13,3,0.28397
Gate,BTC,2021-08-14,3,0.031389999999999994
Gate,BTC,2021-08-15,3,0.1095
Gate,BTC,2021-08-16,3,0.1095
Gate,BTC,2021-08-17,3,0.1095
Gate,BTC,2021-08-18,3,0.1095
Gate,BTC,2021-08-19,3,0.1095
Gate,BTC,2021-08-20,3,0.1095
Gate,BTC,2021-08-21,3,0.1095
Gate,BTC,2021-08-22,3,0.1095
Gate,BTC,2021-08-23,3,0.1095
Gate,BTC,2021-08-24,3,0.18286499999999997
Gate,BTC,2021-08-25,3,0.20549499999999998
Gate,BTC,2021-08-26,3,0.1095
Gate,BTC,2021-08-27,3,0.1095
Gate,BTC,2021-08-28,3,0.123735
Gate,BTC,2021-08-29,3,0.155855
Gate,BTC,2021-08-30,3,0.1095
Gate,BTC,2021-08-31,3,0.27594
Gate,BTC,2021-09-01,3,0.30915499999999996
Gate,BTC,2021-09-02,3,0.33434
Gate,BTC,2021-09-03,3,0.366095
Gate,BTC,2021-09-04,3,0.24893
Gate,BTC,2021-09-05,3,0.16242499999999999
Gate,BTC,2021-09-06,3,0.1095
Gate,BTC,2021-09-07,3,0.1095
Gate,BTC,2021-09-08,3,0.28543
Gate,BTC,2021-09-09,3,0.1095
Gate,BTC,2021-09-10,3,0.1095
Gate,BTC,2021-09-11,3,0.1095
Gate,BTC,2021-09-12,3,0.1095
Gate,BTC,2021-09-13,3,0.1095
Gate,BTC,2021-09-14,3,0.1095
Gate,BTC,2021-09-15,3,0.1095
Gate,BTC,2021-09-16,3,0.05694
Gate,BTC,2021-09-17,3,0.1095
Gate,BTC,2021-09-18,3,0.1095
Gate,BTC,2021-09-19,3,0.1095
Gate,BTC,2021-09-20,3,0.1095
Gate,BTC,2021-09-21,3,0.10074
Gate,BTC,2021-09-22,3,0.09562999999999999
Gate,BTC,2021-09-23,3,0.080665
Gate,BTC,2021-09-24,3,0.055845
Gate,BTC,2021-09-25,3,0.07081
Gate,BTC,2021-09-26,3,0.04599
Gate,BTC,2021-09-27,3,0.054020000000000006
Gate,BTC,2021-09-28,3,0.050004999999999994
Gate,BTC,2021-09-29,3,0.0584
Gate,BTC,2021-09-30,3,0.009855000000000001
Gate,BTC,2021-10-01,3,-0.050005
Gate,BTC,2021-10-02,3,-0.07373
Gate,BTC,2021-10-03,3,0.07957
Gate,BTC,2021-10-04,3,0.094535
Gate,BTC,2021-10-05,3,0.054384999999999996
Gate,BTC,2021-10-06,3,0.036135
Gate,BTC,2021-10-07,3,0.1095
Gate,BTC,2021-10-08,3,0.219
Gate,BTC,2021-10-09,3,0.114245
Gate,BTC,2021-10-10,3,0.1095
Gate,BTC,2021-10-11,3,0.1095
Gate,BTC,2021-10-12,3,0.1095
Gate,BTC,2021-10-13,3,0.1095
Gate,BTC,2021-10-14,3,0.06679500000000001
Gate,BTC,2021-10-15,3,0.1095
Gate,BTC,2021-10-16,3,0.1095
Gate,BTC,2021-10-17,3,0.292365
Gate,BTC,2021-10-18,3,0.165345
Gate,BTC,2021-10-19,3,0.1095
Gate,BTC,2021-10-20,3,-0.24601000000000003
Gate,BTC,2021-10-21,3,0.371205
Gate,BTC,2021-10-22,3,0.3139
Gate,BTC,2021-10-23,3,0.21279499999999998
Gate,BTC,2021-10-24,3,0.252945
Gate,BTC,2021-10-25,3,0.29127
Gate,BTC,2021-10-26,3,0.314265
Gate,BTC,2021-10-27,3,0.28178
Gate,BTC,2021-10-28,3,0.215715
Gate,BTC,2021-10-29,3,0.20513
Gate,BTC,2021-10-30,3,0.3139
Gate,BTC,2021-10-31,3,0.29784
Gate,BTC,2021-11-01,3,0.3690149999999999
Gate,BTC,2021-11-02,3,0.35916
Gate,BTC,2021-11-03,3,0.43216000000000004
Gate,BTC,2021-11-04,3,0.45369499999999996
Gate,BTC,2021-11-05,3,0.33470500000000003
Gate,BTC,2021-11-06,3,0.63218
Gate,BTC,2021-11-07,3,0.4234
Gate,BTC,2021-11-08,3,0.318645
Gate,BTC,2021-11-09,3,0.2701
Gate,BTC,2021-11-10,3,0.49713
Gate,BTC,2021-11-11,3,0.38836000000000004
Gate,BTC,2021-11-12,3,0.293825
Gate,BTC,2021-11-13,3,0.31098
Gate,BTC,2021-11-14,3,0.13651
Gate,BTC,2021-11-15,3,0.161695
Gate,BTC,2021-11-16,3,0.41573499999999997
Gate,BTC,2021-11-17,3,0.17154999999999998
Gate,BTC,2021-11-18,3,0.1095
Gate,BTC,2021-11-19,3,0.2336
Gate,BTC,2021-11-20,3,0.1095
Gate,BTC,2021-11-21,3,0.1095
Gate,BTC,2021-11-22,3,0.12300499999999999
Gate,BTC,2021-11-23,3,0.12994
Gate,BTC,2021-11-24,3,0.146
Gate,BTC,2021-11-25,3,0.260245
Gate,BTC,2021-11-26,3,0.23871
Gate,BTC,2021-11-27,3,0.18542
Gate,BTC,2021-11-28,3,0.11461
Gate,BTC,2021-11-29,3,0.114245
Gate,BTC,2021-11-30,3,0.12519499999999997
Gate,BTC,2021-12-01,3,0.213525
Gate,BTC,2021-12-02,3,0.297475
Gate,BTC,2021-12-03,3,0.43946
Gate,BTC,2021-12-04,3,0.377045
Gate,BTC,2021-12-05,3,0.1095
Gate,BTC,2021-12-06,3,0.08869500000000001
Gate,BTC,2021-12-07,3,0.07154
Gate,BTC,2021-12-08,3,0.1095
Gate,BTC,2021-12-09,3,0.1095
Gate,BTC,2021-12-10,3,0.1095
Gate,BTC,2021-12-11,3,0.1095
Gate,BTC,2021-12-12,3,0.1095
Gate,BTC,2021-12-13,3,0.1095
Gate,BTC,2021-12-14,3,0.1095
Gate,BTC,2021-12-15,3,0.10001
Gate,BTC,2021-12-16,3,0.1095
Gate,BTC,2021-12-17,3,0.1095
Gate,BTC,2021-12-18,3,0.1095
Gate,BTC,2021-12-19,3,0.10876999999999999
Gate,BTC,2021-12-20,3,0.1095
Gate,BTC,2021-12-21,3,0.1095
Gate,BTC,2021-12-22,3,0.07154
Gate,BTC,2021-12-23,3,0.09928
Gate,BTC,2021-12-24,3,0.06935000000000001
Gate,BTC,2021-12-25,3,0.101105
Gate,BTC,2021-12-26,3,0.1095
Gate,BTC,2021-12-27,3,0.1095
Gate,BTC,2021-12-28,3,0.008395000000000005
Gate,BTC,2021-12-29,3,0.1095
Gate,BTC,2021-12-30,3,0.1095
Gate,BTC,2021-12-31,3,0.034675
Gate,BTC,2022-01-01,3,0.1095
Gate,BTC,2022-01-02,3,0.1095
Gate,BTC,2022-01-03,3,0.1095
Gate,BTC,2022-01-04,3,0.1095
Gate,BTC,2022-01-05,3,0.1095
Gate,BTC,2022-01-06,3,0.1095
Gate,BTC,2022-01-07,3,0.1095
Gate,BTC,2022-01-08,3,0.1095
Gate,BTC,2022-01-09,3,0.1095
Gate,BTC,2022-01-10,3,0.1095
Gate,BTC,2022-01-11,3,0.07957
Gate,BTC,2022-01-12,3,0.012775
Gate,BTC,2022-01-13,3,0.033215
Gate,BTC,2022-01-14,3,0.058765000000000005
Gate,BTC,2022-01-15,3,0.052195
Gate,BTC,2022-01-16,3,0.0219
Gate,BTC,2022-01-17,3,0.07409500000000001
Gate,BTC,2022-01-18,3,0.1095
Gate,BTC,2022-01-19,3,0.1095
Gate,BTC,2022-01-20,3,0.1095
Gate,BTC,2022-01-21,3,0.1022
Gate,BTC,2022-01-22,3,0.1095
Gate,BTC,2022-01-23,3,0.045989999999999996
Gate,BTC,2022-01-24,3,0.10365999999999999
Gate,BTC,2022-01-25,3,0.047814999999999996
Gate,BTC,2022-01-26,3,-0.15914
Gate,BTC,2022-01-27,3,0.011680000000000001
Gate,BTC,2022-01-28,3,-0.017885
Gate,BTC,2022-01-29,3,0.01679
Gate,BTC,2022-01-30,3,0.018615
Gate,BTC,2022-01-31,3,0.061685
Gate,BTC,2022-02-01,3,-0.08249
Gate,BTC,2022-02-02,3,-0.007665000000000001
Gate,BTC,2022-02-03,3,0.04599
Gate,BTC,2022-02-04,3,-0.06569999999999998
Gate,BTC,2022-02-05,3,-0.006935000000000006
Gate,BTC,2022-02-06,3,0.068255
Gate,BTC,2022-02-07,3,-0.09052
Gate,BTC,2022-02-08,3,-0.009854999999999997
Gate,BTC,2022-02-09,3,-0.004014999999999993
Gate,BTC,2022-02-10,3,0.023360000000000002
Gate,BTC,2022-02-11,3,-0.033215
Gate,BTC,2022-02-12,3,0.008395000000000005
Gate,BTC,2022-02-13,3,0.04526
Gate,BTC,2022-02-14,3,0.054020000000000006
Gate,BTC,2022-02-15,3,-0.04526
Gate,BTC,2022-02-16,3,0.09344000000000001
Gate,BTC,2022-02-17,3,0.05986
Gate,BTC,2022-02-18,3,0.08687
Gate,BTC,2022-02-19,3,0.03504
Gate,BTC,2022-02-20,3,0.09271
Gate,BTC,2022-02-21,3,-0.0018250000000000002
Gate,BTC,2022-02-22,3,0.08541
Gate,BTC,2022-02-23,3,0.020440000000000003
Gate,BTC,2022-02-24,3,0.04964
Gate,BTC,2022-02-25,3,0.079205
Gate,BTC,2022-02-26,3,0.09928
Gate,BTC,2022-02-27,3,0.09562999999999999
Gate,BTC,2022-02-28,3,-0.007300000000000001
Gate,BTC,2022-03-01,3,0.028835
Gate,BTC,2022-03-02,3,0.0657
Gate,BTC,2022-03-03,3,0.1095
Gate,BTC,2022-03-04,3,0.1095
Gate,BTC,2022-03-05,3,0.1095
Gate,BTC,2022-03-06,3,0.02993
Gate,BTC,2022-03-07,3,0.06460500000000001
Gate,BTC,2022-03-08,3,0.08103
Gate,BTC,2022-03-09,3,0.07738
Gate,BTC,2022-03-10,3,0.1095
Gate,BTC,2022-03-11,3,-0.20841500000000002
Gate,BTC,2022-03-12,3,-0.04307
Gate,BTC,2022-03-13,3,-0.15768000000000001
Gate,BTC,2022-03-14,3,-0.05657499999999999
Gate,BTC,2022-03-15,3,-0.06971499999999999
Gate,BTC,2022-03-16,3,-0.017884999999999995
Gate,BTC,2022-03-17,3,-0.11972
Gate,BTC,2022-03-18,3,-0.04088
Gate,BTC,2022-03-19,3,-0.043434999999999994
Gate,BTC,2022-03-20,3,-0.168995
Gate,BTC,2022-03-21,3,0.022629999999999997
Gate,BTC,2022-03-22,3,-0.085045
Gate,BTC,2022-03-23,3,-0.05621
Gate,BTC,2022-03-24,3,-0.114975
Gate,BTC,2022-03-25,3,-0.1752
Gate,BTC,2022-03-26,3,0.1095
Gate,BTC,2022-03-27,3,0.1095
Gate,BTC,2022-03-28,3,0.10439
Gate,BTC,2022-03-29,3,0.1095
Gate,BTC,2022-03-30,3,0.1095
Gate,BTC,2022-03-31,3,0.1095
Gate,BTC,2022-04-01,3,0.1095
Gate,BTC,2022-04-02,3,0.031755
Gate,BTC,2022-04-03,3,0.1095
Gate,BTC,2022-04-04,3,0.094535
Gate,BTC,2022-04-05,3,0.061685
Gate,BTC,2022-04-06,3,0.061685
Gate,BTC,2022-04-07,3,0.1095
Gate,BTC,2022-04-08,3,0.031025
Gate,BTC,2022-04-09,3,0.08467999999999999
Gate,BTC,2022-04-10,3,0.049275000000000006
Gate,BTC,2022-04-11,3,0.058035
Gate,BTC,2022-04-12,3,-0.013870000000000002
Gate,BTC,2022-04-13,3,-0.030295000000000002
Gate,BTC,2022-04-14,3,0.007299999999999991
Gate,BTC,2022-04-15,3,-0.07154
Gate,BTC,2022-04-16,3,0.024455
Gate,BTC,2022-04-17,3,0.067525
Gate,BTC,2022-04-18,3,-0.08212499999999999
Gate,BTC,2022-04-19,3,0.054384999999999996
Gate,BTC,2022-04-20,3,-0.045625
Gate,BTC,2022-04-21,3,-0.08723500000000001
Gate,BTC,2022-04-22,3,0.053290000000000004
Gate,BTC,2022-04-23,3,0.020075000000000006
Gate,BTC,2022-04-24,3,-0.12556
Gate,BTC,2022-04-25,3,-0.058034999999999996
Gate,BTC,2022-04-26,3,-0.04818
Gate,BTC,2022-04-27,3,0.005110000000000001
Gate,BTC,2022-04-28,3,-0.074095
Gate,BTC,2022-04-29,3,0.03285
Gate,BTC,2022-04-30,3,0.033944999999999996
Gate,BTC,2022-05-01,3,0.0018249999999999957
Gate,BTC,2022-05-02,3,0.013505000000000001
Gate,BTC,2022-05-03,3,0.1095
Gate,BTC,2022-05-04,3,0.095995
Gate,BTC,2022-05-05,3,0.068985
Gate,BTC,2022-05-06,3,-0.007665000000000005
Gate,BTC,2022-05-07,3,-0.03796
Gate,BTC,2022-05-08,3,0.06278
Gate,BTC,2022-05-09,3,0.1095
Gate,BTC,2022-05-10,3,0.06643
Gate,BTC,2022-05-11,3,0.1095
Gate,BTC,2022-05-12,3,-0.24017
Gate,BTC,2022-05-13,3,-0.134685
Gate,BTC,2022-05-14,3,0.10511999999999999
Gate,BTC,2022-05-15,3,0.08687
Gate,BTC,2022-05-16,3,0.090885
Gate,BTC,2022-05-17,3,-0.009490000000000005
Gate,BTC,2022-05-18,3,0.013140000000000004
Gate,BTC,2022-05-19,3,-0.05840000000000001
Gate,BTC,2022-05-20,3,0.1095
Gate,BTC,2022-05-21,3,0.050735
Gate,BTC,2022-05-22,3,0.010584999999999999
Gate,BTC,2022-05-23,3,0.1095
Gate,BTC,2022-05-24,3,0.033944999999999996
Gate,BTC,2022-05-25,3,0.034675000000000004
Gate,BTC,2022-05-26,3,0.04964
Gate,BTC,2022-05-27,3,0.03504
Gate,BTC,2022-05-28,3,0.065335
Gate,BTC,2022-05-29,3,0.10439
Gate,BTC,2022-05-30,3,0.050734999999999995
Gate,BTC,2022-05-31,3,0.04088
Gate,BTC,2022-06-01,3,0.0036499999999999983
Gate,BTC,2022-06-02,3,-0.039420000000000004
Gate,BTC,2022-06-03,3,-0.07738
Gate,BTC,2022-06-04,3,-0.003285000000000001
Gate,BTC,2022-06-05,3,-0.08394999999999998
Gate,BTC,2022-06-06,3,-0.0036500000000000005
Gate,BTC,2022-06-07,3,-0.226665
Gate,BTC,2022-06-08,3,-0.003285000000000001
Gate,BTC,2022-06-09,3,0.017885
Gate,BTC,2022-06-10,3,0.058035
Gate,BTC,2022-06-11,3,0.0003649999999999996
Gate,BTC,2022-06-12,3,0.012409999999999997
Gate,BTC,2022-06-13,3,-0.16205999999999998
Gate,BTC,2022-06-14,3,-0.059129999999999995
Gate,BTC,2022-06-15,3,-0.029930000000000002
Gate,BTC,2022-06-16,3,-0.015329999999999998
Gate,BTC,2022-06-17,3,-0.023359999999999995
Gate,BTC,2022-06-18,3,0.07518999999999999
Gate,BTC,2022-06-19,3,-0.10366000000000002
Gate,BTC,2022-06-20,3,0.047084999999999995
Gate,BTC,2022-06-21,3,0.066065
Gate,BTC,2022-06-22,3,-0.01971
Gate,BTC,2022-06-23,3,0.007665000000000001
Gate,BTC,2022-06-24,3,-0.04088000000000001
Gate,BTC,2022-06-25,3,0.065335
Gate,BTC,2022-06-26,3,0.099645
Gate,BTC,2022-06-27,3,0.050735
Gate,BTC,2022-06-28,3,0.021169999999999998
Gate,BTC,2022-06-29,3,-0.004380000000000001
Gate,BTC,2022-06-30,3,0.03869
Gate,BTC,2022-07-01,3,-0.12081499999999999
Gate,BTC,2022-07-02,3,0.020439999999999996
Gate,BTC,2022-07-03,3,0.04088
Gate,BTC,2022-07-04,3,0.076285
Gate,BTC,2022-07-05,3,0.04307
Gate,BTC,2022-07-06,3,0.07738
Gate,BTC,2022-07-07,3,0.05986
Gate,BTC,2022-07-08,3,0.069715
Gate,BTC,2022-07-09,3,0.1095
Gate,BTC,2022-07-10,3,0.08431499999999999
Gate,BTC,2022-07-11,3,0.08979
Gate,BTC,2022-07-12,3,0.09891500000000002
Gate,BTC,2022-07-13,3,0.052559999999999996
Gate,BTC,2022-07-14,3,0.041975000000000005
Gate,BTC,2022-07-15,3,0.034675000000000004
Gate,BTC,2022-07-16,3,0.059495
Gate,BTC,2022-07-17,3,0.069715
Gate,BTC,2022-07-18,3,0.09562999999999999
Gate,BTC,2022-07-19,3,0.1095
Gate,BTC,2022-07-20,3,0.1095
Gate,BTC,2022-07-21,3,0.1095
Gate,BTC,2022-07-22,3,0.1095
Gate,BTC,2022-07-23,3,0.06788999999999999
Gate,BTC,2022-07-24,3,0.085775
Gate,BTC,2022-07-25,3,0.09709
Gate,BTC,2022-07-26,3,0.079205
Gate,BTC,2022-07-27,3,0.0949
Gate,BTC,2022-07-28,3,0.1095
Gate,BTC,2022-07-29,3,0.1095
Gate,BTC,2022-07-30,3,0.1095
Gate,BTC,2022-07-31,3,0.1095
Gate,BTC,2022-08-01,3,0.058034999999999996
Gate,BTC,2022-08-02,3,0.09125
Gate,BTC,2022-08-03,3,0.02555
Gate,BTC,2022-08-04,3,0.03431
Gate,BTC,2022-08-05,3,0.029564999999999998
Gate,BTC,2022-08-06,3,0.07811
Gate,BTC,2022-08-07,3,0.079205
Gate,BTC,2022-08-08,3,0.07665
Gate,BTC,2022-08-09,3,0.1095
Gate,BTC,2022-08-10,3,0.09125
Gate,BTC,2022-08-11,3,0.10585
Gate,BTC,2022-08-12,3,0.07518999999999999
Gate,BTC,2022-08-13,3,0.081395
Gate,BTC,2022-08-14,3,0.045989999999999996
Gate,BTC,2022-08-15,3,0.046720000000000005
Gate,BTC,2022-08-16,3,0.077745
Gate,BTC,2022-08-17,3,0.06423999999999999
Gate,BTC,2022-08-18,3,0.08979
Gate,BTC,2022-08-19,3,0.040514999999999995
Gate,BTC,2022-08-20,3,-0.060955
Gate,BTC,2022-08-21,3,-0.009855
Gate,BTC,2022-08-22,3,0.004015
Gate,BTC,2022-08-23,3,0.00438
Gate,BTC,2022-08-24,3,-0.005110000000000001
Gate,BTC,2022-08-25,3,0.011315
Gate,BTC,2022-08-26,3,0.036865
Gate,BTC,2022-08-27,3,-0.02044
Gate,BTC,2022-08-28,3,-0.030295
Gate,BTC,2022-08-29,3,-0.049275000000000006
Gate,BTC,2022-08-30,3,-0.02263
Gate,BTC,2022-08-31,3,0.02263
Gate,BTC,2022-09-01,3,0.05694000000000001
Gate,BTC,2022-09-02,3,0.020805
Gate,BTC,2022-09-03,3,0.03139
Gate,BTC,2022-09-04,3,0.02044
Gate,BTC,2022-09-05,3,0.043435
Gate,BTC,2022-09-06,3,0.062415
Gate,BTC,2022-09-07,3,-0.025185
Gate,BTC,2022-09-08,3,0.020075000000000003
Gate,BTC,2022-09-09,3,0.06424
Gate,BTC,2022-09-10,3,0.1095
Gate,BTC,2022-09-11,3,0.0949
Gate,BTC,2022-09-12,3,0.09234500000000001
Gate,BTC,2022-09-13,3,0.1095
Gate,BTC,2022-09-14,3,0.01606
Gate,BTC,2022-09-15,3,0.035769999999999996
Gate,BTC,2022-09-16,3,0.044895
Gate,BTC,2022-09-17,3,0.029564999999999998
Gate,BTC,2022-09-18,3,0.07409500000000001
Gate,BTC,2022-09-19,3,0.015329999999999998
Gate,BTC,2022-09-20,3,0.04307
Gate,BTC,2022-09-21,3,0.0511
Gate,BTC,2022-09-22,3,-0.035405
Gate,BTC,2022-09-23,3,0.017155
Gate,BTC,2022-09-24,3,0.035405
Gate,BTC,2022-09-25,3,0.051465000000000004
Gate,BTC,2022-09-26,3,0.048545000000000005
Gate,BTC,2022-09-27,3,0.030660000000000003
Gate,BTC,2022-09-28,3,0.0584
Gate,BTC,2022-09-29,3,0.059129999999999995
Gate,BTC,2022-09-30,3,0.079205
Gate,BTC,2022-10-01,3,0.10001
Gate,BTC,2022-10-02,3,0.09052
Gate,BTC,2022-10-03,3,0.10001
Gate,BTC,2022-10-04,3,0.1095
Gate,BTC,2022-10-05,3,0.1095
Gate,BTC,2022-10-06,3,0.1095
Gate,BTC,2022-10-07,3,0.10876999999999999
Gate,BTC,2022-10-08,3,0.085775
Gate,BTC,2022-10-09,3,0.05767
Gate,BTC,2022-10-10,3,0.101105
Gate,BTC,2022-10-11,3,0.1095
Gate,BTC,2022-10-12,3,0.10658000000000001
Gate,BTC,2022-10-13,3,0.07592
Gate,BTC,2022-10-14,3,0.08833
Gate,BTC,2022-10-15,3,0.086505
Gate,BTC,2022-10-16,3,0.039055
Gate,BTC,2022-10-17,3,0.05548
Gate,BTC,2022-10-18,3,0.09782
Gate,BTC,2022-10-19,3,0.1095
Gate,BTC,2022-10-20,3,0.085045
Gate,BTC,2022-10-21,3,0.051465000000000004
Gate,BTC,2022-10-22,3,0.017155000000000004
Gate,BTC,2022-10-23,3,0.035405
Gate,BTC,2022-10-24,3,0.069715
Gate,BTC,2022-10-25,3,0.036865
Gate,BTC,2022-10-26,3,0.063875
Gate,BTC,2022-10-27,3,0.03139
Gate,BTC,2022-10-28,3,0.040515
Gate,BTC,2022-10-29,3,0.08467999999999999
Gate,BTC,2022-10-30,3,0.071905
Gate,BTC,2022-10-31,3,0.058765000000000005
Gate,BTC,2022-11-01,3,0.0365
Gate,BTC,2022-11-02,3,0.0876
Gate,BTC,2022-11-03,3,0.055845000000000006
Gate,BTC,2022-11-04,3,0.027009999999999996
Gate,BTC,2022-11-05,3,0.038689999999999995
Gate,BTC,2022-11-06,3,0.06935000000000001
Gate,BTC,2022-11-07,3,0.10585
Gate,BTC,2022-11-08,3,0.051100000000000007
Gate,BTC,2022-11-09,3,-0.166075
Gate,BTC,2022-11-10,3,-0.5131899999999999
Gate,BTC,2022-11-11,3,-0.18870499999999998
Gate,BTC,2022-11-12,3,0.10511999999999999
Gate,BTC,2022-11-13,3,0.095995
Gate,BTC,2022-11-14,3,0.041245
Gate,BTC,2022-11-15,3,-0.22046
Gate,BTC,2022-11-16,3,0.005474999999999994
Gate,BTC,2022-11-17,3,0.1095
Gate,BTC,2022-11-18,3,-0.04818
Gate,BTC,2022-11-19,3,0.1095
Gate,BTC,2022-11-20,3,0.1095
Gate,BTC,2022-11-21,3,0.1095
Gate,BTC,2022-11-22,3,0.078475
Gate,BTC,2022-11-23,3,-0.05694000000000001
Gate,BTC,2022-11-24,3,0.039784999999999994
Gate,BTC,2022-11-25,3,0.05256
Gate,BTC,2022-11-26,3,-0.011314999999999997
Gate,BTC,2022-11-27,3,0.03431000000000001
Gate,BTC,2022-11-28,3,0.1095
Gate,BTC,2022-11-29,3,-0.006570000000000002
Gate,BTC,2022-11-30,3,0.038689999999999995
Gate,BTC,2022-12-01,3,-0.01606
Gate,BTC,2022-12-02,3,0.03139
Gate,BTC,2022-12-03,3,0.04088
Gate,BTC,2022-12-04,3,0.07227
Gate,BTC,2022-12-05,3,-0.066065
Gate,BTC,2022-12-06,3,0.094535
Gate,BTC,2022-12-07,3,0.08176
Gate,BTC,2022-12-08,3,0.054384999999999996
Gate,BTC,2022-12-09,3,-0.10147
Gate,BTC,2022-12-10,3,-0.008395000000000001
Gate,BTC,2022-12-11,3,-0.037595
Gate,BTC,2022-12-12,3,0.057304999999999995
Gate,BTC,2022-12-13,3,-0.07518999999999999
Gate,BTC,2022-12-14,3,0.08103
Gate,BTC,2022-12-15,3,0.1095
Gate,BTC,2022-12-16,3,0.10329499999999998
Gate,BTC,2022-12-17,3,0.1095
Gate,BTC,2022-12-18,3,0.06497
Gate,BTC,2022-12-19,3,0.086505
Gate,BTC,2022-12-20,3,0.066065
Gate,BTC,2022-12-21,3,0.05621
Gate,BTC,2022-12-22,3,0.066065
Gate,BTC,2022-12-23,3,0.097455
Gate,BTC,2022-12-24,3,0.053655
Gate,BTC,2022-12-25,3,0.058765000000000005
Gate,BTC,2022-12-26,3,-0.0021899999999999997
Gate,BTC,2022-12-27,3,0.0146
Gate,BTC,2022-12-28,3,0.1095
Gate,BTC,2022-12-29,3,0.1095
Gate,BTC,2022-12-30,3,0.106945
Gate,BTC,2022-12-31,3,0.106945
Gate,BTC,2023-01-01,3,0.076285
Gate,BTC,2023-01-02,3,0.00511
Gate,BTC,2023-01-03,3,0.029564999999999998
Gate,BTC,2023-01-04,3,-0.01825
Gate,BTC,2023-01-05,3,0.017885
Gate,BTC,2023-01-06,3,0.02044
Gate,BTC,2023-01-07,3,-0.05694
Gate,BTC,2023-01-08,3,-0.04452999999999999
Gate,BTC,2023-01-09,3,-0.062415
Gate,BTC,2023-01-10,3,-0.018615
Gate,BTC,2023-01-11,3,-0.11826000000000002
Gate,BTC,2023-01-12,3,0.016790000000000003
Gate,BTC,2023-01-13,3,0.063875
Gate,BTC,2023-01-14,3,0.04818
Gate,BTC,2023-01-15,3,0.1095
Gate,BTC,2023-01-16,3,0.1095
Gate,BTC,2023-01-17,3,0.09198
Gate,BTC,2023-01-18,3,0.107675
Gate,BTC,2023-01-19,3,0.1095
Gate,BTC,2023-01-20,3,0.055115
Gate,BTC,2023-01-21,3,0.005475000000000001
Gate,BTC,2023-01-22,3,0.1095
Gate,BTC,2023-01-23,3,0.1095
Gate,BTC,2023-01-24,3,0.06643
Gate,BTC,2023-01-25,3,0.1095
Gate,BTC,2023-01-26,3,0.1095
Gate,BTC,2023-01-27,3,0.08942499999999999
Gate,BTC,2023-01-28,3,0.08176
Gate,BTC,2023-01-29,3,0.1095
Gate,BTC,2023-01-30,3,0.10439
Gate,BTC,2023-01-31,3,0.09854999999999998
Gate,BTC,2023-02-01,3,0.096725
Gate,BTC,2023-02-02,3,0.1095
Gate,BTC,2023-02-03,3,0.1095
Gate,BTC,2023-02-04,3,0.1095
Gate,BTC,2023-02-05,3,0.1095
Gate,BTC,2023-02-06,3,0.1095
Gate,BTC,2023-02-07,3,0.07993499999999999
Gate,BTC,2023-02-08,3,0.07993499999999999
Gate,BTC,2023-02-09,3,0.09562999999999999
Gate,BTC,2023-02-10,3,0.10293000000000001
Gate,BTC,2023-02-11,3,0.047815
Gate,BTC,2023-02-12,3,0.024455
Gate,BTC,2023-02-13,3,0.0007300000000000015
Gate,BTC,2023-02-14,3,0.041245
Gate,BTC,2023-02-15,3,-0.005840000000000001
Gate,BTC,2023-02-16,3,0.095265
Gate,BTC,2023-02-17,3,0.1095
Gate,BTC,2023-02-18,3,0.1095
Gate,BTC,2023-02-19,3,0.1095
Gate,BTC,2023-02-20,3,0.1095
Gate,BTC,2023-02-21,3,0.1095
Gate,BTC,2023-02-22,3,0.1095
Gate,BTC,2023-02-23,3,0.06460500000000001
Gate,BTC,2023-02-24,3,0.09562999999999999
Gate,BTC,2023-02-25,3,0.05548
Gate,BTC,2023-02-26,3,0.021170000000000005
Gate,BTC,2023-02-27,3,-0.017155
Gate,BTC,2023-02-28,3,0.010220000000000002
Gate,BTC,2023-03-01,3,0.033215
Gate,BTC,2023-03-02,3,0.07518999999999999
Gate,BTC,2023-03-03,3,0.051829999999999994
Gate,BTC,2023-03-04,3,0.021169999999999998
Gate,BTC,2023-03-05,3,0.006935
Gate,BTC,2023-03-06,3,0.014235000000000003
Gate,BTC,2023-03-07,3,0.03431
Gate,BTC,2023-03-08,3,0.06314499999999999
Gate,BTC,2023-03-09,3,0.1095
Gate,BTC,2023-03-10,3,-0.028105
Gate,BTC,2023-03-11,3,-0.035405
Gate,BTC,2023-03-12,3,-0.035039999999999995
Gate,BTC,2023-03-13,3,-0.08030000000000001
Gate,BTC,2023-03-14,3,0.1095
Gate,BTC,2023-03-15,3,-0.058765000000000005
Gate,BTC,2023-03-16,3,0.059495
Gate,BTC,2023-03-17,3,-0.060225
Gate,BTC,2023-03-18,3,0.072635
Gate,BTC,2023-03-19,3,0.03577
Gate,BTC,2023-03-20,3,0.021535000000000002
Gate,BTC,2023-03-21,3,-0.034675000000000004
Gate,BTC,2023-03-22,3,-0.054384999999999996
Gate,BTC,2023-03-23,3,-0.013139999999999999
Gate,BTC,2023-03-24,3,-0.018614999999999996
Gate,BTC,2023-03-25,3,0.008759999999999999
Gate,BTC,2023-03-26,3,-0.018615000000000003
Gate,BTC,2023-03-27,3,-0.04088
Gate,BTC,2023-03-28,3,0.05621
Gate,BTC,2023-03-29,3,-0.04599
Gate,BTC,2023-03-30,3,-0.05329
Gate,BTC,2023-03-31,3,0.02555
Gate,BTC,2023-04-01,3,-0.012045
Gate,BTC,2023-04-02,3,-0.009125
Gate,BTC,2023-04-03,3,0.03613500000000001
Gate,BTC,2023-04-04,3,-0.002555
Gate,BTC,2023-04-05,3,0.018979999999999997
Gate,BTC,2023-04-06,3,0.069715
Gate,BTC,2023-04-07,3,0.068985
Gate,BTC,2023-04-08,3,0.03504
Gate,BTC,2023-04-09,3,0.07446
Gate,BTC,2023-04-10,3,0.007299999999999998
Gate,BTC,2023-04-11,3,-0.020805
Gate,BTC,2023-04-12,3,0.01898
Gate,BTC,2023-04-13,3,0.009490000000000004
Gate,BTC,2023-04-14,3,0.04818
Gate,BTC,2023-04-15,3,0.017155
Gate,BTC,2023-04-16,3,0.1095
Gate,BTC,2023-04-17,3,0.09636
Gate,BTC,2023-04-18,3,0.0018250000000000026
Gate,BTC,2023-04-19,3,-0.013139999999999997
Gate,BTC,2023-04-20,3,0.02482
Gate,BTC,2023-04-21,3,0.1095
Gate,BTC,2023-04-22,3,0.09416999999999999
Gate,BTC,2023-04-23,3,0.060955
Gate,BTC,2023-04-24,3,0.1095
Gate,BTC,2023-04-25,3,0.10402499999999999
Gate,BTC,2023-04-26,3,-0.018250000000000002
Gate,BTC,2023-04-27,3,0.019344999999999998
Gate,BTC,2023-04-28,3,0.035405
Gate,BTC,2023-04-29,3,-0.046355
Gate,BTC,2023-04-30,3,0.01095
Gate,BTC,2023-05-01,3,0.062415
Gate,BTC,2023-05-02,3,0.09928
Gate,BTC,2023-05-03,3,0.07373
Gate,BTC,2023-05-04,3,-0.0010950000000000029
Gate,BTC,2023-05-05,3,0.058765000000000005
Gate,BTC,2023-05-06,3,0.07263499999999999
Gate,BTC,2023-05-07,3,-0.02409
Gate,BTC,2023-05-08,3,0.068255
Gate,BTC,2023-05-09,3,0.0949
Gate,BTC,2023-05-10,3,0.062415
Gate,BTC,2023-05-11,3,0.07519
Gate,BTC,2023-05-12,3,0.087965
Gate,BTC,2023-05-13,3,0.02628
Gate,BTC,2023-05-14,3,0.014965000000000001
Gate,BTC,2023-05-15,3,-0.036135
Gate,BTC,2023-05-16,3,0.07263499999999999
Gate,BTC,2023-05-17,3,0.1095
Gate,BTC,2023-05-18,3,0.0219
Gate,BTC,2023-05-19,3,0.04526
Gate,BTC,2023-05-20,3,0.041609999999999994
Gate,BTC,2023-05-21,3,0.031025
Gate,BTC,2023-05-22,3,0.05183000000000001
Gate,BTC,2023-05-23,3,0.015330000000000002
Gate,BTC,2023-05-24,3,0.1095
Gate,BTC,2023-05-25,3,0.082125
Gate,BTC,2023-05-26,3,0.061320000000000006
Gate,BTC,2023-05-27,3,0.0003650000000000042
Gate,BTC,2023-05-28,3,-0.0657
Gate,BTC,2023-05-29,3,0.05183000000000001
Gate,BTC,2023-05-30,3,0.05548
Gate,BTC,2023-05-31,3,0.082855
Gate,BTC,2023-06-01,3,0.091615
Gate,BTC,2023-06-02,3,0.06533499999999999
Gate,BTC,2023-06-03,3,0.03358
Gate,BTC,2023-06-04,3,0.04927499999999999
Gate,BTC,2023-06-05,3,0.08614
Gate,BTC,2023-06-06,3,0.023360000000000002
Gate,BTC,2023-06-07,3,0.04307
Gate,BTC,2023-06-08,3,0.042705
Gate,BTC,2023-06-09,3,0.025185
Gate,BTC,2023-06-10,3,0.09818500000000001
Gate,BTC,2023-06-11,3,0.07665
Gate,BTC,2023-06-12,3,0.0014600000000000004
Gate,BTC,2023-06-13,3,0.03504
Gate,BTC,2023-06-14,3,0.03358
Gate,BTC,2023-06-15,3,0.053290000000000004
Gate,BTC,2023-06-16,3,-0.0292
Gate,BTC,2023-06-17,3,-0.040515
Gate,BTC,2023-06-18,3,-0.031755
Gate,BTC,2023-06-19,3,-0.04015
Gate,BTC,2023-06-20,3,-0.072635
Gate,BTC,2023-06-21,3,-0.20513
Gate,BTC,2023-06-22,3,0.038689999999999995
Gate,BTC,2023-06-23,3,0.038325000000000005
Gate,BTC,2023-06-24,3,0.07665000000000001
Gate,BTC,2023-06-25,3,0.073
Gate,BTC,2023-06-26,3,0.071905
Gate,BTC,2023-06-27,3,0.006935
Gate,BTC,2023-06-28,3,0.022264999999999997
Gate,BTC,2023-06-29,3,0.023360000000000002
Gate,BTC,2023-06-30,3,0.033945
Gate,BTC,2023-07-01,3,0.03723
Gate,BTC,2023-07-02,3,0.079205
Gate,BTC,2023-07-03,3,0.027375
Gate,BTC,2023-07-04,3,-0.043800000000000006
Gate,BTC,2023-07-05,3,0.06862
Gate,BTC,2023-07-06,3,-0.04891
Gate,BTC,2023-07-07,3,-0.028105
Gate,BTC,2023-07-08,3,0.04015
Gate,BTC,2023-07-09,3,0.02044
Gate,BTC,2023-07-10,3,0.045625
Gate,BTC,2023-07-11,3,0.03285
Gate,BTC,2023-07-12,3,-0.018250000000000002
Gate,BTC,2023-07-13,3,0.07884000000000001
Gate,BTC,2023-07-14,3,0.03504
Gate,BTC,2023-07-15,3,-0.0007300000000000003
Gate,BTC,2023-07-16,3,0.03212
Gate,BTC,2023-07-17,3,0.028835
Gate,BTC,2023-07-18,3,0.08541
Gate,BTC,2023-07-19,3,0.062415
Gate,BTC,2023-07-20,3,0.026279999999999998
Gate,BTC,2023-07-21,3,0.06497
Gate,BTC,2023-07-22,3,0.030295000000000002
Gate,BTC,2023-07-23,3,0.05548
Gate,BTC,2023-07-24,3,-0.15001499999999998
Gate,BTC,2023-07-25,3,-0.055845000000000006
Gate,BTC,2023-07-26,3,-0.09234500000000001
Gate,BTC,2023-07-27,3,-0.145635
Gate,BTC,2023-07-28,3,-0.025185000000000003
Gate,BTC,2023-07-29,3,-0.163885
Gate,BTC,2023-07-30,3,-0.0949
Gate,BTC,2023-07-31,3,-0.099645
Gate,BTC,2023-08-01,3,0.016790000000000003
Gate,BTC,2023-08-02,3,-0.04161
Gate,BTC,2023-08-03,3,0.007665000000000001
Gate,BTC,2023-08-04,3,0.003285
Gate,BTC,2023-08-05,3,0.027375
Gate,BTC,2023-08-06,3,0.0010950000000000033
Gate,BTC,2023-08-07,3,0.049275000000000006
Gate,BTC,2023-08-08,3,0.04891
Gate,BTC,2023-08-09,3,0.104755
Gate,BTC,2023-08-10,3,0.1095
Gate,BTC,2023-08-11,3,0.1095
Gate,BTC,2023-08-12,3,0.1095
Gate,BTC,2023-08-13,3,0.10147
Gate,BTC,2023-08-14,3,0.1095
Gate,BTC,2023-08-15,3,0.1095
Gate,BTC,2023-08-16,3,0.1095
Gate,BTC,2023-08-17,3,0.1095
Gate,BTC,2023-08-18,3,-0.021535
Gate,BTC,2023-08-19,3,-0.005840000000000001
Gate,BTC,2023-08-20,3,-0.059129999999999995
Gate,BTC,2023-08-21,3,0.001460000000000003
Gate,BTC,2023-08-22,3,0.027375
Gate,BTC,2023-08-23,3,0.027375
Gate,BTC,2023-08-24,3,-0.00511
Gate,BTC,2023-08-25,3,0.03212
Gate,BTC,2023-08-26,3,0.02482
Gate,BTC,2023-08-27,3,0.029199999999999993
Gate,BTC,2023-08-28,3,0.028835000000000003
Gate,BTC,2023-08-29,3,0.059495
Gate,BTC,2023-08-30,3,-0.012044999999999998
Gate,BTC,2023-08-31,3,0.033944999999999996
Gate,BTC,2023-09-01,3,0.06643
Gate,BTC,2023-09-02,3,0.034675
Gate,BTC,2023-09-03,3,-0.007300000000000001
Gate,BTC,2023-09-04,3,0.009125
Gate,BTC,2023-09-05,3,0.04745
Gate,BTC,2023-09-06,3,0.083585
Gate,BTC,2023-09-07,3,0.03796
Gate,BTC,2023-09-08,3,-0.042705
Gate,BTC,2023-09-09,3,-0.03139
Gate,BTC,2023-09-10,3,0.083585
Gate,BTC,2023-09-11,3,0.04161
Gate,BTC,2023-09-12,3,-0.031755000000000005
Gate,BTC,2023-09-13,3,-0.03285
Gate,BTC,2023-09-14,3,-0.08760000000000001
Gate,BTC,2023-09-15,3,-0.050734999999999995
Gate,BTC,2023-09-16,3,-0.052559999999999996
Gate,BTC,2023-09-17,3,-0.060225
Gate,BTC,2023-09-18,3,-0.073
Gate,BTC,2023-09-19,3,-0.058765000000000005
Gate,BTC,2023-09-20,3,-0.07957
Gate,BTC,2023-09-21,3,-0.027010000000000003
Gate,BTC,2023-09-22,3,0.0007300000000000015
Gate,BTC,2023-09-23,3,0.06278
Gate,BTC,2023-09-24,3,0.03431
Gate,BTC,2023-09-25,3,0.012775000000000002
Gate,BTC,2023-09-26,3,-0.120815
Gate,BTC,2023-09-27,3,-0.09271
Gate,BTC,2023-09-28,3,-0.12154500000000001
Gate,BTC,2023-09-29,3,-0.19344999999999998
Gate,BTC,2023-09-30,3,-0.065335
Gate,BTC,2023-10-01,3,-0.114975
Gate,BTC,2023-10-02,3,-0.119355
Gate,BTC,2023-10-03,3,0.01898
Gate,BTC,2023-10-04,3,0.044165
Gate,BTC,2023-10-05,3,-0.07774500000000001
Gate,BTC,2023-10-06,3,-0.034675
Gate,BTC,2023-10-07,3,-0.08687
Gate,BTC,2023-10-08,3,-0.044165
Gate,BTC,2023-10-09,3,-0.012775000000000002
Gate,BTC,2023-10-10,3,0.025184999999999996
Gate,BTC,2023-10-11,3,0.08760000000000001
Gate,BTC,2023-10-12,3,0.060955
Gate,BTC,2023-10-13,3,0.015695
Gate,BTC,2023-10-14,3,0.012775
Gate,BTC,2023-10-15,3,0.021900000000000003
Gate,BTC,2023-10-16,3,-0.07592
Gate,BTC,2023-10-17,3,-0.023725
Gate,BTC,2023-10-18,3,-0.033215
Gate,BTC,2023-10-19,3,-0.071905
Gate,BTC,2023-10-20,3,-0.12045
Gate,BTC,2023-10-21,3,-0.075555
Gate,BTC,2023-10-22,3,-0.040515
Gate,BTC,2023-10-23,3,-0.044165
Gate,BTC,2023-10-24,3,0.1095
Gate,BTC,2023-10-25,3,0.10876999999999999
Gate,BTC,2023-10-26,3,0.095265
Gate,BTC,2023-10-27,3,0.1095
Gate,BTC,2023-10-28,3,0.1095
Gate,BTC,2023-10-29,3,0.1095
Gate,BTC,2023-10-30,3,0.1095
Gate,BTC,2023-10-31,3,0.1095
Gate,BTC,2023-11-01,3,0.1095
Gate,BTC,2023-11-02,3,0.1095
Gate,BTC,2023-11-03,3,0.10658000000000001
Gate,BTC,2023-11-04,3,0.028835
Gate,BTC,2023-11-05,3,0.10804000000000001
Gate,BTC,2023-11-06,3,0.1095
Gate,BTC,2023-11-07,3,0.1095
Gate,BTC,2023-11-08,3,0.1095
Gate,BTC,2023-11-09,3,0.1095
Gate,BTC,2023-11-10,3,0.1095
Gate,BTC,2023-11-11,3,0.1095
Gate,BTC,2023-11-12,3,0.1095
Gate,BTC,2023-11-13,3,0.1095
Gate,BTC,2023-11-14,3,0.11461
Gate,BTC,2023-11-15,3,0.1095
Gate,BTC,2023-11-16,3,0.1095
Gate,BTC,2023-11-17,3,0.1095
Gate,BTC,2023-11-18,3,0.1095
Gate,BTC,2023-11-19,3,0.1095
Gate,BTC,2023-11-20,3,0.1095
Gate,BTC,2023-11-21,3,0.1095
Gate,BTC,2023-11-22,3,0.1095
Gate,BTC,2023-11-23,3,0.1095
Gate,BTC,2023-11-24,3,0.1095
Gate,BTC,2023-11-25,3,0.061685
Gate,BTC,2023-11-26,3,0.044165
Gate,BTC,2023-11-27,3,0.1095
Gate,BTC,2023-11-28,3,0.1095
Gate,BTC,2023-11-29,3,0.01022
Gate,BTC,2023-11-30,3,0.07007999999999999
Gate,BTC,2023-12-01,3,0.08833
Gate,BTC,2023-12-02,3,-0.005109999999999999
Gate,BTC,2023-12-03,3,0.1095
Gate,BTC,2023-12-04,3,0.1095
Gate,BTC,2023-12-05,3,0.1095
Gate,BTC,2023-12-06,3,0.1095
Gate,BTC,2023-12-07,3,0.1095
Gate,BTC,2023-12-08,3,0.235425
Gate,BTC,2023-12-09,3,0.155855
Gate,BTC,2023-12-10,3,0.16972500000000001
Gate,BTC,2023-12-11,3,0.13578
Gate,BTC,2023-12-12,3,0.1095
Gate,BTC,2023-12-13,3,0.1095
Gate,BTC,2023-12-14,3,0.1095
Gate,BTC,2023-12-15,3,0.1095
Gate,BTC,2023-12-16,3,0.1095
Gate,BTC,2023-12-17,3,0.1095
Gate,BTC,2023-12-18,3,0.1095
Gate,BTC,2023-12-19,3,0.1095
Gate,BTC,2023-12-20,3,0.1095
Gate,BTC,2023-12-21,3,0.13359
Gate,BTC,2023-12-22,3,0.216445
Gate,BTC,2023-12-23,3,0.13286
Gate,BTC,2023-12-24,3,0.168265
Gate,BTC,2023-12-25,3,0.170455
Gate,BTC,2023-12-26,3,0.45917
Gate,BTC,2023-12-27,3,0.49384500000000003
Gate,BTC,2023-12-28,3,0.41975
Gate,BTC,2023-12-29,3,0.55845
Gate,BTC,2023-12-30,3,0.414275
Gate,BTC,2023-12-31,3,0.304775
Gate,BTC,2024-01-01,3,0.32412
Gate,BTC,2024-01-02,3,0.38106
Gate,BTC,2024-01-03,3,0.193815
Gate,BTC,2024-01-04,3,0.1095
Gate,BTC,2024-01-05,3,0.1095
Gate,BTC,2024-01-06,3,0.1095
Gate,BTC,2024-01-07,3,0.1095
Gate,BTC,2024-01-08,3,0.1095
Gate,BTC,2024-01-09,3,0.1095
Gate,BTC,2024-01-10,3,0.1095
Gate,BTC,2024-01-11,3,0.1095
Gate,BTC,2024-01-12,3,0.1095
Gate,BTC,2024-01-13,3,0.1095
Gate,BTC,2024-01-14,3,0.1095
Gate,BTC,2024-01-15,3,0.1095
Gate,BTC,2024-01-16,3,0.1095
Gate,BTC,2024-01-17,3,0.1095
Gate,BTC,2024-01-18,3,0.1095
Gate,BTC,2024-01-19,3,0.1095
Gate,BTC,2024-01-20,3,0.1095
Gate,BTC,2024-01-21,3,0.1095
Gate,BTC,2024-01-22,3,0.1095
Gate,BTC,2024-01-23,3,0.1095
Gate,BTC,2024-01-24,3,0.1095
Gate,BTC,2024-01-25,3,0.1095
Gate,BTC,2024-01-26,3,0.055115
Gate,BTC,2024-01-27,3,0.046355
Gate,BTC,2024-01-28,3,0.04307
Gate,BTC,2024-01-29,3,0.1095
Gate,BTC,2024-01-30,3,0.044165
Gate,BTC,2024-01-31,3,0.046720000000000005
Gate,BTC,2024-02-01,3,0.10876999999999999
Gate,BTC,2024-02-02,3,0.076285
Gate,BTC,2024-02-03,3,0.032485
Gate,BTC,2024-02-04,3,0.068985
Gate,BTC,2024-02-05,3,0.10876999999999999
Gate,BTC,2024-02-06,3,0.1095
Gate,BTC,2024-02-07,3,0.058034999999999996
Gate,BTC,2024-02-08,3,-0.04599
Gate,BTC,2024-02-09,3,0.034675000000000004
Gate,BTC,2024-02-10,3,0.08541
Gate,BTC,2024-02-11,3,0.10001
Gate,BTC,2024-02-12,3,0.1095
Gate,BTC,2024-02-13,3,0.1095
Gate,BTC,2024-02-14,3,0.1095
Gate,BTC,2024-02-15,3,0.1095
Gate,BTC,2024-02-16,3,0.1095
Gate,BTC,2024-02-17,3,0.1095
Gate,BTC,2024-02-18,3,0.1095
Gate,BTC,2024-02-19,3,0.1095
Gate,BTC,2024-02-20,3,0.1095
Gate,BTC,2024-02-21,3,0.1095
Gate,BTC,2024-02-22,3,0.1095
Gate,BTC,2024-02-23,3,0.1095
Gate,BTC,2024-02-24,3,0.1095
Gate,BTC,2024-02-25,3,0.1095
Gate,BTC,2024-02-26,3,0.1095
Gate,BTC,2024-02-27,3,0.193815
Gate,BTC,2024-02-28,3,0.247105
Gate,BTC,2024-02-29,3,0.7555499999999999
Gate,BTC,2024-03-01,3,0.511365
Gate,BTC,2024-03-02,3,0.39420000000000005
Gate,BTC,2024-03-03,3,0.49494
Gate,BTC,2024-03-04,3,0.48691
Gate,BTC,2024-03-05,3,0.689485
Gate,BTC,2024-03-06,3,0.21607999999999997
Gate,BTC,2024-03-07,3,0.17885000000000004
Gate,BTC,2024-03-08,3,0.199655
Gate,BTC,2024-03-09,3,0.14381
Gate,BTC,2024-03-10,3,0.15549
Gate,BTC,2024-03-11,3,0.29528499999999996
Gate,BTC,2024-03-12,3,0.39456500000000005
Gate,BTC,2024-03-13,3,0.357335
Gate,BTC,2024-03-14,3,0.12300499999999999
Gate,BTC,2024-03-15,3,0.25404
Gate,BTC,2024-03-16,3,0.1095
Gate,BTC,2024-03-17,3,0.219
Gate,BTC,2024-03-18,3,0.13943
Gate,BTC,2024-03-19,3,0.167535
Gate,BTC,2024-03-20,3,0.1095
Gate,BTC,2024-03-21,3,0.1095
Gate,BTC,2024-03-22,3,0.12775
Gate,BTC,2024-03-23,3,0.117165
Gate,BTC,2024-03-24,3,0.1095
Gate,BTC,2024-03-25,3,0.1095
Gate,BTC,2024-03-26,3,0.1095
Gate,BTC,2024-03-27,3,0.26791000000000004
Gate,BTC,2024-03-28,3,0.24929500000000002
Gate,BTC,2024-03-29,3,0.25732499999999997
Gate,BTC,2024-03-30,3,0.37887000000000004
Gate,BTC,2024-03-31,3,0.415735
Gate,BTC,2024-04-01,3,0.5146499999999999
Gate,BTC,2024-04-02,3,0.175565
Gate,BTC,2024-04-03,3,0.1095
Gate,BTC,2024-04-04,3,0.1095
Gate,BTC,2024-04-05,3,0.1095
Gate,BTC,2024-04-06,3,0.1095
Gate,BTC,2024-04-07,3,0.1095
Gate,BTC,2024-04-08,3,0.1095
Gate,BTC,2024-04-09,3,0.20367000000000002
Gate,BTC,2024-04-10,3,0.190895
Gate,BTC,2024-04-11,3,0.1095
Gate,BTC,2024-04-12,3,0.11825999999999999
Gate,BTC,2024-04-13,3,0.1095
Gate,BTC,2024-04-14,3,0.1095
Gate,BTC,2024-04-15,3,0.0657
Gate,BTC,2024-04-16,3,0.09818500000000001
Gate,BTC,2024-04-17,3,0.060590000000000005
Gate,BTC,2024-04-18,3,0.016425000000000002
Gate,BTC,2024-04-19,3,-0.0007299999999999992
Gate,BTC,2024-04-20,3,0.053655
Gate,BTC,2024-04-21,3,0.06643
Gate,BTC,2024-04-22,3,0.027739999999999997
Gate,BTC,2024-04-23,3,0.030295
Gate,BTC,2024-04-24,3,0.06205
Gate,BTC,2024-04-25,3,0.1095
Gate,BTC,2024-04-26,3,-0.051465000000000004
Gate,BTC,2024-04-27,3,0.09198
Gate,BTC,2024-04-28,3,0.006935
Gate,BTC,2024-04-29,3,0.08614
Gate,BTC,2024-04-30,3,0.02263
Gate,BTC,2024-05-01,3,0.1095
Gate,BTC,2024-05-02,3,0.053290000000000004
Gate,BTC,2024-05-03,3,-0.035039999999999995
Gate,BTC,2024-05-04,3,-0.009855000000000003
Gate,BTC,2024-05-05,3,0.045625
Gate,BTC,2024-05-06,3,0.03431
Gate,BTC,2024-05-07,3,0.099645
Gate,BTC,2024-05-08,3,0.1095
Gate,BTC,2024-05-09,3,0.1095
Gate,BTC,2024-05-10,3,0.021535
Gate,BTC,2024-05-11,3,0.1095
Gate,BTC,2024-05-12,3,0.06643
Gate,BTC,2024-05-13,3,0.04197499999999999
Gate,BTC,2024-05-14,3,0.07373
Gate,BTC,2024-05-15,3,0.02409
Gate,BTC,2024-05-16,3,-0.018979999999999993
Gate,BTC,2024-05-17,3,0.04927499999999999
Gate,BTC,2024-05-18,3,-0.040515
Gate,BTC,2024-05-19,3,0.013870000000000002
Gate,BTC,2024-05-20,3,0.086505
Gate,BTC,2024-05-21,3,0.1095
Gate,BTC,2024-05-22,3,0.1095
Gate,BTC,2024-05-23,3,0.1095
Gate,BTC,2024-05-24,3,0.1095
Gate,BTC,2024-05-25,3,0.1095
Gate,BTC,2024-05-26,3,0.1095
Gate,BTC,2024-05-27,3,0.1095
Gate,BTC,2024-05-28,3,0.1095
Gate,BTC,2024-05-29,3,0.1095
Gate,BTC,2024-05-30,3,0.1095
Gate,BTC,2024-05-31,3,0.1022
Gate,BTC,2024-06-01,3,0.1095
Gate,BTC,2024-06-02,3,0.1095
Gate,BTC,2024-06-03,3,0.08869500000000001
Gate,BTC,2024-06-04,3,0.1095
Gate,BTC,2024-06-05,3,0.013139999999999999
Gate,BTC,2024-06-06,3,0.07227
Gate,BTC,2024-06-07,3,0.07154
Gate,BTC,2024-06-08,3,0.1095
Gate,BTC,2024-06-09,3,0.1095
Gate,BTC,2024-06-10,3,0.033945
Gate,BTC,2024-06-11,3,0.070445
Gate,BTC,2024-06-12,3,-0.004015
Gate,BTC,2024-06-13,3,-0.018614999999999996
Gate,BTC,2024-06-14,3,0.09782
Gate,BTC,2024-06-15,3,0.010950000000000001
Gate,BTC,2024-06-16,3,0.08541
Gate,BTC,2024-06-17,3,0.06497
Gate,BTC,2024-06-18,3,-0.0025550000000000017
Gate,BTC,2024-06-19,3,0.1095
Gate,BTC,2024-06-20,3,0.1095
Gate,BTC,2024-06-21,3,0.1095
Gate,BTC,2024-06-22,3,0.05913000000000001
Gate,BTC,2024-06-23,3,0.09198
Gate,BTC,2024-06-24,3,0.1095
Gate,BTC,2024-06-25,3,0.043435
Gate,BTC,2024-06-26,3,0.054384999999999996
Gate,BTC,2024-06-27,3,0.1095
Gate,BTC,2024-06-28,3,0.1095
Gate,BTC,2024-06-29,3,0.1095
Gate,BTC,2024-06-30,3,0.1095
Gate,BTC,2024-07-01,3,0.07957
Gate,BTC,2024-07-02,3,0.08833
Gate,BTC,2024-07-03,3,0.1095
Gate,BTC,2024-07-04,3,0.1095
Gate,BTC,2024-07-05,3,0.04927499999999999
Gate,BTC,2024-07-06,3,0.015695
Gate,BTC,2024-07-07,3,0.107675
Gate,BTC,2024-07-08,3,0.1095
Gate,BTC,2024-07-09,3,0.09051999999999999
Gate,BTC,2024-07-10,3,0.014965000000000001
Gate,BTC,2024-07-11,3,0.106215
Gate,BTC,2024-07-12,3,0.09234500000000001
Gate,BTC,2024-07-13,3,0.068985
Gate,BTC,2024-07-14,3,-0.02628
Gate,BTC,2024-07-15,3,0.04015
Gate,BTC,2024-07-16,3,0.07592
Gate,BTC,2024-07-17,3,0.0511
Gate,BTC,2024-07-18,3,0.07920500000000001
Gate,BTC,2024-07-19,3,0.082125
Gate,BTC,2024-07-20,3,0.039420000000000004
Gate,BTC,2024-07-21,3,0.0511
Gate,BTC,2024-07-22,3,0.0949
Gate,BTC,2024-07-23,3,0.086505
Gate,BTC,2024-07-24,3,0.1022
Gate,BTC,2024-07-25,3,0.1095
Gate,BTC,2024-07-26,3,-0.00036500000000000014
Gate,BTC,2024-07-27,3,0.02628
Gate,BTC,2024-07-28,3,0.105485
Gate,BTC,2024-07-29,3,0.07518999999999999
Gate,BTC,2024-07-30,3,0.1095
Gate,BTC,2024-07-31,3,0.10658000000000001
Gate,BTC,2024-08-01,3,0.09928
Gate,BTC,2024-08-02,3,0.09928
Gate,BTC,2024-08-03,3,0.07190500000000001
Gate,BTC,2024-08-04,3,0.08431499999999999
Gate,BTC,2024-08-05,3,0.057304999999999995
Gate,BTC,2024-08-06,3,0.029930000000000002
Gate,BTC,2024-08-07,3,0.0010949999999999998
Gate,BTC,2024-08-08,3,0.043435
Gate,BTC,2024-08-09,3,0.030660000000000003
Gate,BTC,2024-08-10,3,0.048545
Gate,BTC,2024-08-11,3,-0.005475000000000003
Gate,BTC,2024-08-12,3,0.074825
Gate,BTC,2024-08-13,3,0.055845
Gate,BTC,2024-08-14,3,-0.008395
Gate,BTC,2024-08-15,3,0.021169999999999998
Gate,BTC,2024-08-16,3,-0.004015000000000002
Gate,BTC,2024-08-17,3,-0.014964999999999997
Gate,BTC,2024-08-18,3,-0.040514999999999995
Gate,BTC,2024-08-19,3,0.043435
Gate,BTC,2024-08-20,3,-0.039785
Gate,BTC,2024-08-21,3,0.034675000000000004
Gate,BTC,2024-08-22,3,-0.044895
Gate,BTC,2024-08-23,3,0.050735
Gate,BTC,2024-08-24,3,-0.08942499999999999
Gate,BTC,2024-08-25,3,0.06789
Gate,BTC,2024-08-26,3,0.06716
Gate,BTC,2024-08-27,3,0.091615
Gate,BTC,2024-08-28,3,-0.02409
Gate,BTC,2024-08-29,3,-0.040515
Gate,BTC,2024-08-30,3,0.042705
Gate,BTC,2024-08-31,3,1.3010426069826053e-18
Gate,BTC,2024-09-01,3,0.09015499999999999
Gate,BTC,2024-09-02,3,0.004745
Gate,BTC,2024-09-03,3,0.060225
Gate,BTC,2024-09-04,3,0.017155
Gate,BTC,2024-09-05,3,0.026645000000000002
Gate,BTC,2024-09-06,3,0.004015000000000001
Gate,BTC,2024-09-07,3,-0.073365
Gate,BTC,2024-09-08,3,-0.04087999999999999
Gate,BTC,2024-09-09,3,-0.139065
Gate,BTC,2024-09-10,3,-0.1022
Gate,BTC,2024-09-11,3,-0.0007300000000000027
Gate,BTC,2024-09-12,3,-0.090885
Gate,BTC,2024-09-13,3,-0.054020000000000006
Gate,BTC,2024-09-14,3,-0.08540999999999999
Gate,BTC,2024-09-15,3,-0.02774
Gate,BTC,2024-09-16,3,0.07957
Gate,BTC,2024-09-17,3,-0.06788999999999999
Gate,BTC,2024-09-18,3,0.04161
Gate,BTC,2024-09-19,3,-0.08102999999999999
Gate,BTC,2024-09-20,3,0.06497
Gate,BTC,2024-09-21,3,0.052925
Gate,BTC,2024-09-22,3,0.086505
Gate,BTC,2024-09-23,3,0.044165
Gate,BTC,2024-09-24,3,0.04818
Gate,BTC,2024-09-25,3,0.052195
Gate,BTC,2024-09-26,3,-0.017885
Gate,BTC,2024-09-27,3,0.053290000000000004
Gate,BTC,2024-09-28,3,0.10183500000000001
Gate,BTC,2024-09-29,3,0.070445
Gate,BTC,2024-09-30,3,0.09782
Gate,BTC,2024-10-01,3,0.0803
Gate,BTC,2024-10-02,3,0.051465000000000004
Gate,BTC,2024-10-03,3,0.09052
Gate,BTC,2024-10-04,3,-0.0007299999999999992
Gate,BTC,2024-10-05,3,-0.03577
Gate,BTC,2024-10-06,3,0.061685
Gate,BTC,2024-10-07,3,0.04964
Gate,BTC,2024-10-08,3,0.09380499999999999
Gate,BTC,2024-10-09,3,0.09125
Gate,BTC,2024-10-10,3,0.09125
Gate,BTC,2024-10-11,3,-0.15549
Gate,BTC,2024-10-12,3,-0.01971
Gate,BTC,2024-10-13,3,-4.625929269271485e-18
Gate,BTC,2024-10-14,3,0.048545
Gate,BTC,2024-10-15,3,0.076285
Gate,BTC,2024-10-16,3,-0.0021899999999999997
Gate,BTC,2024-10-17,3,0.04818
Gate,BTC,2024-10-18,3,0.040514999999999995
Gate,BTC,2024-10-19,3,0.04307
Gate,BTC,2024-10-20,3,0.091615
Gate,BTC,2024-10-21,3,0.1095
Gate,BTC,2024-10-22,3,0.1095
Gate,BTC,2024-10-23,3,0.1095
Gate,BTC,2024-10-24,3,0.1095
Gate,BTC,2024-10-25,3,0.063875
Gate,BTC,2024-10-26,3,0.022995
Gate,BTC,2024-10-27,3,-0.05657500000000001
Gate,BTC,2024-10-28,3,-0.019710000000000002
Gate,BTC,2024-10-29,3,-0.039785
Gate,BTC,2024-10-30,3,0.1095
Gate,BTC,2024-10-31,3,0.1095
Gate,BTC,2024-11-01,3,0.1095
Gate,BTC,2024-11-02,3,0.10585
Gate,BTC,2024-11-03,3,0.05657499999999999
Gate,BTC,2024-11-04,3,0.05694
Gate,BTC,2024-11-05,3,0.07081
Gate,BTC,2024-11-06,3,0.070445
Gate,BTC,2024-11-07,3,0.014599999999999993
Gate,BTC,2024-11-08,3,-0.0014599999999999988
Gate,BTC,2024-11-09,3,-0.009490000000000004
Gate,BTC,2024-11-10,3,0.1095
Gate,BTC,2024-11-11,3,0.104755
Gate,BTC,2024-11-12,3,0.19783000000000003
Gate,BTC,2024-11-13,3,0.1095
Gate,BTC,2024-11-14,3,0.1095
Gate,BTC,2024-11-15,3,-0.010949999999999996
Gate,BTC,2024-11-16,3,-0.005475
Gate,BTC,2024-11-17,3,0.1095
Gate,BTC,2024-11-18,3,0.1095
Gate,BTC,2024-11-19,3,0.1095
Gate,BTC,2024-11-20,3,-0.023359999999999995
Gate,BTC,2024-11-21,3,0.06643
Gate,BTC,2024-11-22,3,0.1095
Gate,BTC,2024-11-23,3,0.1095
Gate,BTC,2024-11-24,3,0.158775
Gate,BTC,2024-11-25,3,0.17994500000000002
Gate,BTC,2024-11-26,3,0.16133
Gate,BTC,2024-11-27,3,0.11607
Gate,BTC,2024-11-28,3,0.10840500000000002
Gate,BTC,2024-11-29,3,0.1095
Gate,BTC,2024-11-30,3,0.1095
Gate,BTC,2024-12-01,3,0.1095
Gate,BTC,2024-12-02,3,0.11096
Gate,BTC,2024-12-03,3,0.131035
Gate,BTC,2024-12-04,3,0.116435
Gate,BTC,2024-12-05,3,0.32193
Gate,BTC,2024-12-06,3,0.185785
Gate,BTC,2024-12-07,3,0.1095
Gate,BTC,2024-12-08,3,0.132495
Gate,BTC,2024-12-09,3,0.200385
Gate,BTC,2024-12-10,3,0.130305
Gate,BTC,2024-12-11,3,0.068255
Gate,BTC,2024-12-12,3,-0.005109999999999999
Gate,BTC,2024-12-13,3,0.09854999999999998
Gate,BTC,2024-12-14,3,-0.09818500000000001
Gate,BTC,2024-12-15,3,-0.08869500000000001
Gate,BTC,2024-12-16,3,0.027010000000000003
Gate,BTC,2024-12-17,3,0.04161
Gate,BTC,2024-12-18,3,0.1095
Gate,BTC,2024-12-19,3,0.1095
Gate,BTC,2024-12-20,3,0.1095
Gate,BTC,2024-12-21,3,-0.005839999999999999
Gate,BTC,2024-12-22,3,0.09709000000000001
Gate,BTC,2024-12-23,3,0.08322
Gate,BTC,2024-12-24,3,0.06131999999999999
Gate,BTC,2024-12-25,3,-0.037959999999999994
Gate,BTC,2024-12-26,3,0.071905
Gate,BTC,2024-12-27,3,0.1095
Gate,BTC,2024-12-28,3,0.050005
Gate,BTC,2024-12-29,3,0.08467999999999999
Gate,BTC,2024-12-30,3,0.08942499999999999
Gate,BTC,2024-12-31,3,0.055845
Gate,BTC,2025-01-01,3,0.1095
Gate,BTC,2025-01-02,3,0.05986
Gate,BTC,2025-01-03,3,0.08176
Gate,BTC,2025-01-04,3,0.04088
Gate,BTC,2025-01-05,3,0.077745
Gate,BTC,2025-01-06,3,0.014234999999999998
Gate,BTC,2025-01-07,3,0.034675000000000004
Gate,BTC,2025-01-08,3,0.10074
Gate,BTC,2025-01-09,3,0.058765000000000005
Gate,BTC,2025-01-10,3,0.039785
Gate,BTC,2025-01-11,3,0.076285
Gate,BTC,2025-01-12,3,0.094535
Gate,BTC,2025-01-13,3,0.10804000000000001
Gate,BTC,2025-01-14,3,0.006205
Gate,BTC,2025-01-15,3,-0.00036499999999999944
Gate,BTC,2025-01-16,3,0.06789
Gate,BTC,2025-01-17,3,0.063875
Gate,BTC,2025-01-18,3,0.053655
Gate,BTC,2025-01-19,3,0.1095
Gate,BTC,2025-01-20,3,0.1095
Gate,BTC,2025-01-21,3,0.1095
Gate,BTC,2025-01-22,3,0.07665
Gate,BTC,2025-01-23,3,0.106945
Gate,BTC,2025-01-24,3,0.08869500000000001
Gate,BTC,2025-01-25,3,0.082855
Gate,BTC,2025-01-26,3,0.1095
Gate,BTC,2025-01-27,3,0.1095
Gate,BTC,2025-01-28,3,0.0803
Gate,BTC,2025-01-29,3,0.07592
Gate,BTC,2025-01-30,3,0.047814999999999996
Gate,BTC,2025-01-31,3,0.090155
Gate,BTC,2025-02-01,3,0.1095
Gate,BTC,2025-02-02,3,0.1095
Gate,BTC,2025-02-03,3,0.068255
Gate,BTC,2025-02-04,3,0.011315000000000004
Gate,BTC,2025-02-05,3,0.02555
Gate,BTC,2025-02-06,3,-0.011680000000000005
Gate,BTC,2025-02-07,3,0.0146
Gate,BTC,2025-02-08,3,0.08833
Gate,BTC,2025-02-09,3,-0.005839999999999998
Gate,BTC,2025-02-10,3,0.019345
Gate,BTC,2025-02-11,3,0.023360000000000002
Gate,BTC,2025-02-12,3,0.07263499999999999
Gate,BTC,2025-02-13,3,0.06278
Gate,BTC,2025-02-14,3,0.0003649999999999996
Gate,BTC,2025-02-15,3,-0.00036500000000000074
Gate,BTC,2025-02-16,3,0.07153999999999999
Gate,BTC,2025-02-17,3,0.07920500000000001
Gate,BTC,2025-02-18,3,0.078475
Gate,BTC,2025-02-19,3,-0.002554999999999997
Gate,BTC,2025-02-20,3,-0.047815
Gate,BTC,2025-02-21,3,-0.057670000000000006
Gate,BTC,2025-02-22,3,0.1095
Gate,BTC,2025-02-23,3,0.055115
Gate,BTC,2025-02-24,3,0.06351
Gate,BTC,2025-02-25,3,0.09891500000000002
Gate,BTC,2025-02-26,3,0.010584999999999999
Gate,BTC,2025-02-27,3,0.010219999999999998
Gate,BTC,2025-02-28,3,0.050005
Gate,BTC,2025-03-01,3,-0.031755
Gate,BTC,2025-03-02,3,-0.054020000000000006
Gate,BTC,2025-03-03,3,0.007665000000000001
Gate,BTC,2025-03-04,3,-0.0014599999999999997
Gate,BTC,2025-03-05,3,-0.04307
Gate,BTC,2025-03-06,3,0.024455
Gate,BTC,2025-03-07,3,0.033215
Gate,BTC,2025-03-08,3,0.018250000000000002
Gate,BTC,2025-03-09,3,0.051465000000000004
Gate,BTC,2025-03-10,3,0.0292
Gate,BTC,2025-03-11,3,0.019345
Gate,BTC,2025-03-12,3,0.02044
Gate,BTC,2025-03-13,3,0.012410000000000003
Gate,BTC,2025-03-14,3,-0.03796
Gate,BTC,2025-03-15,3,-0.018250000000000002
Gate,BTC,2025-03-16,3,0.0007300000000000015
Gate,BTC,2025-03-17,3,0.027010000000000003
Gate,BTC,2025-03-18,3,0.04234000000000001
Gate,BTC,2025-03-19,3,-0.007665000000000001
Gate,BTC,2025-03-20,3,-0.008029999999999997
Gate,BTC,2025-03-21,3,0.044165
Gate,BTC,2025-03-22,3,-0.063875
Gate,BTC,2025-03-23,3,0.0003650000000000022
Gate,BTC,2025-03-24,3,-0.06862
Gate,BTC,2025-03-25,3,0.039785
Gate,BTC,2025-03-26,3,0.02774
Gate,BTC,2025-03-27,3,-0.01825
Gate,BTC,2025-03-28,3,0.05548
Gate,BTC,2025-03-29,3,0.048545
Gate,BTC,2025-03-30,3,-0.01387
Gate,BTC,2025-03-31,3,0.010949999999999996
Gate,BTC,2025-04-01,3,0.015695
Gate,BTC,2025-04-02,3,0.01314
Gate,BTC,2025-04-03,3,0.077745
Gate,BTC,2025-04-04,3,0.034675
Gate,BTC,2025-04-05,3,0.07446
Gate,BTC,2025-04-06,3,0.02555
Gate,BTC,2025-04-07,3,0.039420000000000004
Gate,BTC,2025-04-08,3,0.0438
Gate,BTC,2025-04-09,3,0.04599
Gate,BTC,2025-04-10,3,0.020439999999999996
Gate,BTC,2025-04-11,3,-0.050735
Gate,BTC,2025-04-12,3,-0.054384999999999996
Gate,BTC,2025-04-13,3,0.030295
Gate,BTC,2025-04-14,3,0.038325
Gate,BTC,2025-04-15,3,-0.023725
Gate,BTC,2025-04-16,3,0.022264999999999997
Gate,BTC,2025-04-17,3,-0.012045
Gate,BTC,2025-04-18,3,0.033944999999999996
Gate,BTC,2025-04-19,3,-0.028835
Gate,BTC,2025-04-20,3,0.02774
Gate,BTC,2025-04-21,3,-0.146
Gate,BTC,2025-04-22,3,-0.11314999999999999
Gate,BTC,2025-04-23,3,-0.10074
Gate,BTC,2025-04-24,3,-0.031755
Gate,BTC,2025-04-25,3,-0.07081
Gate,BTC,2025-04-26,3,0.0032849999999999984
Gate,BTC,2025-04-27,3,0.010220000000000002
Gate,BTC,2025-04-28,3,-0.01752
Gate,BTC,2025-04-29,3,-0.005840000000000002
Gate,BTC,2025-04-30,3,0.025914999999999997
Gate,BTC,2025-05-01,3,-0.06314499999999999
Gate,BTC,2025-05-02,3,-0.06022500000000001
Gate,BTC,2025-05-03,3,0.038325
Gate,BTC,2025-05-04,3,0.060955
Gate,BTC,2025-05-05,3,0.04088
Gate,BTC,2025-05-06,3,0.027375
Gate,BTC,2025-05-07,3,-0.08395000000000001
Gate,BTC,2025-05-08,3,-0.08979
Gate,BTC,2025-05-09,3,0.1095
Gate,BTC,2025-05-10,3,0.06935
Gate,BTC,2025-05-11,3,0.09344000000000001
Gate,BTC,2025-05-12,3,0.1095
Gate,BTC,2025-05-13,3,0.054384999999999996
Gate,BTC,2025-05-14,3,0.062415
Gate,BTC,2025-05-15,3,0.0657
Gate,BTC,2025-05-16,3,-0.02993
Gate,BTC,2025-05-17,3,0.00949
Gate,BTC,2025-05-18,3,0.049275000000000006
Gate,BTC,2025-05-19,3,0.049275000000000006
Gate,BTC,2025-05-20,3,0.004745000000000001
Gate,BTC,2025-05-21,3,-0.02263
Gate,BTC,2025-05-22,3,0.038689999999999995
Gate,BTC,2025-05-23,3,0.073365
Gate,BTC,2025-05-24,3,0.02482
Gate,BTC,2025-05-25,3,0.039785
Gate,BTC,2025-05-26,3,-0.0007300000000000015
Gate,BTC,2025-05-27,3,0.03285
Gate,BTC,2025-05-28,3,0.0584
Gate,BTC,2025-05-29,3,0.047084999999999995
Gate,BTC,2025-05-30,3,0.094535
Gate,BTC,2025-05-31,3,0.08979
Gate,BTC,2025-06-01,3,0.07227
Gate,BTC,2025-06-02,3,0.07409500000000001
Gate,BTC,2025-06-03,3,0.052559999999999996
Gate,BTC,2025-06-04,3,0.035039999999999995
Gate,BTC,2025-06-05,3,0.06278
Gate,BTC,2025-06-06,3,-0.025550000000000003
Gate,BTC,2025-06-07,3,-0.022264999999999997
Gate,BTC,2025-06-08,3,-0.02555
Gate,BTC,2025-06-09,3,-0.04927500000000001
Gate,BTC,2025-06-10,3,0.022994999999999998
Gate,BTC,2025-06-11,3,0.062415
Gate,BTC,2025-06-12,3,0.09854999999999998
Gate,BTC,2025-06-13,3,0.045625
Gate,BTC,2025-06-14,3,0.04452999999999999
Gate,BTC,2025-06-15,3,0.049275000000000006
Gate,BTC,2025-06-16,3,0.03212
Gate,BTC,2025-06-17,3,0.052925
Gate,BTC,2025-06-18,3,0.021169999999999998
Gate,BTC,2025-06-19,3,0.021900000000000003
Gate,BTC,2025-06-20,3,0.059129999999999995
Gate,BTC,2025-06-21,3,0.047814999999999996
Gate,BTC,2025-06-22,3,0.07008
Gate,BTC,2025-06-23,3,-0.029564999999999994
Gate,BTC,2025-06-24,3,-0.01825
Gate,BTC,2025-06-25,3,-0.07993499999999999
Gate,BTC,2025-06-26,3,-0.02409
Gate,BTC,2025-06-27,3,-0.039055000000000006
Gate,BTC,2025-06-28,3,-0.057304999999999995
Gate,BTC,2025-06-29,3,-0.036865
Gate,BTC,2025-06-30,3,-0.020805
Gate,BTC,2025-07-01,3,0.055115
Gate,BTC,2025-07-02,3,-0.033580000000000006
Gate,BTC,2025-07-03,3,-0.019345
Gate,BTC,2025-07-04,3,0.030295000000000002
Gate,BTC,2025-07-05,3,0.004379999999999998
Gate,BTC,2025-07-06,3,0.044895
Gate,BTC,2025-07-07,3,0.085045
Gate,BTC,2025-07-08,3,0.0018250000000000002
Gate,BTC,2025-07-09,3,0.030295
Gate,BTC,2025-07-10,3,-0.06351000000000001
Gate,BTC,2025-07-11,3,0.068985
Gate,BTC,2025-07-12,3,0.1095
Gate,BTC,2025-07-13,3,0.07081
Gate,BTC,2025-07-14,3,0.08467999999999999
Gate,BTC,2025-07-15,3,0.1095
Gate,BTC,2025-07-16,3,0.1095
Gate,BTC,2025-07-17,3,0.1095
Gate,BTC,2025-07-18,3,0.1095
Gate,BTC,2025-07-19,3,0.1095
Gate,BTC,2025-07-20,3,0.1095
Gate,BTC,2025-07-21,3,0.1095
Gate,BTC,2025-07-22,3,0.1095
Gate,BTC,2025-07-23,3,0.1095
Gate,BTC,2025-07-24,3,0.1095
Gate,BTC,2025-07-25,3,0.1095
Gate,BTC,2025-07-26,3,0.10840500000000002
Gate,BTC,2025-07-27,3,0.058035
Gate,BTC,2025-07-28,3,0.036135
Gate,BTC,2025-07-29,3,0.050005
Gate,BTC,2025-07-30,3,0.05037
Gate,BTC,2025-07-31,3,0.03139
Gate,BTC,2025-08-01,3,0.032485
Gate,BTC,2025-08-02,3,0.04161
Gate,BTC,2025-08-03,3,-0.009855000000000001
Gate,BTC,2025-08-04,3,0.06935
Gate,BTC,2025-08-05,3,0.08979
Gate,BTC,2025-08-06,3,0.04088
Gate,BTC,2025-08-07,3,0.047814999999999996
Gate,BTC,2025-08-08,3,0.046720000000000005
Gate,BTC,2025-08-09,3,0.10366000000000002
Gate,BTC,2025-08-10,3,0.1095
Gate,BTC,2025-08-11,3,0.09782
Gate,BTC,2025-08-12,3,0.10658000000000001
Gate,BTC,2025-08-13,3,0.09818500000000001
Gate,BTC,2025-08-14,3,0.1095
Gate,BTC,2025-08-15,3,0.10001
Gate,BTC,2025-08-16,3,0.079935
Gate,BTC,2025-08-17,3,0.052559999999999996
Gate,BTC,2025-08-18,3,0.060225
Gate,BTC,2025-08-19,3,0.013140000000000004
Gate,BTC,2025-08-20,3,0.05694
Gate,BTC,2025-08-21,3,0.105485
Gate,BTC,2025-08-22,3,0.106215
Gate,BTC,2025-08-23,3,0.10293000000000001
Gate,BTC,2025-08-24,3,0.1095
Gate,BTC,2025-08-25,3,0.08395000000000001
Gate,BTC,2025-08-26,3,0.04964
Gate,BTC,2025-08-27,3,0.05475
Gate,BTC,2025-08-28,3,0.055115
Gate,BTC,2025-08-29,3,0.080665
Gate,BTC,2025-08-30,3,0.061320000000000006
Gate,BTC,2025-08-31,3,0.068255
Gate,BTC,2025-09-01,3,0.07081
Gate,BTC,2025-09-02,3,0.027009999999999996
Gate,BTC,2025-09-03,3,0.039055
Gate,BTC,2025-09-04,3,0.070445
Gate,BTC,2025-09-05,3,0.078475
Gate,BTC,2025-09-06,3,0.05840000000000001
Gate,BTC,2025-09-07,3,0.077015
Gate,BTC,2025-09-08,3,0.049275000000000006
Gate,BTC,2025-09-09,3,0.08212499999999999
Gate,BTC,2025-09-10,3,0.07884000000000001
Gate,BTC,2025-09-11,3,-0.004014999999999998
Gate,BTC,2025-09-12,3,0.03139
Gate,BTC,2025-09-13,3,0.01314
Gate,BTC,2025-09-14,3,0.05657500000000001
Gate,BTC,2025-09-15,3,0.09380499999999999
Gate,BTC,2025-09-16,3,0.08869500000000001
Gate,BTC,2025-09-17,3,0.038325
Gate,BTC,2025-09-18,3,0.05840000000000001
Gate,BTC,2025-09-19,3,0.081395
Gate,BTC,2025-09-20,3,0.09416999999999999
Gate,BTC,2025-09-21,3,0.05913000000000001
Gate,BTC,2025-09-22,3,0.072635
Gate,BTC,2025-09-23,3,0.037230000000000006
Gate,BTC,2025-09-24,3,0.073365
Gate,BTC,2025-09-25,3,0.082855
Gate,BTC,2025-09-26,3,0.030295000000000002
Gate,BTC,2025-09-27,3,0.05694
Gate,BTC,2025-09-28,3,0.073
Gate,BTC,2025-09-29,3,0.008759999999999999
Gate,BTC,2025-09-30,3,0.07665
Gate,BTC,2025-10-01,3,0.0029200000000000003
Gate,BTC,2025-10-02,3,0.07446000000000001
Gate,BTC,2025-10-03,3,0.046720000000000005
Gate,BTC,2025-10-04,3,0.046355
Gate,BTC,2025-10-05,3,0.1095
Gate,BTC,2025-10-06,3,0.08139500000000001
Gate,BTC,2025-10-07,3,0.09197999999999999
Gate,BTC,2025-10-08,3,0.08176
Gate,BTC,2025-10-09,3,0.05037
Gate,BTC,2025-10-10,3,0.035405
Gate,BTC,2025-10-11,3,0.054384999999999996
Gate,BTC,2025-10-12,3,0.05548
Gate,BTC,2025-10-13,3,0.04526
Gate,BTC,2025-10-14,3,-0.0003649999999999996
Gate,BTC,2025-10-15,3,0.059495
Gate,BTC,2025-10-16,3,0.021535
Gate,BTC,2025-10-17,3,0.033944999999999996
Gate,BTC,2025-10-18,3,0.035039999999999995
Gate,BTC,2025-10-19,3,0.03358
Gate,BTC,2025-10-20,3,0.029564999999999998
Gate,BTC,2025-10-21,3,0.046720000000000005
Gate,BTC,2025-10-22,3,0.05548
Gate,BTC,2025-10-23,3,0.050370000000000005
Gate,BTC,2025-10-24,3,0.010950000000000001
Gate,BTC,2025-10-25,3,0.01752
Gate,BTC,2025-10-26,3,-0.005840000000000001
Gate,BTC,2025-10-27,3,0.019710000000000002
Gate,BTC,2025-10-28,3,0.038325000000000005
Gate,BTC,2025-10-29,3,0.052559999999999996
Gate,BTC,2025-10-30,3,0.01898
Gate,BTC,2025-10-31,3,0.03285
Gate,BTC,2025-11-01,3,0.0292
Gate,BTC,2025-11-02,3,0.06679500000000001
Gate,BTC,2025-11-03,3,0.0949
Gate,BTC,2025-11-04,3,0.059860000000000003
Gate,BTC,2025-11-05,3,-0.011679999999999998
Gate,BTC,2025-11-06,3,0.03212
Gate,BTC,2025-11-07,3,0.037594999999999996
Gate,BTC,2025-11-08,3,0.035039999999999995
Gate,BTC,2025-11-09,3,0.024455000000000005
Gate,BTC,2025-11-10,3,0.05475
Gate,BTC,2025-11-11,3,0.047084999999999995
Gate,BTC,2025-11-12,3,0.022629999999999997
Gate,BTC,2025-11-13,3,0.009854999999999997
Gate,BTC,2025-11-14,3,0.06059
Gate,BTC,2025-11-15,3,0.028105
Gate,BTC,2025-11-16,3,0.017885
Gate,BTC,2025-11-17,3,0.06424
Gate,BTC,2025-11-18,3,0.077745
Gate,BTC,2025-11-19,3,0.0511
Gate,BTC,2025-11-20,3,0.07920500000000001
Gate,BTC,2025-11-21,3,0.019710000000000002
Gate,BTC,2025-11-22,3,0.009125000000000003
Gate,BTC,2025-11-23,3,-0.023725
Gate,BTC,2025-11-24,3,0.0146
Gate,BTC,2025-11-25,3,-0.010584999999999997
Gate,BTC,2025-11-26,3,0.015694999999999997
Gate,BTC,2025-11-27,3,-0.011314999999999999
Gate,BTC,2025-11-28,3,0.0014600000000000001
Gate,BTC,2025-11-29,3,0.0073
Gate,BTC,2025-11-30,3,0.015694999999999997
Gate,BTC,2025-12-01,3,0.031755
Gate,BTC,2025-12-02,3,0.000365000000000001
Gate,BTC,2025-12-03,3,-0.027375
Gate,BTC,2025-12-04,3,-0.005840000000000001
Gate,BTC,2025-12-05,3,0.035039999999999995
Gate,BTC,2025-12-06,3,0.035405
Gate,BTC,2025-12-07,3,-0.017885
Gate,BTC,2025-12-08,3,0.03139
Gate,BTC,2025-12-09,3,0.022995
Gate,BTC,2025-12-10,3,0.05401999999999999
Gate,BTC,2025-12-11,3,0.019710000000000002
Gate,BTC,2025-12-12,3,0.0292
Gate,BTC,2025-12-13,3,0.02847
Gate,BTC,2025-12-14,3,0.0657
Gate,BTC,2025-12-15,3,-0.024455000000000005
Gate,BTC,2025-12-16,3,0.050004999999999994
Gate,BTC,2025-12-17,3,0.014235
Gate,BTC,2025-12-18,3,0.08139500000000001
Gate,BTC,2025-12-19,3,0.04453000000000001
Gate,BTC,2025-12-20,3,0.019710000000000002
Gate,BTC,2025-12-21,3,0.071905
Gate,BTC,2025-12-22,3,0.042705
Gate,BTC,2025-12-23,3,0.057304999999999995
Gate,BTC,2025-12-24,3,0.050005
Gate,BTC,2025-12-25,3,0.02263
Gate,BTC,2025-12-26,3,0.03796
Gate,BTC,2025-12-27,3,-0.042339999999999996
Gate,BTC,2025-12-28,3,-0.01314
Gate,BTC,2025-12-29,3,0.002920000000000001
Gate,BTC,2025-12-30,3,0.063145
Gate,BTC,2025-12-31,3,0.091615
Gate,BTC,2026-01-01,3,0.07665
Gate,BTC,2026-01-02,3,0.058035
Gate,BTC,2026-01-03,3,-0.046355
Gate,BTC,2026-01-04,3,-0.050005
Gate,BTC,2026-01-05,3,0.072635
Gate,BTC,2026-01-06,3,0.022265000000000004
Gate,BTC,2026-01-07,3,0.048545
Gate,BTC,2026-01-08,3,0.09052
Gate,BTC,2026-01-09,3,0.03139
Gate,BTC,2026-01-10,3,0.07263499999999999
Gate,BTC,2026-01-11,3,0.005839999999999998
Gate,BTC,2026-01-12,3,0.053655
Gate,BTC,2026-01-13,3,0.068255
Gate,BTC,2026-01-14,3,0.004744999999999998
Gate,BTC,2026-01-15,3,0.014600000000000002
Gate,BTC,2026-01-16,3,0.05548
Gate,BTC,2026-01-17,3,0.009855000000000001
Gate,BTC,2026-01-18,3,0.03723
Gate,BTC,2026-01-19,3,0.019345
Gate,BTC,2026-01-20,3,0.06935000000000001
Gate,BTC,2026-01-21,3,0.03212
Gate,BTC,2026-01-22,3,0.010220000000000002
Gate,BTC,2026-01-23,3,-0.013870000000000002
Gate,BTC,2026-01-24,3,-0.0025549999999999995
Gate,BTC,2026-01-25,3,0.01314
Gate,BTC,2026-01-26,3,0.011315
Gate,BTC,2026-01-27,3,0.04452999999999999
Gate,BTC,2026-01-28,3,-0.013140000000000004
Gate,BTC,2026-01-29,3,0.021170000000000005
Gate,BTC,2026-01-30,3,-0.04744999999999999
Gate,BTC,2026-01-31,3,0.061685
Gate,BTC,2026-02-01,3,-0.03577
Gate,BTC,2026-02-02,3,-0.06862
Gate,BTC,2026-02-03,3,-0.021900000000000003
Gate,BTC,2026-02-04,3,0.04891
Gate,BTC,2026-02-05,3,-0.011315
Gate,BTC,2026-02-06,3,-0.0511
Gate,BTC,2026-02-07,3,-0.04015
Gate,BTC,2026-02-08,3,-0.012045
Gate,BTC,2026-02-09,3,0.005110000000000001
Gate,BTC,2026-02-10,3,-0.00803
Gate,BTC,2026-02-11,3,-0.008759999999999999
Gate,BTC,2026-02-12,3,0.02482
Gate,BTC,2026-02-13,3,0.026279999999999998
Gate,BTC,2026-02-14,3,0.024455000000000005
Gate,BTC,2026-02-15,3,0.018614999999999996
Gate,BTC,2026-02-16,3,0.04745
Gate,BTC,2026-02-17,3,0.039420000000000004
Gate,BTC,2026-02-18,3,0.02409
Gate,BTC,2026-02-19,3,0.0029200000000000003
Gate,BTC,2026-02-20,3,0.05401999999999999
Gate,BTC,2026-02-21,3,0.03869
Gate,BTC,2026-02-22,3,0.036135
Gate,BTC,2026-02-23,3,-0.0032849999999999976
Gate,BTC,2026-02-24,3,0.025915000000000004
Gate,BTC,2026-02-25,3,-0.002920000000000001
Gate,BTC,2026-02-26,3,0.028105
Gate,BTC,2026-02-27,3,0.0025549999999999995
Gate,BTC,2026-02-28,3,-0.044165
Gate,BTC,2026-03-01,3,0.033215
Gate,BTC,2026-03-02,3,0.017155
Gate,BTC,2026-03-03,3,0.004745
Gate,BTC,2026-03-04,3,0.022265000000000004
Gate,BTC,2026-03-05,3,-0.0025550000000000004
Gate,BTC,2026-03-06,3,0.01314
Gate,BTC,2026-03-07,3,-0.015329999999999998
Gate,BTC,2026-03-08,3,-0.03796
Gate,BTC,2026-03-09,3,-0.02482
Gate,BTC,2026-03-10,3,-0.0007299999999999968
Gate,BTC,2026-03-11,3,0.008395000000000001
Gate,BTC,2026-03-12,3,-0.02628
Gate,BTC,2026-03-13,3,0.008029999999999999
Gate,BTC,2026-03-14,3,-0.01314
Gate,BTC,2026-03-15,3,-0.035405
Gate,BTC,2026-03-16,3,0.006935000000000001
Gate,BTC,2026-03-17,3,0.03285
Gate,BTC,2026-03-18,3,-0.044895
Gate,BTC,2026-03-19,3,-0.047814999999999996
Gate,BTC,2026-03-20,3,-0.02263
Gate,BTC,2026-03-21,3,0.019710000000000002
Gate,BTC,2026-03-22,3,-0.02409
Gate,BTC,2026-03-23,3,-0.009855
Gate,BTC,2026-03-24,3,0.04891
Gate,BTC,2026-03-25,3,0.04161
Gate,BTC,2026-03-26,3,0.043434999999999994
Gate,BTC,2026-03-27,3,-0.005475000000000001
Gate,BTC,2026-03-28,3,-0.04745
Gate,BTC,2026-03-29,3,-0.007300000000000001
Gate,BTC,2026-03-30,3,0.004015000000000002
Gate,BTC,2026-03-31,3,0.034675
Gate,BTC,2026-04-01,3,0.005839999999999999
Gate,BTC,2026-04-02,3,-0.012775
Gate,BTC,2026-04-03,3,0.034675
Gate,BTC,2026-04-04,3,0.05219499999999999
Gate,BTC,2026-04-05,3,0.01095
Gate,BTC,2026-04-06,3,0.039420000000000004
Gate,BTC,2026-04-07,3,0.016425
Gate,BTC,2026-04-08,3,0.053290000000000004
Gate,BTC,2026-04-09,3,0.00511
Gate,BTC,2026-04-10,3,-0.0065699999999999995
Gate,BTC,2026-04-11,3,-0.028105
Gate,BTC,2026-04-12,3,-0.011314999999999999
Gate,BTC,2026-04-13,3,-0.032850000000000004
Gate,BTC,2026-04-14,3,-0.03431
Gate,BTC,2026-04-15,3,-0.09709000000000001
Gate,BTC,2026-04-16,3,-0.094535
Gate,BTC,2026-04-17,3,-0.10329500000000001
Gate,BTC,2026-04-18,3,-0.05767
Gate,BTC,2026-04-19,3,-0.01971
Gate,BTC,2026-04-20,3,-0.031755
Gate,BTC,2026-04-21,3,-0.08395000000000001
Gate,BTC,2026-04-22,3,-0.095995
Gate,BTC,2026-04-23,3,-0.021535
Gate,BTC,2026-04-24,3,-0.05657500000000001
Gate,BTC,2026-04-25,3,-0.01606
Gate,BTC,2026-04-26,3,-0.04307
Gate,BTC,2026-04-27,3,-0.01679
Gate,BTC,2026-04-28,3,-0.0032849999999999997
Gate,BTC,2026-04-29,3,-0.06716
Gate,BTC,2026-04-30,3,-0.007664999999999998
Gate,BTC,2026-05-01,3,-0.11242
Gate,BTC,2026-05-02,3,-0.05621
Gate,BTC,2026-05-03,3,-0.046355
Gate,BTC,2026-05-04,3,-0.047815
Gate,BTC,2026-05-05,3,-0.119355
Gate,BTC,2026-05-06,3,-0.082855
Gate,BTC,2026-05-07,3,0.04088
Gate,BTC,2026-05-08,3,0.020075
Gate,BTC,2026-05-09,3,0.006205
Gate,BTC,2026-05-10,3,-0.046355
Gate,BTC,2026-05-11,3,-0.0146
Gate,BTC,2026-05-12,3,-0.0032849999999999997
Gate,BTC,2026-05-13,3,0.010584999999999995
Gate,BTC,2026-05-14,3,0.033944999999999996
Gate,BTC,2026-05-15,3,0.062415
Gate,BTC,2026-05-16,3,0.04891000000000001
Gate,BTC,2026-05-17,3,0.026645
Gate,ETH,2021-02-04,1,1.0041149999999999
Gate,ETH,2021-02-05,3,0.9563000000000001
Gate,ETH,2021-02-06,3,0.80957
Gate,ETH,2021-02-07,3,1.148655
Gate,ETH,2021-02-08,3,0.796795
Gate,ETH,2021-02-09,3,1.7914199999999998
Gate,ETH,2021-02-10,3,1.444305
Gate,ETH,2021-02-11,3,1.3388200000000001
Gate,ETH,2021-02-12,3,0.7946049999999999
Gate,ETH,2021-02-13,3,1.450875
Gate,ETH,2021-02-14,3,1.272755
Gate,ETH,2021-02-15,3,1.8235400000000002
Gate,ETH,2021-02-16,3,0.9157850000000001
Gate,ETH,2021-02-17,3,2.11627
Gate,ETH,2021-02-18,3,1.382255
Gate,ETH,2021-02-19,3,0.6588249999999999
Gate,ETH,2021-02-20,3,1.385175
Gate,ETH,2021-02-21,3,1.80164
Gate,ETH,2021-02-22,3,1.8994600000000001
Gate,ETH,2021-02-23,3,1.60965
Gate,ETH,2021-02-24,3,0.23287
Gate,ETH,2021-02-25,3,0.79424
Gate,ETH,2021-02-26,3,0.8106649999999999
Gate,ETH,2021-02-27,3,0.67306
Gate,ETH,2021-02-28,3,0.62342
Gate,ETH,2021-03-01,3,0.293095
Gate,ETH,2021-03-02,3,0.26681499999999997
Gate,ETH,2021-03-03,3,0.247835
Gate,ETH,2021-03-04,3,0.59422
Gate,ETH,2021-03-05,3,0.7026249999999999
Gate,ETH,2021-03-06,3,0.18833999999999998
Gate,ETH,2021-03-07,3,0.24017
Gate,ETH,2021-03-08,3,0.160965
Gate,ETH,2021-03-09,3,0.234695
Gate,ETH,2021-03-10,3,0.6569999999999999
Gate,ETH,2021-03-11,3,0.7854800000000001
Gate,ETH,2021-03-12,3,0.662475
Gate,ETH,2021-03-13,3,0.68839
Gate,ETH,2021-03-14,3,0.22228499999999998
Gate,ETH,2021-03-15,3,0.357335
Gate,ETH,2021-03-16,3,0.17410499999999998
Gate,ETH,2021-03-17,3,0.22922
Gate,ETH,2021-03-18,3,0.22484
Gate,ETH,2021-03-19,3,0.245645
Gate,ETH,2021-03-20,3,0.10731
Gate,ETH,2021-03-21,3,0.18323
Gate,ETH,2021-03-22,3,0.198925
Gate,ETH,2021-03-23,3,0.41463999999999995
Gate,ETH,2021-03-24,3,0.266085
Gate,ETH,2021-03-25,3,0.26718000000000003
Gate,ETH,2021-03-26,3,0.34273499999999996
Gate,ETH,2021-03-27,3,0.1095
Gate,ETH,2021-03-28,3,0.12848
Gate,ETH,2021-03-29,3,0.170455
Gate,ETH,2021-03-30,3,0.1095
Gate,ETH,2021-03-31,3,0.15695
Gate,ETH,2021-04-01,3,0.22338
Gate,ETH,2021-04-02,3,0.26061
Gate,ETH,2021-04-03,3,0.339815
Gate,ETH,2021-04-04,3,0.178485
Gate,ETH,2021-04-05,3,-0.18542000000000003
Gate,ETH,2021-04-06,3,-0.31682
Gate,ETH,2021-04-07,3,0.1095
Gate,ETH,2021-04-08,3,0.12592499999999998
Gate,ETH,2021-04-09,3,-0.28031999999999996
Gate,ETH,2021-04-10,3,-0.019709999999999995
Gate,ETH,2021-04-11,3,0.21973
Gate,ETH,2021-04-12,3,0.14965
Gate,ETH,2021-04-13,3,0.19600499999999998
Gate,ETH,2021-04-14,3,-0.07044500000000002
Gate,ETH,2021-04-15,3,0.1095
Gate,ETH,2021-04-16,3,0.4938449999999999
Gate,ETH,2021-04-17,3,0.1095
Gate,ETH,2021-04-18,3,0.1095
Gate,ETH,2021-04-19,3,0.388725
Gate,ETH,2021-04-20,3,0.16717
Gate,ETH,2021-04-21,3,0.1095
Gate,ETH,2021-04-22,3,0.1095
Gate,ETH,2021-04-23,3,0.31901
Gate,ETH,2021-04-24,3,0.21790500000000002
Gate,ETH,2021-04-25,3,0.1095
Gate,ETH,2021-04-26,3,0.1095
Gate,ETH,2021-04-27,3,0.1095
Gate,ETH,2021-04-28,3,0.1095
Gate,ETH,2021-04-29,3,0.1095
Gate,ETH,2021-04-30,3,0.0018250000000000026
Gate,ETH,2021-05-01,3,0.1095
Gate,ETH,2021-05-02,3,0.017884999999999995
Gate,ETH,2021-05-03,3,-0.415005
Gate,ETH,2021-05-04,3,0.20841500000000002
Gate,ETH,2021-05-05,3,0.46501
Gate,ETH,2021-05-06,3,0.32996
Gate,ETH,2021-05-07,3,0.42705
Gate,ETH,2021-05-08,3,0.38909
Gate,ETH,2021-05-09,3,0.13286
Gate,ETH,2021-05-10,3,0.415005
Gate,ETH,2021-05-11,3,0.670505
Gate,ETH,2021-05-12,3,0.29127
Gate,ETH,2021-05-13,3,0.600425
Gate,ETH,2021-05-14,3,0.48107000000000005
Gate,ETH,2021-05-15,3,0.444205
Gate,ETH,2021-05-16,3,0.59349
Gate,ETH,2021-05-17,3,0.85045
Gate,ETH,2021-05-18,3,0.45771
Gate,ETH,2021-05-19,3,0.9055649999999998
Gate,ETH,2021-05-20,3,0.1095
Gate,ETH,2021-05-21,3,0.010949999999999993
Gate,ETH,2021-05-22,3,0.1095
Gate,ETH,2021-05-23,3,0.092345
Gate,ETH,2021-05-24,3,-0.146
Gate,ETH,2021-05-25,3,0.1095
Gate,ETH,2021-05-26,3,0.1095
Gate,ETH,2021-05-27,3,0.1095
Gate,ETH,2021-05-28,3,0.1095
Gate,ETH,2021-05-29,3,0.1095
Gate,ETH,2021-05-30,3,0.1095
Gate,ETH,2021-05-31,3,0.1095
Gate,ETH,2021-06-01,3,0.1095
Gate,ETH,2021-06-02,3,0.1095
Gate,ETH,2021-06-03,3,0.1095
Gate,ETH,2021-06-04,3,0.1095
Gate,ETH,2021-06-05,3,0.10365999999999999
Gate,ETH,2021-06-06,3,0.1095
Gate,ETH,2021-06-07,3,0.08833
Gate,ETH,2021-06-08,3,0.04452999999999999
Gate,ETH,2021-06-09,3,0.1095
Gate,ETH,2021-06-10,3,0.052195
Gate,ETH,2021-06-11,3,0.1095
Gate,ETH,2021-06-12,3,0.1095
Gate,ETH,2021-06-13,3,0.1095
Gate,ETH,2021-06-14,3,0.1095
Gate,ETH,2021-06-15,3,0.031755
Gate,ETH,2021-06-16,3,0.1095
Gate,ETH,2021-06-17,3,0.10804000000000001
Gate,ETH,2021-06-18,3,0.09928
Gate,ETH,2021-06-19,3,0.050735
Gate,ETH,2021-06-20,3,0.08979
Gate,ETH,2021-06-21,3,0.053655
Gate,ETH,2021-06-22,3,0.059495
Gate,ETH,2021-06-23,3,-0.08468000000000002
Gate,ETH,2021-06-24,3,0.046355
Gate,ETH,2021-06-25,3,0.1095
Gate,ETH,2021-06-26,3,0.03212
Gate,ETH,2021-06-27,3,-0.2117
Gate,ETH,2021-06-28,3,0.04452999999999999
Gate,ETH,2021-06-29,3,-0.07081
Gate,ETH,2021-06-30,3,-0.09636
Gate,ETH,2021-07-01,3,0.1095
Gate,ETH,2021-07-02,3,-0.009490000000000002
Gate,ETH,2021-07-03,3,-0.0511
Gate,ETH,2021-07-04,3,-0.21827
Gate,ETH,2021-07-05,3,-0.08687
Gate,ETH,2021-07-06,3,-0.247105
Gate,ETH,2021-07-07,3,-0.11972
Gate,ETH,2021-07-08,3,0.025914999999999997
Gate,ETH,2021-07-09,3,0.062049999999999994
Gate,ETH,2021-07-10,3,0.1095
Gate,ETH,2021-07-11,3,0.1095
Gate,ETH,2021-07-12,3,0.1095
Gate,ETH,2021-07-13,3,0.10658000000000001
Gate,ETH,2021-07-14,3,0.1095
Gate,ETH,2021-07-15,3,0.06059
Gate,ETH,2021-07-16,3,0.1095
Gate,ETH,2021-07-17,3,0.1095
Gate,ETH,2021-07-18,3,0.1095
Gate,ETH,2021-07-19,3,0.091615
Gate,ETH,2021-07-20,3,0.076285
Gate,ETH,2021-07-21,3,0.014965000000000006
Gate,ETH,2021-07-22,3,0.044165
Gate,ETH,2021-07-23,3,0.07811
Gate,ETH,2021-07-24,3,0.043435
Gate,ETH,2021-07-25,3,-0.13906500000000002
Gate,ETH,2021-07-26,3,0.07007999999999999
Gate,ETH,2021-07-27,3,0.1095
Gate,ETH,2021-07-28,3,0.04307
Gate,ETH,2021-07-29,3,0.07373
Gate,ETH,2021-07-30,3,0.031025
Gate,ETH,2021-07-31,3,0.082125
Gate,ETH,2021-08-01,3,-0.081395
Gate,ETH,2021-08-02,3,0.1095
Gate,ETH,2021-08-03,3,0.09672499999999999
Gate,ETH,2021-08-04,3,0.03212
Gate,ETH,2021-08-05,3,0.090885
Gate,ETH,2021-08-06,3,0.07592
Gate,ETH,2021-08-07,3,0.08431499999999999
Gate,ETH,2021-08-08,3,0.1095
Gate,ETH,2021-08-09,3,0.1095
Gate,ETH,2021-08-10,3,0.1095
Gate,ETH,2021-08-11,3,0.1095
Gate,ETH,2021-08-12,3,0.1095
Gate,ETH,2021-08-13,3,0.43361999999999995
Gate,ETH,2021-08-14,3,0.017884999999999995
Gate,ETH,2021-08-15,3,0.1095
Gate,ETH,2021-08-16,3,0.1095
Gate,ETH,2021-08-17,3,0.1095
Gate,ETH,2021-08-18,3,0.1095
Gate,ETH,2021-08-19,3,0.1095
Gate,ETH,2021-08-20,3,0.1095
Gate,ETH,2021-08-21,3,0.1095
Gate,ETH,2021-08-22,3,0.1095
Gate,ETH,2021-08-23,3,0.1095
Gate,ETH,2021-08-24,3,0.1095
Gate,ETH,2021-08-25,3,0.43507999999999997
Gate,ETH,2021-08-26,3,0.1095
Gate,ETH,2021-08-27,3,0.198925
Gate,ETH,2021-08-28,3,0.1095
Gate,ETH,2021-08-29,3,0.1095
Gate,ETH,2021-08-30,3,0.1095
Gate,ETH,2021-08-31,3,-0.32302499999999995
Gate,ETH,2021-09-01,3,-1.4096300000000002
Gate,ETH,2021-09-02,3,-0.013869999999999988
Gate,ETH,2021-09-03,3,0.1095
Gate,ETH,2021-09-04,3,0.31098
Gate,ETH,2021-09-05,3,0.38909
Gate,ETH,2021-09-06,3,0.342735
Gate,ETH,2021-09-07,3,0.43216000000000004
Gate,ETH,2021-09-08,3,0.1095
Gate,ETH,2021-09-09,3,0.1095
Gate,ETH,2021-09-10,3,0.1095
Gate,ETH,2021-09-11,3,0.1095
Gate,ETH,2021-09-12,3,0.1095
Gate,ETH,2021-09-13,3,0.1095
Gate,ETH,2021-09-14,3,0.1095
Gate,ETH,2021-09-15,3,0.1095
Gate,ETH,2021-09-16,3,0.1095
Gate,ETH,2021-09-17,3,0.1095
Gate,ETH,2021-09-18,3,0.1095
Gate,ETH,2021-09-19,3,0.1095
Gate,ETH,2021-09-20,3,0.1095
Gate,ETH,2021-09-21,3,0.1095
Gate,ETH,2021-09-22,3,0.1095
Gate,ETH,2021-09-23,3,0.1095
Gate,ETH,2021-09-24,3,0.07665000000000001
Gate,ETH,2021-09-25,3,-0.016425
Gate,ETH,2021-09-26,3,0.044895
Gate,ETH,2021-09-27,3,-0.18542
Gate,ETH,2021-09-28,3,0.08249
Gate,ETH,2021-09-29,3,0.013140000000000004
Gate,ETH,2021-09-30,3,0.047084999999999995
Gate,ETH,2021-10-01,3,0.016425
Gate,ETH,2021-10-02,3,0.05657500000000001
Gate,ETH,2021-10-03,3,-0.10146999999999999
Gate,ETH,2021-10-04,3,0.1095
Gate,ETH,2021-10-05,3,0.1095
Gate,ETH,2021-10-06,3,0.1095
Gate,ETH,2021-10-07,3,0.1095
Gate,ETH,2021-10-08,3,0.1095
Gate,ETH,2021-10-09,3,0.1095
Gate,ETH,2021-10-10,3,0.1095
Gate,ETH,2021-10-11,3,0.1095
Gate,ETH,2021-10-12,3,0.1095
Gate,ETH,2021-10-13,3,0.1095
Gate,ETH,2021-10-14,3,0.027739999999999997
Gate,ETH,2021-10-15,3,0.09672499999999999
Gate,ETH,2021-10-16,3,0.1095
Gate,ETH,2021-10-17,3,0.290905
Gate,ETH,2021-10-18,3,0.31098
Gate,ETH,2021-10-19,3,0.20257499999999998
Gate,ETH,2021-10-20,3,0.12483
Gate,ETH,2021-10-21,3,0.15986999999999998
Gate,ETH,2021-10-22,3,0.40989500000000006
Gate,ETH,2021-10-23,3,0.14673
Gate,ETH,2021-10-24,3,0.23725
Gate,ETH,2021-10-25,3,0.26864000000000005
Gate,ETH,2021-10-26,3,0.1533
Gate,ETH,2021-10-27,3,0.14819000000000002
Gate,ETH,2021-10-28,3,0.14673
Gate,ETH,2021-10-29,3,0.1095
Gate,ETH,2021-10-30,3,0.033580000000000006
Gate,ETH,2021-10-31,3,0.1095
Gate,ETH,2021-11-01,3,0.13103499999999998
Gate,ETH,2021-11-02,3,0.0803
Gate,ETH,2021-11-03,3,-0.49129
Gate,ETH,2021-11-04,3,0.18359499999999998
Gate,ETH,2021-11-05,3,0.15768000000000001
Gate,ETH,2021-11-06,3,0.4307
Gate,ETH,2021-11-07,3,0.1095
Gate,ETH,2021-11-08,3,0.08723500000000001
Gate,ETH,2021-11-09,3,-0.03942
Gate,ETH,2021-11-10,3,0.1095
Gate,ETH,2021-11-11,3,0.166075
Gate,ETH,2021-11-12,3,0.1095
Gate,ETH,2021-11-13,3,0.1095
Gate,ETH,2021-11-14,3,0.1095
Gate,ETH,2021-11-15,3,0.42194
Gate,ETH,2021-11-16,3,0.38726499999999997
Gate,ETH,2021-11-17,3,0.20330499999999999
Gate,ETH,2021-11-18,3,0.1095
Gate,ETH,2021-11-19,3,0.1095
Gate,ETH,2021-11-20,3,0.1095
Gate,ETH,2021-11-21,3,0.1095
Gate,ETH,2021-11-22,3,0.1095
Gate,ETH,2021-11-23,3,0.1095
Gate,ETH,2021-11-24,3,0.1095
Gate,ETH,2021-11-25,3,0.1095
Gate,ETH,2021-11-26,3,0.12702
Gate,ETH,2021-11-27,3,0.1095
Gate,ETH,2021-11-28,3,0.1095
Gate,ETH,2021-11-29,3,0.1095
Gate,ETH,2021-11-30,3,0.1095
Gate,ETH,2021-12-01,3,0.057304999999999995
Gate,ETH,2021-12-02,3,0.1095
Gate,ETH,2021-12-03,3,0.14526999999999998
Gate,ETH,2021-12-04,3,0.24017
Gate,ETH,2021-12-05,3,0.1095
Gate,ETH,2021-12-06,3,0.1095
Gate,ETH,2021-12-07,3,0.04745
Gate,ETH,2021-12-08,3,0.1095
Gate,ETH,2021-12-09,3,0.06862
Gate,ETH,2021-12-10,3,0.1095
Gate,ETH,2021-12-11,3,0.1095
Gate,ETH,2021-12-12,3,0.1095
Gate,ETH,2021-12-13,3,0.1095
Gate,ETH,2021-12-14,3,0.1095
Gate,ETH,2021-12-15,3,0.1095
Gate,ETH,2021-12-16,3,0.1095
Gate,ETH,2021-12-17,3,0.069715
Gate,ETH,2021-12-18,3,0.1095
Gate,ETH,2021-12-19,3,0.07446
Gate,ETH,2021-12-20,3,0.09928
Gate,ETH,2021-12-21,3,0.1095
Gate,ETH,2021-12-22,3,0.1095
Gate,ETH,2021-12-23,3,0.1095
Gate,ETH,2021-12-24,3,0.08249
Gate,ETH,2021-12-25,3,0.1095
Gate,ETH,2021-12-26,3,0.1095
Gate,ETH,2021-12-27,3,0.07518999999999999
Gate,ETH,2021-12-28,3,0.1095
Gate,ETH,2021-12-29,3,0.1095
Gate,ETH,2021-12-30,3,0.1095
Gate,ETH,2021-12-31,3,0.1095
Gate,ETH,2022-01-01,3,0.1095
Gate,ETH,2022-01-02,3,0.1095
Gate,ETH,2022-01-03,3,0.1095
Gate,ETH,2022-01-04,3,0.1095
Gate,ETH,2022-01-05,3,0.1095
Gate,ETH,2022-01-06,3,0.1095
Gate,ETH,2022-01-07,3,0.1095
Gate,ETH,2022-01-08,3,0.1095
Gate,ETH,2022-01-09,3,0.1095
Gate,ETH,2022-01-10,3,0.07518999999999999
Gate,ETH,2022-01-11,3,0.1095
Gate,ETH,2022-01-12,3,0.02409
Gate,ETH,2022-01-13,3,-0.004744999999999999
Gate,ETH,2022-01-14,3,0.09198
Gate,ETH,2022-01-15,3,0.1095
Gate,ETH,2022-01-16,3,0.091615
Gate,ETH,2022-01-17,3,0.097455
Gate,ETH,2022-01-18,3,0.1095
Gate,ETH,2022-01-19,3,0.1095
Gate,ETH,2022-01-20,3,0.1095
Gate,ETH,2022-01-21,3,0.1095
Gate,ETH,2022-01-22,3,0.1095
Gate,ETH,2022-01-23,3,0.07081
Gate,ETH,2022-01-24,3,0.060225
Gate,ETH,2022-01-25,3,0.076285
Gate,ETH,2022-01-26,3,-0.13030499999999998
Gate,ETH,2022-01-27,3,0.011314999999999999
Gate,ETH,2022-01-28,3,0.046720000000000005
Gate,ETH,2022-01-29,3,0.068985
Gate,ETH,2022-01-30,3,-0.06825500000000001
Gate,ETH,2022-01-31,3,0.06497
Gate,ETH,2022-02-01,3,-0.125925
Gate,ETH,2022-02-02,3,-0.053655
Gate,ETH,2022-02-03,3,-0.0803
Gate,ETH,2022-02-04,3,-0.04161000000000001
Gate,ETH,2022-02-05,3,-0.07957000000000002
Gate,ETH,2022-02-06,3,-0.07482499999999999
Gate,ETH,2022-02-07,3,-0.027740000000000004
Gate,ETH,2022-02-08,3,-0.00803
Gate,ETH,2022-02-09,3,0.025915000000000004
Gate,ETH,2022-02-10,3,-0.029929999999999995
Gate,ETH,2022-02-11,3,0.013870000000000002
Gate,ETH,2022-02-12,3,0.051465000000000004
Gate,ETH,2022-02-13,3,0.101105
Gate,ETH,2022-02-14,3,0.071905
Gate,ETH,2022-02-15,3,0.067525
Gate,ETH,2022-02-16,3,-0.03723000000000001
Gate,ETH,2022-02-17,3,0.08467999999999999
Gate,ETH,2022-02-18,3,0.06460500000000001
Gate,ETH,2022-02-19,3,0.10658000000000001
Gate,ETH,2022-02-20,3,0.06497
Gate,ETH,2022-02-21,3,0.04088
Gate,ETH,2022-02-22,3,0.1095
Gate,ETH,2022-02-23,3,-0.0007300000000000015
Gate,ETH,2022-02-24,3,0.03285
Gate,ETH,2022-02-25,3,0.09052
Gate,ETH,2022-02-26,3,0.1095
Gate,ETH,2022-02-27,3,0.053655
Gate,ETH,2022-02-28,3,0.03723
Gate,ETH,2022-03-01,3,0.1095
Gate,ETH,2022-03-02,3,0.1095
Gate,ETH,2022-03-03,3,0.1095
Gate,ETH,2022-03-04,3,0.1095
Gate,ETH,2022-03-05,3,0.07008
Gate,ETH,2022-03-06,3,0.028835
Gate,ETH,2022-03-07,3,0.1095
Gate,ETH,2022-03-08,3,0.1095
Gate,ETH,2022-03-09,3,0.10402499999999999
Gate,ETH,2022-03-10,3,0.1095
Gate,ETH,2022-03-11,3,0.03358
Gate,ETH,2022-03-12,3,0.08541
Gate,ETH,2022-03-13,3,0.086505
Gate,ETH,2022-03-14,3,0.063875
Gate,ETH,2022-03-15,3,0.1095
Gate,ETH,2022-03-16,3,0.1095
Gate,ETH,2022-03-17,3,0.046720000000000005
Gate,ETH,2022-03-18,3,0.068255
Gate,ETH,2022-03-19,3,-0.019345
Gate,ETH,2022-03-20,3,0.102565
Gate,ETH,2022-03-21,3,0.1095
Gate,ETH,2022-03-22,3,0.050735
Gate,ETH,2022-03-23,3,0.09562999999999999
Gate,ETH,2022-03-24,3,0.022265000000000004
Gate,ETH,2022-03-25,3,0.011314999999999997
Gate,ETH,2022-03-26,3,0.03796
Gate,ETH,2022-03-27,3,0.004744999999999999
Gate,ETH,2022-03-28,3,0.009490000000000004
Gate,ETH,2022-03-29,3,0.075555
Gate,ETH,2022-03-30,3,0.057304999999999995
Gate,ETH,2022-03-31,3,0.1095
Gate,ETH,2022-04-01,3,0.1095
Gate,ETH,2022-04-02,3,0.0584
Gate,ETH,2022-04-03,3,0.07446
Gate,ETH,2022-04-04,3,0.039785
Gate,ETH,2022-04-05,3,0.03212
Gate,ETH,2022-04-06,3,-0.05548
Gate,ETH,2022-04-07,3,0.021900000000000003
Gate,ETH,2022-04-08,3,-0.013139999999999999
Gate,ETH,2022-04-09,3,0.10804000000000001
Gate,ETH,2022-04-10,3,0.06643
Gate,ETH,2022-04-11,3,0.05621
Gate,ETH,2022-04-12,3,0.09234500000000001
Gate,ETH,2022-04-13,3,-0.17410499999999998
Gate,ETH,2022-04-14,3,0.017884999999999995
Gate,ETH,2022-04-15,3,0.05037
Gate,ETH,2022-04-16,3,0.015694999999999997
Gate,ETH,2022-04-17,3,0.06059
Gate,ETH,2022-04-18,3,-0.06643
Gate,ETH,2022-04-19,3,0.02263
Gate,ETH,2022-04-20,3,0.013869999999999993
Gate,ETH,2022-04-21,3,-0.08431500000000001
Gate,ETH,2022-04-22,3,0.03212
Gate,ETH,2022-04-23,3,0.04818
Gate,ETH,2022-04-24,3,0.0438
Gate,ETH,2022-04-25,3,0.066065
Gate,ETH,2022-04-26,3,0.039785
Gate,ETH,2022-04-27,3,-0.02993000000000001
Gate,ETH,2022-04-28,3,0.035405
Gate,ETH,2022-04-29,3,0.1095
Gate,ETH,2022-04-30,3,0.09271
Gate,ETH,2022-05-01,3,-0.07993499999999999
Gate,ETH,2022-05-02,3,-0.022629999999999997
Gate,ETH,2022-05-03,3,0.068255
Gate,ETH,2022-05-04,3,0.1095
Gate,ETH,2022-05-05,3,0.102565
Gate,ETH,2022-05-06,3,0.059495
Gate,ETH,2022-05-07,3,0.1095
Gate,ETH,2022-05-08,3,0.1095
Gate,ETH,2022-05-09,3,0.1095
Gate,ETH,2022-05-10,3,0.059129999999999995
Gate,ETH,2022-05-11,3,0.1095
Gate,ETH,2022-05-12,3,-0.328135
Gate,ETH,2022-05-13,3,-0.17447000000000001
Gate,ETH,2022-05-14,3,0.07154
Gate,ETH,2022-05-15,3,0.07154
Gate,ETH,2022-05-16,3,0.054384999999999996
Gate,ETH,2022-05-17,3,-0.04525999999999999
Gate,ETH,2022-05-18,3,0.03504
Gate,ETH,2022-05-19,3,-0.10000999999999999
Gate,ETH,2022-05-20,3,0.1095
Gate,ETH,2022-05-21,3,0.063875
Gate,ETH,2022-05-22,3,-0.036134999999999994
Gate,ETH,2022-05-23,3,0.1095
Gate,ETH,2022-05-24,3,0.031755
Gate,ETH,2022-05-25,3,0.06643
Gate,ETH,2022-05-26,3,0.1095
Gate,ETH,2022-05-27,3,0.036135
Gate,ETH,2022-05-28,3,0.109135
Gate,ETH,2022-05-29,3,0.07884000000000001
Gate,ETH,2022-05-30,3,0.041245
Gate,ETH,2022-05-31,3,0.10147
Gate,ETH,2022-06-01,3,0.1095
Gate,ETH,2022-06-02,3,0.07263499999999999
Gate,ETH,2022-06-03,3,0.10183500000000001
Gate,ETH,2022-06-04,3,0.081395
Gate,ETH,2022-06-05,3,0.059495
Gate,ETH,2022-06-06,3,0.06862
Gate,ETH,2022-06-07,3,0.06424
Gate,ETH,2022-06-08,3,0.1095
Gate,ETH,2022-06-09,3,0.085045
Gate,ETH,2022-06-10,3,0.1095
Gate,ETH,2022-06-11,3,0.01898
Gate,ETH,2022-06-12,3,-0.136145
Gate,ETH,2022-06-13,3,0.005839999999999998
Gate,ETH,2022-06-14,3,-0.12884500000000002
Gate,ETH,2022-06-15,3,-0.003285000000000001
Gate,ETH,2022-06-16,3,-0.09380500000000001
Gate,ETH,2022-06-17,3,-0.008395
Gate,ETH,2022-06-18,3,-0.11424499999999999
Gate,ETH,2022-06-19,3,-0.22119
Gate,ETH,2022-06-20,3,0.04452999999999999
Gate,ETH,2022-06-21,3,0.021169999999999998
Gate,ETH,2022-06-22,3,0.01314
Gate,ETH,2022-06-23,3,-0.0803
Gate,ETH,2022-06-24,3,-0.012045000000000005
Gate,ETH,2022-06-25,3,-0.027739999999999997
Gate,ETH,2022-06-26,3,0.041975000000000005
Gate,ETH,2022-06-27,3,-0.09416999999999999
Gate,ETH,2022-06-28,3,0.006204999999999998
Gate,ETH,2022-06-29,3,-0.009854999999999997
Gate,ETH,2022-06-30,3,0.0021899999999999997
Gate,ETH,2022-07-01,3,-0.14016
Gate,ETH,2022-07-02,3,0.052195
Gate,ETH,2022-07-03,3,0.0365
Gate,ETH,2022-07-04,3,-0.071905
Gate,ETH,2022-07-05,3,-0.0025550000000000013
Gate,ETH,2022-07-06,3,0.031755
Gate,ETH,2022-07-07,3,0.035405
Gate,ETH,2022-07-08,3,-0.034675000000000004
Gate,ETH,2022-07-09,3,0.042705
Gate,ETH,2022-07-10,3,0.055115
Gate,ETH,2022-07-11,3,0.052195
Gate,ETH,2022-07-12,3,0.015329999999999998
Gate,ETH,2022-07-13,3,-0.07774500000000001
Gate,ETH,2022-07-14,3,-0.0584
Gate,ETH,2022-07-15,3,0.012045
Gate,ETH,2022-07-16,3,0.027739999999999997
Gate,ETH,2022-07-17,3,0.039055
Gate,ETH,2022-07-18,3,-0.018250000000000002
Gate,ETH,2022-07-19,3,0.07446
Gate,ETH,2022-07-20,3,0.06788999999999999
Gate,ETH,2022-07-21,3,0.085045
Gate,ETH,2022-07-22,3,0.101105
Gate,ETH,2022-07-23,3,-0.02847
Gate,ETH,2022-07-24,3,0.097455
Gate,ETH,2022-07-25,3,0.1095
Gate,ETH,2022-07-26,3,0.04526
Gate,ETH,2022-07-27,3,0.05986
Gate,ETH,2022-07-28,3,0.07811
Gate,ETH,2022-07-29,3,0.1095
Gate,ETH,2022-07-30,3,0.1095
Gate,ETH,2022-07-31,3,0.093075
Gate,ETH,2022-08-01,3,0.04599
Gate,ETH,2022-08-02,3,0.08249000000000001
Gate,ETH,2022-08-03,3,-0.003285
Gate,ETH,2022-08-04,3,0.008029999999999994
Gate,ETH,2022-08-05,3,0.08614
Gate,ETH,2022-08-06,3,0.1095
Gate,ETH,2022-08-07,3,0.077745
Gate,ETH,2022-08-08,3,0.01971
Gate,ETH,2022-08-09,3,0.0051100000000000026
Gate,ETH,2022-08-10,3,-0.013505000000000001
Gate,ETH,2022-08-11,3,0.02628
Gate,ETH,2022-08-12,3,0.04526
Gate,ETH,2022-08-13,3,-0.01898
Gate,ETH,2022-08-14,3,0.018250000000000002
Gate,ETH,2022-08-15,3,0.042339999999999996
Gate,ETH,2022-08-16,3,0.033214999999999995
Gate,ETH,2022-08-17,3,0.06679500000000001
Gate,ETH,2022-08-18,3,0.046720000000000005
Gate,ETH,2022-08-19,3,0.08541
Gate,ETH,2022-08-20,3,-0.005109999999999999
Gate,ETH,2022-08-21,3,-0.043435
Gate,ETH,2022-08-22,3,-0.0018249999999999991
Gate,ETH,2022-08-23,3,-0.017155
Gate,ETH,2022-08-24,3,-0.042339999999999996
Gate,ETH,2022-08-25,3,-0.039785
Gate,ETH,2022-08-26,3,0.055845000000000006
Gate,ETH,2022-08-27,3,-0.085775
Gate,ETH,2022-08-28,3,-0.16352
Gate,ETH,2022-08-29,3,-0.123735
Gate,ETH,2022-08-30,3,-0.115705
Gate,ETH,2022-08-31,3,-0.027739999999999997
Gate,ETH,2022-09-01,3,0.01387
Gate,ETH,2022-09-02,3,-0.005839999999999999
Gate,ETH,2022-09-03,3,-0.021169999999999998
Gate,ETH,2022-09-04,3,0.01606
Gate,ETH,2022-09-05,3,-0.044165
Gate,ETH,2022-09-06,3,-0.10147
Gate,ETH,2022-09-07,3,-0.13651
Gate,ETH,2022-09-08,3,-0.059129999999999995
Gate,ETH,2022-09-09,3,-0.08431499999999999
Gate,ETH,2022-09-10,3,-0.11825999999999999
Gate,ETH,2022-09-11,3,-0.18907
Gate,ETH,2022-09-12,3,-0.287255
Gate,ETH,2022-09-13,3,-0.36427000000000004
Gate,ETH,2022-09-14,3,-1.4432099999999999
Gate,ETH,2022-09-15,3,-1.802005
Gate,ETH,2022-09-16,3,0.04307
Gate,ETH,2022-09-17,3,0.07446
Gate,ETH,2022-09-18,3,0.041245
Gate,ETH,2022-09-19,3,-0.007665000000000001
Gate,ETH,2022-09-20,3,-0.021535
Gate,ETH,2022-09-21,3,-0.0029199999999999994
Gate,ETH,2022-09-22,3,-0.107675
Gate,ETH,2022-09-23,3,-0.013870000000000002
Gate,ETH,2022-09-24,3,0.01606
Gate,ETH,2022-09-25,3,0.01898
Gate,ETH,2022-09-26,3,0.061320000000000006
Gate,ETH,2022-09-27,3,0.016425
Gate,ETH,2022-09-28,3,0.059495
Gate,ETH,2022-09-29,3,0.04088
Gate,ETH,2022-09-30,3,0.043435
Gate,ETH,2022-10-01,3,0.1095
Gate,ETH,2022-10-02,3,0.1095
Gate,ETH,2022-10-03,3,0.097455
Gate,ETH,2022-10-04,3,0.09198
Gate,ETH,2022-10-05,3,0.04161
Gate,ETH,2022-10-06,3,0.021900000000000003
Gate,ETH,2022-10-07,3,0.048545000000000005
Gate,ETH,2022-10-08,3,0.09197999999999999
Gate,ETH,2022-10-09,3,0.009855000000000001
Gate,ETH,2022-10-10,3,0.041245000000000004
Gate,ETH,2022-10-11,3,0.06716000000000001
Gate,ETH,2022-10-12,3,0.052559999999999996
Gate,ETH,2022-10-13,3,0.02847
Gate,ETH,2022-10-14,3,0.08176
Gate,ETH,2022-10-15,3,0.050735
Gate,ETH,2022-10-16,3,0.04526
Gate,ETH,2022-10-17,3,0.030295000000000002
Gate,ETH,2022-10-18,3,0.04745
Gate,ETH,2022-10-19,3,0.0657
Gate,ETH,2022-10-20,3,0.043435
Gate,ETH,2022-10-21,3,0.040515
Gate,ETH,2022-10-22,3,0.006205000000000001
Gate,ETH,2022-10-23,3,0.041245000000000004
Gate,ETH,2022-10-24,3,0.037230000000000006
Gate,ETH,2022-10-25,3,-0.007664999999999999
Gate,ETH,2022-10-26,3,0.05548
Gate,ETH,2022-10-27,3,0.066065
Gate,ETH,2022-10-28,3,0.06424
Gate,ETH,2022-10-29,3,0.07153999999999999
Gate,ETH,2022-10-30,3,0.08614
Gate,ETH,2022-10-31,3,0.08869500000000001
Gate,ETH,2022-11-01,3,0.03869
Gate,ETH,2022-11-02,3,0.08103
Gate,ETH,2022-11-03,3,-0.016425
Gate,ETH,2022-11-04,3,0.017155
Gate,ETH,2022-11-05,3,0.063875
Gate,ETH,2022-11-06,3,0.09380500000000001
Gate,ETH,2022-11-07,3,0.073
Gate,ETH,2022-11-08,3,0.0292
Gate,ETH,2022-11-09,3,-0.32630999999999993
Gate,ETH,2022-11-10,3,-0.29053999999999996
Gate,ETH,2022-11-11,3,-0.14673
Gate,ETH,2022-11-12,3,0.101105
Gate,ETH,2022-11-13,3,0.161695
Gate,ETH,2022-11-14,3,-0.040515000000000016
Gate,ETH,2022-11-15,3,-0.14235
Gate,ETH,2022-11-16,3,0.32339
Gate,ETH,2022-11-17,3,0.1095
Gate,ETH,2022-11-18,3,0.012409999999999997
Gate,ETH,2022-11-19,3,0.1095
Gate,ETH,2022-11-20,3,0.059129999999999995
Gate,ETH,2022-11-21,3,0.004744999999999997
Gate,ETH,2022-11-22,3,0.1095
Gate,ETH,2022-11-23,3,-0.095995
Gate,ETH,2022-11-24,3,0.010949999999999996
Gate,ETH,2022-11-25,3,-0.003650000000000001
Gate,ETH,2022-11-26,3,-0.09818500000000001
Gate,ETH,2022-11-27,3,-0.050004999999999994
Gate,ETH,2022-11-28,3,0.04307
Gate,ETH,2022-11-29,3,0.016790000000000003
Gate,ETH,2022-11-30,3,0.090155
Gate,ETH,2022-12-01,3,0.04818
Gate,ETH,2022-12-02,3,-0.037594999999999996
Gate,ETH,2022-12-03,3,-0.021170000000000005
Gate,ETH,2022-12-04,3,0.093075
Gate,ETH,2022-12-05,3,0.009490000000000004
Gate,ETH,2022-12-06,3,0.10329499999999998
Gate,ETH,2022-12-07,3,0.1095
Gate,ETH,2022-12-08,3,0.07518999999999999
Gate,ETH,2022-12-09,3,-0.12592499999999998
Gate,ETH,2022-12-10,3,0.006934999999999999
Gate,ETH,2022-12-11,3,-0.119355
Gate,ETH,2022-12-12,3,-0.041975000000000005
Gate,ETH,2022-12-13,3,-0.07373
Gate,ETH,2022-12-14,3,0.1095
Gate,ETH,2022-12-15,3,0.1095
Gate,ETH,2022-12-16,3,0.1095
Gate,ETH,2022-12-17,3,0.09052
Gate,ETH,2022-12-18,3,-0.073
Gate,ETH,2022-12-19,3,0.08103
Gate,ETH,2022-12-20,3,0.052925
Gate,ETH,2022-12-21,3,0.013870000000000002
Gate,ETH,2022-12-22,3,0.10876999999999999
Gate,ETH,2022-12-23,3,0.07409500000000001
Gate,ETH,2022-12-24,3,0.08942499999999999
Gate,ETH,2022-12-25,3,0.07227
Gate,ETH,2022-12-26,3,0.042339999999999996
Gate,ETH,2022-12-27,3,0.06460500000000001
Gate,ETH,2022-12-28,3,0.1095
Gate,ETH,2022-12-29,3,0.1095
Gate,ETH,2022-12-30,3,0.1095
Gate,ETH,2022-12-31,3,0.1095
Gate,ETH,2023-01-01,3,0.1095
Gate,ETH,2023-01-02,3,0.043435
Gate,ETH,2023-01-03,3,0.0
Gate,ETH,2023-01-04,3,-0.08905999999999999
Gate,ETH,2023-01-05,3,0.09380499999999999
Gate,ETH,2023-01-06,3,0.070445
Gate,ETH,2023-01-07,3,-0.020439999999999996
Gate,ETH,2023-01-08,3,-0.047814999999999996
Gate,ETH,2023-01-09,3,-0.094535
Gate,ETH,2023-01-10,3,0.1095
Gate,ETH,2023-01-11,3,-0.012775000000000007
Gate,ETH,2023-01-12,3,0.04891
Gate,ETH,2023-01-13,3,0.1095
Gate,ETH,2023-01-14,3,0.042705
Gate,ETH,2023-01-15,3,0.1095
Gate,ETH,2023-01-16,3,0.1095
Gate,ETH,2023-01-17,3,0.09125
Gate,ETH,2023-01-18,3,0.1095
Gate,ETH,2023-01-19,3,0.1095
Gate,ETH,2023-01-20,3,0.082855
Gate,ETH,2023-01-21,3,0.1095
Gate,ETH,2023-01-22,3,0.1095
Gate,ETH,2023-01-23,3,0.1095
Gate,ETH,2023-01-24,3,0.1095
Gate,ETH,2023-01-25,3,0.1095
Gate,ETH,2023-01-26,3,0.1095
Gate,ETH,2023-01-27,3,0.1095
Gate,ETH,2023-01-28,3,0.1095
Gate,ETH,2023-01-29,3,0.106215
Gate,ETH,2023-01-30,3,0.1095
Gate,ETH,2023-01-31,3,0.1095
Gate,ETH,2023-02-01,3,0.1095
Gate,ETH,2023-02-02,3,0.1095
Gate,ETH,2023-02-03,3,0.1095
Gate,ETH,2023-02-04,3,0.1095
Gate,ETH,2023-02-05,3,0.1095
Gate,ETH,2023-02-06,3,0.1095
Gate,ETH,2023-02-07,3,0.05986
Gate,ETH,2023-02-08,3,0.031025
Gate,ETH,2023-02-09,3,0.1095
Gate,ETH,2023-02-10,3,0.10585
Gate,ETH,2023-02-11,3,0.01679
Gate,ETH,2023-02-12,3,0.04452999999999999
Gate,ETH,2023-02-13,3,0.02993
Gate,ETH,2023-02-14,3,-0.006205000000000001
Gate,ETH,2023-02-15,3,-0.017519999999999997
Gate,ETH,2023-02-16,3,0.109135
Gate,ETH,2023-02-17,3,0.1095
Gate,ETH,2023-02-18,3,0.1095
Gate,ETH,2023-02-19,3,0.1095
Gate,ETH,2023-02-20,3,0.1095
Gate,ETH,2023-02-21,3,0.1095
Gate,ETH,2023-02-22,3,0.1095
Gate,ETH,2023-02-23,3,0.06533499999999999
Gate,ETH,2023-02-24,3,0.106945
Gate,ETH,2023-02-25,3,0.085045
Gate,ETH,2023-02-26,3,0.058035
Gate,ETH,2023-02-27,3,0.0025549999999999987
Gate,ETH,2023-02-28,3,0.012045
Gate,ETH,2023-03-01,3,-0.019344999999999998
Gate,ETH,2023-03-02,3,0.086505
Gate,ETH,2023-03-03,3,0.019345
Gate,ETH,2023-03-04,3,0.00803
Gate,ETH,2023-03-05,3,0.006205000000000001
Gate,ETH,2023-03-06,3,-0.011680000000000003
Gate,ETH,2023-03-07,3,0.036865
Gate,ETH,2023-03-08,3,0.06497
Gate,ETH,2023-03-09,3,0.1095
Gate,ETH,2023-03-10,3,0.011680000000000001
Gate,ETH,2023-03-11,3,-0.039055
Gate,ETH,2023-03-12,3,-0.08687
Gate,ETH,2023-03-13,3,-0.11132500000000001
Gate,ETH,2023-03-14,3,-0.0025549999999999987
Gate,ETH,2023-03-15,3,0.002919999999999997
Gate,ETH,2023-03-16,3,-0.05657500000000001
Gate,ETH,2023-03-17,3,-0.033215
Gate,ETH,2023-03-18,3,0.040514999999999995
Gate,ETH,2023-03-19,3,0.04307
Gate,ETH,2023-03-20,3,-0.004744999999999997
Gate,ETH,2023-03-21,3,-0.02555
Gate,ETH,2023-03-22,3,-0.02628
Gate,ETH,2023-03-23,3,0.006205
Gate,ETH,2023-03-24,3,-0.07884000000000001
Gate,ETH,2023-03-25,3,0.030295000000000002
Gate,ETH,2023-03-26,3,-0.0018250000000000026
Gate,ETH,2023-03-27,3,-0.0010950000000000011
Gate,ETH,2023-03-28,3,0.007665000000000002
Gate,ETH,2023-03-29,3,-0.041975000000000005
Gate,ETH,2023-03-30,3,-0.044165
Gate,ETH,2023-03-31,3,-0.035769999999999996
Gate,ETH,2023-04-01,3,-0.0438
Gate,ETH,2023-04-02,3,-0.045625
Gate,ETH,2023-04-03,3,-0.09271
Gate,ETH,2023-04-04,3,-0.11096
Gate,ETH,2023-04-05,3,-0.073365
Gate,ETH,2023-04-06,3,0.007300000000000002
Gate,ETH,2023-04-07,3,0.005110000000000001
Gate,ETH,2023-04-08,3,-0.020075
Gate,ETH,2023-04-09,3,0.07993499999999999
Gate,ETH,2023-04-10,3,-0.016059999999999998
Gate,ETH,2023-04-11,3,-0.006934999999999999
Gate,ETH,2023-04-12,3,0.020075
Gate,ETH,2023-04-13,3,-0.064605
Gate,ETH,2023-04-14,3,0.04088
Gate,ETH,2023-04-15,3,0.044895
Gate,ETH,2023-04-16,3,0.1095
Gate,ETH,2023-04-17,3,0.052925
Gate,ETH,2023-04-18,3,0.1095
Gate,ETH,2023-04-19,3,0.05475
Gate,ETH,2023-04-20,3,-0.07738
Gate,ETH,2023-04-21,3,0.037595
Gate,ETH,2023-04-22,3,-0.052195
Gate,ETH,2023-04-23,3,0.030660000000000003
Gate,ETH,2023-04-24,3,0.105485
Gate,ETH,2023-04-25,3,0.1095
Gate,ETH,2023-04-26,3,-0.052559999999999996
Gate,ETH,2023-04-27,3,0.02628
Gate,ETH,2023-04-28,3,0.030295000000000002
Gate,ETH,2023-04-29,3,-0.0029200000000000038
Gate,ETH,2023-04-30,3,0.0010949999999999996
Gate,ETH,2023-05-01,3,0.07592
Gate,ETH,2023-05-02,3,0.109135
Gate,ETH,2023-05-03,3,0.047084999999999995
Gate,ETH,2023-05-04,3,0.026279999999999998
Gate,ETH,2023-05-05,3,0.021535
Gate,ETH,2023-05-06,3,0.0657
Gate,ETH,2023-05-07,3,-0.0007300000000000001
Gate,ETH,2023-05-08,3,0.036500000000000005
Gate,ETH,2023-05-09,3,0.10511999999999999
Gate,ETH,2023-05-10,3,0.060225
Gate,ETH,2023-05-11,3,0.04745
Gate,ETH,2023-05-12,3,0.024454999999999994
Gate,ETH,2023-05-13,3,0.03358
Gate,ETH,2023-05-14,3,0.013504999999999998
Gate,ETH,2023-05-15,3,-0.020075000000000006
Gate,ETH,2023-05-16,3,0.03504
Gate,ETH,2023-05-17,3,0.064605
Gate,ETH,2023-05-18,3,0.015329999999999995
Gate,ETH,2023-05-19,3,0.017885
Gate,ETH,2023-05-20,3,-0.00365
Gate,ETH,2023-05-21,3,0.021900000000000003
Gate,ETH,2023-05-22,3,0.035769999999999996
Gate,ETH,2023-05-23,3,-0.014965
Gate,ETH,2023-05-24,3,0.082855
Gate,ETH,2023-05-25,3,0.030295
Gate,ETH,2023-05-26,3,-0.013505000000000001
Gate,ETH,2023-05-27,3,-0.03796
Gate,ETH,2023-05-28,3,-0.027739999999999997
Gate,ETH,2023-05-29,3,0.05767
Gate,ETH,2023-05-30,3,0.041975000000000005
Gate,ETH,2023-05-31,3,0.07008
Gate,ETH,2023-06-01,3,0.044895
Gate,ETH,2023-06-02,3,-0.018615
Gate,ETH,2023-06-03,3,-0.013139999999999999
Gate,ETH,2023-06-04,3,-0.04453000000000001
Gate,ETH,2023-06-05,3,0.04891
Gate,ETH,2023-06-06,3,0.016424999999999995
Gate,ETH,2023-06-07,3,0.021535000000000002
Gate,ETH,2023-06-08,3,0.03212
Gate,ETH,2023-06-09,3,0.02774
Gate,ETH,2023-06-10,3,0.1095
Gate,ETH,2023-06-11,3,0.09344000000000001
Gate,ETH,2023-06-12,3,0.07227
Gate,ETH,2023-06-13,3,0.05876499999999999
Gate,ETH,2023-06-14,3,0.03796
Gate,ETH,2023-06-15,3,0.053655
Gate,ETH,2023-06-16,3,-0.04161
Gate,ETH,2023-06-17,3,-0.027375
Gate,ETH,2023-06-18,3,0.014965
Gate,ETH,2023-06-19,3,0.04088
Gate,ETH,2023-06-20,3,0.05183000000000001
Gate,ETH,2023-06-21,3,-0.19345
Gate,ETH,2023-06-22,3,0.037594999999999996
Gate,ETH,2023-06-23,3,0.04307
Gate,ETH,2023-06-24,3,0.040514999999999995
Gate,ETH,2023-06-25,3,0.04015
Gate,ETH,2023-06-26,3,0.0584
Gate,ETH,2023-06-27,3,0.01241
Gate,ETH,2023-06-28,3,0.071905
Gate,ETH,2023-06-29,3,0.069715
Gate,ETH,2023-06-30,3,0.040515
Gate,ETH,2023-07-01,3,0.036865
Gate,ETH,2023-07-02,3,0.052925
Gate,ETH,2023-07-03,3,-0.011314999999999997
Gate,ETH,2023-07-04,3,0.005840000000000001
Gate,ETH,2023-07-05,3,0.1095
Gate,ETH,2023-07-06,3,0.046720000000000005
Gate,ETH,2023-07-07,3,0.037595
Gate,ETH,2023-07-08,3,0.07373
Gate,ETH,2023-07-09,3,0.01606
Gate,ETH,2023-07-10,3,0.01898
Gate,ETH,2023-07-11,3,0.04599
Gate,ETH,2023-07-12,3,-0.01898
Gate,ETH,2023-07-13,3,0.045625
Gate,ETH,2023-07-14,3,0.050735
Gate,ETH,2023-07-15,3,-0.012775
Gate,ETH,2023-07-16,3,0.035405
Gate,ETH,2023-07-17,3,0.01387
Gate,ETH,2023-07-18,3,0.062415
Gate,ETH,2023-07-19,3,0.024455
Gate,ETH,2023-07-20,3,0.004745000000000003
Gate,ETH,2023-07-21,3,0.054384999999999996
Gate,ETH,2023-07-22,3,0.038325
Gate,ETH,2023-07-23,3,0.036135
Gate,ETH,2023-07-24,3,-7.228014483236697e-19
Gate,ETH,2023-07-25,3,-0.03431
Gate,ETH,2023-07-26,3,0.010950000000000001
Gate,ETH,2023-07-27,3,-0.08614000000000001
Gate,ETH,2023-07-28,3,0.010584999999999999
Gate,ETH,2023-07-29,3,-0.033215
Gate,ETH,2023-07-30,3,-0.06643
Gate,ETH,2023-07-31,3,-0.022995
Gate,ETH,2023-08-01,3,0.07446
Gate,ETH,2023-08-02,3,0.02555
Gate,ETH,2023-08-03,3,-0.01825
Gate,ETH,2023-08-04,3,-0.06679500000000001
Gate,ETH,2023-08-05,3,0.004014999999999997
Gate,ETH,2023-08-06,3,-0.01898
Gate,ETH,2023-08-07,3,0.03212
Gate,ETH,2023-08-08,3,-0.014965000000000001
Gate,ETH,2023-08-09,3,-0.044895
Gate,ETH,2023-08-10,3,0.090155
Gate,ETH,2023-08-11,3,0.1095
Gate,ETH,2023-08-12,3,0.040515
Gate,ETH,2023-08-13,3,0.041975000000000005
Gate,ETH,2023-08-14,3,0.06497
Gate,ETH,2023-08-15,3,0.1095
Gate,ETH,2023-08-16,3,0.1095
Gate,ETH,2023-08-17,3,0.09636
Gate,ETH,2023-08-18,3,-0.09197999999999999
Gate,ETH,2023-08-19,3,-0.04088
Gate,ETH,2023-08-20,3,-0.052195
Gate,ETH,2023-08-21,3,0.0025550000000000017
Gate,ETH,2023-08-22,3,-0.010220000000000002
Gate,ETH,2023-08-23,3,-0.037594999999999996
Gate,ETH,2023-08-24,3,-0.04015
Gate,ETH,2023-08-25,3,-0.01752
Gate,ETH,2023-08-26,3,0.007665000000000001
Gate,ETH,2023-08-27,3,0.042339999999999996
Gate,ETH,2023-08-28,3,0.035039999999999995
Gate,ETH,2023-08-29,3,0.036500000000000005
Gate,ETH,2023-08-30,3,0.0021899999999999997
Gate,ETH,2023-08-31,3,0.04307
Gate,ETH,2023-09-01,3,0.07008
Gate,ETH,2023-09-02,3,0.022264999999999997
Gate,ETH,2023-09-03,3,-0.00511
Gate,ETH,2023-09-04,3,-0.02555
Gate,ETH,2023-09-05,3,0.021170000000000005
Gate,ETH,2023-09-06,3,0.06497
Gate,ETH,2023-09-07,3,0.06935000000000001
Gate,ETH,2023-09-08,3,0.0292
Gate,ETH,2023-09-09,3,-0.06278
Gate,ETH,2023-09-10,3,0.07518999999999999
Gate,ETH,2023-09-11,3,0.090155
Gate,ETH,2023-09-12,3,-0.07263499999999999
Gate,ETH,2023-09-13,3,-0.019710000000000002
Gate,ETH,2023-09-14,3,-0.02044
Gate,ETH,2023-09-15,3,-0.02774
Gate,ETH,2023-09-16,3,0.01971
Gate,ETH,2023-09-17,3,0.00657
Gate,ETH,2023-09-18,3,-0.03358
Gate,ETH,2023-09-19,3,-0.001095000000000002
Gate,ETH,2023-09-20,3,0.08614
Gate,ETH,2023-09-21,3,0.083585
Gate,ETH,2023-09-22,3,0.03358
Gate,ETH,2023-09-23,3,0.06351
Gate,ETH,2023-09-24,3,0.05329
Gate,ETH,2023-09-25,3,0.055115
Gate,ETH,2023-09-26,3,0.02409
Gate,ETH,2023-09-27,3,0.011679999999999996
Gate,ETH,2023-09-28,3,-0.0007300000000000038
Gate,ETH,2023-09-29,3,-0.138335
Gate,ETH,2023-09-30,3,-0.101105
Gate,ETH,2023-10-01,3,-0.10840499999999999
Gate,ETH,2023-10-02,3,-0.033580000000000006
Gate,ETH,2023-10-03,3,0.05986
Gate,ETH,2023-10-04,3,0.043435
Gate,ETH,2023-10-05,3,0.067525
Gate,ETH,2023-10-06,3,0.060955
Gate,ETH,2023-10-07,3,-0.0010950000000000011
Gate,ETH,2023-10-08,3,0.09928
Gate,ETH,2023-10-09,3,0.050005
Gate,ETH,2023-10-10,3,0.082855
Gate,ETH,2023-10-11,3,0.061320000000000006
Gate,ETH,2023-10-12,3,0.061685
Gate,ETH,2023-10-13,3,0.018615
Gate,ETH,2023-10-14,3,0.054020000000000006
Gate,ETH,2023-10-15,3,0.04161
Gate,ETH,2023-10-16,3,-0.015695
Gate,ETH,2023-10-17,3,0.002555
Gate,ETH,2023-10-18,3,0.006205
Gate,ETH,2023-10-19,3,0.0438
Gate,ETH,2023-10-20,3,-0.033215
Gate,ETH,2023-10-21,3,0.009125000000000001
Gate,ETH,2023-10-22,3,-0.05767
Gate,ETH,2023-10-23,3,-0.015329999999999998
Gate,ETH,2023-10-24,3,0.09782
Gate,ETH,2023-10-25,3,0.08614
Gate,ETH,2023-10-26,3,0.07738
Gate,ETH,2023-10-27,3,0.08139500000000001
Gate,ETH,2023-10-28,3,0.1095
Gate,ETH,2023-10-29,3,0.1095
Gate,ETH,2023-10-30,3,0.1095
Gate,ETH,2023-10-31,3,0.1095
Gate,ETH,2023-11-01,3,0.10183500000000001
Gate,ETH,2023-11-02,3,0.1095
Gate,ETH,2023-11-03,3,0.1095
Gate,ETH,2023-11-04,3,-0.10366000000000002
Gate,ETH,2023-11-05,3,0.10183500000000001
Gate,ETH,2023-11-06,3,0.10876999999999999
Gate,ETH,2023-11-07,3,0.08687
Gate,ETH,2023-11-08,3,0.1095
Gate,ETH,2023-11-09,3,0.105485
Gate,ETH,2023-11-10,3,0.15037999999999999
Gate,ETH,2023-11-11,3,0.11096
Gate,ETH,2023-11-12,3,0.14089000000000002
Gate,ETH,2023-11-13,3,0.20111500000000002
Gate,ETH,2023-11-14,3,0.1095
Gate,ETH,2023-11-15,3,0.1095
Gate,ETH,2023-11-16,3,0.1095
Gate,ETH,2023-11-17,3,0.1095
Gate,ETH,2023-11-18,3,0.1095
Gate,ETH,2023-11-19,3,0.1095
Gate,ETH,2023-11-20,3,0.1095
Gate,ETH,2023-11-21,3,0.1095
Gate,ETH,2023-11-22,3,0.1095
Gate,ETH,2023-11-23,3,0.10037499999999999
Gate,ETH,2023-11-24,3,0.087965
Gate,ETH,2023-11-25,3,0.109135
Gate,ETH,2023-11-26,3,0.1095
Gate,ETH,2023-11-27,3,0.1095
Gate,ETH,2023-11-28,3,0.1095
Gate,ETH,2023-11-29,3,0.1095
Gate,ETH,2023-11-30,3,0.1095
Gate,ETH,2023-12-01,3,0.1095
Gate,ETH,2023-12-02,3,0.1095
Gate,ETH,2023-12-03,3,0.1095
Gate,ETH,2023-12-04,3,0.1095
Gate,ETH,2023-12-05,3,0.1095
Gate,ETH,2023-12-06,3,0.1095
Gate,ETH,2023-12-07,3,0.1095
Gate,ETH,2023-12-08,3,0.13066999999999998
Gate,ETH,2023-12-09,3,0.29273
Gate,ETH,2023-12-10,3,0.1825
Gate,ETH,2023-12-11,3,0.1314
Gate,ETH,2023-12-12,3,0.1095
Gate,ETH,2023-12-13,3,0.12702
Gate,ETH,2023-12-14,3,0.1095
Gate,ETH,2023-12-15,3,0.1095
Gate,ETH,2023-12-16,3,0.1095
Gate,ETH,2023-12-17,3,0.23287000000000002
Gate,ETH,2023-12-18,3,0.16424999999999998
Gate,ETH,2023-12-19,3,0.1095
Gate,ETH,2023-12-20,3,0.1095
Gate,ETH,2023-12-21,3,0.37047499999999994
Gate,ETH,2023-12-22,3,0.41317999999999994
Gate,ETH,2023-12-23,3,0.17447000000000001
Gate,ETH,2023-12-24,3,0.232505
Gate,ETH,2023-12-25,3,0.28104999999999997
Gate,ETH,2023-12-26,3,0.5683050000000001
Gate,ETH,2023-12-27,3,0.41829
Gate,ETH,2023-12-28,3,0.35478000000000004
Gate,ETH,2023-12-29,3,0.481435
Gate,ETH,2023-12-30,3,0.39055
Gate,ETH,2023-12-31,3,0.34091
Gate,ETH,2024-01-01,3,0.40259500000000004
Gate,ETH,2024-01-02,3,0.43289
Gate,ETH,2024-01-03,3,0.22702999999999998
Gate,ETH,2024-01-04,3,0.1095
Gate,ETH,2024-01-05,3,0.1095
Gate,ETH,2024-01-06,3,0.1095
Gate,ETH,2024-01-07,3,0.1095
Gate,ETH,2024-01-08,3,0.1095
Gate,ETH,2024-01-09,3,0.1095
Gate,ETH,2024-01-10,3,0.1095
Gate,ETH,2024-01-11,3,0.1095
Gate,ETH,2024-01-12,3,0.1095
Gate,ETH,2024-01-13,3,0.1095
Gate,ETH,2024-01-14,3,0.1095
Gate,ETH,2024-01-15,3,0.116435
Gate,ETH,2024-01-16,3,0.1095
Gate,ETH,2024-01-17,3,0.1095
Gate,ETH,2024-01-18,3,0.1095
Gate,ETH,2024-01-19,3,0.1095
Gate,ETH,2024-01-20,3,0.1095
Gate,ETH,2024-01-21,3,0.1095
Gate,ETH,2024-01-22,3,0.1095
Gate,ETH,2024-01-23,3,0.1095
Gate,ETH,2024-01-24,3,0.095265
Gate,ETH,2024-01-25,3,0.08431499999999999
Gate,ETH,2024-01-26,3,0.02482
Gate,ETH,2024-01-27,3,0.04599
Gate,ETH,2024-01-28,3,0.033945
Gate,ETH,2024-01-29,3,0.096725
Gate,ETH,2024-01-30,3,0.017155
Gate,ETH,2024-01-31,3,0.062415
Gate,ETH,2024-02-01,3,0.038325000000000005
Gate,ETH,2024-02-02,3,0.052195
Gate,ETH,2024-02-03,3,0.057305
Gate,ETH,2024-02-04,3,0.059129999999999995
Gate,ETH,2024-02-05,3,0.04891
Gate,ETH,2024-02-06,3,0.058035
Gate,ETH,2024-02-07,3,-0.04818
Gate,ETH,2024-02-08,3,0.034675000000000004
Gate,ETH,2024-02-09,3,0.071905
Gate,ETH,2024-02-10,3,0.08979
Gate,ETH,2024-02-11,3,0.08687
Gate,ETH,2024-02-12,3,0.0949
Gate,ETH,2024-02-13,3,0.1095
Gate,ETH,2024-02-14,3,0.1095
Gate,ETH,2024-02-15,3,0.1095
Gate,ETH,2024-02-16,3,0.1095
Gate,ETH,2024-02-17,3,0.1095
Gate,ETH,2024-02-18,3,0.1095
Gate,ETH,2024-02-19,3,0.1095
Gate,ETH,2024-02-20,3,0.1095
Gate,ETH,2024-02-21,3,0.1095
Gate,ETH,2024-02-22,3,0.1095
Gate,ETH,2024-02-23,3,0.1095
Gate,ETH,2024-02-24,3,0.1095
Gate,ETH,2024-02-25,3,0.1095
Gate,ETH,2024-02-26,3,0.1095
Gate,ETH,2024-02-27,3,0.19637000000000002
Gate,ETH,2024-02-28,3,0.27265500000000004
Gate,ETH,2024-02-29,3,0.669045
Gate,ETH,2024-03-01,3,0.459535
Gate,ETH,2024-03-02,3,0.41901999999999995
Gate,ETH,2024-03-03,3,0.38909
Gate,ETH,2024-03-04,3,0.4307
Gate,ETH,2024-03-05,3,0.696055
Gate,ETH,2024-03-06,3,0.36171499999999995
Gate,ETH,2024-03-07,3,0.289445
Gate,ETH,2024-03-08,3,0.26426
Gate,ETH,2024-03-09,3,0.396755
Gate,ETH,2024-03-10,3,0.32631000000000004
Gate,ETH,2024-03-11,3,0.43690500000000004
Gate,ETH,2024-03-12,3,0.422305
Gate,ETH,2024-03-13,3,0.46939
Gate,ETH,2024-03-14,3,0.5329
Gate,ETH,2024-03-15,3,0.15111
Gate,ETH,2024-03-16,3,0.19308499999999998
Gate,ETH,2024-03-17,3,0.255135
Gate,ETH,2024-03-18,3,0.13103499999999998
Gate,ETH,2024-03-19,3,0.176295
Gate,ETH,2024-03-20,3,0.1095
Gate,ETH,2024-03-21,3,0.1095
Gate,ETH,2024-03-22,3,0.12848
Gate,ETH,2024-03-23,3,0.124465
Gate,ETH,2024-03-24,3,0.1095
Gate,ETH,2024-03-25,3,0.1095
Gate,ETH,2024-03-26,3,0.165345
Gate,ETH,2024-03-27,3,0.23725
Gate,ETH,2024-03-28,3,0.26061
Gate,ETH,2024-03-29,3,0.330325
Gate,ETH,2024-03-30,3,0.37011
Gate,ETH,2024-03-31,3,0.47377
Gate,ETH,2024-04-01,3,0.47632499999999994
Gate,ETH,2024-04-02,3,0.228855
Gate,ETH,2024-04-03,3,0.112055
Gate,ETH,2024-04-04,3,0.1095
Gate,ETH,2024-04-05,3,0.11607
Gate,ETH,2024-04-06,3,0.12337
Gate,ETH,2024-04-07,3,0.1095
Gate,ETH,2024-04-08,3,0.128115
Gate,ETH,2024-04-09,3,0.118625
Gate,ETH,2024-04-10,3,0.15476
Gate,ETH,2024-04-11,3,0.1095
Gate,ETH,2024-04-12,3,0.11534
Gate,ETH,2024-04-13,3,0.1095
Gate,ETH,2024-04-14,3,0.1095
Gate,ETH,2024-04-15,3,0.079205
Gate,ETH,2024-04-16,3,0.08979
Gate,ETH,2024-04-17,3,0.048545
Gate,ETH,2024-04-18,3,0.040515
Gate,ETH,2024-04-19,3,0.030660000000000003
Gate,ETH,2024-04-20,3,0.060225
Gate,ETH,2024-04-21,3,0.02482
Gate,ETH,2024-04-22,3,0.04015
Gate,ETH,2024-04-23,3,0.041975000000000005
Gate,ETH,2024-04-24,3,-0.011314999999999999
Gate,ETH,2024-04-25,3,0.09416999999999999
Gate,ETH,2024-04-26,3,-0.015695000000000004
Gate,ETH,2024-04-27,3,0.02628
Gate,ETH,2024-04-28,3,-0.0021899999999999975
Gate,ETH,2024-04-29,3,0.09416999999999999
Gate,ETH,2024-04-30,3,0.1095
Gate,ETH,2024-05-01,3,0.106215
Gate,ETH,2024-05-02,3,0.005110000000000001
Gate,ETH,2024-05-03,3,0.011680000000000001
Gate,ETH,2024-05-04,3,0.02409
Gate,ETH,2024-05-05,3,0.085045
Gate,ETH,2024-05-06,3,0.068985
Gate,ETH,2024-05-07,3,0.1095
Gate,ETH,2024-05-08,3,0.1095
Gate,ETH,2024-05-09,3,0.1095
Gate,ETH,2024-05-10,3,0.08103
Gate,ETH,2024-05-11,3,0.1095
Gate,ETH,2024-05-12,3,0.1095
Gate,ETH,2024-05-13,3,0.09344000000000001
Gate,ETH,2024-05-14,3,0.085775
Gate,ETH,2024-05-15,3,0.10439
Gate,ETH,2024-05-16,3,0.052925
Gate,ETH,2024-05-17,3,0.039055
Gate,ETH,2024-05-18,3,0.019345000000000005
Gate,ETH,2024-05-19,3,0.023360000000000002
Gate,ETH,2024-05-20,3,0.06497
Gate,ETH,2024-05-21,3,0.1095
Gate,ETH,2024-05-22,3,0.1095
Gate,ETH,2024-05-23,3,0.1095
Gate,ETH,2024-05-24,3,0.1095
Gate,ETH,2024-05-25,3,0.1095
Gate,ETH,2024-05-26,3,0.1095
Gate,ETH,2024-05-27,3,0.06862
Gate,ETH,2024-05-28,3,0.1095
Gate,ETH,2024-05-29,3,0.1095
Gate,ETH,2024-05-30,3,0.1095
Gate,ETH,2024-05-31,3,0.104755
Gate,ETH,2024-06-01,3,0.002189999999999998
Gate,ETH,2024-06-02,3,0.07007999999999999
Gate,ETH,2024-06-03,3,0.10001
Gate,ETH,2024-06-04,3,0.1095
Gate,ETH,2024-06-05,3,0.1095
Gate,ETH,2024-06-06,3,0.1095
Gate,ETH,2024-06-07,3,0.1095
Gate,ETH,2024-06-08,3,0.1095
Gate,ETH,2024-06-09,3,0.1095
Gate,ETH,2024-06-10,3,0.08614
Gate,ETH,2024-06-11,3,0.090155
Gate,ETH,2024-06-12,3,-0.06497000000000001
Gate,ETH,2024-06-13,3,0.029564999999999998
Gate,ETH,2024-06-14,3,0.05256
Gate,ETH,2024-06-15,3,-0.11278500000000001
Gate,ETH,2024-06-16,3,-0.08176
Gate,ETH,2024-06-17,3,0.013139999999999994
Gate,ETH,2024-06-18,3,0.027375
Gate,ETH,2024-06-19,3,0.06131999999999999
Gate,ETH,2024-06-20,3,0.021535
Gate,ETH,2024-06-21,3,0.1095
Gate,ETH,2024-06-22,3,0.05475
Gate,ETH,2024-06-23,3,0.068985
Gate,ETH,2024-06-24,3,0.1095
Gate,ETH,2024-06-25,3,0.07373
Gate,ETH,2024-06-26,3,0.055115
Gate,ETH,2024-06-27,3,0.10329499999999998
Gate,ETH,2024-06-28,3,0.162425
Gate,ETH,2024-06-29,3,0.13395500000000002
Gate,ETH,2024-06-30,3,0.1095
Gate,ETH,2024-07-01,3,0.1095
Gate,ETH,2024-07-02,3,0.1095
Gate,ETH,2024-07-03,3,0.175565
Gate,ETH,2024-07-04,3,0.1095
Gate,ETH,2024-07-05,3,0.1095
Gate,ETH,2024-07-06,3,0.044165
Gate,ETH,2024-07-07,3,0.1095
Gate,ETH,2024-07-08,3,0.095995
Gate,ETH,2024-07-09,3,0.06935000000000001
Gate,ETH,2024-07-10,3,0.10658000000000001
Gate,ETH,2024-07-11,3,0.08942499999999999
Gate,ETH,2024-07-12,3,0.1095
Gate,ETH,2024-07-13,3,0.019710000000000002
Gate,ETH,2024-07-14,3,0.026645000000000002
Gate,ETH,2024-07-15,3,0.07665000000000001
Gate,ETH,2024-07-16,3,0.09380500000000001
Gate,ETH,2024-07-17,3,0.07263499999999999
Gate,ETH,2024-07-18,3,0.058765000000000005
Gate,ETH,2024-07-19,3,0.077745
Gate,ETH,2024-07-20,3,0.046720000000000005
Gate,ETH,2024-07-21,3,0.08249000000000001
Gate,ETH,2024-07-22,3,0.1095
Gate,ETH,2024-07-23,3,0.1095
Gate,ETH,2024-07-24,3,0.10585
Gate,ETH,2024-07-25,3,0.097455
Gate,ETH,2024-07-26,3,0.010585000000000002
Gate,ETH,2024-07-27,3,-0.038689999999999995
Gate,ETH,2024-07-28,3,0.10840500000000002
Gate,ETH,2024-07-29,3,0.02847
Gate,ETH,2024-07-30,3,0.095995
Gate,ETH,2024-07-31,3,0.10658000000000001
Gate,ETH,2024-08-01,3,0.1095
Gate,ETH,2024-08-02,3,0.08942499999999999
Gate,ETH,2024-08-03,3,0.008760000000000002
Gate,ETH,2024-08-04,3,0.072635
Gate,ETH,2024-08-05,3,0.016789999999999996
Gate,ETH,2024-08-06,3,-0.004745000000000002
Gate,ETH,2024-08-07,3,-0.050005
Gate,ETH,2024-08-08,3,-0.0003649999999999996
Gate,ETH,2024-08-09,3,0.018615
Gate,ETH,2024-08-10,3,0.013504999999999998
Gate,ETH,2024-08-11,3,0.021900000000000003
Gate,ETH,2024-08-12,3,0.047814999999999996
Gate,ETH,2024-08-13,3,0.04453000000000001
Gate,ETH,2024-08-14,3,-0.015695
Gate,ETH,2024-08-15,3,0.02409
Gate,ETH,2024-08-16,3,0.043435
Gate,ETH,2024-08-17,3,0.011680000000000001
Gate,ETH,2024-08-18,3,-0.044165
Gate,ETH,2024-08-19,3,0.04526
Gate,ETH,2024-08-20,3,-0.01387
Gate,ETH,2024-08-21,3,0.03139
Gate,ETH,2024-08-22,3,0.012044999999999998
Gate,ETH,2024-08-23,3,0.021900000000000003
Gate,ETH,2024-08-24,3,-0.04891
Gate,ETH,2024-08-25,3,0.05548
Gate,ETH,2024-08-26,3,0.055845
Gate,ETH,2024-08-27,3,0.06862
Gate,ETH,2024-08-28,3,-0.042339999999999996
Gate,ETH,2024-08-29,3,-0.035039999999999995
Gate,ETH,2024-08-30,3,0.05037
Gate,ETH,2024-08-31,3,-0.031755000000000005
Gate,ETH,2024-09-01,3,0.05292500000000001
Gate,ETH,2024-09-02,3,-0.026645
Gate,ETH,2024-09-03,3,-0.004745000000000002
Gate,ETH,2024-09-04,3,-0.009125000000000001
Gate,ETH,2024-09-05,3,0.024454999999999994
Gate,ETH,2024-09-06,3,-0.0014599999999999988
Gate,ETH,2024-09-07,3,-0.03139
Gate,ETH,2024-09-08,3,-0.052925
Gate,ETH,2024-09-09,3,-0.037594999999999996
Gate,ETH,2024-09-10,3,-0.12702
Gate,ETH,2024-09-11,3,0.0021899999999999975
Gate,ETH,2024-09-12,3,-0.017885
Gate,ETH,2024-09-13,3,-0.0014599999999999995
Gate,ETH,2024-09-14,3,0.0073000000000000035
Gate,ETH,2024-09-15,3,-0.02847
Gate,ETH,2024-09-16,3,0.015695
Gate,ETH,2024-09-17,3,-0.014965
Gate,ETH,2024-09-18,3,0.04197499999999999
Gate,ETH,2024-09-19,3,-0.033215
Gate,ETH,2024-09-20,3,0.031025000000000007
Gate,ETH,2024-09-21,3,0.055845
Gate,ETH,2024-09-22,3,0.063875
Gate,ETH,2024-09-23,3,0.027375
Gate,ETH,2024-09-24,3,0.09709000000000001
Gate,ETH,2024-09-25,3,0.08869500000000001
Gate,ETH,2024-09-26,3,0.04745
Gate,ETH,2024-09-27,3,0.012045
Gate,ETH,2024-09-28,3,0.071175
Gate,ETH,2024-09-29,3,0.046720000000000005
Gate,ETH,2024-09-30,3,0.048545000000000005
Gate,ETH,2024-10-01,3,0.095995
Gate,ETH,2024-10-02,3,0.068255
Gate,ETH,2024-10-03,3,0.048545000000000005
Gate,ETH,2024-10-04,3,0.017155
Gate,ETH,2024-10-05,3,0.015694999999999997
Gate,ETH,2024-10-06,3,0.016425000000000006
Gate,ETH,2024-10-07,3,0.06351
Gate,ETH,2024-10-08,3,0.07884000000000001
Gate,ETH,2024-10-09,3,0.04818
Gate,ETH,2024-10-10,3,0.057305
Gate,ETH,2024-10-11,3,-0.070445
Gate,ETH,2024-10-12,3,0.028105
Gate,ETH,2024-10-13,3,0.030295000000000002
Gate,ETH,2024-10-14,3,0.07774500000000001
Gate,ETH,2024-10-15,3,0.09234500000000001
Gate,ETH,2024-10-16,3,0.10001
Gate,ETH,2024-10-17,3,0.045625
Gate,ETH,2024-10-18,3,0.07227
Gate,ETH,2024-10-19,3,0.09052
Gate,ETH,2024-10-20,3,0.07884000000000001
Gate,ETH,2024-10-21,3,0.107675
Gate,ETH,2024-10-22,3,0.1095
Gate,ETH,2024-10-23,3,0.1095
Gate,ETH,2024-10-24,3,0.1095
Gate,ETH,2024-10-25,3,0.106945
Gate,ETH,2024-10-26,3,0.013139999999999999
Gate,ETH,2024-10-27,3,0.026645000000000002
Gate,ETH,2024-10-28,3,0.028835
Gate,ETH,2024-10-29,3,-0.066065
Gate,ETH,2024-10-30,3,0.1095
Gate,ETH,2024-10-31,3,0.1095
Gate,ETH,2024-11-01,3,0.1095
Gate,ETH,2024-11-02,3,0.1095
Gate,ETH,2024-11-03,3,0.1095
Gate,ETH,2024-11-04,3,0.033215
Gate,ETH,2024-11-05,3,0.1022
Gate,ETH,2024-11-06,3,0.037594999999999996
Gate,ETH,2024-11-07,3,0.021534999999999995
Gate,ETH,2024-11-08,3,-0.0007300000000000015
Gate,ETH,2024-11-09,3,-0.06606500000000001
Gate,ETH,2024-11-10,3,0.1095
Gate,ETH,2024-11-11,3,0.1095
Gate,ETH,2024-11-12,3,0.1095
Gate,ETH,2024-11-13,3,0.04088
Gate,ETH,2024-11-14,3,0.04745
Gate,ETH,2024-11-15,3,-0.090885
Gate,ETH,2024-11-16,3,0.004380000000000001
Gate,ETH,2024-11-17,3,0.1095
Gate,ETH,2024-11-18,3,0.1095
Gate,ETH,2024-11-19,3,0.04599
Gate,ETH,2024-11-20,3,0.1095
Gate,ETH,2024-11-21,3,0.1095
Gate,ETH,2024-11-22,3,0.1095
Gate,ETH,2024-11-23,3,0.1095
Gate,ETH,2024-11-24,3,0.31061500000000003
Gate,ETH,2024-11-25,3,0.21206499999999998
Gate,ETH,2024-11-26,3,0.21607999999999997
Gate,ETH,2024-11-27,3,0.12191
Gate,ETH,2024-11-28,3,0.1095
Gate,ETH,2024-11-29,3,0.15804500000000002
Gate,ETH,2024-11-30,3,0.112055
Gate,ETH,2024-12-01,3,0.1095
Gate,ETH,2024-12-02,3,0.264625
Gate,ETH,2024-12-03,3,0.238345
Gate,ETH,2024-12-04,3,0.1095
Gate,ETH,2024-12-05,3,0.260245
Gate,ETH,2024-12-06,3,0.24017
Gate,ETH,2024-12-07,3,0.19053
Gate,ETH,2024-12-08,3,0.24747
Gate,ETH,2024-12-09,3,0.276305
Gate,ETH,2024-12-10,3,0.1095
Gate,ETH,2024-12-11,3,0.06862
Gate,ETH,2024-12-12,3,-0.073
Gate,ETH,2024-12-13,3,0.081395
Gate,ETH,2024-12-14,3,0.076285
Gate,ETH,2024-12-15,3,0.101105
Gate,ETH,2024-12-16,3,0.059495
Gate,ETH,2024-12-17,3,0.050734999999999995
Gate,ETH,2024-12-18,3,0.1095
Gate,ETH,2024-12-19,3,0.1095
Gate,ETH,2024-12-20,3,0.1095
Gate,ETH,2024-12-21,3,-0.030660000000000007
Gate,ETH,2024-12-22,3,0.1095
Gate,ETH,2024-12-23,3,0.067525
Gate,ETH,2024-12-24,3,0.017155
Gate,ETH,2024-12-25,3,-0.030660000000000003
Gate,ETH,2024-12-26,3,0.105485
Gate,ETH,2024-12-27,3,0.054020000000000006
Gate,ETH,2024-12-28,3,0.03431
Gate,ETH,2024-12-29,3,-0.020075
Gate,ETH,2024-12-30,3,0.009125000000000003
Gate,ETH,2024-12-31,3,0.06351
Gate,ETH,2025-01-01,3,0.1095
Gate,ETH,2025-01-02,3,0.052195
Gate,ETH,2025-01-03,3,0.1095
Gate,ETH,2025-01-04,3,-0.013139999999999994
Gate,ETH,2025-01-05,3,0.09672499999999999
Gate,ETH,2025-01-06,3,0.1095
Gate,ETH,2025-01-07,3,0.1095
Gate,ETH,2025-01-08,3,0.09380500000000001
Gate,ETH,2025-01-09,3,0.059495
Gate,ETH,2025-01-10,3,0.079205
Gate,ETH,2025-01-11,3,0.085045
Gate,ETH,2025-01-12,3,0.091615
Gate,ETH,2025-01-13,3,0.10147
Gate,ETH,2025-01-14,3,0.060225
Gate,ETH,2025-01-15,3,0.042705
Gate,ETH,2025-01-16,3,0.1095
Gate,ETH,2025-01-17,3,0.1095
Gate,ETH,2025-01-18,3,0.1095
Gate,ETH,2025-01-19,3,0.1095
Gate,ETH,2025-01-20,3,0.1095
Gate,ETH,2025-01-21,3,0.1095
Gate,ETH,2025-01-22,3,0.1095
Gate,ETH,2025-01-23,3,0.1095
Gate,ETH,2025-01-24,3,0.10731
Gate,ETH,2025-01-25,3,0.1095
Gate,ETH,2025-01-26,3,0.090155
Gate,ETH,2025-01-27,3,0.1095
Gate,ETH,2025-01-28,3,0.09782
Gate,ETH,2025-01-29,3,0.1095
Gate,ETH,2025-01-30,3,0.07153999999999999
Gate,ETH,2025-01-31,3,0.039785
Gate,ETH,2025-02-01,3,0.1095
Gate,ETH,2025-02-02,3,0.1095
Gate,ETH,2025-02-03,3,-0.006570000000000002
Gate,ETH,2025-02-04,3,0.01241
Gate,ETH,2025-02-05,3,0.02409
Gate,ETH,2025-02-06,3,-0.006570000000000002
Gate,ETH,2025-02-07,3,0.01095
Gate,ETH,2025-02-08,3,0.076285
Gate,ETH,2025-02-09,3,-0.015329999999999998
Gate,ETH,2025-02-10,3,0.021170000000000005
Gate,ETH,2025-02-11,3,0.027740000000000004
Gate,ETH,2025-02-12,3,0.065335
Gate,ETH,2025-02-13,3,0.0292
Gate,ETH,2025-02-14,3,0.005475
Gate,ETH,2025-02-15,3,0.06205
Gate,ETH,2025-02-16,3,0.055845
Gate,ETH,2025-02-17,3,0.0029199999999999973
Gate,ETH,2025-02-18,3,0.1095
Gate,ETH,2025-02-19,3,0.010950000000000001
Gate,ETH,2025-02-20,3,0.003285
Gate,ETH,2025-02-21,3,-0.02774
Gate,ETH,2025-02-22,3,0.07665
Gate,ETH,2025-02-23,3,-0.09891499999999999
Gate,ETH,2025-02-24,3,0.03577
Gate,ETH,2025-02-25,3,0.1022
Gate,ETH,2025-02-26,3,0.0511
Gate,ETH,2025-02-27,3,0.039055
Gate,ETH,2025-02-28,3,0.060590000000000005
Gate,ETH,2025-03-01,3,0.04015
Gate,ETH,2025-03-02,3,0.0584
Gate,ETH,2025-03-03,3,0.039055
Gate,ETH,2025-03-04,3,0.06059
Gate,ETH,2025-03-05,3,0.03504
Gate,ETH,2025-03-06,3,0.021900000000000003
Gate,ETH,2025-03-07,3,0.070445
Gate,ETH,2025-03-08,3,0.06679500000000001
Gate,ETH,2025-03-09,3,0.0010949999999999988
Gate,ETH,2025-03-10,3,0.065335
Gate,ETH,2025-03-11,3,0.0
Gate,ETH,2025-03-12,3,0.0219
Gate,ETH,2025-03-13,3,0.021900000000000003
Gate,ETH,2025-03-14,3,-0.013504999999999998
Gate,ETH,2025-03-15,3,0.00036500000000000014
Gate,ETH,2025-03-16,3,0.029564999999999998
Gate,ETH,2025-03-17,3,0.00949
Gate,ETH,2025-03-18,3,0.04270499999999999
Gate,ETH,2025-03-19,3,-0.016425000000000002
Gate,ETH,2025-03-20,3,0.039420000000000004
Gate,ETH,2025-03-21,3,0.07957
Gate,ETH,2025-03-22,3,-0.087965
Gate,ETH,2025-03-23,3,0.017884999999999998
Gate,ETH,2025-03-24,3,-0.019345
Gate,ETH,2025-03-25,3,0.045625
Gate,ETH,2025-03-26,3,0.0803
Gate,ETH,2025-03-27,3,0.03139
Gate,ETH,2025-03-28,3,0.068985
Gate,ETH,2025-03-29,3,0.04015
Gate,ETH,2025-03-30,3,0.009489999999999998
Gate,ETH,2025-03-31,3,0.01971
Gate,ETH,2025-04-01,3,0.02044
Gate,ETH,2025-04-02,3,0.06862
Gate,ETH,2025-04-03,3,0.05621
Gate,ETH,2025-04-04,3,0.02409
Gate,ETH,2025-04-05,3,0.07811
Gate,ETH,2025-04-06,3,0.04964
Gate,ETH,2025-04-07,3,-0.017519999999999997
Gate,ETH,2025-04-08,3,-2.3129646346357427e-18
Gate,ETH,2025-04-09,3,0.012044999999999998
Gate,ETH,2025-04-10,3,-0.018979999999999997
Gate,ETH,2025-04-11,3,-0.043070000000000004
Gate,ETH,2025-04-12,3,-0.05767
Gate,ETH,2025-04-13,3,0.01971
Gate,ETH,2025-04-14,3,0.028105
Gate,ETH,2025-04-15,3,0.02774
Gate,ETH,2025-04-16,3,0.03504
Gate,ETH,2025-04-17,3,-0.02482
Gate,ETH,2025-04-18,3,0.013869999999999995
Gate,ETH,2025-04-19,3,0.023724999999999996
Gate,ETH,2025-04-20,3,0.06059
Gate,ETH,2025-04-21,3,-0.0032849999999999984
Gate,ETH,2025-04-22,3,0.017884999999999998
Gate,ETH,2025-04-23,3,-0.04015
Gate,ETH,2025-04-24,3,0.02409
Gate,ETH,2025-04-25,3,0.021900000000000003
Gate,ETH,2025-04-26,3,-0.0014599999999999995
Gate,ETH,2025-04-27,3,0.007300000000000001
Gate,ETH,2025-04-28,3,0.007299999999999998
Gate,ETH,2025-04-29,3,0.004014999999999998
Gate,ETH,2025-04-30,3,0.052559999999999996
Gate,ETH,2025-05-01,3,-0.05767
Gate,ETH,2025-05-02,3,0.020440000000000003
Gate,ETH,2025-05-03,3,0.031025
Gate,ETH,2025-05-04,3,0.01241
Gate,ETH,2025-05-05,3,0.029565000000000004
Gate,ETH,2025-05-06,3,0.039785
Gate,ETH,2025-05-07,3,-0.01825
Gate,ETH,2025-05-08,3,-0.052925
Gate,ETH,2025-05-09,3,0.1095
Gate,ETH,2025-05-10,3,0.025185
Gate,ETH,2025-05-11,3,0.10293000000000001
Gate,ETH,2025-05-12,3,0.09891499999999999
Gate,ETH,2025-05-13,3,-0.002555000000000003
Gate,ETH,2025-05-14,3,0.08249
Gate,ETH,2025-05-15,3,0.033215
Gate,ETH,2025-05-16,3,0.01095
Gate,ETH,2025-05-17,3,0.038689999999999995
Gate,ETH,2025-05-18,3,0.043800000000000006
Gate,ETH,2025-05-19,3,0.06278
Gate,ETH,2025-05-20,3,-0.005110000000000001
Gate,ETH,2025-05-21,3,-0.006935000000000001
Gate,ETH,2025-05-22,3,-0.028835
Gate,ETH,2025-05-23,3,0.0584
Gate,ETH,2025-05-24,3,0.04015
Gate,ETH,2025-05-25,3,0.066065
Gate,ETH,2025-05-26,3,0.019344999999999998
Gate,ETH,2025-05-27,3,0.015695000000000004
Gate,ETH,2025-05-28,3,0.0511
Gate,ETH,2025-05-29,3,0.07482499999999999
Gate,ETH,2025-05-30,3,0.07518999999999999
Gate,ETH,2025-05-31,3,0.043435
Gate,ETH,2025-06-01,3,0.06424
Gate,ETH,2025-06-02,3,0.062049999999999994
Gate,ETH,2025-06-03,3,-0.006935
Gate,ETH,2025-06-04,3,0.02263
Gate,ETH,2025-06-05,3,0.1095
Gate,ETH,2025-06-06,3,-0.009855000000000001
Gate,ETH,2025-06-07,3,0.00949
Gate,ETH,2025-06-08,3,0.009855000000000001
Gate,ETH,2025-06-09,3,0.051465000000000004
Gate,ETH,2025-06-10,3,-0.002919999999999999
Gate,ETH,2025-06-11,3,0.050735
Gate,ETH,2025-06-12,3,0.06497
Gate,ETH,2025-06-13,3,0.014235000000000003
Gate,ETH,2025-06-14,3,0.035405
Gate,ETH,2025-06-15,3,0.006205
Gate,ETH,2025-06-16,3,-0.0032850000000000015
Gate,ETH,2025-06-17,3,0.070445
Gate,ETH,2025-06-18,3,0.019710000000000002
Gate,ETH,2025-06-19,3,0.038325000000000005
Gate,ETH,2025-06-20,3,0.024455
Gate,ETH,2025-06-21,3,0.019710000000000002
Gate,ETH,2025-06-22,3,-0.002920000000000001
Gate,ETH,2025-06-23,3,-0.0036500000000000005
Gate,ETH,2025-06-24,3,-0.05183000000000001
Gate,ETH,2025-06-25,3,-0.01241
Gate,ETH,2025-06-26,3,0.011680000000000001
Gate,ETH,2025-06-27,3,-0.012775
Gate,ETH,2025-06-28,3,0.017884999999999998
Gate,ETH,2025-06-29,3,-0.021535
Gate,ETH,2025-06-30,3,0.03869
Gate,ETH,2025-07-01,3,0.03723
Gate,ETH,2025-07-02,3,-0.019345
Gate,ETH,2025-07-03,3,-0.079935
Gate,ETH,2025-07-04,3,0.058035
Gate,ETH,2025-07-05,3,0.027010000000000003
Gate,ETH,2025-07-06,3,0.069715
Gate,ETH,2025-07-07,3,0.042339999999999996
Gate,ETH,2025-07-08,3,-0.007665000000000004
Gate,ETH,2025-07-09,3,-0.053655
Gate,ETH,2025-07-10,3,-0.07081
Gate,ETH,2025-07-11,3,0.087235
Gate,ETH,2025-07-12,3,0.10293000000000001
Gate,ETH,2025-07-13,3,-0.00949
Gate,ETH,2025-07-14,3,0.07884000000000001
Gate,ETH,2025-07-15,3,0.10731
Gate,ETH,2025-07-16,3,0.073365
Gate,ETH,2025-07-17,3,0.1095
Gate,ETH,2025-07-18,3,0.1095
Gate,ETH,2025-07-19,3,0.1095
Gate,ETH,2025-07-20,3,0.1095
Gate,ETH,2025-07-21,3,0.1095
Gate,ETH,2025-07-22,3,0.1095
Gate,ETH,2025-07-23,3,0.1095
Gate,ETH,2025-07-24,3,0.060955
Gate,ETH,2025-07-25,3,0.043434999999999994
Gate,ETH,2025-07-26,3,-0.06059
Gate,ETH,2025-07-27,3,-0.02628
Gate,ETH,2025-07-28,3,0.052559999999999996
Gate,ETH,2025-07-29,3,0.1095
Gate,ETH,2025-07-30,3,0.097455
Gate,ETH,2025-07-31,3,-0.05803499999999998
Gate,ETH,2025-08-01,3,0.1095
Gate,ETH,2025-08-02,3,-0.002920000000000001
Gate,ETH,2025-08-03,3,-0.07665
Gate,ETH,2025-08-04,3,-0.039785
Gate,ETH,2025-08-05,3,0.060955
Gate,ETH,2025-08-06,3,0.060225
Gate,ETH,2025-08-07,3,-0.143445
Gate,ETH,2025-08-08,3,0.039420000000000004
Gate,ETH,2025-08-09,3,0.1095
Gate,ETH,2025-08-10,3,0.1095
Gate,ETH,2025-08-11,3,0.1095
Gate,ETH,2025-08-12,3,0.05913000000000001
Gate,ETH,2025-08-13,3,0.09562999999999999
Gate,ETH,2025-08-14,3,0.1095
Gate,ETH,2025-08-15,3,0.1095
Gate,ETH,2025-08-16,3,0.1095
Gate,ETH,2025-08-17,3,0.005840000000000001
Gate,ETH,2025-08-18,3,0.1095
Gate,ETH,2025-08-19,3,0.095265
Gate,ETH,2025-08-20,3,0.03577
Gate,ETH,2025-08-21,3,0.051465000000000004
Gate,ETH,2025-08-22,3,0.085775
Gate,ETH,2025-08-23,3,0.10001
Gate,ETH,2025-08-24,3,0.06059
Gate,ETH,2025-08-25,3,0.073365
Gate,ETH,2025-08-26,3,0.06679500000000001
Gate,ETH,2025-08-27,3,-0.059129999999999995
Gate,ETH,2025-08-28,3,0.08103
Gate,ETH,2025-08-29,3,0.1095
Gate,ETH,2025-08-30,3,0.039420000000000004
Gate,ETH,2025-08-31,3,0.01898
Gate,ETH,2025-09-01,3,0.068985
Gate,ETH,2025-09-02,3,0.04307
Gate,ETH,2025-09-03,3,0.028835
Gate,ETH,2025-09-04,3,0.039055
Gate,ETH,2025-09-05,3,0.10147
Gate,ETH,2025-09-06,3,0.106945
Gate,ETH,2025-09-07,3,0.10183500000000001
Gate,ETH,2025-09-08,3,0.085045
Gate,ETH,2025-09-09,3,0.08249
Gate,ETH,2025-09-10,3,0.07884000000000001
Gate,ETH,2025-09-11,3,0.026279999999999998
Gate,ETH,2025-09-12,3,0.027740000000000004
Gate,ETH,2025-09-13,3,0.011315
Gate,ETH,2025-09-14,3,0.1095
Gate,ETH,2025-09-15,3,0.1095
Gate,ETH,2025-09-16,3,0.1095
Gate,ETH,2025-09-17,3,0.05986
Gate,ETH,2025-09-18,3,0.03577
Gate,ETH,2025-09-19,3,0.08869500000000001
Gate,ETH,2025-09-20,3,0.1095
Gate,ETH,2025-09-21,3,0.07993499999999999
Gate,ETH,2025-09-22,3,0.03285
Gate,ETH,2025-09-23,3,-0.04015
Gate,ETH,2025-09-24,3,0.027009999999999996
Gate,ETH,2025-09-25,3,0.060955
Gate,ETH,2025-09-26,3,-0.03358
Gate,ETH,2025-09-27,3,0.00511
Gate,ETH,2025-09-28,3,0.08322
Gate,ETH,2025-09-29,3,-0.02555
Gate,ETH,2025-09-30,3,0.01971
Gate,ETH,2025-10-01,3,0.002919999999999999
Gate,ETH,2025-10-02,3,0.05365499999999999
Gate,ETH,2025-10-03,3,0.09818500000000001
Gate,ETH,2025-10-04,3,0.067525
Gate,ETH,2025-10-05,3,0.07665000000000001
Gate,ETH,2025-10-06,3,0.076285
Gate,ETH,2025-10-07,3,0.105485
Gate,ETH,2025-10-08,3,0.077745
Gate,ETH,2025-10-09,3,0.05840000000000001
Gate,ETH,2025-10-10,3,0.046355
Gate,ETH,2025-10-11,3,-0.308425
Gate,ETH,2025-10-12,3,-0.041245
Gate,ETH,2025-10-13,3,0.057304999999999995
Gate,ETH,2025-10-14,3,0.02482
Gate,ETH,2025-10-15,3,0.047815
Gate,ETH,2025-10-16,3,0.016789999999999996
Gate,ETH,2025-10-17,3,0.04745
Gate,ETH,2025-10-18,3,-0.012044999999999998
Gate,ETH,2025-10-19,3,0.03139
Gate,ETH,2025-10-20,3,0.029564999999999998
Gate,ETH,2025-10-21,3,0.03577
Gate,ETH,2025-10-22,3,0.019345
Gate,ETH,2025-10-23,3,0.0025549999999999995
Gate,ETH,2025-10-24,3,0.006569999999999997
Gate,ETH,2025-10-25,3,0.026645000000000002
Gate,ETH,2025-10-26,3,-0.0007299999999999997
Gate,ETH,2025-10-27,3,0.06862
Gate,ETH,2025-10-28,3,0.052925
Gate,ETH,2025-10-29,3,0.005840000000000001
Gate,ETH,2025-10-30,3,-0.009125000000000001
Gate,ETH,2025-10-31,3,-0.03139
Gate,ETH,2025-11-01,3,-0.02774
Gate,ETH,2025-11-02,3,0.026645000000000002
Gate,ETH,2025-11-03,3,0.043435
Gate,ETH,2025-11-04,3,0.009125000000000001
Gate,ETH,2025-11-05,3,-0.028105
Gate,ETH,2025-11-06,3,-0.006935
Gate,ETH,2025-11-07,3,0.04234000000000001
Gate,ETH,2025-11-08,3,-0.027374999999999997
Gate,ETH,2025-11-09,3,-0.016059999999999998
Gate,ETH,2025-11-10,3,0.025914999999999997
Gate,ETH,2025-11-11,3,0.006935
Gate,ETH,2025-11-12,3,-0.011315
Gate,ETH,2025-11-13,3,0.04197499999999999
Gate,ETH,2025-11-14,3,0.0032849999999999993
Gate,ETH,2025-11-15,3,0.041975000000000005
Gate,ETH,2025-11-16,3,0.01606
Gate,ETH,2025-11-17,3,-0.011314999999999999
Gate,ETH,2025-11-18,3,0.07227
Gate,ETH,2025-11-19,3,0.040514999999999995
Gate,ETH,2025-11-20,3,0.071175
Gate,ETH,2025-11-21,3,0.045625
Gate,ETH,2025-11-22,3,0.008394999999999998
Gate,ETH,2025-11-23,3,-0.0010950000000000016
Gate,ETH,2025-11-24,3,0.04891
Gate,ETH,2025-11-25,3,-0.0072999999999999975
Gate,ETH,2025-11-26,3,-0.007665000000000002
Gate,ETH,2025-11-27,3,-0.03722999999999999
Gate,ETH,2025-11-28,3,-0.010584999999999999
Gate,ETH,2025-11-29,3,0.03504
Gate,ETH,2025-11-30,3,-0.017885
Gate,ETH,2025-12-01,3,0.0007300000000000015
Gate,ETH,2025-12-02,3,-0.04818
Gate,ETH,2025-12-03,3,-0.02555
Gate,ETH,2025-12-04,3,0.021535000000000002
Gate,ETH,2025-12-05,3,0.0036499999999999983
Gate,ETH,2025-12-06,3,-0.031025
Gate,ETH,2025-12-07,3,-0.009125000000000001
Gate,ETH,2025-12-08,3,0.01241
Gate,ETH,2025-12-09,3,0.0014600000000000019
Gate,ETH,2025-12-10,3,0.025915000000000004
Gate,ETH,2025-12-11,3,0.043435
Gate,ETH,2025-12-12,3,-0.009125
Gate,ETH,2025-12-13,3,-0.04015
Gate,ETH,2025-12-14,3,0.039420000000000004
Gate,ETH,2025-12-15,3,-0.005475000000000001
Gate,ETH,2025-12-16,3,0.01898
Gate,ETH,2025-12-17,3,0.02482
Gate,ETH,2025-12-18,3,0.017155
Gate,ETH,2025-12-19,3,-0.0018249999999999996
Gate,ETH,2025-12-20,3,-0.028835
Gate,ETH,2025-12-21,3,0.045259999999999995
Gate,ETH,2025-12-22,3,0.007299999999999998
Gate,ETH,2025-12-23,3,0.08723500000000001
Gate,ETH,2025-12-24,3,0.021170000000000005
Gate,ETH,2025-12-25,3,-0.014964999999999994
Gate,ETH,2025-12-26,3,-0.019710000000000002
Gate,ETH,2025-12-27,3,0.02263
Gate,ETH,2025-12-28,3,-0.03577
Gate,ETH,2025-12-29,3,0.002919999999999999
Gate,ETH,2025-12-30,3,0.0219
Gate,ETH,2025-12-31,3,0.03796
Gate,ETH,2026-01-01,3,0.055845
Gate,ETH,2026-01-02,3,-0.063145
Gate,ETH,2026-01-03,3,0.01606
Gate,ETH,2026-01-04,3,0.031755
Gate,ETH,2026-01-05,3,0.05401999999999999
Gate,ETH,2026-01-06,3,-0.012775
Gate,ETH,2026-01-07,3,0.052925
Gate,ETH,2026-01-08,3,0.080665
Gate,ETH,2026-01-09,3,0.05694
Gate,ETH,2026-01-10,3,0.03212
Gate,ETH,2026-01-11,3,0.042339999999999996
Gate,ETH,2026-01-12,3,0.05401999999999999
Gate,ETH,2026-01-13,3,0.02263
Gate,ETH,2026-01-14,3,0.02555
Gate,ETH,2026-01-15,3,0.031389999999999994
Gate,ETH,2026-01-16,3,0.05183000000000001
Gate,ETH,2026-01-17,3,-0.0029199999999999977
Gate,ETH,2026-01-18,3,-0.019345
Gate,ETH,2026-01-19,3,0.040515
Gate,ETH,2026-01-20,3,0.052925
Gate,ETH,2026-01-21,3,-0.004380000000000002
Gate,ETH,2026-01-22,3,0.014234999999999998
Gate,ETH,2026-01-23,3,-0.001095
Gate,ETH,2026-01-24,3,0.005839999999999999
Gate,ETH,2026-01-25,3,0.032485
Gate,ETH,2026-01-26,3,-0.0146
Gate,ETH,2026-01-27,3,0.058765000000000005
Gate,ETH,2026-01-28,3,-0.004380000000000001
Gate,ETH,2026-01-29,3,0.021169999999999998
Gate,ETH,2026-01-30,3,-0.012775
Gate,ETH,2026-01-31,3,0.00803
Gate,ETH,2026-02-01,3,-0.11169
Gate,ETH,2026-02-02,3,-0.086505
Gate,ETH,2026-02-03,3,-0.05694
Gate,ETH,2026-02-04,3,0.019710000000000002
Gate,ETH,2026-02-05,3,0.01898
Gate,ETH,2026-02-06,3,-0.043800000000000006
Gate,ETH,2026-02-07,3,0.020805
Gate,ETH,2026-02-08,3,-0.023360000000000002
Gate,ETH,2026-02-09,3,-0.0292
Gate,ETH,2026-02-10,3,-0.005475000000000001
Gate,ETH,2026-02-11,3,-0.020804999999999997
Gate,ETH,2026-02-12,3,-0.023725
Gate,ETH,2026-02-13,3,0.00949
Gate,ETH,2026-02-14,3,-0.012775
Gate,ETH,2026-02-15,3,0.014235
Gate,ETH,2026-02-16,3,-0.035405
Gate,ETH,2026-02-17,3,0.009124999999999996
Gate,ETH,2026-02-18,3,0.0065699999999999995
Gate,ETH,2026-02-19,3,-0.06314499999999999
Gate,ETH,2026-02-20,3,-0.03358
Gate,ETH,2026-02-21,3,0.043435
Gate,ETH,2026-02-22,3,0.015695
Gate,ETH,2026-02-23,3,-0.11789500000000001
Gate,ETH,2026-02-24,3,-0.023724999999999996
Gate,ETH,2026-02-25,3,0.0021899999999999997
Gate,ETH,2026-02-26,3,0.0438
Gate,ETH,2026-02-27,3,-0.023725
Gate,ETH,2026-02-28,3,-0.12848
Gate,ETH,2026-03-01,3,0.052195
Gate,ETH,2026-03-02,3,-0.014600000000000002
Gate,ETH,2026-03-03,3,0.019345
Gate,ETH,2026-03-04,3,-0.009489999999999997
Gate,ETH,2026-03-05,3,0.0007299999999999997
Gate,ETH,2026-03-06,3,0.012775000000000003
Gate,ETH,2026-03-07,3,-0.00949
Gate,ETH,2026-03-08,3,-0.02847
Gate,ETH,2026-03-09,3,-0.03431
Gate,ETH,2026-03-10,3,0.051465000000000004
Gate,ETH,2026-03-11,3,0.047815
Gate,ETH,2026-03-12,3,0.01241
Gate,ETH,2026-03-13,3,0.04891
Gate,ETH,2026-03-14,3,0.007300000000000001
Gate,ETH,2026-03-15,3,0.0010949999999999994
Gate,ETH,2026-03-16,3,0.011680000000000003
Gate,ETH,2026-03-17,3,-0.00876
Gate,ETH,2026-03-18,3,-0.011680000000000001
Gate,ETH,2026-03-19,3,0.001094999999999998
Gate,ETH,2026-03-20,3,-0.014965000000000001
Gate,ETH,2026-03-21,3,0.013505000000000001
Gate,ETH,2026-03-22,3,-0.01752
Gate,ETH,2026-03-23,3,0.023360000000000002
Gate,ETH,2026-03-24,3,0.023725
Gate,ETH,2026-03-25,3,0.01095
Gate,ETH,2026-03-26,3,0.046355
Gate,ETH,2026-03-27,3,-0.045989999999999996
Gate,ETH,2026-03-28,3,-0.030660000000000003
Gate,ETH,2026-03-29,3,0.05621
Gate,ETH,2026-03-30,3,0.002555
Gate,ETH,2026-03-31,3,0.024455
Gate,ETH,2026-04-01,3,-0.004745
Gate,ETH,2026-04-02,3,-0.050735
Gate,ETH,2026-04-03,3,-0.0146
Gate,ETH,2026-04-04,3,0.005475
Gate,ETH,2026-04-05,3,0.0014599999999999995
Gate,ETH,2026-04-06,3,0.034675000000000004
Gate,ETH,2026-04-07,3,-0.006934999999999999
Gate,ETH,2026-04-08,3,0.03796
Gate,ETH,2026-04-09,3,0.058035
Gate,ETH,2026-04-10,3,0.017154999999999997
Gate,ETH,2026-04-11,3,-0.040515
Gate,ETH,2026-04-12,3,0.044895
Gate,ETH,2026-04-13,3,0.009125000000000001
Gate,ETH,2026-04-14,3,0.0010949999999999994
Gate,ETH,2026-04-15,3,-0.03285
Gate,ETH,2026-04-16,3,-0.08833
Gate,ETH,2026-04-17,3,-0.06643
Gate,ETH,2026-04-18,3,-0.017519999999999994
Gate,ETH,2026-04-19,3,-0.043435
Gate,ETH,2026-04-20,3,-0.004014999999999998
Gate,ETH,2026-04-21,3,-0.01022
Gate,ETH,2026-04-22,3,-0.060590000000000005
Gate,ETH,2026-04-23,3,0.041975000000000005
Gate,ETH,2026-04-24,3,0.0043799999999999985
Gate,ETH,2026-04-25,3,0.018615000000000003
Gate,ETH,2026-04-26,3,0.007664999999999998
Gate,ETH,2026-04-27,3,-0.012045
Gate,ETH,2026-04-28,3,-0.060590000000000005
Gate,ETH,2026-04-29,3,-0.03248499999999999
Gate,ETH,2026-04-30,3,-0.063875
Gate,ETH,2026-05-01,3,-0.05657500000000001
Gate,ETH,2026-05-02,3,-0.02774
Gate,ETH,2026-05-03,3,-0.04307
Gate,ETH,2026-05-04,3,-0.11789500000000001
Gate,ETH,2026-05-05,3,-0.08322
Gate,ETH,2026-05-06,3,-0.031755
Gate,ETH,2026-05-07,3,0.093075
Gate,ETH,2026-05-08,3,0.05548
Gate,ETH,2026-05-09,3,0.08942499999999999
Gate,ETH,2026-05-10,3,0.035405
Gate,ETH,2026-05-11,3,-0.006204999999999998
Gate,ETH,2026-05-12,3,0.07409500000000001
Gate,ETH,2026-05-13,3,0.039785
Gate,ETH,2026-05-14,3,0.059129999999999995
Gate,ETH,2026-05-15,3,0.08395000000000001
Gate,ETH,2026-05-16,3,0.085045
Gate,ETH,2026-05-17,3,0.07007999999999999
Hyperliquid,BNB,2023-10-01,24,0.10883533500000002
Hyperliquid,BNB,2023-10-02,24,0.097838323
Hyperliquid,BNB,2023-10-03,24,0.0950325315
Hyperliquid,BNB,2023-10-04,24,0.0711038615
Hyperliquid,BNB,2023-10-05,24,0.0956076985
Hyperliquid,BNB,2023-10-06,24,0.10849522800000001
Hyperliquid,BNB,2023-10-07,24,0.10884489800000001
Hyperliquid,BNB,2023-10-08,24,0.1095
Hyperliquid,BNB,2023-10-09,24,0.1095
Hyperliquid,BNB,2023-10-10,24,0.10536798100000001
Hyperliquid,BNB,2023-10-11,24,0.08836562400000002
Hyperliquid,BNB,2023-10-12,24,0.098270483
Hyperliquid,BNB,2023-10-13,24,0.1095
Hyperliquid,BNB,2023-10-14,24,0.1095
Hyperliquid,BNB,2023-10-15,24,0.09192112550000002
Hyperliquid,BNB,2023-10-16,24,0.09679449600000001
Hyperliquid,BNB,2023-10-17,24,0.1078572445
Hyperliquid,BNB,2023-10-18,24,0.10546032600000001
Hyperliquid,BNB,2023-10-19,24,0.09848791350000001
Hyperliquid,BNB,2023-10-20,24,0.1095
Hyperliquid,BNB,2023-10-21,24,0.1095
Hyperliquid,BNB,2023-10-22,24,0.11569989000000001
Hyperliquid,BNB,2023-10-23,24,0.12081032800000002
Hyperliquid,BNB,2023-10-24,24,0.285268232
Hyperliquid,BNB,2023-10-25,24,0.38689547399999996
Hyperliquid,BNB,2023-10-26,24,0.36198236250000004
Hyperliquid,BNB,2023-10-27,24,0.310773118
Hyperliquid,BNB,2023-10-28,24,0.215632583
Hyperliquid,BNB,2023-10-29,24,0.1713778295
Hyperliquid,BNB,2023-10-30,24,0.16074720450000002
Hyperliquid,BNB,2023-10-31,24,0.13240083
Hyperliquid,BNB,2023-11-01,24,0.224605743
Hyperliquid,BNB,2023-11-02,24,0.3921142075
Hyperliquid,BNB,2023-11-03,24,0.153937509
Hyperliquid,BNB,2023-11-04,24,0.136211576
Hyperliquid,BNB,2023-11-05,24,0.24517425950000002
Hyperliquid,BNB,2023-11-06,24,0.5766210505
Hyperliquid,BNB,2023-11-07,24,0.420930483
Hyperliquid,BNB,2023-11-08,24,0.3012692845
Hyperliquid,BNB,2023-11-09,24,0.253859617
Hyperliquid,BNB,2023-11-10,24,0.355468317
Hyperliquid,BNB,2023-11-11,24,0.42604011799999997
Hyperliquid,BNB,2023-11-12,24,0.3279269865
Hyperliquid,BNB,2023-11-13,24,0.351161463
Hyperliquid,BNB,2023-11-14,24,0.1949888035
Hyperliquid,BNB,2023-11-15,24,0.5843047385000001
Hyperliquid,BNB,2023-11-16,24,0.8433370259999999
Hyperliquid,BNB,2023-11-17,24,0.0920212085
Hyperliquid,BNB,2023-11-18,24,0.1095
Hyperliquid,BNB,2023-11-19,24,0.14949451
Hyperliquid,BNB,2023-11-20,24,0.9800436515
Hyperliquid,BNB,2023-11-21,24,0.46262384900000003
Hyperliquid,BNB,2023-11-22,24,0.373967101
Hyperliquid,BNB,2023-11-23,24,0.19254622350000003
Hyperliquid,BNB,2023-11-24,24,0.26202517799999997
Hyperliquid,BNB,2023-11-25,24,0.407155967
Hyperliquid,BNB,2023-11-26,24,0.183222992
Hyperliquid,BNB,2023-11-27,24,0.6302751745
Hyperliquid,BNB,2023-11-28,24,0.5614295315
Hyperliquid,BNB,2023-11-29,24,0.27448609549999997
Hyperliquid,BNB,2023-11-30,24,0.1095
Hyperliquid,BNB,2023-12-01,24,0.0972958235
Hyperliquid,BNB,2023-12-02,24,0.041399468
Hyperliquid,BNB,2023-12-03,24,0.128055724
Hyperliquid,BNB,2023-12-04,24,0.5302678390000001
Hyperliquid,BNB,2023-12-05,24,-0.4631452515
Hyperliquid,BNB,2023-12-06,24,-0.6668647089999999
Hyperliquid,BNB,2023-12-07,24,-0.0219360985
Hyperliquid,BNB,2023-12-08,24,0.357217908
Hyperliquid,BNB,2023-12-09,24,0.9278686535
Hyperliquid,BNB,2023-12-10,24,0.179445753
Hyperliquid,BNB,2023-12-11,24,0.0449514655
Hyperliquid,BNB,2023-12-12,24,-0.4104746565
Hyperliquid,BNB,2023-12-13,24,-1.153580018
Hyperliquid,BNB,2023-12-14,24,-0.8694256564999999
Hyperliquid,BNB,2023-12-15,24,-0.6222217415
Hyperliquid,BNB,2023-12-16,24,-0.623499789
Hyperliquid,BNB,2023-12-17,24,-0.04993013849999999
Hyperliquid,BNB,2023-12-18,24,0.10212137900000001
Hyperliquid,BNB,2023-12-19,24,-0.4365079164999999
Hyperliquid,BNB,2023-12-20,24,-0.6337581505
Hyperliquid,BNB,2023-12-21,24,-0.2375615275
Hyperliquid,BNB,2023-12-22,24,-0.041081188
Hyperliquid,BNB,2023-12-23,24,-0.6247949915
Hyperliquid,BNB,2023-12-24,24,-0.374868578
Hyperliquid,BNB,2023-12-25,24,-0.2070321245
Hyperliquid,BNB,2023-12-26,24,0.03234111700000001
Hyperliquid,BNB,2023-12-27,24,-0.45581400749999995
Hyperliquid,BNB,2023-12-28,24,-0.42176396050000003
Hyperliquid,BNB,2023-12-29,24,-0.352249528
Hyperliquid,BNB,2023-12-30,24,-0.912585118
Hyperliquid,BNB,2023-12-31,24,-0.8577185735
Hyperliquid,BNB,2024-01-01,24,-0.26683956449999996
Hyperliquid,BNB,2024-01-02,24,0.0942232535
Hyperliquid,BNB,2024-01-03,24,0.1336819435
Hyperliquid,BNB,2024-01-04,24,0.07705489450000001
Hyperliquid,BNB,2024-01-05,24,-0.6793951955
Hyperliquid,BNB,2024-01-06,24,-0.39399771699999997
Hyperliquid,BNB,2024-01-07,24,-0.44207263350000003
Hyperliquid,BNB,2024-01-08,24,-0.04047441199999999
Hyperliquid,BNB,2024-01-09,24,0.338674229
Hyperliquid,BNB,2024-01-10,24,0.4029152875
Hyperliquid,BNB,2024-01-11,24,0.334487022
Hyperliquid,BNB,2024-01-12,24,0.42772554199999996
Hyperliquid,BNB,2024-01-13,24,0.2513951735
Hyperliquid,BNB,2024-01-14,24,0.273213231
Hyperliquid,BNB,2024-01-15,24,0.1026795005
Hyperliquid,BNB,2024-01-16,24,-0.5658201165
Hyperliquid,BNB,2024-01-17,24,-0.34728012599999997
Hyperliquid,BNB,2024-01-18,24,-0.2666329015
Hyperliquid,BNB,2024-01-19,24,-0.596693459
Hyperliquid,BNB,2024-01-20,24,-0.5030210635
Hyperliquid,BNB,2024-01-21,24,-0.409740824
Hyperliquid,BNB,2024-01-22,24,-0.6763400725
Hyperliquid,BNB,2024-01-23,24,-0.47727038650000003
Hyperliquid,BNB,2024-01-24,24,-0.23655244849999998
Hyperliquid,BNB,2024-01-25,24,0.11307298500000001
Hyperliquid,BNB,2024-01-26,24,0.11140011700000002
Hyperliquid,BNB,2024-01-27,24,0.1188883475
Hyperliquid,BNB,2024-01-28,24,0.152963689
Hyperliquid,BNB,2024-01-29,24,0.1322008465
Hyperliquid,BNB,2024-01-30,24,0.1250416635
Hyperliquid,BNB,2024-01-31,24,0.1095
Hyperliquid,BNB,2024-02-01,24,0.1095
Hyperliquid,BNB,2024-02-02,24,0.1095
Hyperliquid,BNB,2024-02-03,24,0.1095
Hyperliquid,BNB,2024-02-04,24,0.11859620150000001
Hyperliquid,BNB,2024-02-05,24,0.1095
Hyperliquid,BNB,2024-02-06,24,0.1095
Hyperliquid,BNB,2024-02-07,24,0.009485839000000008
Hyperliquid,BNB,2024-02-08,24,-0.8282754469999999
Hyperliquid,BNB,2024-02-09,24,-0.40467122949999995
Hyperliquid,BNB,2024-02-10,24,-0.36739272100000003
Hyperliquid,BNB,2024-02-11,24,-0.40754465549999996
Hyperliquid,BNB,2024-02-12,24,-0.40793057
Hyperliquid,BNB,2024-02-13,24,-0.231592573
Hyperliquid,BNB,2024-02-14,24,-0.10260733999999999
Hyperliquid,BNB,2024-02-15,24,0.25996979
Hyperliquid,BNB,2024-02-16,24,0.131918154
Hyperliquid,BNB,2024-02-17,24,-0.2260641005
Hyperliquid,BNB,2024-02-18,24,-0.536147478
Hyperliquid,BNB,2024-02-19,24,0.49219155000000003
Hyperliquid,BNB,2024-02-20,24,0.32195445500000003
Hyperliquid,BNB,2024-02-21,24,-0.31351587399999997
Hyperliquid,BNB,2024-02-22,24,-0.725561454
Hyperliquid,BNB,2024-02-23,24,-0.3265571415
Hyperliquid,BNB,2024-02-24,24,-0.594833273
Hyperliquid,BNB,2024-02-25,24,-0.22780580749999998
Hyperliquid,BNB,2024-02-26,24,0.09206628600000001
Hyperliquid,BNB,2024-02-27,24,0.08818856250000001
Hyperliquid,BNB,2024-02-28,24,0.07881065400000001
Hyperliquid,BNB,2024-02-29,24,0.8201603655
Hyperliquid,BNB,2024-03-01,24,0.5991930520000001
Hyperliquid,BNB,2024-03-02,24,0.443573696
Hyperliquid,BNB,2024-03-03,24,0.37912929600000006
Hyperliquid,BNB,2024-03-04,24,0.401892375
Hyperliquid,BNB,2024-03-05,24,0.630087528
Hyperliquid,BNB,2024-03-06,24,0.137184228
Hyperliquid,BNB,2024-03-07,24,0.1917179655
Hyperliquid,BNB,2024-03-08,24,0.09235525650000002
Hyperliquid,BNB,2024-03-09,24,-0.008350615999999993
Hyperliquid,BNB,2024-03-10,24,0.20772934750000002
Hyperliquid,BNB,2024-03-11,24,0.18987986199999998
Hyperliquid,BNB,2024-03-12,24,0.6369427025
Hyperliquid,BNB,2024-03-13,24,0.9527647195000001
Hyperliquid,BNB,2024-03-14,24,0.4690416805
Hyperliquid,BNB,2024-03-15,24,0.160269894
Hyperliquid,BNB,2024-03-16,24,0.11144804150000003
Hyperliquid,BNB,2024-03-17,24,0.09843524400000002
Hyperliquid,BNB,2024-03-18,24,0.17515368150000002
Hyperliquid,BNB,2024-03-19,24,0.12348793150000002
Hyperliquid,BNB,2024-03-20,24,0.1095
Hyperliquid,BNB,2024-03-21,24,0.1095
Hyperliquid,BNB,2024-03-22,24,0.1095
Hyperliquid,BNB,2024-03-23,24,0.10982901100000002
Hyperliquid,BNB,2024-03-24,24,0.17356728200000002
Hyperliquid,BNB,2024-03-25,24,0.2574638095
Hyperliquid,BNB,2024-03-26,24,0.11472749350000001
Hyperliquid,BNB,2024-03-27,24,0.173781026
Hyperliquid,BNB,2024-03-28,24,0.19320190950000002
Hyperliquid,BNB,2024-03-29,24,0.14049532550000002
Hyperliquid,BNB,2024-03-30,24,0.04163719250000001
Hyperliquid,BNB,2024-03-31,24,0.0790481595
Hyperliquid,BNB,2024-04-01,24,0.1095
Hyperliquid,BNB,2024-04-02,24,0.234172393
Hyperliquid,BNB,2024-04-03,24,0.171993183
Hyperliquid,BNB,2024-04-04,24,0.07567625300000001
Hyperliquid,BNB,2024-04-05,24,-0.4646781785
Hyperliquid,BNB,2024-04-06,24,-0.1081120145
Hyperliquid,BNB,2024-04-07,24,-0.04083043299999999
Hyperliquid,BNB,2024-04-08,24,0.07057348000000001
Hyperliquid,BNB,2024-04-09,24,0.414845714
Hyperliquid,BNB,2024-04-10,24,0.6830870244999999
Hyperliquid,BNB,2024-04-11,24,0.37664386499999997
Hyperliquid,BNB,2024-04-12,24,0.014320373500000002
Hyperliquid,BNB,2024-04-13,24,-0.5633785219999999
Hyperliquid,BNB,2024-04-14,24,-0.1893550285
Hyperliquid,BNB,2024-04-15,24,-0.40802820749999996
Hyperliquid,BNB,2024-04-16,24,-0.39102917200000004
Hyperliquid,BNB,2024-04-17,24,0.1095
Hyperliquid,BNB,2024-04-18,24,-0.03706173499999999
Hyperliquid,BNB,2024-04-19,24,0.05811000750000001
Hyperliquid,BNB,2024-04-20,24,0.007220941000000005
Hyperliquid,BNB,2024-04-21,24,0.09022274400000001
Hyperliquid,BNB,2024-04-22,24,0.10924479200000002
Hyperliquid,BNB,2024-04-23,24,0.016910085000000012
Hyperliquid,BNB,2024-04-24,24,-0.18450662399999998
Hyperliquid,BNB,2024-04-25,24,-0.311488664
Hyperliquid,BNB,2024-04-26,24,-0.40852190650000003
Hyperliquid,BNB,2024-04-27,24,-0.463911642
Hyperliquid,BNB,2024-04-28,24,-0.8263007605
Hyperliquid,BNB,2024-04-29,24,-0.649711607
Hyperliquid,BNB,2024-04-30,24,-0.20059848850000003
Hyperliquid,BNB,2024-05-01,24,-0.32903136699999996
Hyperliquid,BNB,2024-05-02,24,-0.118366872
Hyperliquid,BNB,2024-05-03,24,-0.060988068999999985
Hyperliquid,BNB,2024-05-04,24,-0.2886229105
Hyperliquid,BNB,2024-05-05,24,-0.34260944
Hyperliquid,BNB,2024-05-06,24,0.030081292500000013
Hyperliquid,BNB,2024-05-07,24,0.022265876000000007
Hyperliquid,BNB,2024-05-08,24,0.06481651750000002
Hyperliquid,BNB,2024-05-09,24,0.16526028350000002
Hyperliquid,BNB,2024-05-10,24,-0.14247329699999997
Hyperliquid,BNB,2024-05-11,24,-0.049464544500000006
Hyperliquid,BNB,2024-05-12,24,-0.1436457865
Hyperliquid,BNB,2024-05-13,24,-0.102716256
Hyperliquid,BNB,2024-05-14,24,-0.8917442019999999
Hyperliquid,BNB,2024-05-15,24,-0.344202081
Hyperliquid,BNB,2024-05-16,24,0.137056697
Hyperliquid,BNB,2024-05-17,24,0.11604455950000002
Hyperliquid,BNB,2024-05-18,24,0.12190350300000001
Hyperliquid,BNB,2024-05-19,24,-0.052436410999999995
Hyperliquid,BNB,2024-05-20,24,0.14919327549999997
Hyperliquid,BNB,2024-05-21,24,1.1924489775
Hyperliquid,BNB,2024-05-22,24,0.8002099399999999
Hyperliquid,BNB,2024-05-23,24,0.602604926
Hyperliquid,BNB,2024-05-24,24,0.09074469400000001
Hyperliquid,BNB,2024-05-25,24,0.1095
Hyperliquid,BNB,2024-05-26,24,0.1095
Hyperliquid,BNB,2024-05-27,24,0.11410743150000002
Hyperliquid,BNB,2024-05-28,24,0.1095
Hyperliquid,BNB,2024-05-29,24,0.1095
Hyperliquid,BNB,2024-05-30,24,0.10893019850000002
Hyperliquid,BNB,2024-05-31,24,0.08101806450000001
Hyperliquid,BNB,2024-06-01,24,0.18610627300000002
Hyperliquid,BNB,2024-06-02,24,0.3453869075
Hyperliquid,BNB,2024-06-03,24,0.7522513125
Hyperliquid,BNB,2024-06-04,24,0.35077857800000006
Hyperliquid,BNB,2024-06-05,24,0.129502365
Hyperliquid,BNB,2024-06-06,24,0.5111666225
Hyperliquid,BNB,2024-06-07,24,0.10530731800000002
Hyperliquid,BNB,2024-06-08,24,0.10443807050000002
Hyperliquid,BNB,2024-06-09,24,0.04899818400000001
Hyperliquid,BNB,2024-06-10,24,0.0905225185
Hyperliquid,BNB,2024-06-11,24,0.10763185700000001
Hyperliquid,BNB,2024-06-12,24,0.262637794
Hyperliquid,BNB,2024-06-13,24,-0.0646883295
Hyperliquid,BNB,2024-06-14,24,0.09153375100000001
Hyperliquid,BNB,2024-06-15,24,0.1095
Hyperliquid,BNB,2024-06-16,24,0.071249241
Hyperliquid,BNB,2024-06-17,24,0.1095
Hyperliquid,BNB,2024-06-18,24,0.049941490000000005
Hyperliquid,BNB,2024-06-19,24,0.1095
Hyperliquid,BNB,2024-06-20,24,0.1059736985
Hyperliquid,BNB,2024-06-21,24,-0.10079146499999998
Hyperliquid,BNB,2024-06-22,24,-0.003857319999999999
Hyperliquid,BNB,2024-06-23,24,0.07968486550000002
Hyperliquid,BNB,2024-06-24,24,-0.21211204849999998
Hyperliquid,BNB,2024-06-25,24,0.1029519
Hyperliquid,BNB,2024-06-26,24,0.019837823
Hyperliquid,BNB,2024-06-27,24,0.058513588000000005
Hyperliquid,BNB,2024-06-28,24,0.09460329150000002
Hyperliquid,BNB,2024-06-29,24,-0.052335853499999994
Hyperliquid,BNB,2024-06-30,24,0.1832374095
Hyperliquid,BNB,2024-07-01,24,0.1541489535
Hyperliquid,BNB,2024-07-02,24,-0.0688650245
Hyperliquid,BNB,2024-07-03,24,-0.0021048454999999956
Hyperliquid,BNB,2024-07-04,24,-0.1847778555
Hyperliquid,BNB,2024-07-05,24,0.050174944000000006
Hyperliquid,BNB,2024-07-06,24,0.1095
Hyperliquid,BNB,2024-07-07,24,0.07898464950000002
Hyperliquid,BNB,2024-07-08,24,0.086195407
Hyperliquid,BNB,2024-07-09,24,0.1095
Hyperliquid,BNB,2024-07-10,24,0.1095
Hyperliquid,BNB,2024-07-11,24,0.09908501700000001
Hyperliquid,BNB,2024-07-12,24,0.10534684750000001
Hyperliquid,BNB,2024-07-13,24,0.1095
Hyperliquid,BNB,2024-07-14,24,0.10841901600000002
Hyperliquid,BNB,2024-07-15,24,0.1095
Hyperliquid,BNB,2024-07-16,24,0.058108000000000014
Hyperliquid,BNB,2024-07-17,24,0.10337639500000001
Hyperliquid,BNB,2024-07-18,24,0.1095
Hyperliquid,BNB,2024-07-19,24,0.1095
Hyperliquid,BNB,2024-07-20,24,0.1095
Hyperliquid,BNB,2024-07-21,24,0.1095
Hyperliquid,BNB,2024-07-22,24,0.1095
Hyperliquid,BNB,2024-07-23,24,0.10100429650000002
Hyperliquid,BNB,2024-07-24,24,0.09609526550000001
Hyperliquid,BNB,2024-07-25,24,0.08684153000000001
Hyperliquid,BNB,2024-07-26,24,0.1095
Hyperliquid,BNB,2024-07-27,24,0.1095
Hyperliquid,BNB,2024-07-28,24,0.1095
Hyperliquid,BNB,2024-07-29,24,0.1095
Hyperliquid,BNB,2024-07-30,24,0.045167874000000004
Hyperliquid,BNB,2024-07-31,24,0.002092216500000006
Hyperliquid,BNB,2024-08-01,24,0.10454278900000001
Hyperliquid,BNB,2024-08-02,24,0.038329745000000005
Hyperliquid,BNB,2024-08-03,24,-0.12187331750000001
Hyperliquid,BNB,2024-08-04,24,-0.149598973
Hyperliquid,BNB,2024-08-05,24,0.04366735900000001
Hyperliquid,BNB,2024-08-06,24,0.0930669335
Hyperliquid,BNB,2024-08-07,24,0.1095
Hyperliquid,BNB,2024-08-08,24,0.10186525850000001
Hyperliquid,BNB,2024-08-09,24,0.1095
Hyperliquid,BNB,2024-08-10,24,0.1095
Hyperliquid,BNB,2024-08-11,24,0.1095
Hyperliquid,BNB,2024-08-12,24,0.1095
Hyperliquid,BNB,2024-08-13,24,0.0793438825
Hyperliquid,BNB,2024-08-14,24,0.04875217400000001
Hyperliquid,BNB,2024-08-15,24,-0.05457991
Hyperliquid,BNB,2024-08-16,24,-0.02277527
Hyperliquid,BNB,2024-08-17,24,0.1095
Hyperliquid,BNB,2024-08-18,24,0.1095
Hyperliquid,BNB,2024-08-19,24,0.1095
Hyperliquid,BNB,2024-08-20,24,0.07577206550000001
Hyperliquid,BNB,2024-08-21,24,-0.008828181999999995
Hyperliquid,BNB,2024-08-22,24,0.04998437750000001
Hyperliquid,BNB,2024-08-23,24,-0.007190317499999991
Hyperliquid,BNB,2024-08-24,24,0.10445201350000001
Hyperliquid,BNB,2024-08-25,24,0.0753946555
Hyperliquid,BNB,2024-08-26,24,0.1095
Hyperliquid,BNB,2024-08-27,24,0.10397390000000001
Hyperliquid,BNB,2024-08-28,24,0.10647575600000002
Hyperliquid,BNB,2024-08-29,24,0.07429020200000001
Hyperliquid,BNB,2024-08-30,24,0.049990728500000005
Hyperliquid,BNB,2024-08-31,24,0.07502104150000001
Hyperliquid,BNB,2024-09-01,24,0.009214023500000003
Hyperliquid,BNB,2024-09-02,24,0.1066942815
Hyperliquid,BNB,2024-09-03,24,0.1069370065
Hyperliquid,BNB,2024-09-04,24,0.10625442000000002
Hyperliquid,BNB,2024-09-05,24,0.1095
Hyperliquid,BNB,2024-09-06,24,0.09153736450000001
Hyperliquid,BNB,2024-09-07,24,0.089688165
Hyperliquid,BNB,2024-09-08,24,0.07898990550000001
Hyperliquid,BNB,2024-09-09,24,0.1095
Hyperliquid,BNB,2024-09-10,24,0.1048463595
Hyperliquid,BNB,2024-09-11,24,0.1095
Hyperliquid,BNB,2024-09-12,24,0.1095
Hyperliquid,BNB,2024-09-13,24,0.1095
Hyperliquid,BNB,2024-09-14,24,0.1095
Hyperliquid,BNB,2024-09-15,24,0.08685875800000002
Hyperliquid,BNB,2024-09-16,24,0.010647123000000007
Hyperliquid,BNB,2024-09-17,24,0.004398323000000005
Hyperliquid,BNB,2024-09-18,24,-0.05039482
Hyperliquid,BNB,2024-09-19,24,0.11282113500000002
Hyperliquid,BNB,2024-09-20,24,0.11378831200000002
Hyperliquid,BNB,2024-09-21,24,0.1717997695
Hyperliquid,BNB,2024-09-22,24,0.1077688415
Hyperliquid,BNB,2024-09-23,24,0.08972495700000001
Hyperliquid,BNB,2024-09-24,24,0.1095
Hyperliquid,BNB,2024-09-25,24,-0.019209621499999992
Hyperliquid,BNB,2024-09-26,24,0.09678478700000002
Hyperliquid,BNB,2024-09-27,24,0.321737499
Hyperliquid,BNB,2024-09-28,24,0.026766800500000007
Hyperliquid,BNB,2024-09-29,24,0.10740719950000001
Hyperliquid,BNB,2024-09-30,24,0.086322646
Hyperliquid,BNB,2024-10-01,24,-0.022555028999999987
Hyperliquid,BNB,2024-10-02,24,-0.170966803
Hyperliquid,BNB,2024-10-03,24,-0.138224916
Hyperliquid,BNB,2024-10-04,24,0.03424002950000001
Hyperliquid,BNB,2024-10-05,24,0.1095
Hyperliquid,BNB,2024-10-06,24,0.1095
Hyperliquid,BNB,2024-10-07,24,0.1095
Hyperliquid,BNB,2024-10-08,24,-0.11658402949999998
Hyperliquid,BNB,2024-10-09,24,-0.501720386
Hyperliquid,BNB,2024-10-10,24,-0.378269137
Hyperliquid,BNB,2024-10-11,24,0.039256553000000007
Hyperliquid,BNB,2024-10-12,24,0.1095
Hyperliquid,BNB,2024-10-13,24,-0.01947410049999999
Hyperliquid,BNB,2024-10-14,24,0.021790828500000012
Hyperliquid,BNB,2024-10-15,24,0.10755184900000002
Hyperliquid,BNB,2024-10-16,24,0.08508033200000002
Hyperliquid,BNB,2024-10-17,24,0.026226600500000002
Hyperliquid,BNB,2024-10-18,24,-0.019018325
Hyperliquid,BNB,2024-10-19,24,0.042900238500000014
Hyperliquid,BNB,2024-10-20,24,0.0833960395
Hyperliquid,BNB,2024-10-21,24,0.13063934000000002
Hyperliquid,BNB,2024-10-22,24,0.07346052050000001
Hyperliquid,BNB,2024-10-23,24,0.1040254745
Hyperliquid,BNB,2024-10-24,24,0.06271309550000001
Hyperliquid,BNB,2024-10-25,24,-0.11024062149999998
Hyperliquid,BNB,2024-10-26,24,-0.04634251699999998
Hyperliquid,BNB,2024-10-27,24,0.1095
Hyperliquid,BNB,2024-10-28,24,0.1553782005
Hyperliquid,BNB,2024-10-29,24,0.3539354995
Hyperliquid,BNB,2024-10-30,24,0.24397530750000004
Hyperliquid,BNB,2024-10-31,24,0.095639417
Hyperliquid,BNB,2024-11-01,24,-0.007284596999999996
Hyperliquid,BNB,2024-11-02,24,-0.123883409
Hyperliquid,BNB,2024-11-03,24,-0.1344553055
Hyperliquid,BNB,2024-11-04,24,-0.11634670650000001
Hyperliquid,BNB,2024-11-05,24,0.07243326450000001
Hyperliquid,BNB,2024-11-06,24,0.19765100400000002
Hyperliquid,BNB,2024-11-07,24,0.677432262
Hyperliquid,BNB,2024-11-08,24,0.5539622155
Hyperliquid,BNB,2024-11-09,24,0.5568000905
Hyperliquid,BNB,2024-11-10,24,1.0415611165
Hyperliquid,BNB,2024-11-11,24,0.6275584065
Hyperliquid,BNB,2024-11-12,24,0.40319878299999995
Hyperliquid,BNB,2024-11-13,24,0.6474908739999999
Hyperliquid,BNB,2024-11-14,24,0.5598160125
Hyperliquid,BNB,2024-11-15,24,0.1438412075
Hyperliquid,BNB,2024-11-16,24,0.1095
Hyperliquid,BNB,2024-11-17,24,0.19840045850000002
Hyperliquid,BNB,2024-11-18,24,0.12481324650000002
Hyperliquid,BNB,2024-11-19,24,0.3472177475
Hyperliquid,BNB,2024-11-20,24,0.2964526715
Hyperliquid,BNB,2024-11-21,24,0.6372439369999999
Hyperliquid,BNB,2024-11-22,24,0.6678603925000001
Hyperliquid,BNB,2024-11-23,24,0.9042189895
Hyperliquid,BNB,2024-11-24,24,0.9191650095
Hyperliquid,BNB,2024-11-25,24,0.5613027305
Hyperliquid,BNB,2024-11-26,24,0.1095
Hyperliquid,BNB,2024-11-27,24,0.137745233
Hyperliquid,BNB,2024-11-28,24,0.11816345750000001
Hyperliquid,BNB,2024-11-29,24,0.37319633049999995
Hyperliquid,BNB,2024-11-30,24,0.5036243355
Hyperliquid,BNB,2024-12-01,24,0.313405133
Hyperliquid,BNB,2024-12-02,24,0.141500645
Hyperliquid,BNB,2024-12-03,24,0.4025024725
Hyperliquid,BNB,2024-12-04,24,0.877782806
Hyperliquid,BNB,2024-12-05,24,0.901309976
Hyperliquid,BNB,2024-12-06,24,0.684652181
Hyperliquid,BNB,2024-12-07,24,0.7264670190000001
Hyperliquid,BNB,2024-12-08,24,0.4353611595
Hyperliquid,BNB,2024-12-09,24,0.34334535299999996
Hyperliquid,BNB,2024-12-10,24,0.3197315685
Hyperliquid,BNB,2024-12-11,24,0.4489286475
Hyperliquid,BNB,2024-12-12,24,0.4077613195
Hyperliquid,BNB,2024-12-13,24,0.11481669950000001
Hyperliquid,BNB,2024-12-14,24,0.085699299
Hyperliquid,BNB,2024-12-15,24,0.12223747800000001
Hyperliquid,BNB,2024-12-16,24,0.38510854349999996
Hyperliquid,BNB,2024-12-17,24,0.618341682
Hyperliquid,BNB,2024-12-18,24,0.26484042300000005
Hyperliquid,BNB,2024-12-19,24,0.02516083700000001
Hyperliquid,BNB,2024-12-20,24,-0.338827967
Hyperliquid,BNB,2024-12-21,24,0.0003789430000000075
Hyperliquid,BNB,2024-12-22,24,0.0649307625
Hyperliquid,BNB,2024-12-23,24,-0.057778477999999994
Hyperliquid,BNB,2024-12-24,24,0.0343733275
Hyperliquid,BNB,2024-12-25,24,0.003464324500000004
Hyperliquid,BNB,2024-12-26,24,-0.4401707645
Hyperliquid,BNB,2024-12-27,24,-0.1098646715
Hyperliquid,BNB,2024-12-28,24,-0.29104026899999996
Hyperliquid,BNB,2024-12-29,24,-0.13958486950000001
Hyperliquid,BNB,2024-12-30,24,-0.038988752499999994
Hyperliquid,BNB,2024-12-31,24,0.10632252900000001
Hyperliquid,BNB,2025-01-01,24,0.1095
Hyperliquid,BNB,2025-01-02,24,0.11398665300000001
Hyperliquid,BNB,2025-01-03,24,0.2237128435
Hyperliquid,BNB,2025-01-04,24,0.137132252
Hyperliquid,BNB,2025-01-05,24,0.1095
Hyperliquid,BNB,2025-01-06,24,0.1095
Hyperliquid,BNB,2025-01-07,24,-0.008884428499999994
Hyperliquid,BNB,2025-01-08,24,-0.1453088725
Hyperliquid,BNB,2025-01-09,24,-0.018369245499999996
Hyperliquid,BNB,2025-01-10,24,-0.06871446199999999
Hyperliquid,BNB,2025-01-11,24,0.0909986975
Hyperliquid,BNB,2025-01-12,24,0.1095
Hyperliquid,BNB,2025-01-13,24,-0.32455493399999996
Hyperliquid,BNB,2025-01-14,24,-0.0478174455
Hyperliquid,BNB,2025-01-15,24,0.1095
Hyperliquid,BNB,2025-01-16,24,0.1095
Hyperliquid,BNB,2025-01-17,24,0.214941638
Hyperliquid,BNB,2025-01-18,24,0.1657618665
Hyperliquid,BNB,2025-01-19,24,0.1095
Hyperliquid,BNB,2025-01-20,24,0.077591481
Hyperliquid,BNB,2025-01-21,24,0.128712286
Hyperliquid,BNB,2025-01-22,24,0.1209208865
Hyperliquid,BNB,2025-01-23,24,0.1095
Hyperliquid,BNB,2025-01-24,24,0.272796839
Hyperliquid,BNB,2025-01-25,24,0.16714262500000002
Hyperliquid,BNB,2025-01-26,24,0.1095
Hyperliquid,BNB,2025-01-27,24,0.06239894000000001
Hyperliquid,BNB,2025-01-28,24,0.12160876550000001
Hyperliquid,BNB,2025-01-29,24,0.0367707935
Hyperliquid,BNB,2025-01-30,24,0.1095
Hyperliquid,BNB,2025-01-31,24,0.073536477
Hyperliquid,BNB,2025-02-01,24,0.08835087800000002
Hyperliquid,BNB,2025-02-02,24,0.013263844500000005
Hyperliquid,BNB,2025-02-03,24,0.05622430800000001
Hyperliquid,BNB,2025-02-04,24,0.058494644500000005
Hyperliquid,BNB,2025-02-05,24,-0.0387115715
Hyperliquid,BNB,2025-02-06,24,-0.210226276
Hyperliquid,BNB,2025-02-07,24,-0.286366955
Hyperliquid,BNB,2025-02-08,24,-0.2632768725
Hyperliquid,BNB,2025-02-09,24,-0.099824872
Hyperliquid,BNB,2025-02-10,24,0.0627871175
Hyperliquid,BNB,2025-02-11,24,-0.0018684349999999947
Hyperliquid,BNB,2025-02-12,24,0.114834913
Hyperliquid,BNB,2025-02-13,24,-0.0036804409999999974
Hyperliquid,BNB,2025-02-14,24,0.06832873000000002
Hyperliquid,BNB,2025-02-15,24,0.10893538150000003
Hyperliquid,BNB,2025-02-16,24,0.00684053800000001
Hyperliquid,BNB,2025-02-17,24,-0.04825431399999999
Hyperliquid,BNB,2025-02-18,24,-0.050185383
Hyperliquid,BNB,2025-02-19,24,0.08211737150000002
Hyperliquid,BNB,2025-02-20,24,-0.025826122499999996
Hyperliquid,BNB,2025-02-21,24,-0.1559984085
Hyperliquid,BNB,2025-02-22,24,-0.2185418885
Hyperliquid,BNB,2025-02-23,24,-0.2972079295
Hyperliquid,BNB,2025-02-24,24,-0.15940466150000002
Hyperliquid,BNB,2025-02-25,24,-0.297311991
Hyperliquid,BNB,2025-02-26,24,-0.214893604
Hyperliquid,BNB,2025-02-27,24,-0.006192115499999992
Hyperliquid,BNB,2025-02-28,24,-0.12435896750000001
Hyperliquid,BNB,2025-03-01,24,-0.33393484999999995
Hyperliquid,BNB,2025-03-02,24,-0.1257704225
Hyperliquid,BNB,2025-03-03,24,-0.22444295299999997
Hyperliquid,BNB,2025-03-04,24,-0.2240589365
Hyperliquid,BNB,2025-03-05,24,-0.095484
Hyperliquid,BNB,2025-03-06,24,0.0180086985
Hyperliquid,BNB,2025-03-07,24,0.058130703000000006
Hyperliquid,BNB,2025-03-08,24,0.031228633500000005
Hyperliquid,BNB,2025-03-09,24,-0.1894197795
Hyperliquid,BNB,2025-03-10,24,-0.10128969
Hyperliquid,BNB,2025-03-11,24,-0.1652911625
Hyperliquid,BNB,2025-03-12,24,0.05565505400000001
Hyperliquid,BNB,2025-03-13,24,-0.018634490999999993
Hyperliquid,BNB,2025-03-14,24,-0.1448080925
Hyperliquid,BNB,2025-03-15,24,-0.0836385455
Hyperliquid,BNB,2025-03-16,24,-0.038167429499999996
Hyperliquid,BNB,2025-03-17,24,-0.034279558999999994
Hyperliquid,BNB,2025-03-18,24,-0.009182706499999995
Hyperliquid,BNB,2025-03-19,24,-0.28927052999999997
Hyperliquid,BNB,2025-03-20,24,-0.20486953600000002
Hyperliquid,BNB,2025-03-21,24,-0.4658885915
Hyperliquid,BNB,2025-03-22,24,-0.528343048
Hyperliquid,BNB,2025-03-23,24,-0.3796657365
Hyperliquid,BNB,2025-03-24,24,-0.1261788575
Hyperliquid,BNB,2025-03-25,24,-0.16918917999999997
Hyperliquid,BNB,2025-03-26,24,-0.0688633455
Hyperliquid,BNB,2025-03-27,24,-0.2967895665
Hyperliquid,BNB,2025-03-28,24,-0.09676726699999999
Hyperliquid,BNB,2025-03-29,24,-0.1876400395
Hyperliquid,BNB,2025-03-30,24,-0.31969010449999996
Hyperliquid,BNB,2025-03-31,24,-0.058957866
Hyperliquid,BNB,2025-04-01,24,-0.13921815399999998
Hyperliquid,BNB,2025-04-02,24,-0.04739568799999999
Hyperliquid,BNB,2025-04-03,24,-0.210040126
Hyperliquid,BNB,2025-04-04,24,-0.044603620499999996
Hyperliquid,BNB,2025-04-05,24,0.10051161950000002
Hyperliquid,BNB,2025-04-06,24,0.021010604500000002
Hyperliquid,BNB,2025-04-07,24,0.0375896345
Hyperliquid,BNB,2025-04-08,24,-0.010593248999999992
Hyperliquid,BNB,2025-04-09,24,0.030935173500000007
Hyperliquid,BNB,2025-04-10,24,-0.0752528165
Hyperliquid,BNB,2025-04-11,24,0.0373093145
Hyperliquid,BNB,2025-04-12,24,-0.1030415075
Hyperliquid,BNB,2025-04-13,24,-0.17493428
Hyperliquid,BNB,2025-04-14,24,-0.1062601505
Hyperliquid,BNB,2025-04-15,24,-0.1385593655
Hyperliquid,BNB,2025-04-16,24,-0.065749713
Hyperliquid,BNB,2025-04-17,24,0.09957740200000002
Hyperliquid,BNB,2025-04-18,24,-0.1862412135
Hyperliquid,BNB,2025-04-19,24,-0.2845519195
Hyperliquid,BNB,2025-04-20,24,-0.1040849695
Hyperliquid,BNB,2025-04-21,24,-0.0215774495
Hyperliquid,BNB,2025-04-22,24,-0.089670645
Hyperliquid,BNB,2025-04-23,24,0.0957030365
Hyperliquid,BNB,2025-04-24,24,-0.025811303499999994
Hyperliquid,BNB,2025-04-25,24,-0.1328598175
Hyperliquid,BNB,2025-04-26,24,-0.0069959914999999885
Hyperliquid,BNB,2025-04-27,24,-0.07243600199999999
Hyperliquid,BNB,2025-04-28,24,-0.09038432950000001
Hyperliquid,BNB,2025-04-29,24,-0.234400372
Hyperliquid,BNB,2025-04-30,24,-0.27241588850000004
Hyperliquid,BNB,2025-05-01,24,-0.04241314599999999
Hyperliquid,BNB,2025-05-02,24,-0.112480663
Hyperliquid,BNB,2025-05-03,24,-0.032723564000000004
Hyperliquid,BNB,2025-05-04,24,-0.2550599195
Hyperliquid,BNB,2025-05-05,24,0.022376653500000006
Hyperliquid,BNB,2025-05-06,24,-0.20193756399999999
Hyperliquid,BNB,2025-05-07,24,0.06289125200000001
Hyperliquid,BNB,2025-05-08,24,0.10737376550000001
Hyperliquid,BNB,2025-05-09,24,0.152571314
Hyperliquid,BNB,2025-05-10,24,0.3266790515
Hyperliquid,BNB,2025-05-11,24,0.15009161350000003
Hyperliquid,BNB,2025-05-12,24,0.11212161250000001
Hyperliquid,BNB,2025-05-13,24,0.11631991550000002
Hyperliquid,BNB,2025-05-14,24,0.1095
Hyperliquid,BNB,2025-05-15,24,0.11388076650000001
Hyperliquid,BNB,2025-05-16,24,0.1095
Hyperliquid,BNB,2025-05-17,24,0.023719926500000002
Hyperliquid,BNB,2025-05-18,24,0.070526614
Hyperliquid,BNB,2025-05-19,24,-0.012869352499999993
Hyperliquid,BNB,2025-05-20,24,0.06190045950000001
Hyperliquid,BNB,2025-05-21,24,0.101922381
Hyperliquid,BNB,2025-05-22,24,0.00035799200000000516
Hyperliquid,BNB,2025-05-23,24,0.08856469500000001
Hyperliquid,BNB,2025-05-24,24,0.076758478
Hyperliquid,BNB,2025-05-25,24,-0.23499506650000002
Hyperliquid,BNB,2025-05-26,24,-0.040992201
Hyperliquid,BNB,2025-05-27,24,0.07460848200000002
Hyperliquid,BNB,2025-05-28,24,0.058354046500000006
Hyperliquid,BNB,2025-05-29,24,0.07667076850000001
Hyperliquid,BNB,2025-05-30,24,0.0972487385
Hyperliquid,BNB,2025-05-31,24,0.06269856850000001
Hyperliquid,BNB,2025-06-01,24,0.05470203900000001
Hyperliquid,BNB,2025-06-02,24,0.04323122050000001
Hyperliquid,BNB,2025-06-03,24,0.012538224500000006
Hyperliquid,BNB,2025-06-04,24,0.050195676
Hyperliquid,BNB,2025-06-05,24,-0.12566898899999998
Hyperliquid,BNB,2025-06-06,24,-0.07345110349999999
Hyperliquid,BNB,2025-06-07,24,-0.068799142
Hyperliquid,BNB,2025-06-08,24,-0.04592196399999999
Hyperliquid,BNB,2025-06-09,24,-0.08926053099999999
Hyperliquid,BNB,2025-06-10,24,0.07914762200000001
Hyperliquid,BNB,2025-06-11,24,0.10761995800000002
Hyperliquid,BNB,2025-06-12,24,0.06167171400000001
Hyperliquid,BNB,2025-06-13,24,-0.0749689195
Hyperliquid,BNB,2025-06-14,24,-0.20012946350000002
Hyperliquid,BNB,2025-06-15,24,0.037907732000000006
Hyperliquid,BNB,2025-06-16,24,0.102044437
Hyperliquid,BNB,2025-06-17,24,0.09669039800000001
Hyperliquid,BNB,2025-06-18,24,-0.0478118975
Hyperliquid,BNB,2025-06-19,24,0.081615898
Hyperliquid,BNB,2025-06-20,24,0.06894481350000001
Hyperliquid,BNB,2025-06-21,24,-0.030933129499999993
Hyperliquid,BNB,2025-06-22,24,0.09655866950000001
Hyperliquid,BNB,2025-06-23,24,0.05060710400000001
Hyperliquid,BNB,2025-06-24,24,-0.016240894
Hyperliquid,BNB,2025-06-25,24,0.022447646000000005
Hyperliquid,BNB,2025-06-26,24,-0.002353483499999999
Hyperliquid,BNB,2025-06-27,24,-0.09194152900000001
Hyperliquid,BNB,2025-06-28,24,-0.15169443800000001
Hyperliquid,BNB,2025-06-29,24,-0.083510029
Hyperliquid,BNB,2025-06-30,24,0.0817412755
Hyperliquid,BNB,2025-07-01,24,-0.013488246499999997
Hyperliquid,BNB,2025-07-02,24,0.07801951650000001
Hyperliquid,BNB,2025-07-03,24,0.043828178
Hyperliquid,BNB,2025-07-04,24,0.004804531500000005
Hyperliquid,BNB,2025-07-05,24,-0.1186183205
Hyperliquid,BNB,2025-07-06,24,0.0296855595
Hyperliquid,BNB,2025-07-07,24,-0.1103635535
Hyperliquid,BNB,2025-07-08,24,0.09728512900000001
Hyperliquid,BNB,2025-07-09,24,0.007238534000000002
Hyperliquid,BNB,2025-07-10,24,0.10778647100000001
Hyperliquid,BNB,2025-07-11,24,0.1095
Hyperliquid,BNB,2025-07-12,24,0.1095
Hyperliquid,BNB,2025-07-13,24,0.1095
Hyperliquid,BNB,2025-07-14,24,0.15461312400000002
Hyperliquid,BNB,2025-07-15,24,0.1095
Hyperliquid,BNB,2025-07-16,24,0.3430463085
Hyperliquid,BNB,2025-07-17,24,0.431052298
Hyperliquid,BNB,2025-07-18,24,0.6815643905000001
Hyperliquid,BNB,2025-07-19,24,0.12208786450000002
Hyperliquid,BNB,2025-07-20,24,0.33548953099999995
Hyperliquid,BNB,2025-07-21,24,0.591117719
Hyperliquid,BNB,2025-07-22,24,0.296888737
Hyperliquid,BNB,2025-07-23,24,0.614842208
Hyperliquid,BNB,2025-07-24,24,0.19748200900000001
Hyperliquid,BNB,2025-07-25,24,0.1262524415
Hyperliquid,BNB,2025-07-26,24,0.2594383865
Hyperliquid,BNB,2025-07-27,24,0.874694979
Hyperliquid,BNB,2025-07-28,24,0.5254456049999999
Hyperliquid,BNB,2025-07-29,24,0.0372508415
Hyperliquid,BNB,2025-07-30,24,0.11164860900000001
Hyperliquid,BNB,2025-07-31,24,0.1095
Hyperliquid,BNB,2025-08-01,24,0.1095
Hyperliquid,BNB,2025-08-02,24,0.1095
Hyperliquid,BNB,2025-08-03,24,0.0224367325
Hyperliquid,BNB,2025-08-04,24,0.024355428000000002
Hyperliquid,BNB,2025-08-05,24,0.07009573150000001
Hyperliquid,BNB,2025-08-06,24,0.09238781450000001
Hyperliquid,BNB,2025-08-07,24,0.1095
Hyperliquid,BNB,2025-08-08,24,0.03210740750000001
Hyperliquid,BNB,2025-08-09,24,0.07920051050000002
Hyperliquid,BNB,2025-08-10,24,0.10247280100000002
Hyperliquid,BNB,2025-08-11,24,0.022710227000000003
Hyperliquid,BNB,2025-08-12,24,0.046127532000000006
Hyperliquid,BNB,2025-08-13,24,0.13333742
Hyperliquid,BNB,2025-08-14,24,0.10819366500000001
Hyperliquid,BNB,2025-08-15,24,0.073595753
Hyperliquid,BNB,2025-08-16,24,0.08022243750000001
Hyperliquid,BNB,2025-08-17,24,0.1095
Hyperliquid,BNB,2025-08-18,24,0.035257065500000004
Hyperliquid,BNB,2025-08-19,24,0.055383494000000005
Hyperliquid,BNB,2025-08-20,24,0.06822346400000001
Hyperliquid,BNB,2025-08-21,24,0.09243833050000001
Hyperliquid,BNB,2025-08-22,24,0.0982169375
Hyperliquid,BNB,2025-08-23,24,0.138878412
Hyperliquid,BNB,2025-08-24,24,0.138809646
Hyperliquid,BNB,2025-08-25,24,0.1095
Hyperliquid,BNB,2025-08-26,24,0.1095
Hyperliquid,BNB,2025-08-27,24,0.1095
Hyperliquid,BNB,2025-08-28,24,0.1095
Hyperliquid,BNB,2025-08-29,24,0.1095
Hyperliquid,BNB,2025-08-30,24,0.1095
Hyperliquid,BNB,2025-08-31,24,0.1095
Hyperliquid,BNB,2025-09-01,24,0.1095
Hyperliquid,BNB,2025-09-02,24,0.1095
Hyperliquid,BNB,2025-09-03,24,0.1095
Hyperliquid,BNB,2025-09-04,24,0.08242338750000001
Hyperliquid,BNB,2025-09-05,24,0.05347268250000001
Hyperliquid,BNB,2025-09-06,24,0.07595201050000001
Hyperliquid,BNB,2025-09-07,24,0.0582927265
Hyperliquid,BNB,2025-09-08,24,0.024511648
Hyperliquid,BNB,2025-09-09,24,0.060976863500000006
Hyperliquid,BNB,2025-09-10,24,0.1095
Hyperliquid,BNB,2025-09-11,24,0.08952117750000001
Hyperliquid,BNB,2025-09-12,24,0.11447334400000002
Hyperliquid,BNB,2025-09-13,24,0.16408848750000002
Hyperliquid,BNB,2025-09-14,24,0.1095
Hyperliquid,BNB,2025-09-15,24,0.1095
Hyperliquid,BNB,2025-09-16,24,0.10585646050000001
Hyperliquid,BNB,2025-09-17,24,0.11434457200000002
Hyperliquid,BNB,2025-09-18,24,0.11538996850000001
Hyperliquid,BNB,2025-09-19,24,0.1095
Hyperliquid,BNB,2025-09-20,24,0.1517530205
Hyperliquid,BNB,2025-09-21,24,0.22468188200000003
Hyperliquid,BNB,2025-09-22,24,0.066747258
Hyperliquid,BNB,2025-09-23,24,0.10345779000000001
Hyperliquid,BNB,2025-09-24,24,0.1095
Hyperliquid,BNB,2025-09-25,24,0.09273080500000001
Hyperliquid,BNB,2025-09-26,24,0.0021524780000000024
Hyperliquid,BNB,2025-09-27,24,0.060975367
Hyperliquid,BNB,2025-09-28,24,-0.033777392
Hyperliquid,BNB,2025-09-29,24,0.08279729350000001
Hyperliquid,BNB,2025-09-30,24,0.026339714000000004
Hyperliquid,BNB,2025-10-01,24,-0.022701649499999994
Hyperliquid,BNB,2025-10-02,24,0.04690436150000001
Hyperliquid,BNB,2025-10-03,24,0.11285694150000002
Hyperliquid,BNB,2025-10-04,24,0.12333642000000002
Hyperliquid,BNB,2025-10-05,24,0.1095
Hyperliquid,BNB,2025-10-06,24,0.1562352935
Hyperliquid,BNB,2025-10-07,24,0.1095
Hyperliquid,BNB,2025-10-08,24,0.08388375250000002
Hyperliquid,BNB,2025-10-09,24,0.03623004600000001
Hyperliquid,BNB,2025-10-10,24,0.197741524
Hyperliquid,BNB,2025-10-11,24,0.1095
Hyperliquid,BNB,2025-10-12,24,0.166409632
Hyperliquid,BNB,2025-10-13,24,-0.1676697945
Hyperliquid,BNB,2025-10-14,24,5.94220000000051e-05
Hyperliquid,BNB,2025-10-15,24,0.009501023000000003
Hyperliquid,BNB,2025-10-16,24,0.04689717100000001
Hyperliquid,BNB,2025-10-17,24,0.016559612
Hyperliquid,BNB,2025-10-18,24,-0.100775551
Hyperliquid,BNB,2025-10-19,24,-0.1792044515
Hyperliquid,BNB,2025-10-20,24,-0.023488443499999997
Hyperliquid,BNB,2025-10-21,24,0.03762460150000001
Hyperliquid,BNB,2025-10-22,24,-0.09114531799999999
Hyperliquid,BNB,2025-10-23,24,0.018815640500000005
Hyperliquid,BNB,2025-10-24,24,-0.1085656
Hyperliquid,BNB,2025-10-25,24,-0.019249954000000003
Hyperliquid,BNB,2025-10-26,24,0.10906265700000001
Hyperliquid,BNB,2025-10-27,24,0.1095
Hyperliquid,BNB,2025-10-28,24,-0.08078687350000001
Hyperliquid,BNB,2025-10-29,24,-0.09518718199999998
Hyperliquid,BNB,2025-10-30,24,-0.03650317549999999
Hyperliquid,BNB,2025-10-31,24,-0.10238717199999998
Hyperliquid,BNB,2025-11-01,24,-0.0362586985
Hyperliquid,BNB,2025-11-02,24,0.059419664000000004
Hyperliquid,BNB,2025-11-03,24,-0.06913519749999998
Hyperliquid,BNB,2025-11-04,24,-0.058147638999999994
Hyperliquid,BNB,2025-11-05,24,-0.045379209
Hyperliquid,BNB,2025-11-06,24,0.018902766000000005
Hyperliquid,BNB,2025-11-07,24,0.09226524750000002
Hyperliquid,BNB,2025-11-08,24,0.0491858305
Hyperliquid,BNB,2025-11-09,24,0.005141682000000008
Hyperliquid,BNB,2025-11-10,24,-0.03593717
Hyperliquid,BNB,2025-11-11,24,0.04291242950000001
Hyperliquid,BNB,2025-11-12,24,0.0451855765
Hyperliquid,BNB,2025-11-13,24,0.0829995765
Hyperliquid,BNB,2025-11-14,24,0.06386824750000002
Hyperliquid,BNB,2025-11-15,24,0.06765552400000001
Hyperliquid,BNB,2025-11-16,24,0.024669072500000003
Hyperliquid,BNB,2025-11-17,24,0.031091685500000008
Hyperliquid,BNB,2025-11-18,24,0.09591517450000002
Hyperliquid,BNB,2025-11-19,24,0.081038249
Hyperliquid,BNB,2025-11-20,24,0.10938966050000003
Hyperliquid,BNB,2025-11-21,24,0.1095
Hyperliquid,BNB,2025-11-22,24,0.09301229300000001
Hyperliquid,BNB,2025-11-23,24,0.08501065350000002
Hyperliquid,BNB,2025-11-24,24,0.1071830165
Hyperliquid,BNB,2025-11-25,24,0.028129053500000004
Hyperliquid,BNB,2025-11-26,24,0.067773492
Hyperliquid,BNB,2025-11-27,24,0.08044738700000001
Hyperliquid,BNB,2025-11-28,24,0.06814674100000001
Hyperliquid,BNB,2025-11-29,24,0.055917890500000005
Hyperliquid,BNB,2025-11-30,24,0.0649850745
Hyperliquid,BNB,2025-12-01,24,-0.049480239499999995
Hyperliquid,BNB,2025-12-02,24,0.004940165500000005
Hyperliquid,BNB,2025-12-03,24,0.1095
Hyperliquid,BNB,2025-12-04,24,0.1095
Hyperliquid,BNB,2025-12-05,24,0.10116945900000002
Hyperliquid,BNB,2025-12-06,24,0.07456585
Hyperliquid,BNB,2025-12-07,24,0.0550426205
Hyperliquid,BNB,2025-12-08,24,0.071389036
Hyperliquid,BNB,2025-12-09,24,0.098057104
Hyperliquid,BNB,2025-12-10,24,0.06070435450000001
Hyperliquid,BNB,2025-12-11,24,-0.048346111500000004
Hyperliquid,BNB,2025-12-12,24,0.09148162900000001
Hyperliquid,BNB,2025-12-13,24,0.1095
Hyperliquid,BNB,2025-12-14,24,0.0927862485
Hyperliquid,BNB,2025-12-15,24,-0.04206256349999999
Hyperliquid,BNB,2025-12-16,24,0.004328571500000003
Hyperliquid,BNB,2025-12-17,24,-0.0699429425
Hyperliquid,BNB,2025-12-18,24,-0.1575152755
Hyperliquid,BNB,2025-12-19,24,0.0274013895
Hyperliquid,BNB,2025-12-20,24,0.09931087900000002
Hyperliquid,BNB,2025-12-21,24,0.0913648655
Hyperliquid,BNB,2025-12-22,24,0.08312907850000001
Hyperliquid,BNB,2025-12-23,24,-0.025433272999999996
Hyperliquid,BNB,2025-12-24,24,-0.040762397
Hyperliquid,BNB,2025-12-25,24,-0.013572415499999997
Hyperliquid,BNB,2025-12-26,24,-0.013177339499999998
Hyperliquid,BNB,2025-12-27,24,0.05423133500000001
Hyperliquid,BNB,2025-12-28,24,0.1095
Hyperliquid,BNB,2025-12-29,24,0.10572830900000002
Hyperliquid,BNB,2025-12-30,24,0.1095
Hyperliquid,BNB,2025-12-31,24,0.1095
Hyperliquid,BNB,2026-01-01,24,0.011420120000000004
Hyperliquid,BNB,2026-01-02,24,0.06989260900000001
Hyperliquid,BNB,2026-01-03,24,0.1095
Hyperliquid,BNB,2026-01-04,24,0.1095
Hyperliquid,BNB,2026-01-05,24,0.1095
Hyperliquid,BNB,2026-01-06,24,0.1095
Hyperliquid,BNB,2026-01-07,24,0.1095
Hyperliquid,BNB,2026-01-08,24,0.024561142000000008
Hyperliquid,BNB,2026-01-09,24,0.108578375
Hyperliquid,BNB,2026-01-10,24,0.1095
Hyperliquid,BNB,2026-01-11,24,0.1095
Hyperliquid,BNB,2026-01-12,24,0.1095
Hyperliquid,BNB,2026-01-13,24,0.09476042400000001
Hyperliquid,BNB,2026-01-14,24,0.1095
Hyperliquid,BNB,2026-01-15,24,0.0973815985
Hyperliquid,BNB,2026-01-16,24,0.08343925549999999
Hyperliquid,BNB,2026-01-17,24,0.10221153399999999
Hyperliquid,BNB,2026-01-18,24,0.09010452050000001
Hyperliquid,BNB,2026-01-19,24,0.0656246275
Hyperliquid,BNB,2026-01-20,24,0.09924543450000001
Hyperliquid,BNB,2026-01-21,24,-0.0998005265
Hyperliquid,BNB,2026-01-22,24,-0.005762839
Hyperliquid,BNB,2026-01-23,24,0.046533777
Hyperliquid,BNB,2026-01-24,24,0.034687483
Hyperliquid,BNB,2026-01-25,24,-0.0414495095
Hyperliquid,BNB,2026-01-26,24,0.0201676735
Hyperliquid,BNB,2026-01-27,24,0.10296580649999999
Hyperliquid,BNB,2026-01-28,24,0.107614994
Hyperliquid,BNB,2026-01-29,24,0.003150461000000002
Hyperliquid,BNB,2026-01-30,24,-0.096120195
Hyperliquid,BNB,2026-01-31,24,-0.1280958375
Hyperliquid,BNB,2026-02-01,24,-0.08761606
Hyperliquid,BNB,2026-02-02,24,-0.09311525949999999
Hyperliquid,BNB,2026-02-03,24,0.019363578500000003
Hyperliquid,BNB,2026-02-04,24,0.045615437
Hyperliquid,BNB,2026-02-05,24,0.059397618000000006
Hyperliquid,BNB,2026-02-06,24,0.0377349775
Hyperliquid,BNB,2026-02-07,24,-0.026314748
Hyperliquid,BNB,2026-02-08,24,-0.096332187
Hyperliquid,BNB,2026-02-09,24,-0.041134514500000004
Hyperliquid,BNB,2026-02-10,24,-0.1389315925
Hyperliquid,BNB,2026-02-11,24,-0.0838125045
Hyperliquid,BNB,2026-02-12,24,0.048680269
Hyperliquid,BNB,2026-02-13,24,0.0015015369999999996
Hyperliquid,BNB,2026-02-14,24,0.081427412
Hyperliquid,BNB,2026-02-15,24,-0.011364566999999997
Hyperliquid,BNB,2026-02-16,24,-0.1274083965
Hyperliquid,BNB,2026-02-17,24,0.08306451
Hyperliquid,BNB,2026-02-18,24,-0.028765212000000002
Hyperliquid,BNB,2026-02-19,24,-0.1206213675
Hyperliquid,BNB,2026-02-20,24,0.0877236255
Hyperliquid,BNB,2026-02-21,24,0.1095
Hyperliquid,BNB,2026-02-22,24,0.08301370200000001
Hyperliquid,BNB,2026-02-23,24,-0.0755140835
Hyperliquid,BNB,2026-02-24,24,-0.1272701345
Hyperliquid,BNB,2026-02-25,24,0.06710608950000001
Hyperliquid,BNB,2026-02-26,24,0.1095
Hyperliquid,BNB,2026-02-27,24,0.10471784299999999
Hyperliquid,BNB,2026-02-28,24,-0.0045250874999999986
Hyperliquid,BNB,2026-03-01,24,0.1095
Hyperliquid,BNB,2026-03-02,24,0.1095
Hyperliquid,BNB,2026-03-03,24,0.0008115045000000007
Hyperliquid,BNB,2026-03-04,24,0.0903059275
Hyperliquid,BNB,2026-03-05,24,0.0949466835
Hyperliquid,BNB,2026-03-06,24,0.0728228655
Hyperliquid,BNB,2026-03-07,24,0.025012318500000002
Hyperliquid,BNB,2026-03-08,24,0.0078836715
Hyperliquid,BNB,2026-03-09,24,0.0414201635
Hyperliquid,BNB,2026-03-10,24,0.0794557915
Hyperliquid,BNB,2026-03-11,24,0.015816837
Hyperliquid,BNB,2026-03-12,24,0.0711710945
Hyperliquid,BNB,2026-03-13,24,0.10074908849999999
Hyperliquid,BNB,2026-03-14,24,-0.063288883
Hyperliquid,BNB,2026-03-15,24,0.0273240095
Hyperliquid,BNB,2026-03-16,24,0.0651515145
Hyperliquid,BNB,2026-03-17,24,-0.0695487425
Hyperliquid,BNB,2026-03-18,24,-0.099485349
Hyperliquid,BNB,2026-03-19,24,-0.0215802235
Hyperliquid,BNB,2026-03-20,24,-0.08186125100000001
Hyperliquid,BNB,2026-03-21,24,0.0235793285
Hyperliquid,BNB,2026-03-22,24,-0.1408034585
Hyperliquid,BNB,2026-03-23,24,-0.024602825
Hyperliquid,BNB,2026-03-24,24,0.0451588585
Hyperliquid,BNB,2026-03-25,24,0.105421636
Hyperliquid,BNB,2026-03-26,24,0.01765213
Hyperliquid,BNB,2026-03-27,24,-0.06426993
Hyperliquid,BNB,2026-03-28,24,-0.025161348
Hyperliquid,BNB,2026-03-29,24,0.051324073500000005
Hyperliquid,BNB,2026-03-30,24,0.108809858
Hyperliquid,BNB,2026-03-31,24,0.031700542000000005
Hyperliquid,BNB,2026-04-01,24,0.1095
Hyperliquid,BNB,2026-04-02,24,0.109258662
Hyperliquid,BNB,2026-04-03,24,-0.0091681795
Hyperliquid,BNB,2026-04-04,24,-0.035931111
Hyperliquid,BNB,2026-04-05,24,0.0414192145
Hyperliquid,BNB,2026-04-06,24,0.10868911599999999
Hyperliquid,BNB,2026-04-07,24,0.099133708
Hyperliquid,BNB,2026-04-08,24,0.1079473265
Hyperliquid,BNB,2026-04-09,24,0.0964279265
Hyperliquid,BNB,2026-04-10,24,0.10119070200000001
Hyperliquid,BNB,2026-04-11,24,0.089288563
Hyperliquid,BNB,2026-04-12,24,0.021776776
Hyperliquid,BNB,2026-04-13,24,0.10728671299999999
Hyperliquid,BNB,2026-04-14,24,0.11201671149999999
Hyperliquid,BNB,2026-04-15,24,0.1095
Hyperliquid,BNB,2026-04-16,24,0.1095
Hyperliquid,BNB,2026-04-17,24,0.1095
Hyperliquid,BNB,2026-04-18,24,0.1095
Hyperliquid,BNB,2026-04-19,24,0.084292808
Hyperliquid,BNB,2026-04-20,24,0.10821275450000001
Hyperliquid,BNB,2026-04-21,24,0.1095
Hyperliquid,BNB,2026-04-22,24,0.1095
Hyperliquid,BNB,2026-04-23,24,0.1046087445
Hyperliquid,BNB,2026-04-24,24,0.1095
Hyperliquid,BNB,2026-04-25,24,0.1095
Hyperliquid,BNB,2026-04-26,24,0.09627645150000001
Hyperliquid,BNB,2026-04-27,24,0.1078507475
Hyperliquid,BNB,2026-04-28,24,0.105121825
Hyperliquid,BNB,2026-04-29,24,0.0445350735
Hyperliquid,BNB,2026-04-30,24,0.020465696000000002
Hyperliquid,BNB,2026-05-01,24,0.018993650999999997
Hyperliquid,BNB,2026-05-02,24,0.041216603
Hyperliquid,BNB,2026-05-03,24,0.0365821615
Hyperliquid,BNB,2026-05-04,24,0.07160949600000001
Hyperliquid,BNB,2026-05-05,24,0.0947321
Hyperliquid,BNB,2026-05-06,24,0.1095
Hyperliquid,BNB,2026-05-07,24,0.1095
Hyperliquid,BNB,2026-05-08,24,0.105526245
Hyperliquid,BNB,2026-05-09,24,0.1095
Hyperliquid,BNB,2026-05-10,24,0.1095
Hyperliquid,BNB,2026-05-11,24,0.1095
Hyperliquid,BNB,2026-05-12,24,0.10684721650000001
Hyperliquid,BNB,2026-05-13,24,0.0955920765
Hyperliquid,BNB,2026-05-14,24,0.07489931400000001
Hyperliquid,BNB,2026-05-15,24,0.0723632575
Hyperliquid,BNB,2026-05-16,24,0.0459522225
Hyperliquid,BNB,2026-05-17,17,-0.011437622823529413
Hyperliquid,BRENTOIL,2026-03-04,8,0.06447677549999999
Hyperliquid,BRENTOIL,2026-03-05,24,0.16572259250000002
Hyperliquid,BRENTOIL,2026-03-06,24,-0.6084933615
Hyperliquid,BRENTOIL,2026-03-07,24,0.679748479
Hyperliquid,BRENTOIL,2026-03-08,24,0.761335469
Hyperliquid,BRENTOIL,2026-03-09,24,0.14255392549999998
Hyperliquid,BRENTOIL,2026-03-10,24,-0.637139255
Hyperliquid,BRENTOIL,2026-03-11,24,-0.4803028795
Hyperliquid,BRENTOIL,2026-03-12,24,-0.8159346875
Hyperliquid,BRENTOIL,2026-03-13,24,0.48172064900000006
Hyperliquid,BRENTOIL,2026-03-14,24,1.4541086445
Hyperliquid,BRENTOIL,2026-03-15,24,-0.13521720650000005
Hyperliquid,BRENTOIL,2026-03-16,24,0.723777115
Hyperliquid,BRENTOIL,2026-03-17,24,0.0909156235
Hyperliquid,BRENTOIL,2026-03-18,24,0.211079354
Hyperliquid,BRENTOIL,2026-03-19,24,0.6777769315
Hyperliquid,BRENTOIL,2026-03-20,24,0.056535251499999974
Hyperliquid,BRENTOIL,2026-03-21,24,-0.2795021445
Hyperliquid,BRENTOIL,2026-03-22,24,1.4920601400000002
Hyperliquid,BRENTOIL,2026-03-23,24,0.198115795
Hyperliquid,BRENTOIL,2026-03-24,24,0.0533047825
Hyperliquid,BRENTOIL,2026-03-25,24,0.0463324065
Hyperliquid,BRENTOIL,2026-03-26,24,-0.19467942949999997
Hyperliquid,BRENTOIL,2026-03-27,24,-0.2797128955
Hyperliquid,BRENTOIL,2026-03-28,24,-0.079559123
Hyperliquid,BRENTOIL,2026-03-29,24,0.225982231
Hyperliquid,BRENTOIL,2026-03-30,24,-0.4884455185
Hyperliquid,BRENTOIL,2026-03-31,24,-0.44952991200000003
Hyperliquid,BRENTOIL,2026-04-01,24,-0.36301732
Hyperliquid,BRENTOIL,2026-04-02,24,-0.7356911165
Hyperliquid,BRENTOIL,2026-04-03,24,0.3313538985
Hyperliquid,BRENTOIL,2026-04-04,24,-0.014883495499999998
Hyperliquid,BRENTOIL,2026-04-05,24,0.024570084500000002
Hyperliquid,BRENTOIL,2026-04-06,24,-2.0279839825
Hyperliquid,BRENTOIL,2026-04-07,24,-2.4993883445000002
Hyperliquid,BRENTOIL,2026-04-08,24,-3.4887165010000003
Hyperliquid,BRENTOIL,2026-04-09,24,-2.5977346745
Hyperliquid,BRENTOIL,2026-04-10,24,-2.1707189479999998
Hyperliquid,BRENTOIL,2026-04-11,24,-0.5507639759999999
Hyperliquid,BRENTOIL,2026-04-12,24,2.445032654
Hyperliquid,BRENTOIL,2026-04-13,24,-3.3351412545
Hyperliquid,BRENTOIL,2026-04-14,24,-2.22250617
Hyperliquid,BRENTOIL,2026-04-15,24,0.25594573800000003
Hyperliquid,BRENTOIL,2026-04-16,24,0.08649737149999999
Hyperliquid,BRENTOIL,2026-04-17,24,-0.0858061345
Hyperliquid,BRENTOIL,2026-04-18,24,0.6194183590000001
Hyperliquid,BRENTOIL,2026-04-19,24,0.7086776124999999
Hyperliquid,BRENTOIL,2026-04-20,24,0.2678678425
Hyperliquid,BRENTOIL,2026-04-21,24,0.061003143499999996
Hyperliquid,BRENTOIL,2026-04-22,24,0.024907673
Hyperliquid,BRENTOIL,2026-04-23,24,0.010656576499999995
Hyperliquid,BRENTOIL,2026-04-24,24,0.0010297744999999984
Hyperliquid,BRENTOIL,2026-04-25,24,0.306893095
Hyperliquid,BRENTOIL,2026-04-26,24,-0.052017171999999993
Hyperliquid,BRENTOIL,2026-04-27,24,0.0177118805
Hyperliquid,BRENTOIL,2026-04-28,24,0.0192048035
Hyperliquid,BRENTOIL,2026-04-29,24,0.07405543399999999
Hyperliquid,BRENTOIL,2026-04-30,24,-0.041981387499999995
Hyperliquid,BRENTOIL,2026-05-01,24,-0.11665984
Hyperliquid,BRENTOIL,2026-05-02,24,-0.009328414500000002
Hyperliquid,BRENTOIL,2026-05-03,24,-0.185410583
Hyperliquid,BRENTOIL,2026-05-04,24,-0.18742264549999998
Hyperliquid,BRENTOIL,2026-05-05,24,-0.19657823249999998
Hyperliquid,BRENTOIL,2026-05-06,24,-0.34271116549999997
Hyperliquid,BRENTOIL,2026-05-07,24,-2.2822352809999997
Hyperliquid,BRENTOIL,2026-05-08,24,-2.3617574295
Hyperliquid,BRENTOIL,2026-05-09,24,0.0318441695
Hyperliquid,BRENTOIL,2026-05-10,24,0.34436253499999997
Hyperliquid,BRENTOIL,2026-05-11,24,-2.178407965
Hyperliquid,BRENTOIL,2026-05-12,24,-2.0046439845
Hyperliquid,BRENTOIL,2026-05-13,24,-1.570804729
Hyperliquid,BRENTOIL,2026-05-14,24,0.3112813805
Hyperliquid,BRENTOIL,2026-05-15,24,0.17965679599999998
Hyperliquid,BRENTOIL,2026-05-16,24,0.0654212495
Hyperliquid,BRENTOIL,2026-05-17,17,0.05454965364705883
Hyperliquid,BTC,2023-10-01,24,0.1095
Hyperliquid,BTC,2023-10-02,24,0.0853357225
Hyperliquid,BTC,2023-10-03,24,0.10726798850000002
Hyperliquid,BTC,2023-10-04,24,0.07876696350000001
Hyperliquid,BTC,2023-10-05,24,0.1022326675
Hyperliquid,BTC,2023-10-06,24,0.1095
Hyperliquid,BTC,2023-10-07,24,0.10572239600000001
Hyperliquid,BTC,2023-10-08,24,0.092673354
Hyperliquid,BTC,2023-10-09,24,0.046236959
Hyperliquid,BTC,2023-10-10,24,-0.026430489499999998
Hyperliquid,BTC,2023-10-11,24,0.1095
Hyperliquid,BTC,2023-10-12,24,0.11051218150000001
Hyperliquid,BTC,2023-10-13,24,0.1095
Hyperliquid,BTC,2023-10-14,24,0.1095
Hyperliquid,BTC,2023-10-15,24,0.1095
Hyperliquid,BTC,2023-10-16,24,0.1282670955
Hyperliquid,BTC,2023-10-17,24,0.1095
Hyperliquid,BTC,2023-10-18,24,0.09237036750000001
Hyperliquid,BTC,2023-10-19,24,0.06024565900000001
Hyperliquid,BTC,2023-10-20,24,0.15272056250000002
Hyperliquid,BTC,2023-10-21,24,0.15890935650000002
Hyperliquid,BTC,2023-10-22,24,0.153973717
Hyperliquid,BTC,2023-10-23,24,0.44247792950000003
Hyperliquid,BTC,2023-10-24,24,0.7048712464999999
Hyperliquid,BTC,2023-10-25,24,0.3157627045
Hyperliquid,BTC,2023-10-26,24,0.3557393295
Hyperliquid,BTC,2023-10-27,24,0.277527093
Hyperliquid,BTC,2023-10-28,24,0.35716790299999995
Hyperliquid,BTC,2023-10-29,24,0.2901285355
Hyperliquid,BTC,2023-10-30,24,0.3258483115
Hyperliquid,BTC,2023-10-31,24,0.400613999
Hyperliquid,BTC,2023-11-01,24,0.40521781700000004
Hyperliquid,BTC,2023-11-02,24,0.2478642
Hyperliquid,BTC,2023-11-03,24,0.289075401
Hyperliquid,BTC,2023-11-04,24,0.20651156150000002
Hyperliquid,BTC,2023-11-05,24,0.448439949
Hyperliquid,BTC,2023-11-06,24,0.278278993
Hyperliquid,BTC,2023-11-07,24,0.17525927600000002
Hyperliquid,BTC,2023-11-08,24,0.5646942739999999
Hyperliquid,BTC,2023-11-09,24,0.562744079
Hyperliquid,BTC,2023-11-10,24,0.466696373
Hyperliquid,BTC,2023-11-11,24,0.7040563839999999
Hyperliquid,BTC,2023-11-12,24,0.5854990915
Hyperliquid,BTC,2023-11-13,24,0.346300758
Hyperliquid,BTC,2023-11-14,24,0.2585321645
Hyperliquid,BTC,2023-11-15,24,0.296899541
Hyperliquid,BTC,2023-11-16,24,0.13890640750000002
Hyperliquid,BTC,2023-11-17,24,0.12445295500000002
Hyperliquid,BTC,2023-11-18,24,0.10992095450000001
Hyperliquid,BTC,2023-11-19,24,0.10994884050000002
Hyperliquid,BTC,2023-11-20,24,0.13243597950000002
Hyperliquid,BTC,2023-11-21,24,0.12878700150000003
Hyperliquid,BTC,2023-11-22,24,0.11787510750000002
Hyperliquid,BTC,2023-11-23,24,0.09662509950000002
Hyperliquid,BTC,2023-11-24,24,0.11874749400000001
Hyperliquid,BTC,2023-11-25,24,0.12286020450000001
Hyperliquid,BTC,2023-11-26,24,0.1371068115
Hyperliquid,BTC,2023-11-27,24,0.12307486100000002
Hyperliquid,BTC,2023-11-28,24,0.09395757
Hyperliquid,BTC,2023-11-29,24,0.1338087445
Hyperliquid,BTC,2023-11-30,24,0.1285816525
Hyperliquid,BTC,2023-12-01,24,0.1814375215
Hyperliquid,BTC,2023-12-02,24,0.34039885400000003
Hyperliquid,BTC,2023-12-03,24,0.38157483249999996
Hyperliquid,BTC,2023-12-04,24,0.5677421335
Hyperliquid,BTC,2023-12-05,24,0.183861815
Hyperliquid,BTC,2023-12-06,24,-0.06973379749999999
Hyperliquid,BTC,2023-12-07,24,0.1654003705
Hyperliquid,BTC,2023-12-08,24,0.357395663
Hyperliquid,BTC,2023-12-09,24,0.308282796
Hyperliquid,BTC,2023-12-10,24,0.22089551799999999
Hyperliquid,BTC,2023-12-11,24,0.785102152
Hyperliquid,BTC,2023-12-12,24,0.48661383899999994
Hyperliquid,BTC,2023-12-13,24,0.34727340999999995
Hyperliquid,BTC,2023-12-14,24,0.11508260200000002
Hyperliquid,BTC,2023-12-15,24,0.21057802650000002
Hyperliquid,BTC,2023-12-16,24,0.10988909000000002
Hyperliquid,BTC,2023-12-17,24,0.10506112550000002
Hyperliquid,BTC,2023-12-18,24,0.1607760395
Hyperliquid,BTC,2023-12-19,24,0.38289113199999997
Hyperliquid,BTC,2023-12-20,24,0.45306398800000003
Hyperliquid,BTC,2023-12-21,24,0.661384745
Hyperliquid,BTC,2023-12-22,24,0.6389886370000001
Hyperliquid,BTC,2023-12-23,24,0.6285111295
Hyperliquid,BTC,2023-12-24,24,0.6677211085
Hyperliquid,BTC,2023-12-25,24,0.6515849695
Hyperliquid,BTC,2023-12-26,24,0.7306476925
Hyperliquid,BTC,2023-12-27,24,0.7640881165
Hyperliquid,BTC,2023-12-28,24,0.43159206
Hyperliquid,BTC,2023-12-29,24,0.7834758215000001
Hyperliquid,BTC,2023-12-30,24,0.3311238755
Hyperliquid,BTC,2023-12-31,24,0.3244029845
Hyperliquid,BTC,2024-01-01,24,0.6509987065
Hyperliquid,BTC,2024-01-02,24,0.8463355375
Hyperliquid,BTC,2024-01-03,24,0.7276873965
Hyperliquid,BTC,2024-01-04,24,0.655513282
Hyperliquid,BTC,2024-01-05,24,0.41257296849999997
Hyperliquid,BTC,2024-01-06,24,0.221088676
Hyperliquid,BTC,2024-01-07,24,0.4013195805
Hyperliquid,BTC,2024-01-08,24,0.762782475
Hyperliquid,BTC,2024-01-09,24,0.782562993
Hyperliquid,BTC,2024-01-10,24,0.7978924455
Hyperliquid,BTC,2024-01-11,24,0.46133324550000004
Hyperliquid,BTC,2024-01-12,24,0.2280743015
Hyperliquid,BTC,2024-01-13,24,0.1896202375
Hyperliquid,BTC,2024-01-14,24,0.2486738795
Hyperliquid,BTC,2024-01-15,24,0.1335390095
Hyperliquid,BTC,2024-01-16,24,0.080340004
Hyperliquid,BTC,2024-01-17,24,0.12211750250000002
Hyperliquid,BTC,2024-01-18,24,0.200558594
Hyperliquid,BTC,2024-01-19,24,0.11206700850000001
Hyperliquid,BTC,2024-01-20,24,0.1047072945
Hyperliquid,BTC,2024-01-21,24,0.103879803
Hyperliquid,BTC,2024-01-22,24,0.05334369150000001
Hyperliquid,BTC,2024-01-23,24,0.2246406005
Hyperliquid,BTC,2024-01-24,24,0.275204817
Hyperliquid,BTC,2024-01-25,24,0.1383816105
Hyperliquid,BTC,2024-01-26,24,0.05835725850000001
Hyperliquid,BTC,2024-01-27,24,0.07908345500000001
Hyperliquid,BTC,2024-01-28,24,-0.013074920499999991
Hyperliquid,BTC,2024-01-29,24,0.016269364000000005
Hyperliquid,BTC,2024-01-30,24,-0.13717670899999998
Hyperliquid,BTC,2024-01-31,24,-0.074768352
Hyperliquid,BTC,2024-02-01,24,0.043089929000000006
Hyperliquid,BTC,2024-02-02,24,0.10654510600000001
Hyperliquid,BTC,2024-02-03,24,-0.016254362499999998
Hyperliquid,BTC,2024-02-04,24,0.07739040250000001
Hyperliquid,BTC,2024-02-05,24,0.09232477900000001
Hyperliquid,BTC,2024-02-06,24,0.07506319900000001
Hyperliquid,BTC,2024-02-07,24,0.1123622935
Hyperliquid,BTC,2024-02-08,24,0.336937705
Hyperliquid,BTC,2024-02-09,24,0.4631505075
Hyperliquid,BTC,2024-02-10,24,0.3151254875
Hyperliquid,BTC,2024-02-11,24,0.19970770599999998
Hyperliquid,BTC,2024-02-12,24,0.578729765
Hyperliquid,BTC,2024-02-13,24,0.40456877399999996
Hyperliquid,BTC,2024-02-14,24,0.4144857145
Hyperliquid,BTC,2024-02-15,24,0.3288517505
Hyperliquid,BTC,2024-02-16,24,0.13664552450000003
Hyperliquid,BTC,2024-02-17,24,0.30223543950000004
Hyperliquid,BTC,2024-02-18,24,0.22226981599999998
Hyperliquid,BTC,2024-02-19,24,0.2061284575
Hyperliquid,BTC,2024-02-20,24,0.17398747
Hyperliquid,BTC,2024-02-21,24,0.16918239100000002
Hyperliquid,BTC,2024-02-22,24,0.1282374575
Hyperliquid,BTC,2024-02-23,24,0.14313256
Hyperliquid,BTC,2024-02-24,24,0.1759095235
Hyperliquid,BTC,2024-02-25,24,0.17654995250000002
Hyperliquid,BTC,2024-02-26,24,0.283923864
Hyperliquid,BTC,2024-02-27,24,0.5372432445
Hyperliquid,BTC,2024-02-28,24,1.4798030385
Hyperliquid,BTC,2024-02-29,24,1.061869461
Hyperliquid,BTC,2024-03-01,24,0.6913856644999999
Hyperliquid,BTC,2024-03-02,24,0.6558016685
Hyperliquid,BTC,2024-03-03,24,1.0336279875
Hyperliquid,BTC,2024-03-04,24,1.172358684
Hyperliquid,BTC,2024-03-05,24,2.2373975859999997
Hyperliquid,BTC,2024-03-06,24,1.4404328245
Hyperliquid,BTC,2024-03-07,24,0.822127241
Hyperliquid,BTC,2024-03-08,24,0.976454935
Hyperliquid,BTC,2024-03-09,24,0.6978506175
Hyperliquid,BTC,2024-03-10,24,0.725815859
Hyperliquid,BTC,2024-03-11,24,0.5311434375
Hyperliquid,BTC,2024-03-12,24,0.803998129
Hyperliquid,BTC,2024-03-13,24,0.8251981685
Hyperliquid,BTC,2024-03-14,24,0.8124606905
Hyperliquid,BTC,2024-03-15,24,0.605560623
Hyperliquid,BTC,2024-03-16,24,0.19014890350000002
Hyperliquid,BTC,2024-03-17,24,0.4154035435
Hyperliquid,BTC,2024-03-18,24,0.25796667
Hyperliquid,BTC,2024-03-19,24,0.36068066299999996
Hyperliquid,BTC,2024-03-20,24,0.1594040045
Hyperliquid,BTC,2024-03-21,24,0.1347967995
Hyperliquid,BTC,2024-03-22,24,0.134974445
Hyperliquid,BTC,2024-03-23,24,0.11092638350000002
Hyperliquid,BTC,2024-03-24,24,0.24812291200000003
Hyperliquid,BTC,2024-03-25,24,0.640772319
Hyperliquid,BTC,2024-03-26,24,0.39963065249999996
Hyperliquid,BTC,2024-03-27,24,0.7137876854999999
Hyperliquid,BTC,2024-03-28,24,0.528484449
Hyperliquid,BTC,2024-03-29,24,0.906716867
Hyperliquid,BTC,2024-03-30,24,0.7379008265000001
Hyperliquid,BTC,2024-03-31,24,0.745661712
Hyperliquid,BTC,2024-04-01,24,0.6901881360000001
Hyperliquid,BTC,2024-04-02,24,0.273464205
Hyperliquid,BTC,2024-04-03,24,0.27636818150000003
Hyperliquid,BTC,2024-04-04,24,0.12973895800000002
Hyperliquid,BTC,2024-04-05,24,0.16374075200000002
Hyperliquid,BTC,2024-04-06,24,0.3438702595
Hyperliquid,BTC,2024-04-07,24,0.19707974250000002
Hyperliquid,BTC,2024-04-08,24,0.2959202825
Hyperliquid,BTC,2024-04-09,24,0.4448718185
Hyperliquid,BTC,2024-04-10,24,0.28362817749999997
Hyperliquid,BTC,2024-04-11,24,0.2422148395
Hyperliquid,BTC,2024-04-12,24,0.276991857
Hyperliquid,BTC,2024-04-13,24,0.2422868175
Hyperliquid,BTC,2024-04-14,24,0.301651038
Hyperliquid,BTC,2024-04-15,24,0.12308530000000001
Hyperliquid,BTC,2024-04-16,24,0.134935901
Hyperliquid,BTC,2024-04-17,24,0.21955293850000002
Hyperliquid,BTC,2024-04-18,24,-0.06295246249999999
Hyperliquid,BTC,2024-04-19,24,0.10391604750000001
Hyperliquid,BTC,2024-04-20,24,0.09437611550000001
Hyperliquid,BTC,2024-04-21,24,0.08445713100000002
Hyperliquid,BTC,2024-04-22,24,0.0654790655
Hyperliquid,BTC,2024-04-23,24,0.09787153800000002
Hyperliquid,BTC,2024-04-24,24,0.0933655765
Hyperliquid,BTC,2024-04-25,24,0.04553980900000001
Hyperliquid,BTC,2024-04-26,24,0.09641329
Hyperliquid,BTC,2024-04-27,24,0.1095
Hyperliquid,BTC,2024-04-28,24,0.09993283900000001
Hyperliquid,BTC,2024-04-29,24,0.08815377800000002
Hyperliquid,BTC,2024-04-30,24,0.09302141800000001
Hyperliquid,BTC,2024-05-01,24,0.150526292
Hyperliquid,BTC,2024-05-02,24,0.09871819200000002
Hyperliquid,BTC,2024-05-03,24,-0.00948342999999999
Hyperliquid,BTC,2024-05-04,24,0.10180598250000002
Hyperliquid,BTC,2024-05-05,24,0.11484418400000002
Hyperliquid,BTC,2024-05-06,24,0.2308484475
Hyperliquid,BTC,2024-05-07,24,0.227833073
Hyperliquid,BTC,2024-05-08,24,0.11075789950000002
Hyperliquid,BTC,2024-05-09,24,0.02953247850000001
Hyperliquid,BTC,2024-05-10,24,0.14196342850000002
Hyperliquid,BTC,2024-05-11,24,0.12471330950000002
Hyperliquid,BTC,2024-05-12,24,0.11182552450000001
Hyperliquid,BTC,2024-05-13,24,0.10395919050000002
Hyperliquid,BTC,2024-05-14,24,0.1327306805
Hyperliquid,BTC,2024-05-15,24,0.212632648
Hyperliquid,BTC,2024-05-16,24,0.09045309550000001
Hyperliquid,BTC,2024-05-17,24,0.12196584500000002
Hyperliquid,BTC,2024-05-18,24,0.106583942
Hyperliquid,BTC,2024-05-19,24,0.08549438800000002
Hyperliquid,BTC,2024-05-20,24,0.0627660205
Hyperliquid,BTC,2024-05-21,24,0.101000902
Hyperliquid,BTC,2024-05-22,24,0.15576159650000002
Hyperliquid,BTC,2024-05-23,24,0.123553011
Hyperliquid,BTC,2024-05-24,24,0.11401475800000001
Hyperliquid,BTC,2024-05-25,24,0.1095
Hyperliquid,BTC,2024-05-26,24,0.252887111
Hyperliquid,BTC,2024-05-27,24,0.4594735705
Hyperliquid,BTC,2024-05-28,24,0.345563531
Hyperliquid,BTC,2024-05-29,24,0.5145387115000001
Hyperliquid,BTC,2024-05-30,24,0.23900145250000002
Hyperliquid,BTC,2024-05-31,24,0.20721119350000003
Hyperliquid,BTC,2024-06-01,24,0.3186881795
Hyperliquid,BTC,2024-06-02,24,0.1492778095
Hyperliquid,BTC,2024-06-03,24,0.47342912649999996
Hyperliquid,BTC,2024-06-04,24,0.34655140349999997
Hyperliquid,BTC,2024-06-05,24,0.20329956150000003
Hyperliquid,BTC,2024-06-06,24,0.11420477700000002
Hyperliquid,BTC,2024-06-07,24,0.3074431865
Hyperliquid,BTC,2024-06-08,24,0.2913757405
Hyperliquid,BTC,2024-06-09,24,0.2140518775
Hyperliquid,BTC,2024-06-10,24,0.129007717
Hyperliquid,BTC,2024-06-11,24,0.376089065
Hyperliquid,BTC,2024-06-12,24,0.239268888
Hyperliquid,BTC,2024-06-13,24,0.2806556905
Hyperliquid,BTC,2024-06-14,24,0.147768279
Hyperliquid,BTC,2024-06-15,24,0.1095
Hyperliquid,BTC,2024-06-16,24,0.1095
Hyperliquid,BTC,2024-06-17,24,0.2086012595
Hyperliquid,BTC,2024-06-18,24,0.2274853375
Hyperliquid,BTC,2024-06-19,24,0.1969414075
Hyperliquid,BTC,2024-06-20,24,0.2193827755
Hyperliquid,BTC,2024-06-21,24,0.13752345900000001
Hyperliquid,BTC,2024-06-22,24,0.1095
Hyperliquid,BTC,2024-06-23,24,0.1164440885
Hyperliquid,BTC,2024-06-24,24,0.03806267450000001
Hyperliquid,BTC,2024-06-25,24,0.11202872000000001
Hyperliquid,BTC,2024-06-26,24,0.1095
Hyperliquid,BTC,2024-06-27,24,0.1764212535
Hyperliquid,BTC,2024-06-28,24,0.16488159600000002
Hyperliquid,BTC,2024-06-29,24,0.176421874
Hyperliquid,BTC,2024-06-30,24,0.10691470500000001
Hyperliquid,BTC,2024-07-01,24,0.10545288000000001
Hyperliquid,BTC,2024-07-02,24,0.1095
Hyperliquid,BTC,2024-07-03,24,0.054126653000000004
Hyperliquid,BTC,2024-07-04,24,0.07844685850000001
Hyperliquid,BTC,2024-07-05,24,0.060494516000000005
Hyperliquid,BTC,2024-07-06,24,-0.017201099499999994
Hyperliquid,BTC,2024-07-07,24,-0.06035990399999999
Hyperliquid,BTC,2024-07-08,24,-0.020938516999999993
Hyperliquid,BTC,2024-07-09,24,0.1095
Hyperliquid,BTC,2024-07-10,24,0.08570251100000002
Hyperliquid,BTC,2024-07-11,24,0.034636346500000005
Hyperliquid,BTC,2024-07-12,24,0.03737884700000001
Hyperliquid,BTC,2024-07-13,24,0.10824629800000002
Hyperliquid,BTC,2024-07-14,24,0.1095
Hyperliquid,BTC,2024-07-15,24,0.11750014300000002
Hyperliquid,BTC,2024-07-16,24,0.138120599
Hyperliquid,BTC,2024-07-17,24,0.118705446
Hyperliquid,BTC,2024-07-18,24,0.1390295585
Hyperliquid,BTC,2024-07-19,24,0.14574530300000002
Hyperliquid,BTC,2024-07-20,24,0.207501478
Hyperliquid,BTC,2024-07-21,24,0.36989753350000004
Hyperliquid,BTC,2024-07-22,24,0.19065191
Hyperliquid,BTC,2024-07-23,24,0.12375288500000002
Hyperliquid,BTC,2024-07-24,24,0.14836490800000002
Hyperliquid,BTC,2024-07-25,24,0.11221399400000003
Hyperliquid,BTC,2024-07-26,24,0.1331280195
Hyperliquid,BTC,2024-07-27,24,0.2073789475
Hyperliquid,BTC,2024-07-28,24,0.22375759250000002
Hyperliquid,BTC,2024-07-29,24,0.42831454249999995
Hyperliquid,BTC,2024-07-30,24,0.1147245005
Hyperliquid,BTC,2024-07-31,24,0.1095
Hyperliquid,BTC,2024-08-01,24,0.1874304565
Hyperliquid,BTC,2024-08-02,24,0.110165833
Hyperliquid,BTC,2024-08-03,24,0.131043395
Hyperliquid,BTC,2024-08-04,24,0.140707646
Hyperliquid,BTC,2024-08-05,24,0.114374502
Hyperliquid,BTC,2024-08-06,24,0.1095
Hyperliquid,BTC,2024-08-07,24,0.0889323595
Hyperliquid,BTC,2024-08-08,24,0.050552171500000014
Hyperliquid,BTC,2024-08-09,24,-0.007079101999999996
Hyperliquid,BTC,2024-08-10,24,0.106951497
Hyperliquid,BTC,2024-08-11,24,0.11851582850000002
Hyperliquid,BTC,2024-08-12,24,0.1095
Hyperliquid,BTC,2024-08-13,24,0.1095
Hyperliquid,BTC,2024-08-14,24,0.1309180905
Hyperliquid,BTC,2024-08-15,24,0.12705854400000002
Hyperliquid,BTC,2024-08-16,24,0.03870051200000001
Hyperliquid,BTC,2024-08-17,24,0.08469091350000002
Hyperliquid,BTC,2024-08-18,24,0.10486512050000002
Hyperliquid,BTC,2024-08-19,24,0.08280667400000001
Hyperliquid,BTC,2024-08-20,24,0.08431091200000002
Hyperliquid,BTC,2024-08-21,24,0.08995114750000001
Hyperliquid,BTC,2024-08-22,24,0.113100141
Hyperliquid,BTC,2024-08-23,24,0.13844165300000003
Hyperliquid,BTC,2024-08-24,24,0.186845909
Hyperliquid,BTC,2024-08-25,24,0.2352426095
Hyperliquid,BTC,2024-08-26,24,0.31798697800000003
Hyperliquid,BTC,2024-08-27,24,0.11204050950000001
Hyperliquid,BTC,2024-08-28,24,0.1095
Hyperliquid,BTC,2024-08-29,24,0.10924377000000002
Hyperliquid,BTC,2024-08-30,24,0.10883026150000001
Hyperliquid,BTC,2024-08-31,24,0.07249491300000001
Hyperliquid,BTC,2024-09-01,24,0.1095
Hyperliquid,BTC,2024-09-02,24,0.0682073675
Hyperliquid,BTC,2024-09-03,24,1.9344999999999047e-05
Hyperliquid,BTC,2024-09-04,24,0.0993990265
Hyperliquid,BTC,2024-09-05,24,0.1095
Hyperliquid,BTC,2024-09-06,24,0.09985805050000002
Hyperliquid,BTC,2024-09-07,24,0.1095
Hyperliquid,BTC,2024-09-08,24,0.08863291350000001
Hyperliquid,BTC,2024-09-09,24,-0.002367097999999998
Hyperliquid,BTC,2024-09-10,24,0.0754577275
Hyperliquid,BTC,2024-09-11,24,0.016666593500000004
Hyperliquid,BTC,2024-09-12,24,0.09806987900000001
Hyperliquid,BTC,2024-09-13,24,0.08805059250000001
Hyperliquid,BTC,2024-09-14,24,0.1095
Hyperliquid,BTC,2024-09-15,24,0.1095
Hyperliquid,BTC,2024-09-16,24,0.1095
Hyperliquid,BTC,2024-09-17,24,0.0858897925
Hyperliquid,BTC,2024-09-18,24,0.084179658
Hyperliquid,BTC,2024-09-19,24,0.258313201
Hyperliquid,BTC,2024-09-20,24,0.11389660750000001
Hyperliquid,BTC,2024-09-21,24,0.1095
Hyperliquid,BTC,2024-09-22,24,0.1095
Hyperliquid,BTC,2024-09-23,24,0.12025965250000002
Hyperliquid,BTC,2024-09-24,24,0.1728026435
Hyperliquid,BTC,2024-09-25,24,0.21990541900000002
Hyperliquid,BTC,2024-09-26,24,0.23406844100000002
Hyperliquid,BTC,2024-09-27,24,0.298427431
Hyperliquid,BTC,2024-09-28,24,0.1095
Hyperliquid,BTC,2024-09-29,24,0.2264965525
Hyperliquid,BTC,2024-09-30,24,0.449375809
Hyperliquid,BTC,2024-10-01,24,0.271121416
Hyperliquid,BTC,2024-10-02,24,0.1095
Hyperliquid,BTC,2024-10-03,24,0.1095
Hyperliquid,BTC,2024-10-04,24,0.1095
Hyperliquid,BTC,2024-10-05,24,0.1095
Hyperliquid,BTC,2024-10-06,24,0.1095
Hyperliquid,BTC,2024-10-07,24,0.1095
Hyperliquid,BTC,2024-10-08,24,0.1095
Hyperliquid,BTC,2024-10-09,24,0.1095
Hyperliquid,BTC,2024-10-10,24,0.0845244005
Hyperliquid,BTC,2024-10-11,24,0.04455471050000001
Hyperliquid,BTC,2024-10-12,24,0.09511848900000001
Hyperliquid,BTC,2024-10-13,24,0.076534952
Hyperliquid,BTC,2024-10-14,24,0.09818981800000003
Hyperliquid,BTC,2024-10-15,24,0.096396938
Hyperliquid,BTC,2024-10-16,24,0.1095
Hyperliquid,BTC,2024-10-17,24,0.1095
Hyperliquid,BTC,2024-10-18,24,0.1257655315
Hyperliquid,BTC,2024-10-19,24,0.1095
Hyperliquid,BTC,2024-10-20,24,0.11025109700000002
Hyperliquid,BTC,2024-10-21,24,0.139944796
Hyperliquid,BTC,2024-10-22,24,0.1095
Hyperliquid,BTC,2024-10-23,24,0.2022483615
Hyperliquid,BTC,2024-10-24,24,0.1372755145
Hyperliquid,BTC,2024-10-25,24,0.10259478400000001
Hyperliquid,BTC,2024-10-26,24,0.1095
Hyperliquid,BTC,2024-10-27,24,0.1095
Hyperliquid,BTC,2024-10-28,24,0.1095
Hyperliquid,BTC,2024-10-29,24,0.1783383795
Hyperliquid,BTC,2024-10-30,24,0.185269036
Hyperliquid,BTC,2024-10-31,24,0.1420713225
Hyperliquid,BTC,2024-11-01,24,0.2120024025
Hyperliquid,BTC,2024-11-02,24,0.1095
Hyperliquid,BTC,2024-11-03,24,0.1095
Hyperliquid,BTC,2024-11-04,24,0.11107851550000002
Hyperliquid,BTC,2024-11-05,24,0.1258645925
Hyperliquid,BTC,2024-11-06,24,0.466143033
Hyperliquid,BTC,2024-11-07,24,0.215772451
Hyperliquid,BTC,2024-11-08,24,0.270184023
Hyperliquid,BTC,2024-11-09,24,0.165668974
Hyperliquid,BTC,2024-11-10,24,0.48918468
Hyperliquid,BTC,2024-11-11,24,0.421489663
Hyperliquid,BTC,2024-11-12,24,0.8176551879999999
Hyperliquid,BTC,2024-11-13,24,0.446601736
Hyperliquid,BTC,2024-11-14,24,0.21442720699999998
Hyperliquid,BTC,2024-11-15,24,0.286488135
Hyperliquid,BTC,2024-11-16,24,0.293972022
Hyperliquid,BTC,2024-11-17,24,0.36433164850000005
Hyperliquid,BTC,2024-11-18,24,0.5922906465000001
Hyperliquid,BTC,2024-11-19,24,0.545020409
Hyperliquid,BTC,2024-11-20,24,0.3858281045
Hyperliquid,BTC,2024-11-21,24,0.2892170575
Hyperliquid,BTC,2024-11-22,24,0.498421881
Hyperliquid,BTC,2024-11-23,24,0.353035738
Hyperliquid,BTC,2024-11-24,24,0.487593645
Hyperliquid,BTC,2024-11-25,24,0.4521883165
Hyperliquid,BTC,2024-11-26,24,0.154525086
Hyperliquid,BTC,2024-11-27,24,0.23401526050000002
Hyperliquid,BTC,2024-11-28,24,0.130622915
Hyperliquid,BTC,2024-11-29,24,0.28255109900000003
Hyperliquid,BTC,2024-11-30,24,0.25176028300000003
Hyperliquid,BTC,2024-12-01,24,0.2084519015
Hyperliquid,BTC,2024-12-02,24,0.196623018
Hyperliquid,BTC,2024-12-03,24,0.40384359200000003
Hyperliquid,BTC,2024-12-04,24,0.518828593
Hyperliquid,BTC,2024-12-05,24,1.0616199105
Hyperliquid,BTC,2024-12-06,24,0.6458209625
Hyperliquid,BTC,2024-12-07,24,0.45776190299999997
Hyperliquid,BTC,2024-12-08,24,0.550915962
Hyperliquid,BTC,2024-12-09,24,0.2737922305
Hyperliquid,BTC,2024-12-10,24,0.229181894
Hyperliquid,BTC,2024-12-11,24,0.203558456
Hyperliquid,BTC,2024-12-12,24,0.230407272
Hyperliquid,BTC,2024-12-13,24,0.16862361250000002
Hyperliquid,BTC,2024-12-14,24,0.2657683625
Hyperliquid,BTC,2024-12-15,24,0.5460442705
Hyperliquid,BTC,2024-12-16,24,0.5114254075
Hyperliquid,BTC,2024-12-17,24,0.2668170805
Hyperliquid,BTC,2024-12-18,24,0.2915407205
Hyperliquid,BTC,2024-12-19,24,0.1698323465
Hyperliquid,BTC,2024-12-20,24,0.1167699605
Hyperliquid,BTC,2024-12-21,24,0.1244116735
Hyperliquid,BTC,2024-12-22,24,0.10811416800000001
Hyperliquid,BTC,2024-12-23,24,0.08352152650000001
Hyperliquid,BTC,2024-12-24,24,0.09335196200000001
Hyperliquid,BTC,2024-12-25,24,0.10422622450000002
Hyperliquid,BTC,2024-12-26,24,0.141155866
Hyperliquid,BTC,2024-12-27,24,0.159982347
Hyperliquid,BTC,2024-12-28,24,0.1235200515
Hyperliquid,BTC,2024-12-29,24,0.11329625550000001
Hyperliquid,BTC,2024-12-30,24,0.15803952500000001
Hyperliquid,BTC,2024-12-31,24,0.14579519850000003
Hyperliquid,BTC,2025-01-01,24,0.360066587
Hyperliquid,BTC,2025-01-02,24,0.150718136
Hyperliquid,BTC,2025-01-03,24,0.1095
Hyperliquid,BTC,2025-01-04,24,0.1095
Hyperliquid,BTC,2025-01-05,24,0.1095
Hyperliquid,BTC,2025-01-06,24,0.11180435450000002
Hyperliquid,BTC,2025-01-07,24,0.2619544045
Hyperliquid,BTC,2025-01-08,24,0.2839125125
Hyperliquid,BTC,2025-01-09,24,0.1272033395
Hyperliquid,BTC,2025-01-10,24,0.10757250800000001
Hyperliquid,BTC,2025-01-11,24,0.11040614900000001
Hyperliquid,BTC,2025-01-12,24,0.1398927835
Hyperliquid,BTC,2025-01-13,24,0.113507335
Hyperliquid,BTC,2025-01-14,24,0.10845777900000002
Hyperliquid,BTC,2025-01-15,24,0.0721700265
Hyperliquid,BTC,2025-01-16,24,0.11077742700000003
Hyperliquid,BTC,2025-01-17,24,0.14240190300000002
Hyperliquid,BTC,2025-01-18,24,0.11203007050000001
Hyperliquid,BTC,2025-01-19,24,0.3169423115
Hyperliquid,BTC,2025-01-20,24,0.7301828284999999
Hyperliquid,BTC,2025-01-21,24,0.28882888
Hyperliquid,BTC,2025-01-22,24,0.183139042
Hyperliquid,BTC,2025-01-23,24,0.1095
Hyperliquid,BTC,2025-01-24,24,0.1095
Hyperliquid,BTC,2025-01-25,24,0.1095
Hyperliquid,BTC,2025-01-26,24,0.1095
Hyperliquid,BTC,2025-01-27,24,0.09346485650000001
Hyperliquid,BTC,2025-01-28,24,0.10850679850000002
Hyperliquid,BTC,2025-01-29,24,0.07060519850000001
Hyperliquid,BTC,2025-01-30,24,0.1060576485
Hyperliquid,BTC,2025-01-31,24,0.170482302
Hyperliquid,BTC,2025-02-01,24,0.10927439350000001
Hyperliquid,BTC,2025-02-02,24,0.1095
Hyperliquid,BTC,2025-02-03,24,0.150967504
Hyperliquid,BTC,2025-02-04,24,0.129513169
Hyperliquid,BTC,2025-02-05,24,0.11484564400000001
Hyperliquid,BTC,2025-02-06,24,0.1095
Hyperliquid,BTC,2025-02-07,24,0.1095
Hyperliquid,BTC,2025-02-08,24,0.10585131400000002
Hyperliquid,BTC,2025-02-09,24,0.09008203650000002
Hyperliquid,BTC,2025-02-10,24,0.1095
Hyperliquid,BTC,2025-02-11,24,0.11146194800000002
Hyperliquid,BTC,2025-02-12,24,0.1095
Hyperliquid,BTC,2025-02-13,24,0.11230612000000001
Hyperliquid,BTC,2025-02-14,24,0.1264891075
Hyperliquid,BTC,2025-02-15,24,0.1095
Hyperliquid,BTC,2025-02-16,24,0.1095
Hyperliquid,BTC,2025-02-17,24,0.1095
Hyperliquid,BTC,2025-02-18,24,0.10844230300000002
Hyperliquid,BTC,2025-02-19,24,0.1095
Hyperliquid,BTC,2025-02-20,24,0.08492425800000002
Hyperliquid,BTC,2025-02-21,24,0.10423578750000001
Hyperliquid,BTC,2025-02-22,24,0.210277595
Hyperliquid,BTC,2025-02-23,24,0.007513014000000005
Hyperliquid,BTC,2025-02-24,24,0.09378185900000001
Hyperliquid,BTC,2025-02-25,24,0.11866442
Hyperliquid,BTC,2025-02-26,24,0.1095
Hyperliquid,BTC,2025-02-27,24,0.10363711450000002
Hyperliquid,BTC,2025-02-28,24,0.06300728550000001
Hyperliquid,BTC,2025-03-01,24,-0.084695549
Hyperliquid,BTC,2025-03-02,24,0.08601009650000001
Hyperliquid,BTC,2025-03-03,24,0.07893322100000001
Hyperliquid,BTC,2025-03-04,24,-0.06185063699999999
Hyperliquid,BTC,2025-03-05,24,0.09819941750000001
Hyperliquid,BTC,2025-03-06,24,0.0785827845
Hyperliquid,BTC,2025-03-07,24,0.0908123285
Hyperliquid,BTC,2025-03-08,24,0.1095
Hyperliquid,BTC,2025-03-09,24,0.1095
Hyperliquid,BTC,2025-03-10,24,0.10946908450000002
Hyperliquid,BTC,2025-03-11,24,0.0764836695
Hyperliquid,BTC,2025-03-12,24,0.058372698
Hyperliquid,BTC,2025-03-13,24,0.07472601200000001
Hyperliquid,BTC,2025-03-14,24,0.05477478350000001
Hyperliquid,BTC,2025-03-15,24,-0.19776039450000002
Hyperliquid,BTC,2025-03-16,24,-0.19545947100000002
Hyperliquid,BTC,2025-03-17,24,-0.064641573
Hyperliquid,BTC,2025-03-18,24,0.036536609500000004
Hyperliquid,BTC,2025-03-19,24,0.1095
Hyperliquid,BTC,2025-03-20,24,0.070319221
Hyperliquid,BTC,2025-03-21,24,0.052878645
Hyperliquid,BTC,2025-03-22,24,0.09595791600000002
Hyperliquid,BTC,2025-03-23,24,-0.029361877500000005
Hyperliquid,BTC,2025-03-24,24,0.031766169000000004
Hyperliquid,BTC,2025-03-25,24,-0.048166714
Hyperliquid,BTC,2025-03-26,24,0.004700616000000002
Hyperliquid,BTC,2025-03-27,24,0.028802150000000002
Hyperliquid,BTC,2025-03-28,24,0.056466485500000003
Hyperliquid,BTC,2025-03-29,24,0.030784391999999997
Hyperliquid,BTC,2025-03-30,24,0.0641325075
Hyperliquid,BTC,2025-03-31,24,0.0512107045
Hyperliquid,BTC,2025-04-01,24,0.032078426500000014
Hyperliquid,BTC,2025-04-02,24,-0.0033222664999999975
Hyperliquid,BTC,2025-04-03,24,0.04481032000000001
Hyperliquid,BTC,2025-04-04,24,0.091385196
Hyperliquid,BTC,2025-04-05,24,0.10937768850000001
Hyperliquid,BTC,2025-04-06,24,0.05967896
Hyperliquid,BTC,2025-04-07,24,0.0915526215
Hyperliquid,BTC,2025-04-08,24,0.1095
Hyperliquid,BTC,2025-04-09,24,0.1418989695
Hyperliquid,BTC,2025-04-10,24,0.1095
Hyperliquid,BTC,2025-04-11,24,0.1095
Hyperliquid,BTC,2025-04-12,24,0.1139572705
Hyperliquid,BTC,2025-04-13,24,0.10778398900000001
Hyperliquid,BTC,2025-04-14,24,0.0616359805
Hyperliquid,BTC,2025-04-15,24,0.0254876215
Hyperliquid,BTC,2025-04-16,24,0.065939513
Hyperliquid,BTC,2025-04-17,24,-0.0004397154999999978
Hyperliquid,BTC,2025-04-18,24,-0.0568241125
Hyperliquid,BTC,2025-04-19,24,0.076618318
Hyperliquid,BTC,2025-04-20,24,-0.022930942499999992
Hyperliquid,BTC,2025-04-21,24,0.005691919500000006
Hyperliquid,BTC,2025-04-22,24,0.06282047850000001
Hyperliquid,BTC,2025-04-23,24,0.08068872500000002
Hyperliquid,BTC,2025-04-24,24,0.012645717000000008
Hyperliquid,BTC,2025-04-25,24,0.007694784000000013
Hyperliquid,BTC,2025-04-26,24,-0.12493238250000001
Hyperliquid,BTC,2025-04-27,24,-0.012744924
Hyperliquid,BTC,2025-04-28,24,0.06640204100000001
Hyperliquid,BTC,2025-04-29,24,0.1095
Hyperliquid,BTC,2025-04-30,24,0.1095
Hyperliquid,BTC,2025-05-01,24,0.1095
Hyperliquid,BTC,2025-05-02,24,0.1095
Hyperliquid,BTC,2025-05-03,24,0.1095
Hyperliquid,BTC,2025-05-04,24,0.046886075000000006
Hyperliquid,BTC,2025-05-05,24,0.10149949200000001
Hyperliquid,BTC,2025-05-06,24,0.05702044600000001
Hyperliquid,BTC,2025-05-07,24,0.07972800850000002
Hyperliquid,BTC,2025-05-08,24,0.20524782200000002
Hyperliquid,BTC,2025-05-09,24,0.1827180145
Hyperliquid,BTC,2025-05-10,24,0.118015669
Hyperliquid,BTC,2025-05-11,24,0.460051256
Hyperliquid,BTC,2025-05-12,24,0.4187445345
Hyperliquid,BTC,2025-05-13,24,0.12185981250000001
Hyperliquid,BTC,2025-05-14,24,0.1095
Hyperliquid,BTC,2025-05-15,24,0.10922975400000001
Hyperliquid,BTC,2025-05-16,24,0.09452080150000002
Hyperliquid,BTC,2025-05-17,24,0.1095
Hyperliquid,BTC,2025-05-18,24,0.11335834200000001
Hyperliquid,BTC,2025-05-19,24,0.2751665285
Hyperliquid,BTC,2025-05-20,24,0.09177253400000002
Hyperliquid,BTC,2025-05-21,24,0.1792674505
Hyperliquid,BTC,2025-05-22,24,0.517124992
Hyperliquid,BTC,2025-05-23,24,0.5087728795
Hyperliquid,BTC,2025-05-24,24,0.12796885400000002
Hyperliquid,BTC,2025-05-25,24,-0.061874654
Hyperliquid,BTC,2025-05-26,24,0.11204525450000001
Hyperliquid,BTC,2025-05-27,24,0.13164601
Hyperliquid,BTC,2025-05-28,24,0.10992785300000002
Hyperliquid,BTC,2025-05-29,24,0.17206954100000002
Hyperliquid,BTC,2025-05-30,24,0.09521817050000002
Hyperliquid,BTC,2025-05-31,24,0.1095
Hyperliquid,BTC,2025-06-01,24,0.1095
Hyperliquid,BTC,2025-06-02,24,0.11055258700000002
Hyperliquid,BTC,2025-06-03,24,0.083159483
Hyperliquid,BTC,2025-06-04,24,0.08616120650000002
Hyperliquid,BTC,2025-06-05,24,0.10726028700000001
Hyperliquid,BTC,2025-06-06,24,0.040910295000000006
Hyperliquid,BTC,2025-06-07,24,0.061448334
Hyperliquid,BTC,2025-06-08,24,0.05667858700000001
Hyperliquid,BTC,2025-06-09,24,0.07822822350000001
Hyperliquid,BTC,2025-06-10,24,0.2267710325
Hyperliquid,BTC,2025-06-11,24,0.187226896
Hyperliquid,BTC,2025-06-12,24,0.12450310600000002
Hyperliquid,BTC,2025-06-13,24,0.067227744
Hyperliquid,BTC,2025-06-14,24,0.003112391500000001
Hyperliquid,BTC,2025-06-15,24,0.10607867250000001
Hyperliquid,BTC,2025-06-16,24,0.12461359150000001
Hyperliquid,BTC,2025-06-17,24,0.09794680100000001
Hyperliquid,BTC,2025-06-18,24,0.056386988500000006
Hyperliquid,BTC,2025-06-19,24,0.0532008305
Hyperliquid,BTC,2025-06-20,24,0.1095
Hyperliquid,BTC,2025-06-21,24,0.06911077900000001
Hyperliquid,BTC,2025-06-22,24,0.10014953950000001
Hyperliquid,BTC,2025-06-23,24,0.004472673500000003
Hyperliquid,BTC,2025-06-24,24,0.05330095000000001
Hyperliquid,BTC,2025-06-25,24,0.08329840200000001
Hyperliquid,BTC,2025-06-26,24,0.05505733000000001
Hyperliquid,BTC,2025-06-27,24,-0.004894540499999996
Hyperliquid,BTC,2025-06-28,24,0.096769603
Hyperliquid,BTC,2025-06-29,24,0.09473651650000002
Hyperliquid,BTC,2025-06-30,24,0.10119030050000001
Hyperliquid,BTC,2025-07-01,24,0.0619014815
Hyperliquid,BTC,2025-07-02,24,0.08194282850000001
Hyperliquid,BTC,2025-07-03,24,0.10812971700000001
Hyperliquid,BTC,2025-07-04,24,0.08800233950000001
Hyperliquid,BTC,2025-07-05,24,0.1095
Hyperliquid,BTC,2025-07-06,24,0.1095
Hyperliquid,BTC,2025-07-07,24,0.1095
Hyperliquid,BTC,2025-07-08,24,0.1095
Hyperliquid,BTC,2025-07-09,24,0.1095
Hyperliquid,BTC,2025-07-10,24,0.1095
Hyperliquid,BTC,2025-07-11,24,0.2901760585
Hyperliquid,BTC,2025-07-12,24,0.1842837185
Hyperliquid,BTC,2025-07-13,24,0.1863138485
Hyperliquid,BTC,2025-07-14,24,0.4651390275
Hyperliquid,BTC,2025-07-15,24,0.4115320615
Hyperliquid,BTC,2025-07-16,24,0.46866766499999996
Hyperliquid,BTC,2025-07-17,24,0.260106884
Hyperliquid,BTC,2025-07-18,24,0.257385882
Hyperliquid,BTC,2025-07-19,24,0.1095
Hyperliquid,BTC,2025-07-20,24,0.13405679850000002
Hyperliquid,BTC,2025-07-21,24,0.156237374
Hyperliquid,BTC,2025-07-22,24,0.249475602
Hyperliquid,BTC,2025-07-23,24,0.351583257
Hyperliquid,BTC,2025-07-24,24,0.191569958
Hyperliquid,BTC,2025-07-25,24,0.314854256
Hyperliquid,BTC,2025-07-26,24,0.22655725200000001
Hyperliquid,BTC,2025-07-27,24,0.1593368445
Hyperliquid,BTC,2025-07-28,24,0.22174615050000002
Hyperliquid,BTC,2025-07-29,24,0.12060158450000001
Hyperliquid,BTC,2025-07-30,24,0.11638379050000001
Hyperliquid,BTC,2025-07-31,24,0.1533309155
Hyperliquid,BTC,2025-08-01,24,0.07839641550000001
Hyperliquid,BTC,2025-08-02,24,0.041349025000000005
Hyperliquid,BTC,2025-08-03,24,0.053109617000000005
Hyperliquid,BTC,2025-08-04,24,0.082117335
Hyperliquid,BTC,2025-08-05,24,0.04606117500000001
Hyperliquid,BTC,2025-08-06,24,0.07134658650000002
Hyperliquid,BTC,2025-08-07,24,0.1095
Hyperliquid,BTC,2025-08-08,24,0.1095
Hyperliquid,BTC,2025-08-09,24,0.12397779800000001
Hyperliquid,BTC,2025-08-10,24,0.1273946725
Hyperliquid,BTC,2025-08-11,24,0.130313541
Hyperliquid,BTC,2025-08-12,24,0.11709809550000001
Hyperliquid,BTC,2025-08-13,24,0.34009313
Hyperliquid,BTC,2025-08-14,24,0.2574611085
Hyperliquid,BTC,2025-08-15,24,0.1095
Hyperliquid,BTC,2025-08-16,24,0.1095
Hyperliquid,BTC,2025-08-17,24,0.1095
Hyperliquid,BTC,2025-08-18,24,0.05597829800000001
Hyperliquid,BTC,2025-08-19,24,0.027765185000000008
Hyperliquid,BTC,2025-08-20,24,0.10475226250000001
Hyperliquid,BTC,2025-08-21,24,0.10313582350000002
Hyperliquid,BTC,2025-08-22,24,0.10776595800000001
Hyperliquid,BTC,2025-08-23,24,0.1411659035
Hyperliquid,BTC,2025-08-24,24,0.21361114
Hyperliquid,BTC,2025-08-25,24,0.1594245175
Hyperliquid,BTC,2025-08-26,24,0.1095
Hyperliquid,BTC,2025-08-27,24,0.11099219300000002
Hyperliquid,BTC,2025-08-28,24,0.1095
Hyperliquid,BTC,2025-08-29,24,0.1039194055
Hyperliquid,BTC,2025-08-30,24,0.049692377500000016
Hyperliquid,BTC,2025-08-31,24,0.1095
Hyperliquid,BTC,2025-09-01,24,0.1095
Hyperliquid,BTC,2025-09-02,24,0.10905119600000002
Hyperliquid,BTC,2025-09-03,24,0.1095
Hyperliquid,BTC,2025-09-04,24,0.1095
Hyperliquid,BTC,2025-09-05,24,0.1095
Hyperliquid,BTC,2025-09-06,24,0.101394883
Hyperliquid,BTC,2025-09-07,24,0.09433549100000001
Hyperliquid,BTC,2025-09-08,24,0.09713055150000001
Hyperliquid,BTC,2025-09-09,24,0.1095
Hyperliquid,BTC,2025-09-10,24,0.1095
Hyperliquid,BTC,2025-09-11,24,0.1095
Hyperliquid,BTC,2025-09-12,24,0.1095
Hyperliquid,BTC,2025-09-13,24,0.1095
Hyperliquid,BTC,2025-09-14,24,0.1095
Hyperliquid,BTC,2025-09-15,24,0.1095
Hyperliquid,BTC,2025-09-16,24,0.1095
Hyperliquid,BTC,2025-09-17,24,0.08034708500000001
Hyperliquid,BTC,2025-09-18,24,0.1095
Hyperliquid,BTC,2025-09-19,24,0.1095
Hyperliquid,BTC,2025-09-20,24,0.1095
Hyperliquid,BTC,2025-09-21,24,0.1095
Hyperliquid,BTC,2025-09-22,24,0.1095
Hyperliquid,BTC,2025-09-23,24,0.1095
Hyperliquid,BTC,2025-09-24,24,0.1095
Hyperliquid,BTC,2025-09-25,24,0.08442187200000001
Hyperliquid,BTC,2025-09-26,24,0.090085358
Hyperliquid,BTC,2025-09-27,24,0.07769039600000001
Hyperliquid,BTC,2025-09-28,24,0.0458424305
Hyperliquid,BTC,2025-09-29,24,0.07093351600000002
Hyperliquid,BTC,2025-09-30,24,0.093910266
Hyperliquid,BTC,2025-10-01,24,0.10900484100000002
Hyperliquid,BTC,2025-10-02,24,0.09565763050000002
Hyperliquid,BTC,2025-10-03,24,0.1095
Hyperliquid,BTC,2025-10-04,24,0.1095
Hyperliquid,BTC,2025-10-05,24,0.1847628175
Hyperliquid,BTC,2025-10-06,24,0.2350869005
Hyperliquid,BTC,2025-10-07,24,0.13979357650000002
Hyperliquid,BTC,2025-10-08,24,0.120093833
Hyperliquid,BTC,2025-10-09,24,0.10022162700000002
Hyperliquid,BTC,2025-10-10,24,0.12221988500000001
Hyperliquid,BTC,2025-10-11,24,0.09445893400000001
Hyperliquid,BTC,2025-10-12,24,0.069229477
Hyperliquid,BTC,2025-10-13,24,0.09534719800000001
Hyperliquid,BTC,2025-10-14,24,0.022476481000000006
Hyperliquid,BTC,2025-10-15,24,0.1095
Hyperliquid,BTC,2025-10-16,24,0.10732076750000001
Hyperliquid,BTC,2025-10-17,24,0.1095
Hyperliquid,BTC,2025-10-18,24,0.1095
Hyperliquid,BTC,2025-10-19,24,0.054116871000000004
Hyperliquid,BTC,2025-10-20,24,0.0683660695
Hyperliquid,BTC,2025-10-21,24,0.021655559500000005
Hyperliquid,BTC,2025-10-22,24,0.0909371585
Hyperliquid,BTC,2025-10-23,24,0.1095
Hyperliquid,BTC,2025-10-24,24,0.1095
Hyperliquid,BTC,2025-10-25,24,0.1095
Hyperliquid,BTC,2025-10-26,24,0.1095
Hyperliquid,BTC,2025-10-27,24,0.1372539065
Hyperliquid,BTC,2025-10-28,24,0.1095
Hyperliquid,BTC,2025-10-29,24,0.111317408
Hyperliquid,BTC,2025-10-30,24,0.11837815050000002
Hyperliquid,BTC,2025-10-31,24,0.1095
Hyperliquid,BTC,2025-11-01,24,0.1095
Hyperliquid,BTC,2025-11-02,24,0.1095
Hyperliquid,BTC,2025-11-03,24,0.10439879650000002
Hyperliquid,BTC,2025-11-04,24,0.08510548050000001
Hyperliquid,BTC,2025-11-05,24,0.1095
Hyperliquid,BTC,2025-11-06,24,0.09947618750000002
Hyperliquid,BTC,2025-11-07,24,0.095994197
Hyperliquid,BTC,2025-11-08,24,0.07172629600000001
Hyperliquid,BTC,2025-11-09,24,0.066011783
Hyperliquid,BTC,2025-11-10,24,0.1095
Hyperliquid,BTC,2025-11-11,24,0.1095
Hyperliquid,BTC,2025-11-12,24,0.1095
Hyperliquid,BTC,2025-11-13,24,0.10589066100000001
Hyperliquid,BTC,2025-11-14,24,0.1095
Hyperliquid,BTC,2025-11-15,24,0.11038716900000001
Hyperliquid,BTC,2025-11-16,24,0.1095
Hyperliquid,BTC,2025-11-17,24,0.11458280750000001
Hyperliquid,BTC,2025-11-18,24,0.11346521400000002
Hyperliquid,BTC,2025-11-19,24,0.1095
Hyperliquid,BTC,2025-11-20,24,0.1095
Hyperliquid,BTC,2025-11-21,24,0.1095
Hyperliquid,BTC,2025-11-22,24,0.09342623950000001
Hyperliquid,BTC,2025-11-23,24,0.09419273950000001
Hyperliquid,BTC,2025-11-24,24,0.012186693000000007
Hyperliquid,BTC,2025-11-25,24,0.005177561500000001
Hyperliquid,BTC,2025-11-26,24,0.064044871
Hyperliquid,BTC,2025-11-27,24,0.0395189515
Hyperliquid,BTC,2025-11-28,24,0.07368959450000001
Hyperliquid,BTC,2025-11-29,24,0.0402968395
Hyperliquid,BTC,2025-11-30,24,0.09467063400000002
Hyperliquid,BTC,2025-12-01,24,0.0385377585
Hyperliquid,BTC,2025-12-02,24,-0.07508404049999999
Hyperliquid,BTC,2025-12-03,24,0.07616830950000002
Hyperliquid,BTC,2025-12-04,24,0.05257164350000001
Hyperliquid,BTC,2025-12-05,24,0.059235996000000006
Hyperliquid,BTC,2025-12-06,24,0.0305652825
Hyperliquid,BTC,2025-12-07,24,-0.037709281500000004
Hyperliquid,BTC,2025-12-08,24,0.022669821500000003
Hyperliquid,BTC,2025-12-09,24,0.038439719500000004
Hyperliquid,BTC,2025-12-10,24,0.09604066150000001
Hyperliquid,BTC,2025-12-11,24,0.0908980305
Hyperliquid,BTC,2025-12-12,24,0.10741665300000001
Hyperliquid,BTC,2025-12-13,24,0.10740464450000002
Hyperliquid,BTC,2025-12-14,24,0.07273282
Hyperliquid,BTC,2025-12-15,24,0.047592167500000004
Hyperliquid,BTC,2025-12-16,24,0.047644910000000006
Hyperliquid,BTC,2025-12-17,24,0.019589039000000003
Hyperliquid,BTC,2025-12-18,24,0.08776392150000001
Hyperliquid,BTC,2025-12-19,24,0.047104929
Hyperliquid,BTC,2025-12-20,24,-0.036613369
Hyperliquid,BTC,2025-12-21,24,0.0748751145
Hyperliquid,BTC,2025-12-22,24,0.059159784
Hyperliquid,BTC,2025-12-23,24,0.061104942
Hyperliquid,BTC,2025-12-24,24,0.1060379385
Hyperliquid,BTC,2025-12-25,24,0.1095
Hyperliquid,BTC,2025-12-26,24,0.10032035950000001
Hyperliquid,BTC,2025-12-27,24,0.1095
Hyperliquid,BTC,2025-12-28,24,0.101485987
Hyperliquid,BTC,2025-12-29,24,0.10079949500000002
Hyperliquid,BTC,2025-12-30,24,0.10693941550000001
Hyperliquid,BTC,2025-12-31,24,0.1095
Hyperliquid,BTC,2026-01-01,24,0.1095
Hyperliquid,BTC,2026-01-02,24,0.0632773125
Hyperliquid,BTC,2026-01-03,24,0.07796443800000001
Hyperliquid,BTC,2026-01-04,24,0.0725187475
Hyperliquid,BTC,2026-01-05,24,0.079413415
Hyperliquid,BTC,2026-01-06,24,0.10383348450000002
Hyperliquid,BTC,2026-01-07,24,0.17193868850000002
Hyperliquid,BTC,2026-01-08,24,0.1095
Hyperliquid,BTC,2026-01-09,24,0.1095
Hyperliquid,BTC,2026-01-10,24,0.1095
Hyperliquid,BTC,2026-01-11,24,0.10379001300000001
Hyperliquid,BTC,2026-01-12,24,0.07595558750000002
Hyperliquid,BTC,2026-01-13,24,0.076261859
Hyperliquid,BTC,2026-01-14,24,0.08420498900000001
Hyperliquid,BTC,2026-01-15,24,0.1095
Hyperliquid,BTC,2026-01-16,24,0.1095
Hyperliquid,BTC,2026-01-17,24,0.1095
Hyperliquid,BTC,2026-01-18,24,0.1095
Hyperliquid,BTC,2026-01-19,24,0.0809936825
Hyperliquid,BTC,2026-01-20,24,-0.0789866935
Hyperliquid,BTC,2026-01-21,24,0.016762844
Hyperliquid,BTC,2026-01-22,24,0.0028725865000000014
Hyperliquid,BTC,2026-01-23,24,-0.0699892975
Hyperliquid,BTC,2026-01-24,24,-0.015348396
Hyperliquid,BTC,2026-01-25,24,0.0447851715
Hyperliquid,BTC,2026-01-26,24,0.0555756665
Hyperliquid,BTC,2026-01-27,24,0.094410316
Hyperliquid,BTC,2026-01-28,24,0.1061693385
Hyperliquid,BTC,2026-01-29,24,0.0973799925
Hyperliquid,BTC,2026-01-30,24,0.0455931355
Hyperliquid,BTC,2026-01-31,24,0.09603149999999999
Hyperliquid,BTC,2026-02-01,24,0.0818109905
Hyperliquid,BTC,2026-02-02,24,-0.0917987775
Hyperliquid,BTC,2026-02-03,24,0.0023434460000000008
Hyperliquid,BTC,2026-02-04,24,0.100767448
Hyperliquid,BTC,2026-02-05,24,0.1062004365
Hyperliquid,BTC,2026-02-06,24,-0.1410293205
Hyperliquid,BTC,2026-02-07,24,-0.151965414
Hyperliquid,BTC,2026-02-08,24,-0.024365867
Hyperliquid,BTC,2026-02-09,24,-0.00017023599999999972
Hyperliquid,BTC,2026-02-10,24,0.030287116
Hyperliquid,BTC,2026-02-11,24,0.01252607
Hyperliquid,BTC,2026-02-12,24,0.005673523500000002
Hyperliquid,BTC,2026-02-13,24,0.053434248
Hyperliquid,BTC,2026-02-14,24,0.105181758
Hyperliquid,BTC,2026-02-15,24,0.081398139
Hyperliquid,BTC,2026-02-16,24,0.048790207
Hyperliquid,BTC,2026-02-17,24,0.06478136799999999
Hyperliquid,BTC,2026-02-18,24,0.063457732
Hyperliquid,BTC,2026-02-19,24,0.0901923395
Hyperliquid,BTC,2026-02-20,24,0.08336165649999999
Hyperliquid,BTC,2026-02-21,24,-0.019277329
Hyperliquid,BTC,2026-02-22,24,0.012688203
Hyperliquid,BTC,2026-02-23,24,0.035440405
Hyperliquid,BTC,2026-02-24,24,0.065769496
Hyperliquid,BTC,2026-02-25,24,0.018420199499999998
Hyperliquid,BTC,2026-02-26,24,0.052457654
Hyperliquid,BTC,2026-02-27,24,0.044255009000000005
Hyperliquid,BTC,2026-02-28,24,-0.0821376655
Hyperliquid,BTC,2026-03-01,24,-0.00024892999999999975
Hyperliquid,BTC,2026-03-02,24,-0.032967165
Hyperliquid,BTC,2026-03-03,24,0.0513856855
Hyperliquid,BTC,2026-03-04,24,-0.07456136049999999
Hyperliquid,BTC,2026-03-05,24,-0.0025782505000000004
Hyperliquid,BTC,2026-03-06,24,0.07975636900000001
Hyperliquid,BTC,2026-03-07,24,0.044393855
Hyperliquid,BTC,2026-03-08,24,0.021064879999999998
Hyperliquid,BTC,2026-03-09,24,-0.021067216
Hyperliquid,BTC,2026-03-10,24,-0.0539922235
Hyperliquid,BTC,2026-03-11,24,-0.0947614095
Hyperliquid,BTC,2026-03-12,24,-0.1114009565
Hyperliquid,BTC,2026-03-13,24,0.08219248850000001
Hyperliquid,BTC,2026-03-14,24,-0.036380134
Hyperliquid,BTC,2026-03-15,24,-0.0004396424999999996
Hyperliquid,BTC,2026-03-16,24,0.043563845
Hyperliquid,BTC,2026-03-17,24,0.031314007
Hyperliquid,BTC,2026-03-18,24,0.010651065
Hyperliquid,BTC,2026-03-19,24,-0.029895178999999997
Hyperliquid,BTC,2026-03-20,24,0.074520444
Hyperliquid,BTC,2026-03-21,24,0.011975285
Hyperliquid,BTC,2026-03-22,24,-0.10471576249999999
Hyperliquid,BTC,2026-03-23,24,0.007398841999999998
Hyperliquid,BTC,2026-03-24,24,0.0536169305
Hyperliquid,BTC,2026-03-25,24,0.09647092350000001
Hyperliquid,BTC,2026-03-26,24,0.056872256
Hyperliquid,BTC,2026-03-27,24,0.0887500055
Hyperliquid,BTC,2026-03-28,24,0.1062262055
Hyperliquid,BTC,2026-03-29,24,0.073072343
Hyperliquid,BTC,2026-03-30,24,-0.0433342235
Hyperliquid,BTC,2026-03-31,24,-0.0479624235
Hyperliquid,BTC,2026-04-01,24,-0.0399765885
Hyperliquid,BTC,2026-04-02,24,-0.1157229215
Hyperliquid,BTC,2026-04-03,24,-0.012161289
Hyperliquid,BTC,2026-04-04,24,-0.07185981300000001
Hyperliquid,BTC,2026-04-05,24,-0.150565128
Hyperliquid,BTC,2026-04-06,24,-0.005972860000000001
Hyperliquid,BTC,2026-04-07,24,0.027819278
Hyperliquid,BTC,2026-04-08,24,0.0885587455
Hyperliquid,BTC,2026-04-09,24,0.0238126
Hyperliquid,BTC,2026-04-10,24,0.07599781800000001
Hyperliquid,BTC,2026-04-11,24,0.0987833445
Hyperliquid,BTC,2026-04-12,24,0.022568899
Hyperliquid,BTC,2026-04-13,24,0.008683495999999999
Hyperliquid,BTC,2026-04-14,24,-0.0694704865
Hyperliquid,BTC,2026-04-15,24,-0.070199355
Hyperliquid,BTC,2026-04-16,24,-0.0129829405
Hyperliquid,BTC,2026-04-17,24,-0.046287548000000005
Hyperliquid,BTC,2026-04-18,24,-0.08942792
Hyperliquid,BTC,2026-04-19,24,-0.054228122999999996
Hyperliquid,BTC,2026-04-20,24,6.27435000000001e-05
Hyperliquid,BTC,2026-04-21,24,-0.0075186715
Hyperliquid,BTC,2026-04-22,24,-0.04601117
Hyperliquid,BTC,2026-04-23,24,0.046871256
Hyperliquid,BTC,2026-04-24,24,0.093362401
Hyperliquid,BTC,2026-04-25,24,0.0695837095
Hyperliquid,BTC,2026-04-26,24,0.0288570095
Hyperliquid,BTC,2026-04-27,24,0.03956892
Hyperliquid,BTC,2026-04-28,24,-0.0217928725
Hyperliquid,BTC,2026-04-29,24,-0.02494191
Hyperliquid,BTC,2026-04-30,24,-0.040004949000000005
Hyperliquid,BTC,2026-05-01,24,-0.058099605
Hyperliquid,BTC,2026-05-02,24,-0.0059379295
Hyperliquid,BTC,2026-05-03,24,0.058337585
Hyperliquid,BTC,2026-05-04,24,-0.028350207000000002
Hyperliquid,BTC,2026-05-05,24,0.0274619795
Hyperliquid,BTC,2026-05-06,24,0.07792753649999999
Hyperliquid,BTC,2026-05-07,24,0.0605349945
Hyperliquid,BTC,2026-05-08,24,0.0935088025
Hyperliquid,BTC,2026-05-09,24,0.021287821999999998
Hyperliquid,BTC,2026-05-10,24,0.040967746
Hyperliquid,BTC,2026-05-11,24,0.0317197045
Hyperliquid,BTC,2026-05-12,24,0.07725235949999999
Hyperliquid,BTC,2026-05-13,24,0.0581337325
Hyperliquid,BTC,2026-05-14,24,-0.006728774999999999
Hyperliquid,BTC,2026-05-15,24,0.0083337895
Hyperliquid,BTC,2026-05-16,24,-0.0634460155
Hyperliquid,BTC,2026-05-17,17,-0.0022807948235294114
Hyperliquid,CLOIL,2026-01-06,9,0.33016809866666663
Hyperliquid,CLOIL,2026-01-07,24,0.0597922195
Hyperliquid,CLOIL,2026-01-08,24,-0.005978736500000004
Hyperliquid,CLOIL,2026-01-09,24,0.586916058
Hyperliquid,CLOIL,2026-01-10,24,0.9729360429999999
Hyperliquid,CLOIL,2026-01-11,24,0.48853184099999997
Hyperliquid,CLOIL,2026-01-12,24,0.5761082985
Hyperliquid,CLOIL,2026-01-13,24,0.5058243365
Hyperliquid,CLOIL,2026-01-14,24,0.687048844
Hyperliquid,CLOIL,2026-01-15,24,0.2082485235
Hyperliquid,CLOIL,2026-01-16,24,0.3007276245
Hyperliquid,CLOIL,2026-01-17,24,0.7130099434999999
Hyperliquid,CLOIL,2026-01-18,24,0.6504251090000001
Hyperliquid,CLOIL,2026-01-19,24,0.2236935715
Hyperliquid,CLOIL,2026-01-20,24,0.12706891
Hyperliquid,CLOIL,2026-01-21,24,0.09629298600000001
Hyperliquid,CLOIL,2026-01-22,24,0.05091187899999999
Hyperliquid,CLOIL,2026-01-23,24,0.040651875
Hyperliquid,CLOIL,2026-01-24,24,0.6657531015
Hyperliquid,CLOIL,2026-01-25,24,-0.11765190999999998
Hyperliquid,CLOIL,2026-01-26,24,0.045663762999999996
Hyperliquid,CLOIL,2026-01-27,24,-0.0990727165
Hyperliquid,CLOIL,2026-01-28,24,0.0749280395
Hyperliquid,CLOIL,2026-01-29,24,0.44393646950000004
Hyperliquid,CLOIL,2026-01-30,24,-0.282158943
Hyperliquid,CLOIL,2026-01-31,24,-0.25252722099999997
Hyperliquid,CLOIL,2026-02-01,24,-0.17938352049999998
Hyperliquid,CLOIL,2026-02-02,24,-0.7480897285
Hyperliquid,CLOIL,2026-02-03,24,0.23191705799999998
Hyperliquid,CLOIL,2026-02-04,24,0.003039902500000004
Hyperliquid,CLOIL,2026-02-05,24,-0.0008588085000000023
Hyperliquid,CLOIL,2026-02-06,24,0.1317717525
Hyperliquid,CLOIL,2026-02-07,24,-0.0405884015
Hyperliquid,CLOIL,2026-02-08,24,0.263672788
Hyperliquid,CLOIL,2026-02-09,24,0.050128954
Hyperliquid,CLOIL,2026-02-10,24,0.17735820849999998
Hyperliquid,CLOIL,2026-02-11,24,-0.0383625585
Hyperliquid,CLOIL,2026-02-12,24,-0.1096312175
Hyperliquid,CLOIL,2026-02-13,24,0.005887048499999995
Hyperliquid,CLOIL,2026-02-14,24,0.3231027815
Hyperliquid,CLOIL,2026-02-15,24,0.572543672
Hyperliquid,CLOIL,2026-02-16,24,0.20927194699999999
Hyperliquid,CLOIL,2026-02-17,24,0.016481648
Hyperliquid,CLOIL,2026-02-18,24,0.5103482195
Hyperliquid,CLOIL,2026-02-19,24,0.531207714
Hyperliquid,CLOIL,2026-02-20,24,0.149180245
Hyperliquid,CLOIL,2026-02-21,24,0.4464623425
Hyperliquid,CLOIL,2026-02-22,24,0.12470137399999999
Hyperliquid,CLOIL,2026-02-23,24,0.345426437
Hyperliquid,CLOIL,2026-02-24,24,0.36577281450000004
Hyperliquid,CLOIL,2026-02-25,24,0.288450594
Hyperliquid,CLOIL,2026-02-26,24,0.0973415945
Hyperliquid,CLOIL,2026-02-27,24,0.4929438515
Hyperliquid,CLOIL,2026-02-28,24,1.019989142
Hyperliquid,CLOIL,2026-03-01,24,0.2151290655
Hyperliquid,CLOIL,2026-03-02,24,0.3913166095
Hyperliquid,CLOIL,2026-03-03,24,0.0253770995
Hyperliquid,CLOIL,2026-03-04,24,0.027096687499999998
Hyperliquid,CLOIL,2026-03-05,24,0.202708809
Hyperliquid,CLOIL,2026-03-06,24,-0.958172888
Hyperliquid,CLOIL,2026-03-07,24,0.8750201575
Hyperliquid,CLOIL,2026-03-08,24,0.6064629395
Hyperliquid,CLOIL,2026-03-09,24,0.490140907
Hyperliquid,CLOIL,2026-03-10,24,-0.010753739500000012
Hyperliquid,CLOIL,2026-03-11,24,-0.27265956249999995
Hyperliquid,CLOIL,2026-03-12,24,-0.0986397535
Hyperliquid,CLOIL,2026-03-13,24,0.103646422
Hyperliquid,CLOIL,2026-03-14,24,1.0604026355
Hyperliquid,CLOIL,2026-03-15,24,-0.2968774585
Hyperliquid,CLOIL,2026-03-16,24,0.0708771235
Hyperliquid,CLOIL,2026-03-17,24,-0.0565550345
Hyperliquid,CLOIL,2026-03-18,24,-0.1081734075
Hyperliquid,CLOIL,2026-03-19,24,-0.1055042355
Hyperliquid,CLOIL,2026-03-20,24,-0.40180499399999997
Hyperliquid,CLOIL,2026-03-21,24,-0.1483969915
Hyperliquid,CLOIL,2026-03-22,24,1.1029824405
Hyperliquid,CLOIL,2026-03-23,24,-0.1759894585
Hyperliquid,CLOIL,2026-03-24,24,-0.08540076549999999
Hyperliquid,CLOIL,2026-03-25,24,-0.125291214
Hyperliquid,CLOIL,2026-03-26,24,-0.18257606599999998
Hyperliquid,CLOIL,2026-03-27,24,-0.35344942900000004
Hyperliquid,CLOIL,2026-03-28,24,-0.195792789
Hyperliquid,CLOIL,2026-03-29,24,0.542684336
Hyperliquid,CLOIL,2026-03-30,24,-0.6013177534999999
Hyperliquid,CLOIL,2026-03-31,24,-0.6189956525
Hyperliquid,CLOIL,2026-04-01,24,-0.687173674
Hyperliquid,CLOIL,2026-04-02,24,-1.2603140845
Hyperliquid,CLOIL,2026-04-03,24,0.03466478000000001
Hyperliquid,CLOIL,2026-04-04,24,0.0548678585
Hyperliquid,CLOIL,2026-04-05,24,-0.01734038350000001
Hyperliquid,CLOIL,2026-04-06,24,-2.7338153980000004
Hyperliquid,CLOIL,2026-04-07,24,-3.544887884
Hyperliquid,CLOIL,2026-04-08,24,-5.175094903
Hyperliquid,CLOIL,2026-04-09,24,-4.16791164
Hyperliquid,CLOIL,2026-04-10,24,-3.395992996
Hyperliquid,CLOIL,2026-04-11,24,-0.491410742
Hyperliquid,CLOIL,2026-04-12,24,1.78493103
Hyperliquid,CLOIL,2026-04-13,24,-4.3804589875
Hyperliquid,CLOIL,2026-04-14,24,-2.004483421
Hyperliquid,CLOIL,2026-04-15,24,0.1523127115
Hyperliquid,CLOIL,2026-04-16,24,0.122793884
Hyperliquid,CLOIL,2026-04-17,24,0.0670288555
Hyperliquid,CLOIL,2026-04-18,24,0.6690634325000001
Hyperliquid,CLOIL,2026-04-19,24,0.8069714554999999
Hyperliquid,CLOIL,2026-04-20,24,0.1624319715
Hyperliquid,CLOIL,2026-04-21,24,0.074775506
Hyperliquid,CLOIL,2026-04-22,24,0.031033285499999997
Hyperliquid,CLOIL,2026-04-23,24,-0.0011571595000000043
Hyperliquid,CLOIL,2026-04-24,24,0.0327719995
Hyperliquid,CLOIL,2026-04-25,24,0.25046340149999996
Hyperliquid,CLOIL,2026-04-26,24,-0.087994492
Hyperliquid,CLOIL,2026-04-27,24,0.054437413999999996
Hyperliquid,CLOIL,2026-04-28,24,0.028253116999999998
Hyperliquid,CLOIL,2026-04-29,24,-0.150916185
Hyperliquid,CLOIL,2026-04-30,24,-0.1243547335
Hyperliquid,CLOIL,2026-05-01,24,-0.12749669
Hyperliquid,CLOIL,2026-05-02,24,-0.003146811000000006
Hyperliquid,CLOIL,2026-05-03,24,-0.218462939
Hyperliquid,CLOIL,2026-05-04,24,-0.073529323
Hyperliquid,CLOIL,2026-05-05,24,0.0026162834999999985
Hyperliquid,CLOIL,2026-05-06,24,-0.41701100350000003
Hyperliquid,CLOIL,2026-05-07,24,-2.3124293584999998
Hyperliquid,CLOIL,2026-05-08,24,-2.4058441735
Hyperliquid,CLOIL,2026-05-09,24,0.053656204500000006
Hyperliquid,CLOIL,2026-05-10,24,0.2751513445
Hyperliquid,CLOIL,2026-05-11,24,-2.470417528
Hyperliquid,CLOIL,2026-05-12,24,-2.2577698055
Hyperliquid,CLOIL,2026-05-13,24,-2.0208112945
Hyperliquid,CLOIL,2026-05-14,24,0.049565978000000004
Hyperliquid,CLOIL,2026-05-15,24,0.030677885
Hyperliquid,CLOIL,2026-05-16,24,0.0666123905
Hyperliquid,CLOIL,2026-05-17,17,0.058683703764705886
Hyperliquid,ETH,2023-10-01,24,0.04568186700000001
Hyperliquid,ETH,2023-10-02,24,0.06221698750000001
Hyperliquid,ETH,2023-10-03,24,0.0335939065
Hyperliquid,ETH,2023-10-04,24,0.05759696350000001
Hyperliquid,ETH,2023-10-05,24,0.09934044400000001
Hyperliquid,ETH,2023-10-06,24,0.07553945100000001
Hyperliquid,ETH,2023-10-07,24,0.1095
Hyperliquid,ETH,2023-10-08,24,0.10785060150000002
Hyperliquid,ETH,2023-10-09,24,0.058793689
Hyperliquid,ETH,2023-10-10,24,0.1095
Hyperliquid,ETH,2023-10-11,24,0.1095
Hyperliquid,ETH,2023-10-12,24,0.1095
Hyperliquid,ETH,2023-10-13,24,0.11133390600000002
Hyperliquid,ETH,2023-10-14,24,0.1095
Hyperliquid,ETH,2023-10-15,24,0.1095
Hyperliquid,ETH,2023-10-16,24,0.134537175
Hyperliquid,ETH,2023-10-17,24,0.10901535300000002
Hyperliquid,ETH,2023-10-18,24,0.046577577
Hyperliquid,ETH,2023-10-19,24,-0.035027188499999994
Hyperliquid,ETH,2023-10-20,24,0.0483242115
Hyperliquid,ETH,2023-10-21,24,-0.051762986000000004
Hyperliquid,ETH,2023-10-22,24,-0.13037559099999999
Hyperliquid,ETH,2023-10-23,24,-0.049427132000000006
Hyperliquid,ETH,2023-10-24,24,0.14824223150000002
Hyperliquid,ETH,2023-10-25,24,0.184089356
Hyperliquid,ETH,2023-10-26,24,0.207110855
Hyperliquid,ETH,2023-10-27,24,0.26592805
Hyperliquid,ETH,2023-10-28,24,0.36622669199999996
Hyperliquid,ETH,2023-10-29,24,0.35307712900000005
Hyperliquid,ETH,2023-10-30,24,0.5602237905
Hyperliquid,ETH,2023-10-31,24,0.4326172355
Hyperliquid,ETH,2023-11-01,24,0.3127202105
Hyperliquid,ETH,2023-11-02,24,0.2572883905
Hyperliquid,ETH,2023-11-03,24,0.2289077425
Hyperliquid,ETH,2023-11-04,24,0.727389009
Hyperliquid,ETH,2023-11-05,24,0.4550226875
Hyperliquid,ETH,2023-11-06,24,0.336968949
Hyperliquid,ETH,2023-11-07,24,0.197783061
Hyperliquid,ETH,2023-11-08,24,0.3128489095
Hyperliquid,ETH,2023-11-09,24,0.9675978815
Hyperliquid,ETH,2023-11-10,24,1.0357257885
Hyperliquid,ETH,2023-11-11,24,0.886740782
Hyperliquid,ETH,2023-11-12,24,0.6973704965
Hyperliquid,ETH,2023-11-13,24,0.7281590859999999
Hyperliquid,ETH,2023-11-14,24,0.54468585
Hyperliquid,ETH,2023-11-15,24,0.416371706
Hyperliquid,ETH,2023-11-16,24,0.45023359550000003
Hyperliquid,ETH,2023-11-17,24,0.4610828555
Hyperliquid,ETH,2023-11-18,24,0.2319292125
Hyperliquid,ETH,2023-11-19,24,0.329298766
Hyperliquid,ETH,2023-11-20,24,0.8250647244999999
Hyperliquid,ETH,2023-11-21,24,0.10283228950000001
Hyperliquid,ETH,2023-11-22,24,0.207008728
Hyperliquid,ETH,2023-11-23,24,0.1095
Hyperliquid,ETH,2023-11-24,24,0.12618342000000002
Hyperliquid,ETH,2023-11-25,24,0.1098241565
Hyperliquid,ETH,2023-11-26,24,0.32482514349999997
Hyperliquid,ETH,2023-11-27,24,0.1740555425
Hyperliquid,ETH,2023-11-28,24,0.1154834815
Hyperliquid,ETH,2023-11-29,24,0.11008779600000002
Hyperliquid,ETH,2023-11-30,24,0.2675024045
Hyperliquid,ETH,2023-12-01,24,0.376297042
Hyperliquid,ETH,2023-12-02,24,0.5843808775
Hyperliquid,ETH,2023-12-03,24,0.5002402380000001
Hyperliquid,ETH,2023-12-04,24,0.5544069315
Hyperliquid,ETH,2023-12-05,24,0.482117477
Hyperliquid,ETH,2023-12-06,24,0.506431003
Hyperliquid,ETH,2023-12-07,24,0.4906060265
Hyperliquid,ETH,2023-12-08,24,0.62795403
Hyperliquid,ETH,2023-12-09,24,0.639722579
Hyperliquid,ETH,2023-12-10,24,0.434088514
Hyperliquid,ETH,2023-12-11,24,0.7977758645
Hyperliquid,ETH,2023-12-12,24,0.391616895
Hyperliquid,ETH,2023-12-13,24,0.40319465849999997
Hyperliquid,ETH,2023-12-14,24,0.6092024835
Hyperliquid,ETH,2023-12-15,24,0.3086756455
Hyperliquid,ETH,2023-12-16,24,0.309210626
Hyperliquid,ETH,2023-12-17,24,0.41227432550000004
Hyperliquid,ETH,2023-12-18,24,0.2131331725
Hyperliquid,ETH,2023-12-19,24,0.14557243900000003
Hyperliquid,ETH,2023-12-20,24,0.452961569
Hyperliquid,ETH,2023-12-21,24,0.5748792340000001
Hyperliquid,ETH,2023-12-22,24,1.0728641735
Hyperliquid,ETH,2023-12-23,24,0.5041592065
Hyperliquid,ETH,2023-12-24,24,0.433452903
Hyperliquid,ETH,2023-12-25,24,0.44153473299999996
Hyperliquid,ETH,2023-12-26,24,0.28358821
Hyperliquid,ETH,2023-12-27,24,0.923359991
Hyperliquid,ETH,2023-12-28,24,1.011189211
Hyperliquid,ETH,2023-12-29,24,0.6714202375
Hyperliquid,ETH,2023-12-30,24,0.27734784149999997
Hyperliquid,ETH,2023-12-31,24,0.506985876
Hyperliquid,ETH,2024-01-01,24,0.7279845795000001
Hyperliquid,ETH,2024-01-02,24,0.8001458825
Hyperliquid,ETH,2024-01-03,24,0.41528090349999996
Hyperliquid,ETH,2024-01-04,24,0.154553775
Hyperliquid,ETH,2024-01-05,24,0.128503652
Hyperliquid,ETH,2024-01-06,24,0.11054010400000001
Hyperliquid,ETH,2024-01-07,24,0.1095
Hyperliquid,ETH,2024-01-08,24,0.20205286750000004
Hyperliquid,ETH,2024-01-09,24,0.46012790600000003
Hyperliquid,ETH,2024-01-10,24,0.5105952515
Hyperliquid,ETH,2024-01-11,24,0.49671433800000003
Hyperliquid,ETH,2024-01-12,24,0.38865054
Hyperliquid,ETH,2024-01-13,24,0.16208686400000002
Hyperliquid,ETH,2024-01-14,24,0.25009445950000003
Hyperliquid,ETH,2024-01-15,24,0.23269078499999998
Hyperliquid,ETH,2024-01-16,24,0.18393218700000002
Hyperliquid,ETH,2024-01-17,24,0.16681084000000002
Hyperliquid,ETH,2024-01-18,24,0.2767288015
Hyperliquid,ETH,2024-01-19,24,0.41314350000000005
Hyperliquid,ETH,2024-01-20,24,0.1726453285
Hyperliquid,ETH,2024-01-21,24,0.17955430400000003
Hyperliquid,ETH,2024-01-22,24,0.1643853785
Hyperliquid,ETH,2024-01-23,24,0.0850598555
Hyperliquid,ETH,2024-01-24,24,0.040049953500000006
Hyperliquid,ETH,2024-01-25,24,0.12500414150000003
Hyperliquid,ETH,2024-01-26,24,0.1750508975
Hyperliquid,ETH,2024-01-27,24,0.193987426
Hyperliquid,ETH,2024-01-28,24,0.1586969265
Hyperliquid,ETH,2024-01-29,24,0.09566825200000001
Hyperliquid,ETH,2024-01-30,24,0.10588697450000001
Hyperliquid,ETH,2024-01-31,24,0.0843930005
Hyperliquid,ETH,2024-02-01,24,0.0649169655
Hyperliquid,ETH,2024-02-02,24,0.05670041400000001
Hyperliquid,ETH,2024-02-03,24,-0.09409922650000001
Hyperliquid,ETH,2024-02-04,24,0.14282366050000003
Hyperliquid,ETH,2024-02-05,24,0.09068191400000002
Hyperliquid,ETH,2024-02-06,24,-0.04668809899999999
Hyperliquid,ETH,2024-02-07,24,0.10824695500000002
Hyperliquid,ETH,2024-02-08,24,0.14313485950000002
Hyperliquid,ETH,2024-02-09,24,0.328974938
Hyperliquid,ETH,2024-02-10,24,0.4382308625
Hyperliquid,ETH,2024-02-11,24,0.264004208
Hyperliquid,ETH,2024-02-12,24,0.09446064950000001
Hyperliquid,ETH,2024-02-13,24,0.501779297
Hyperliquid,ETH,2024-02-14,24,0.540795169
Hyperliquid,ETH,2024-02-15,24,0.347864126
Hyperliquid,ETH,2024-02-16,24,0.23902280500000003
Hyperliquid,ETH,2024-02-17,24,0.17672763450000004
Hyperliquid,ETH,2024-02-18,24,0.111490637
Hyperliquid,ETH,2024-02-19,24,0.4995475775
Hyperliquid,ETH,2024-02-20,24,0.3289093475
Hyperliquid,ETH,2024-02-21,24,0.2153481385
Hyperliquid,ETH,2024-02-22,24,0.23826535699999998
Hyperliquid,ETH,2024-02-23,24,0.21316248200000001
Hyperliquid,ETH,2024-02-24,24,0.072172472
Hyperliquid,ETH,2024-02-25,24,0.595785193
Hyperliquid,ETH,2024-02-26,24,0.4749658495
Hyperliquid,ETH,2024-02-27,24,0.656707635
Hyperliquid,ETH,2024-02-28,24,0.9027717279999999
Hyperliquid,ETH,2024-02-29,24,0.6569602515
Hyperliquid,ETH,2024-03-01,24,0.3482331045
Hyperliquid,ETH,2024-03-02,24,0.4050863075
Hyperliquid,ETH,2024-03-03,24,0.462489894
Hyperliquid,ETH,2024-03-04,24,0.7924194895
Hyperliquid,ETH,2024-03-05,24,1.0239575315
Hyperliquid,ETH,2024-03-06,24,0.985448973
Hyperliquid,ETH,2024-03-07,24,0.48261979
Hyperliquid,ETH,2024-03-08,24,0.5240644815000001
Hyperliquid,ETH,2024-03-09,24,0.759787577
Hyperliquid,ETH,2024-03-10,24,0.6045123065
Hyperliquid,ETH,2024-03-11,24,0.407491986
Hyperliquid,ETH,2024-03-12,24,0.527453251
Hyperliquid,ETH,2024-03-13,24,0.7429558575
Hyperliquid,ETH,2024-03-14,24,0.981428498
Hyperliquid,ETH,2024-03-15,24,0.825582331
Hyperliquid,ETH,2024-03-16,24,0.5204416374999999
Hyperliquid,ETH,2024-03-17,24,0.637797788
Hyperliquid,ETH,2024-03-18,24,0.5012167225
Hyperliquid,ETH,2024-03-19,24,0.266294145
Hyperliquid,ETH,2024-03-20,24,0.2135688
Hyperliquid,ETH,2024-03-21,24,0.179872146
Hyperliquid,ETH,2024-03-22,24,0.208708898
Hyperliquid,ETH,2024-03-23,24,0.1095
Hyperliquid,ETH,2024-03-24,24,0.11069490050000001
Hyperliquid,ETH,2024-03-25,24,0.31702772149999997
Hyperliquid,ETH,2024-03-26,24,0.472412638
Hyperliquid,ETH,2024-03-27,24,0.534409859
Hyperliquid,ETH,2024-03-28,24,0.5257876465
Hyperliquid,ETH,2024-03-29,24,0.632824444
Hyperliquid,ETH,2024-03-30,24,0.3781140485
Hyperliquid,ETH,2024-03-31,24,0.5991285199999999
Hyperliquid,ETH,2024-04-01,24,0.29191754649999996
Hyperliquid,ETH,2024-04-02,24,0.3813256105
Hyperliquid,ETH,2024-04-03,24,0.273872859
Hyperliquid,ETH,2024-04-04,24,0.2209556335
Hyperliquid,ETH,2024-04-05,24,0.3126630515
Hyperliquid,ETH,2024-04-06,24,0.163745716
Hyperliquid,ETH,2024-04-07,24,0.15016651150000002
Hyperliquid,ETH,2024-04-08,24,0.18813811849999998
Hyperliquid,ETH,2024-04-09,24,0.1723701915
Hyperliquid,ETH,2024-04-10,24,0.250192097
Hyperliquid,ETH,2024-04-11,24,0.1428124915
Hyperliquid,ETH,2024-04-12,24,0.26172471
Hyperliquid,ETH,2024-04-13,24,0.1095
Hyperliquid,ETH,2024-04-14,24,0.18527655499999998
Hyperliquid,ETH,2024-04-15,24,0.06386521800000002
Hyperliquid,ETH,2024-04-16,24,0.11923133800000002
Hyperliquid,ETH,2024-04-17,24,0.12376704700000002
Hyperliquid,ETH,2024-04-18,24,0.08365161250000001
Hyperliquid,ETH,2024-04-19,24,0.04610672700000001
Hyperliquid,ETH,2024-04-20,24,0.02373522
Hyperliquid,ETH,2024-04-21,24,0.09614100000000002
Hyperliquid,ETH,2024-04-22,24,0.08193016300000001
Hyperliquid,ETH,2024-04-23,24,-0.03015556999999999
Hyperliquid,ETH,2024-04-24,24,0.09827435200000001
Hyperliquid,ETH,2024-04-25,24,0.04452857650000001
Hyperliquid,ETH,2024-04-26,24,0.11065332700000001
Hyperliquid,ETH,2024-04-27,24,0.1095
Hyperliquid,ETH,2024-04-28,24,0.179355963
Hyperliquid,ETH,2024-04-29,24,0.09825854750000002
Hyperliquid,ETH,2024-04-30,24,0.10560497550000002
Hyperliquid,ETH,2024-05-01,24,0.07525840100000002
Hyperliquid,ETH,2024-05-02,24,0.085041569
Hyperliquid,ETH,2024-05-03,24,0.009206285500000012
Hyperliquid,ETH,2024-05-04,24,-0.0971640585
Hyperliquid,ETH,2024-05-05,24,-0.1169870625
Hyperliquid,ETH,2024-05-06,24,0.02780102799999999
Hyperliquid,ETH,2024-05-07,24,0.15734584250000003
Hyperliquid,ETH,2024-05-08,24,0.1665142775
Hyperliquid,ETH,2024-05-09,24,0.0005670640000000079
Hyperliquid,ETH,2024-05-10,24,0.173540053
Hyperliquid,ETH,2024-05-11,24,0.12677712900000002
Hyperliquid,ETH,2024-05-12,24,0.03288686500000001
Hyperliquid,ETH,2024-05-13,24,0.038036467500000004
Hyperliquid,ETH,2024-05-14,24,0.0968734455
Hyperliquid,ETH,2024-05-15,24,0.10787286650000001
Hyperliquid,ETH,2024-05-16,24,0.09418011050000001
Hyperliquid,ETH,2024-05-17,24,0.283828015
Hyperliquid,ETH,2024-05-18,24,0.209242893
Hyperliquid,ETH,2024-05-19,24,0.14563288300000002
Hyperliquid,ETH,2024-05-20,24,0.161208966
Hyperliquid,ETH,2024-05-21,24,0.6465394285
Hyperliquid,ETH,2024-05-22,24,0.523502856
Hyperliquid,ETH,2024-05-23,24,0.800777004
Hyperliquid,ETH,2024-05-24,24,0.239741125
Hyperliquid,ETH,2024-05-25,24,0.2747451725
Hyperliquid,ETH,2024-05-26,24,0.3803256565
Hyperliquid,ETH,2024-05-27,24,0.393397657
Hyperliquid,ETH,2024-05-28,24,0.35581382600000006
Hyperliquid,ETH,2024-05-29,24,0.1362461415
Hyperliquid,ETH,2024-05-30,24,0.1258970045
Hyperliquid,ETH,2024-05-31,24,0.169496364
Hyperliquid,ETH,2024-06-01,24,0.272730774
Hyperliquid,ETH,2024-06-02,24,0.256711654
Hyperliquid,ETH,2024-06-03,24,0.38111478649999997
Hyperliquid,ETH,2024-06-04,24,0.20982609
Hyperliquid,ETH,2024-06-05,24,0.514875497
Hyperliquid,ETH,2024-06-06,24,0.2401305435
Hyperliquid,ETH,2024-06-07,24,0.3782006995
Hyperliquid,ETH,2024-06-08,24,0.37695886
Hyperliquid,ETH,2024-06-09,24,0.198228653
Hyperliquid,ETH,2024-06-10,24,0.1456773035
Hyperliquid,ETH,2024-06-11,24,0.330063879
Hyperliquid,ETH,2024-06-12,24,0.2558910245
Hyperliquid,ETH,2024-06-13,24,0.1788990195
Hyperliquid,ETH,2024-06-14,24,0.24742189300000003
Hyperliquid,ETH,2024-06-15,24,0.26354887050000003
Hyperliquid,ETH,2024-06-16,24,0.17180188650000003
Hyperliquid,ETH,2024-06-17,24,0.32184313000000003
Hyperliquid,ETH,2024-06-18,24,0.144392102
Hyperliquid,ETH,2024-06-19,24,0.10510817400000001
Hyperliquid,ETH,2024-06-20,24,0.16966324200000002
Hyperliquid,ETH,2024-06-21,24,0.12238950050000001
Hyperliquid,ETH,2024-06-22,24,0.155877922
Hyperliquid,ETH,2024-06-23,24,0.1887262795
Hyperliquid,ETH,2024-06-24,24,0.16812863600000003
Hyperliquid,ETH,2024-06-25,24,0.14453835750000002
Hyperliquid,ETH,2024-06-26,24,0.1095
Hyperliquid,ETH,2024-06-27,24,0.21009892750000003
Hyperliquid,ETH,2024-06-28,24,0.21201682
Hyperliquid,ETH,2024-06-29,24,0.1095
Hyperliquid,ETH,2024-06-30,24,0.1226528845
Hyperliquid,ETH,2024-07-01,24,0.23870036400000003
Hyperliquid,ETH,2024-07-02,24,0.28788484400000003
Hyperliquid,ETH,2024-07-03,24,0.11048878500000002
Hyperliquid,ETH,2024-07-04,24,0.0787413405
Hyperliquid,ETH,2024-07-05,24,0.0835943075
Hyperliquid,ETH,2024-07-06,24,-0.030469506499999993
Hyperliquid,ETH,2024-07-07,24,-0.00836229599999999
Hyperliquid,ETH,2024-07-08,24,0.03361573350000001
Hyperliquid,ETH,2024-07-09,24,0.10904334850000001
Hyperliquid,ETH,2024-07-10,24,0.06405684300000002
Hyperliquid,ETH,2024-07-11,24,0.08886749900000002
Hyperliquid,ETH,2024-07-12,24,0.10850833150000001
Hyperliquid,ETH,2024-07-13,24,0.1359154515
Hyperliquid,ETH,2024-07-14,24,0.13984391000000002
Hyperliquid,ETH,2024-07-15,24,0.10175017400000001
Hyperliquid,ETH,2024-07-16,24,0.1728860825
Hyperliquid,ETH,2024-07-17,24,0.12898136400000002
Hyperliquid,ETH,2024-07-18,24,0.11268320150000001
Hyperliquid,ETH,2024-07-19,24,0.18890983800000002
Hyperliquid,ETH,2024-07-20,24,0.1095
Hyperliquid,ETH,2024-07-21,24,0.196680834
Hyperliquid,ETH,2024-07-22,24,0.2246905325
Hyperliquid,ETH,2024-07-23,24,0.455655634
Hyperliquid,ETH,2024-07-24,24,0.214246678
Hyperliquid,ETH,2024-07-25,24,0.12048544150000001
Hyperliquid,ETH,2024-07-26,24,0.1095
Hyperliquid,ETH,2024-07-27,24,0.1095905565
Hyperliquid,ETH,2024-07-28,24,0.1095
Hyperliquid,ETH,2024-07-29,24,0.18989628700000002
Hyperliquid,ETH,2024-07-30,24,0.31429609799999997
Hyperliquid,ETH,2024-07-31,24,0.1686924515
Hyperliquid,ETH,2024-08-01,24,0.09275511400000001
Hyperliquid,ETH,2024-08-02,24,0.07914930100000002
Hyperliquid,ETH,2024-08-03,24,0.0914295435
Hyperliquid,ETH,2024-08-04,24,0.06176573800000001
Hyperliquid,ETH,2024-08-05,24,0.054936734000000015
Hyperliquid,ETH,2024-08-06,24,0.10088833600000001
Hyperliquid,ETH,2024-08-07,24,-0.182811345
Hyperliquid,ETH,2024-08-08,24,-0.159622165
Hyperliquid,ETH,2024-08-09,24,-0.1485910985
Hyperliquid,ETH,2024-08-10,24,0.057944772000000005
Hyperliquid,ETH,2024-08-11,24,0.10773989700000002
Hyperliquid,ETH,2024-08-12,24,0.1095
Hyperliquid,ETH,2024-08-13,24,0.10477376100000002
Hyperliquid,ETH,2024-08-14,24,0.10778369700000001
Hyperliquid,ETH,2024-08-15,24,-0.036786488499999985
Hyperliquid,ETH,2024-08-16,24,-0.021654756499999993
Hyperliquid,ETH,2024-08-17,24,-0.022268613499999992
Hyperliquid,ETH,2024-08-18,24,-0.004715982499999994
Hyperliquid,ETH,2024-08-19,24,0.061954954000000007
Hyperliquid,ETH,2024-08-20,24,0.083863422
Hyperliquid,ETH,2024-08-21,24,-0.012989437499999994
Hyperliquid,ETH,2024-08-22,24,0.10608057050000001
Hyperliquid,ETH,2024-08-23,24,0.1095
Hyperliquid,ETH,2024-08-24,24,0.109693304
Hyperliquid,ETH,2024-08-25,24,0.09426252750000001
Hyperliquid,ETH,2024-08-26,24,0.030852793000000003
Hyperliquid,ETH,2024-08-27,24,0.07710124950000001
Hyperliquid,ETH,2024-08-28,24,0.09219677350000001
Hyperliquid,ETH,2024-08-29,24,0.1032639385
Hyperliquid,ETH,2024-08-30,24,0.10663040650000001
Hyperliquid,ETH,2024-08-31,24,0.02565059400000001
Hyperliquid,ETH,2024-09-01,24,-0.067466965
Hyperliquid,ETH,2024-09-02,24,0.05945740500000001
Hyperliquid,ETH,2024-09-03,24,-0.08386174299999999
Hyperliquid,ETH,2024-09-04,24,0.019742704000000003
Hyperliquid,ETH,2024-09-05,24,-0.0518162395
Hyperliquid,ETH,2024-09-06,24,0.020805985500000002
Hyperliquid,ETH,2024-09-07,24,0.068506996
Hyperliquid,ETH,2024-09-08,24,0.1095
Hyperliquid,ETH,2024-09-09,24,0.09229871800000002
Hyperliquid,ETH,2024-09-10,24,0.098584456
Hyperliquid,ETH,2024-09-11,24,0.079750967
Hyperliquid,ETH,2024-09-12,24,0.1095
Hyperliquid,ETH,2024-09-13,24,0.09476323450000002
Hyperliquid,ETH,2024-09-14,24,0.1095
Hyperliquid,ETH,2024-09-15,24,0.10262664850000001
Hyperliquid,ETH,2024-09-16,24,0.1095
Hyperliquid,ETH,2024-09-17,24,0.1095
Hyperliquid,ETH,2024-09-18,24,0.0382496275
Hyperliquid,ETH,2024-09-19,24,0.08697314900000001
Hyperliquid,ETH,2024-09-20,24,0.11089488400000001
Hyperliquid,ETH,2024-09-21,24,0.13462335150000002
Hyperliquid,ETH,2024-09-22,24,0.11653902500000002
Hyperliquid,ETH,2024-09-23,24,0.10666975350000002
Hyperliquid,ETH,2024-09-24,24,0.11242478150000002
Hyperliquid,ETH,2024-09-25,24,0.11241069250000002
Hyperliquid,ETH,2024-09-26,24,0.1095
Hyperliquid,ETH,2024-09-27,24,0.1095
Hyperliquid,ETH,2024-09-28,24,0.11425799400000002
Hyperliquid,ETH,2024-09-29,24,0.1095
Hyperliquid,ETH,2024-09-30,24,0.11451659650000001
Hyperliquid,ETH,2024-10-01,24,0.19558068750000002
Hyperliquid,ETH,2024-10-02,24,0.10235147500000001
Hyperliquid,ETH,2024-10-03,24,0.10806350600000002
Hyperliquid,ETH,2024-10-04,24,0.0661073035
Hyperliquid,ETH,2024-10-05,24,0.09477717750000002
Hyperliquid,ETH,2024-10-06,24,0.04738550450000001
Hyperliquid,ETH,2024-10-07,24,0.06570262800000001
Hyperliquid,ETH,2024-10-08,24,-0.053200611499999995
Hyperliquid,ETH,2024-10-09,24,0.06842680550000001
Hyperliquid,ETH,2024-10-10,24,-0.029159338999999996
Hyperliquid,ETH,2024-10-11,24,0.04841958600000001
Hyperliquid,ETH,2024-10-12,24,0.023222979000000005
Hyperliquid,ETH,2024-10-13,24,0.0872664995
Hyperliquid,ETH,2024-10-14,24,0.0442862165
Hyperliquid,ETH,2024-10-15,24,0.029941899000000008
Hyperliquid,ETH,2024-10-16,24,0.09755245500000002
Hyperliquid,ETH,2024-10-17,24,0.08221183350000001
Hyperliquid,ETH,2024-10-18,24,0.1095
Hyperliquid,ETH,2024-10-19,24,0.1095
Hyperliquid,ETH,2024-10-20,24,0.1070699395
Hyperliquid,ETH,2024-10-21,24,0.1095
Hyperliquid,ETH,2024-10-22,24,0.10069944850000001
Hyperliquid,ETH,2024-10-23,24,0.10737128350000001
Hyperliquid,ETH,2024-10-24,24,0.1095
Hyperliquid,ETH,2024-10-25,24,0.08026601850000001
Hyperliquid,ETH,2024-10-26,24,0.1095
Hyperliquid,ETH,2024-10-27,24,0.1095
Hyperliquid,ETH,2024-10-28,24,0.10684769100000001
Hyperliquid,ETH,2024-10-29,24,0.1095
Hyperliquid,ETH,2024-10-30,24,0.12280158550000002
Hyperliquid,ETH,2024-10-31,24,0.1095
Hyperliquid,ETH,2024-11-01,24,0.1095
Hyperliquid,ETH,2024-11-02,24,0.10653601750000001
Hyperliquid,ETH,2024-11-03,24,0.052940549
Hyperliquid,ETH,2024-11-04,24,0.0037928609999999994
Hyperliquid,ETH,2024-11-05,24,0.07362214250000002
Hyperliquid,ETH,2024-11-06,24,0.5229127969999999
Hyperliquid,ETH,2024-11-07,24,0.40215608750000004
Hyperliquid,ETH,2024-11-08,24,0.27076820549999997
Hyperliquid,ETH,2024-11-09,24,0.38020867399999997
Hyperliquid,ETH,2024-11-10,24,0.4446606295
Hyperliquid,ETH,2024-11-11,24,0.656496227
Hyperliquid,ETH,2024-11-12,24,0.699541845
Hyperliquid,ETH,2024-11-13,24,0.23141605899999998
Hyperliquid,ETH,2024-11-14,24,0.5116093675
Hyperliquid,ETH,2024-11-15,24,0.2095017145
Hyperliquid,ETH,2024-11-16,24,0.44110363150000004
Hyperliquid,ETH,2024-11-17,24,0.1458673955
Hyperliquid,ETH,2024-11-18,24,0.6160916395
Hyperliquid,ETH,2024-11-19,24,0.5828747415000001
Hyperliquid,ETH,2024-11-20,24,0.330163013
Hyperliquid,ETH,2024-11-21,24,0.354356089
Hyperliquid,ETH,2024-11-22,24,0.637476296
Hyperliquid,ETH,2024-11-23,24,0.6031580835
Hyperliquid,ETH,2024-11-24,24,0.4136682605
Hyperliquid,ETH,2024-11-25,24,0.4720342425
Hyperliquid,ETH,2024-11-26,24,0.394199343
Hyperliquid,ETH,2024-11-27,24,0.5287007845
Hyperliquid,ETH,2024-11-28,24,0.231283053
Hyperliquid,ETH,2024-11-29,24,0.36548497550000003
Hyperliquid,ETH,2024-11-30,24,0.7062559105
Hyperliquid,ETH,2024-12-01,24,0.37067742900000006
Hyperliquid,ETH,2024-12-02,24,0.3745024465
Hyperliquid,ETH,2024-12-03,24,0.40890150649999996
Hyperliquid,ETH,2024-12-04,24,0.6504396725
Hyperliquid,ETH,2024-12-05,24,0.8972843545
Hyperliquid,ETH,2024-12-06,24,0.865664368
Hyperliquid,ETH,2024-12-07,24,0.5758652085
Hyperliquid,ETH,2024-12-08,24,0.34194952
Hyperliquid,ETH,2024-12-09,24,0.4313612705
Hyperliquid,ETH,2024-12-10,24,0.33502192950000004
Hyperliquid,ETH,2024-12-11,24,0.207151954
Hyperliquid,ETH,2024-12-12,24,0.2508353365
Hyperliquid,ETH,2024-12-13,24,0.2781117135
Hyperliquid,ETH,2024-12-14,24,0.1254762325
Hyperliquid,ETH,2024-12-15,24,0.3945149585
Hyperliquid,ETH,2024-12-16,24,0.6931557685
Hyperliquid,ETH,2024-12-17,24,0.3367886025
Hyperliquid,ETH,2024-12-18,24,0.2825356595
Hyperliquid,ETH,2024-12-19,24,0.1563572765
Hyperliquid,ETH,2024-12-20,24,0.04834523550000001
Hyperliquid,ETH,2024-12-21,24,0.007073444500000004
Hyperliquid,ETH,2024-12-22,24,0.06922670300000001
Hyperliquid,ETH,2024-12-23,24,0.08791192900000001
Hyperliquid,ETH,2024-12-24,24,0.155609209
Hyperliquid,ETH,2024-12-25,24,0.1202341755
Hyperliquid,ETH,2024-12-26,24,0.1095
Hyperliquid,ETH,2024-12-27,24,0.1095
Hyperliquid,ETH,2024-12-28,24,0.114318292
Hyperliquid,ETH,2024-12-29,24,0.1095
Hyperliquid,ETH,2024-12-30,24,0.1870282995
Hyperliquid,ETH,2024-12-31,24,0.1095
Hyperliquid,ETH,2025-01-01,24,0.12383230900000002
Hyperliquid,ETH,2025-01-02,24,0.1757329
Hyperliquid,ETH,2025-01-03,24,0.1423336845
Hyperliquid,ETH,2025-01-04,24,0.12349939250000001
Hyperliquid,ETH,2025-01-05,24,0.1095
Hyperliquid,ETH,2025-01-06,24,0.1095
Hyperliquid,ETH,2025-01-07,24,0.1095
Hyperliquid,ETH,2025-01-08,24,0.14876983900000001
Hyperliquid,ETH,2025-01-09,24,0.07572655000000002
Hyperliquid,ETH,2025-01-10,24,0.020033499500000006
Hyperliquid,ETH,2025-01-11,24,0.1095
Hyperliquid,ETH,2025-01-12,24,0.1095
Hyperliquid,ETH,2025-01-13,24,0.1095
Hyperliquid,ETH,2025-01-14,24,0.05811621250000001
Hyperliquid,ETH,2025-01-15,24,0.055017764000000004
Hyperliquid,ETH,2025-01-16,24,0.10295675450000001
Hyperliquid,ETH,2025-01-17,24,0.133753739
Hyperliquid,ETH,2025-01-18,24,0.08995541800000001
Hyperliquid,ETH,2025-01-19,24,0.4068538565
Hyperliquid,ETH,2025-01-20,24,0.3544638735
Hyperliquid,ETH,2025-01-21,24,0.1229591195
Hyperliquid,ETH,2025-01-22,24,0.12636245250000003
Hyperliquid,ETH,2025-01-23,24,0.08227213150000001
Hyperliquid,ETH,2025-01-24,24,0.11347262350000002
Hyperliquid,ETH,2025-01-25,24,0.10450362450000002
Hyperliquid,ETH,2025-01-26,24,0.10719341900000001
Hyperliquid,ETH,2025-01-27,24,-0.0355746155
Hyperliquid,ETH,2025-01-28,24,0.06186337550000001
Hyperliquid,ETH,2025-01-29,24,0.088017122
Hyperliquid,ETH,2025-01-30,24,0.107867428
Hyperliquid,ETH,2025-01-31,24,0.1178468565
Hyperliquid,ETH,2025-02-01,24,0.09037312400000001
Hyperliquid,ETH,2025-02-02,24,3.916450000000287e-05
Hyperliquid,ETH,2025-02-03,24,0.10256883250000003
Hyperliquid,ETH,2025-02-04,24,0.06846410850000001
Hyperliquid,ETH,2025-02-05,24,0.1095
Hyperliquid,ETH,2025-02-06,24,0.1095
Hyperliquid,ETH,2025-02-07,24,0.09613906550000001
Hyperliquid,ETH,2025-02-08,24,0.10602768200000001
Hyperliquid,ETH,2025-02-09,24,0.0798978795
Hyperliquid,ETH,2025-02-10,24,0.07551817150000001
Hyperliquid,ETH,2025-02-11,24,0.09755891550000001
Hyperliquid,ETH,2025-02-12,24,0.1095
Hyperliquid,ETH,2025-02-13,24,0.09973906050000002
Hyperliquid,ETH,2025-02-14,24,0.09798979800000002
Hyperliquid,ETH,2025-02-15,24,-0.0144233765
Hyperliquid,ETH,2025-02-16,24,0.010800861
Hyperliquid,ETH,2025-02-17,24,0.035651375000000006
Hyperliquid,ETH,2025-02-18,24,0.07449182800000001
Hyperliquid,ETH,2025-02-19,24,0.1095
Hyperliquid,ETH,2025-02-20,24,0.096757777
Hyperliquid,ETH,2025-02-21,24,0.08692504200000001
Hyperliquid,ETH,2025-02-22,24,0.10986459850000002
Hyperliquid,ETH,2025-02-23,24,0.050461250000000006
Hyperliquid,ETH,2025-02-24,24,-0.0424618735
Hyperliquid,ETH,2025-02-25,24,0.0025724470000000033
Hyperliquid,ETH,2025-02-26,24,-0.0473859425
Hyperliquid,ETH,2025-02-27,24,0.07414091700000001
Hyperliquid,ETH,2025-02-28,24,-0.041919301
Hyperliquid,ETH,2025-03-01,24,-0.09232357449999999
Hyperliquid,ETH,2025-03-02,24,0.1095
Hyperliquid,ETH,2025-03-03,24,0.10164509050000002
Hyperliquid,ETH,2025-03-04,24,-0.05914806749999999
Hyperliquid,ETH,2025-03-05,24,0.0746967755
Hyperliquid,ETH,2025-03-06,24,-0.028263811499999996
Hyperliquid,ETH,2025-03-07,24,0.010787575000000002
Hyperliquid,ETH,2025-03-08,24,-0.058425039000000005
Hyperliquid,ETH,2025-03-09,24,-0.07406908499999999
Hyperliquid,ETH,2025-03-10,24,0.04244741950000001
Hyperliquid,ETH,2025-03-11,24,0.0026625655000000023
Hyperliquid,ETH,2025-03-12,24,-0.0035009704999999993
Hyperliquid,ETH,2025-03-13,24,0.006270152500000004
Hyperliquid,ETH,2025-03-14,24,0.06803107250000001
Hyperliquid,ETH,2025-03-15,24,0.0295789795
Hyperliquid,ETH,2025-03-16,24,-0.09703554199999999
Hyperliquid,ETH,2025-03-17,24,-0.1070629315
Hyperliquid,ETH,2025-03-18,24,0.013782619000000005
Hyperliquid,ETH,2025-03-19,24,0.10935746750000001
Hyperliquid,ETH,2025-03-20,24,0.07064867000000001
Hyperliquid,ETH,2025-03-21,24,0.06428715800000001
Hyperliquid,ETH,2025-03-22,24,0.0870749475
Hyperliquid,ETH,2025-03-23,24,0.0749914765
Hyperliquid,ETH,2025-03-24,24,0.057302737
Hyperliquid,ETH,2025-03-25,24,0.10032368100000001
Hyperliquid,ETH,2025-03-26,24,0.07050861950000001
Hyperliquid,ETH,2025-03-27,24,0.086973222
Hyperliquid,ETH,2025-03-28,24,-0.030793151999999994
Hyperliquid,ETH,2025-03-29,24,0.025476562000000008
Hyperliquid,ETH,2025-03-30,24,-0.100975571
Hyperliquid,ETH,2025-03-31,24,-0.0071656435
Hyperliquid,ETH,2025-04-01,24,0.067612235
Hyperliquid,ETH,2025-04-02,24,0.0680999115
Hyperliquid,ETH,2025-04-03,24,-0.08138127599999999
Hyperliquid,ETH,2025-04-04,24,-0.07945038950000001
Hyperliquid,ETH,2025-04-05,24,-0.0679868345
Hyperliquid,ETH,2025-04-06,24,-0.092323903
Hyperliquid,ETH,2025-04-07,24,-0.1204813535
Hyperliquid,ETH,2025-04-08,24,-0.1350568985
Hyperliquid,ETH,2025-04-09,24,-0.1194835895
Hyperliquid,ETH,2025-04-10,24,-0.120712143
Hyperliquid,ETH,2025-04-11,24,-0.06607879700000001
Hyperliquid,ETH,2025-04-12,24,-0.1305935325
Hyperliquid,ETH,2025-04-13,24,-0.031118841499999998
Hyperliquid,ETH,2025-04-14,24,0.0650551545
Hyperliquid,ETH,2025-04-15,24,-0.019286746
Hyperliquid,ETH,2025-04-16,24,-0.0996134275
Hyperliquid,ETH,2025-04-17,24,-0.020672797
Hyperliquid,ETH,2025-04-18,24,-0.0890926675
Hyperliquid,ETH,2025-04-19,24,0.052931935000000006
Hyperliquid,ETH,2025-04-20,24,0.019974114
Hyperliquid,ETH,2025-04-21,24,-0.0009438534999999983
Hyperliquid,ETH,2025-04-22,24,0.04742076350000001
Hyperliquid,ETH,2025-04-23,24,0.08815961800000001
Hyperliquid,ETH,2025-04-24,24,-0.010915835999999998
Hyperliquid,ETH,2025-04-25,24,0.055925738
Hyperliquid,ETH,2025-04-26,24,-0.010033594499999998
Hyperliquid,ETH,2025-04-27,24,-0.123565129
Hyperliquid,ETH,2025-04-28,24,-0.019108735499999998
Hyperliquid,ETH,2025-04-29,24,0.021964167000000007
Hyperliquid,ETH,2025-04-30,24,0.06784652850000002
Hyperliquid,ETH,2025-05-01,24,0.0902692815
Hyperliquid,ETH,2025-05-02,24,-0.0259850435
Hyperliquid,ETH,2025-05-03,24,-0.0223569435
Hyperliquid,ETH,2025-05-04,24,0.055399335000000015
Hyperliquid,ETH,2025-05-05,24,0.0925681975
Hyperliquid,ETH,2025-05-06,24,0.0633713365
Hyperliquid,ETH,2025-05-07,24,0.10576035600000001
Hyperliquid,ETH,2025-05-08,24,0.1744658755
Hyperliquid,ETH,2025-05-09,24,0.2686705505
Hyperliquid,ETH,2025-05-10,24,0.19779233200000002
Hyperliquid,ETH,2025-05-11,24,0.18501404700000001
Hyperliquid,ETH,2025-05-12,24,0.247348893
Hyperliquid,ETH,2025-05-13,24,0.1101287855
Hyperliquid,ETH,2025-05-14,24,0.1095
Hyperliquid,ETH,2025-05-15,24,0.10913857700000001
Hyperliquid,ETH,2025-05-16,24,0.10550861550000001
Hyperliquid,ETH,2025-05-17,24,-0.036142738
Hyperliquid,ETH,2025-05-18,24,0.11211292550000002
Hyperliquid,ETH,2025-05-19,24,0.12289966100000001
Hyperliquid,ETH,2025-05-20,24,0.1333824245
Hyperliquid,ETH,2025-05-21,24,0.260915505
Hyperliquid,ETH,2025-05-22,24,0.18431375800000002
Hyperliquid,ETH,2025-05-23,24,0.3287982415
Hyperliquid,ETH,2025-05-24,24,0.1095
Hyperliquid,ETH,2025-05-25,24,0.026197291000000008
Hyperliquid,ETH,2025-05-26,24,0.1095
Hyperliquid,ETH,2025-05-27,24,0.11879399500000003
Hyperliquid,ETH,2025-05-28,24,0.1095
Hyperliquid,ETH,2025-05-29,24,0.109978953
Hyperliquid,ETH,2025-05-30,24,0.10732332250000003
Hyperliquid,ETH,2025-05-31,24,0.1095
Hyperliquid,ETH,2025-06-01,24,0.11411900200000001
Hyperliquid,ETH,2025-06-02,24,0.17391195150000002
Hyperliquid,ETH,2025-06-03,24,0.18409074300000003
Hyperliquid,ETH,2025-06-04,24,0.11447312500000001
Hyperliquid,ETH,2025-06-05,24,0.1095
Hyperliquid,ETH,2025-06-06,24,0.09856934500000002
Hyperliquid,ETH,2025-06-07,24,0.1009490355
Hyperliquid,ETH,2025-06-08,24,0.1095
Hyperliquid,ETH,2025-06-09,24,0.1127269285
Hyperliquid,ETH,2025-06-10,24,0.2033089785
Hyperliquid,ETH,2025-06-11,24,0.136231067
Hyperliquid,ETH,2025-06-12,24,0.09829993850000002
Hyperliquid,ETH,2025-06-13,24,0.05375665250000001
Hyperliquid,ETH,2025-06-14,24,0.055839963
Hyperliquid,ETH,2025-06-15,24,0.046388397500000005
Hyperliquid,ETH,2025-06-16,24,0.10585543850000001
Hyperliquid,ETH,2025-06-17,24,0.056862109
Hyperliquid,ETH,2025-06-18,24,0.06154122650000001
Hyperliquid,ETH,2025-06-19,24,0.0467024435
Hyperliquid,ETH,2025-06-20,24,-0.049820091000000004
Hyperliquid,ETH,2025-06-21,24,-0.06900029349999999
Hyperliquid,ETH,2025-06-22,24,0.022107539
Hyperliquid,ETH,2025-06-23,24,0.05256299300000001
Hyperliquid,ETH,2025-06-24,24,-0.0007078809999999974
Hyperliquid,ETH,2025-06-25,24,-0.0372447095
Hyperliquid,ETH,2025-06-26,24,-0.027074823999999997
Hyperliquid,ETH,2025-06-27,24,0.031017189
Hyperliquid,ETH,2025-06-28,24,0.0710934955
Hyperliquid,ETH,2025-06-29,24,0.1095
Hyperliquid,ETH,2025-06-30,24,0.1095
Hyperliquid,ETH,2025-07-01,24,0.06394186800000001
Hyperliquid,ETH,2025-07-02,24,-0.048151384
Hyperliquid,ETH,2025-07-03,24,0.1095
Hyperliquid,ETH,2025-07-04,24,0.1075576525
Hyperliquid,ETH,2025-07-05,24,0.1095
Hyperliquid,ETH,2025-07-06,24,0.1095
Hyperliquid,ETH,2025-07-07,24,0.1095
Hyperliquid,ETH,2025-07-08,24,0.1095
Hyperliquid,ETH,2025-07-09,24,0.11127386350000001
Hyperliquid,ETH,2025-07-10,24,0.15425246750000002
Hyperliquid,ETH,2025-07-11,24,0.27163493450000004
Hyperliquid,ETH,2025-07-12,24,0.129439512
Hyperliquid,ETH,2025-07-13,24,0.11043805000000001
Hyperliquid,ETH,2025-07-14,24,0.37806674449999994
Hyperliquid,ETH,2025-07-15,24,0.376608168
Hyperliquid,ETH,2025-07-16,24,0.29542844500000004
Hyperliquid,ETH,2025-07-17,24,0.342779457
Hyperliquid,ETH,2025-07-18,24,0.488477456
Hyperliquid,ETH,2025-07-19,24,0.1095
Hyperliquid,ETH,2025-07-20,24,0.3549034065
Hyperliquid,ETH,2025-07-21,24,0.6395680015
Hyperliquid,ETH,2025-07-22,24,0.30832528200000003
Hyperliquid,ETH,2025-07-23,24,0.3278052225
Hyperliquid,ETH,2025-07-24,24,0.13533032
Hyperliquid,ETH,2025-07-25,24,0.21238021399999998
Hyperliquid,ETH,2025-07-26,24,0.42211728049999997
Hyperliquid,ETH,2025-07-27,24,0.3937380925
Hyperliquid,ETH,2025-07-28,24,0.2321685795
Hyperliquid,ETH,2025-07-29,24,0.06460113100000002
Hyperliquid,ETH,2025-07-30,24,0.1095
Hyperliquid,ETH,2025-07-31,24,0.1095
Hyperliquid,ETH,2025-08-01,24,-0.06482695649999999
Hyperliquid,ETH,2025-08-02,24,-0.036396632
Hyperliquid,ETH,2025-08-03,24,-0.0396709375
Hyperliquid,ETH,2025-08-04,24,0.0171533575
Hyperliquid,ETH,2025-08-05,24,0.07698912150000001
Hyperliquid,ETH,2025-08-06,24,0.050338281500000005
Hyperliquid,ETH,2025-08-07,24,0.09016127800000001
Hyperliquid,ETH,2025-08-08,24,0.1368933595
Hyperliquid,ETH,2025-08-09,24,0.23432781
Hyperliquid,ETH,2025-08-10,24,0.1458671035
Hyperliquid,ETH,2025-08-11,24,0.157707229
Hyperliquid,ETH,2025-08-12,24,0.144280485
Hyperliquid,ETH,2025-08-13,24,0.3451431605
Hyperliquid,ETH,2025-08-14,24,0.38072770399999994
Hyperliquid,ETH,2025-08-15,24,0.1095
Hyperliquid,ETH,2025-08-16,24,0.1095
Hyperliquid,ETH,2025-08-17,24,0.1095
Hyperliquid,ETH,2025-08-18,24,0.10828002400000002
Hyperliquid,ETH,2025-08-19,24,0.08761825000000001
Hyperliquid,ETH,2025-08-20,24,0.07395936600000001
Hyperliquid,ETH,2025-08-21,24,0.11262615200000002
Hyperliquid,ETH,2025-08-22,24,0.2467057265
Hyperliquid,ETH,2025-08-23,24,0.268920247
Hyperliquid,ETH,2025-08-24,24,0.22186838900000003
Hyperliquid,ETH,2025-08-25,24,0.04236569600000001
Hyperliquid,ETH,2025-08-26,24,0.10655083650000001
Hyperliquid,ETH,2025-08-27,24,0.09658622700000001
Hyperliquid,ETH,2025-08-28,24,0.1010588275
Hyperliquid,ETH,2025-08-29,24,0.024126354000000006
Hyperliquid,ETH,2025-08-30,24,0.0696164865
Hyperliquid,ETH,2025-08-31,24,0.041195944000000005
Hyperliquid,ETH,2025-09-01,24,-0.001102227
Hyperliquid,ETH,2025-09-02,24,0.025732427000000006
Hyperliquid,ETH,2025-09-03,24,0.07730878850000002
Hyperliquid,ETH,2025-09-04,24,0.10810905800000002
Hyperliquid,ETH,2025-09-05,24,0.09156784200000001
Hyperliquid,ETH,2025-09-06,24,0.0441512395
Hyperliquid,ETH,2025-09-07,24,-0.010312126
Hyperliquid,ETH,2025-09-08,24,0.070762477
Hyperliquid,ETH,2025-09-09,24,0.1095
Hyperliquid,ETH,2025-09-10,24,0.1095
Hyperliquid,ETH,2025-09-11,24,0.1095
Hyperliquid,ETH,2025-09-12,24,0.1095
Hyperliquid,ETH,2025-09-13,24,0.1317948935
Hyperliquid,ETH,2025-09-14,24,0.148663624
Hyperliquid,ETH,2025-09-15,24,0.13781929150000002
Hyperliquid,ETH,2025-09-16,24,0.1097193285
Hyperliquid,ETH,2025-09-17,24,0.1095
Hyperliquid,ETH,2025-09-18,24,0.1095
Hyperliquid,ETH,2025-09-19,24,0.11385594650000001
Hyperliquid,ETH,2025-09-20,24,0.1095
Hyperliquid,ETH,2025-09-21,24,0.1095
Hyperliquid,ETH,2025-09-22,24,0.054168774
Hyperliquid,ETH,2025-09-23,24,0.01784412
Hyperliquid,ETH,2025-09-24,24,0.040553106
Hyperliquid,ETH,2025-09-25,24,0.060866195500000005
Hyperliquid,ETH,2025-09-26,24,-0.027433546
Hyperliquid,ETH,2025-09-27,24,0.10529801050000002
Hyperliquid,ETH,2025-09-28,24,0.09089686250000001
Hyperliquid,ETH,2025-09-29,24,0.0067225700000000015
Hyperliquid,ETH,2025-09-30,24,0.09104808200000002
Hyperliquid,ETH,2025-10-01,24,0.10886322100000001
Hyperliquid,ETH,2025-10-02,24,0.1095
Hyperliquid,ETH,2025-10-03,24,0.1095
Hyperliquid,ETH,2025-10-04,24,0.1095
Hyperliquid,ETH,2025-10-05,24,0.1095
Hyperliquid,ETH,2025-10-06,24,0.12587003100000002
Hyperliquid,ETH,2025-10-07,24,0.12574677050000002
Hyperliquid,ETH,2025-10-08,24,0.140197522
Hyperliquid,ETH,2025-10-09,24,0.11003600250000001
Hyperliquid,ETH,2025-10-10,24,-0.18119256999999997
Hyperliquid,ETH,2025-10-11,24,-0.1251900725
Hyperliquid,ETH,2025-10-12,24,0.0110817285
Hyperliquid,ETH,2025-10-13,24,0.08715816750000001
Hyperliquid,ETH,2025-10-14,24,0.0865473035
Hyperliquid,ETH,2025-10-15,24,0.08426437450000002
Hyperliquid,ETH,2025-10-16,24,0.02203651
Hyperliquid,ETH,2025-10-17,24,0.072046547
Hyperliquid,ETH,2025-10-18,24,0.10665730700000002
Hyperliquid,ETH,2025-10-19,24,-0.008265570999999998
Hyperliquid,ETH,2025-10-20,24,0.07726042600000001
Hyperliquid,ETH,2025-10-21,24,0.09566091550000001
Hyperliquid,ETH,2025-10-22,24,0.000959402499999999
Hyperliquid,ETH,2025-10-23,24,0.0893459775
Hyperliquid,ETH,2025-10-24,24,0.1095
Hyperliquid,ETH,2025-10-25,24,0.1095
Hyperliquid,ETH,2025-10-26,24,0.1095
Hyperliquid,ETH,2025-10-27,24,0.1095
Hyperliquid,ETH,2025-10-28,24,0.10875434150000002
Hyperliquid,ETH,2025-10-29,24,0.038512172000000004
Hyperliquid,ETH,2025-10-30,24,0.1095
Hyperliquid,ETH,2025-10-31,24,0.08688693600000001
Hyperliquid,ETH,2025-11-01,24,0.0366839235
Hyperliquid,ETH,2025-11-02,24,0.0547563875
Hyperliquid,ETH,2025-11-03,24,-0.0025683225
Hyperliquid,ETH,2025-11-04,24,0.011236123500000006
Hyperliquid,ETH,2025-11-05,24,0.05594274700000001
Hyperliquid,ETH,2025-11-06,24,0.07889613700000002
Hyperliquid,ETH,2025-11-07,24,0.060101192000000005
Hyperliquid,ETH,2025-11-08,24,0.1095
Hyperliquid,ETH,2025-11-09,24,0.1095
Hyperliquid,ETH,2025-11-10,24,0.1095
Hyperliquid,ETH,2025-11-11,24,0.04501742100000001
Hyperliquid,ETH,2025-11-12,24,-0.022059943
Hyperliquid,ETH,2025-11-13,24,0.092752997
Hyperliquid,ETH,2025-11-14,24,0.1095
Hyperliquid,ETH,2025-11-15,24,0.1095
Hyperliquid,ETH,2025-11-16,24,0.1095
Hyperliquid,ETH,2025-11-17,24,0.1095
Hyperliquid,ETH,2025-11-18,24,0.11573350650000001
Hyperliquid,ETH,2025-11-19,24,0.1095
Hyperliquid,ETH,2025-11-20,24,0.1095
Hyperliquid,ETH,2025-11-21,24,0.097895409
Hyperliquid,ETH,2025-11-22,24,0.10086023100000001
Hyperliquid,ETH,2025-11-23,24,0.09341182200000002
Hyperliquid,ETH,2025-11-24,24,0.0982905215
Hyperliquid,ETH,2025-11-25,24,0.1095
Hyperliquid,ETH,2025-11-26,24,0.10505119750000001
Hyperliquid,ETH,2025-11-27,24,0.10577656200000002
Hyperliquid,ETH,2025-11-28,24,0.06159291050000001
Hyperliquid,ETH,2025-11-29,24,0.028731924000000006
Hyperliquid,ETH,2025-11-30,24,0.10141641800000001
Hyperliquid,ETH,2025-12-01,24,0.0915245165
Hyperliquid,ETH,2025-12-02,24,0.08784396600000001
Hyperliquid,ETH,2025-12-03,24,0.0887778915
Hyperliquid,ETH,2025-12-04,24,0.073000657
Hyperliquid,ETH,2025-12-05,24,0.028717251
Hyperliquid,ETH,2025-12-06,24,0.0459151385
Hyperliquid,ETH,2025-12-07,24,0.10507919300000002
Hyperliquid,ETH,2025-12-08,24,0.1095
Hyperliquid,ETH,2025-12-09,24,0.1095
Hyperliquid,ETH,2025-12-10,24,0.1095
Hyperliquid,ETH,2025-12-11,24,0.11489663450000002
Hyperliquid,ETH,2025-12-12,24,0.1330657505
Hyperliquid,ETH,2025-12-13,24,0.1095
Hyperliquid,ETH,2025-12-14,24,0.1095
Hyperliquid,ETH,2025-12-15,24,0.1095
Hyperliquid,ETH,2025-12-16,24,0.1082713735
Hyperliquid,ETH,2025-12-17,24,0.102360454
Hyperliquid,ETH,2025-12-18,24,0.0779799505
Hyperliquid,ETH,2025-12-19,24,0.08961177050000001
Hyperliquid,ETH,2025-12-20,24,0.09923598100000001
Hyperliquid,ETH,2025-12-21,24,0.10583379400000002
Hyperliquid,ETH,2025-12-22,24,0.09409072200000002
Hyperliquid,ETH,2025-12-23,24,0.073384418
Hyperliquid,ETH,2025-12-24,24,0.09954502650000001
Hyperliquid,ETH,2025-12-25,24,0.10945335300000002
Hyperliquid,ETH,2025-12-26,24,0.08153866400000001
Hyperliquid,ETH,2025-12-27,24,0.024458029500000002
Hyperliquid,ETH,2025-12-28,24,-0.009810835
Hyperliquid,ETH,2025-12-29,24,0.07922252
Hyperliquid,ETH,2025-12-30,24,0.09160069200000003
Hyperliquid,ETH,2025-12-31,24,0.1095
Hyperliquid,ETH,2026-01-01,24,0.1095
Hyperliquid,ETH,2026-01-02,24,0.06979818350000001
Hyperliquid,ETH,2026-01-03,24,0.07350676600000002
Hyperliquid,ETH,2026-01-04,24,0.077729159
Hyperliquid,ETH,2026-01-05,24,0.051043753500000004
Hyperliquid,ETH,2026-01-06,24,0.088969772
Hyperliquid,ETH,2026-01-07,24,0.1095
Hyperliquid,ETH,2026-01-08,24,0.10933980150000001
Hyperliquid,ETH,2026-01-09,24,0.1095
Hyperliquid,ETH,2026-01-10,24,0.1095
Hyperliquid,ETH,2026-01-11,24,0.10302358600000001
Hyperliquid,ETH,2026-01-12,24,0.10308921300000001
Hyperliquid,ETH,2026-01-13,24,0.1018701495
Hyperliquid,ETH,2026-01-14,24,0.10732492850000001
Hyperliquid,ETH,2026-01-15,24,0.1095
Hyperliquid,ETH,2026-01-16,24,0.1095
Hyperliquid,ETH,2026-01-17,24,0.1095
Hyperliquid,ETH,2026-01-18,24,0.1095
Hyperliquid,ETH,2026-01-19,24,0.1022625975
Hyperliquid,ETH,2026-01-20,24,0.056622596
Hyperliquid,ETH,2026-01-21,24,0.0782345015
Hyperliquid,ETH,2026-01-22,24,0.10074941700000001
Hyperliquid,ETH,2026-01-23,24,-0.008155961499999996
Hyperliquid,ETH,2026-01-24,24,-0.027949583
Hyperliquid,ETH,2026-01-25,24,-0.034748584
Hyperliquid,ETH,2026-01-26,24,0.024971292500000002
Hyperliquid,ETH,2026-01-27,24,0.1062194895
Hyperliquid,ETH,2026-01-28,24,0.1073928185
Hyperliquid,ETH,2026-01-29,24,0.106545179
Hyperliquid,ETH,2026-01-30,24,0.0444487875
Hyperliquid,ETH,2026-01-31,24,-0.0376230685
Hyperliquid,ETH,2026-02-01,24,-0.200810736
Hyperliquid,ETH,2026-02-02,24,-0.236835141
Hyperliquid,ETH,2026-02-03,24,-0.1264812235
Hyperliquid,ETH,2026-02-04,24,0.08668144100000001
Hyperliquid,ETH,2026-02-05,24,0.0636537735
Hyperliquid,ETH,2026-02-06,24,-0.021022029
Hyperliquid,ETH,2026-02-07,24,-0.026085162999999998
Hyperliquid,ETH,2026-02-08,24,-0.0343838395
Hyperliquid,ETH,2026-02-09,24,0.030123231
Hyperliquid,ETH,2026-02-10,24,0.10368602449999999
Hyperliquid,ETH,2026-02-11,24,0.0304314735
Hyperliquid,ETH,2026-02-12,24,0.055815325500000006
Hyperliquid,ETH,2026-02-13,24,0.07211107900000001
Hyperliquid,ETH,2026-02-14,24,0.056179267000000005
Hyperliquid,ETH,2026-02-15,24,0.001146720499999999
Hyperliquid,ETH,2026-02-16,24,0.054774017
Hyperliquid,ETH,2026-02-17,24,0.0798407205
Hyperliquid,ETH,2026-02-18,24,0.073390112
Hyperliquid,ETH,2026-02-19,24,0.0648108235
Hyperliquid,ETH,2026-02-20,24,0.057027673
Hyperliquid,ETH,2026-02-21,24,0.072946345
Hyperliquid,ETH,2026-02-22,24,0.0750795875
Hyperliquid,ETH,2026-02-23,24,0.0023033689999999996
Hyperliquid,ETH,2026-02-24,24,0.0755181715
Hyperliquid,ETH,2026-02-25,24,0.080810927
Hyperliquid,ETH,2026-02-26,24,0.071792434
Hyperliquid,ETH,2026-02-27,24,0.035111394
Hyperliquid,ETH,2026-02-28,24,0.0092250465
Hyperliquid,ETH,2026-03-01,24,0.0911813435
Hyperliquid,ETH,2026-03-02,24,0.080356648
Hyperliquid,ETH,2026-03-03,24,0.0653555495
Hyperliquid,ETH,2026-03-04,24,0.0559369435
Hyperliquid,ETH,2026-03-05,24,0.076468814
Hyperliquid,ETH,2026-03-06,24,0.0366266915
Hyperliquid,ETH,2026-03-07,24,-0.0387147835
Hyperliquid,ETH,2026-03-08,24,-0.1532433155
Hyperliquid,ETH,2026-03-09,24,0.0342760915
Hyperliquid,ETH,2026-03-10,24,0.0782839225
Hyperliquid,ETH,2026-03-11,24,-0.0043629179999999995
Hyperliquid,ETH,2026-03-12,24,-0.026503964
Hyperliquid,ETH,2026-03-13,24,0.0545824285
Hyperliquid,ETH,2026-03-14,24,0.044087109000000006
Hyperliquid,ETH,2026-03-15,24,0.0760076
Hyperliquid,ETH,2026-03-16,24,-0.000964622
Hyperliquid,ETH,2026-03-17,24,-0.0229429875
Hyperliquid,ETH,2026-03-18,24,0.069358614
Hyperliquid,ETH,2026-03-19,24,-0.002579345499999999
Hyperliquid,ETH,2026-03-20,24,0.045850205000000005
Hyperliquid,ETH,2026-03-21,24,0.0021714214999999995
Hyperliquid,ETH,2026-03-22,24,-0.0740859845
Hyperliquid,ETH,2026-03-23,24,-0.012572060000000001
Hyperliquid,ETH,2026-03-24,24,0.040501422
Hyperliquid,ETH,2026-03-25,24,0.0996768645
Hyperliquid,ETH,2026-03-26,24,-0.013909347
Hyperliquid,ETH,2026-03-27,24,-0.0409781485
Hyperliquid,ETH,2026-03-28,24,0.06359139500000001
Hyperliquid,ETH,2026-03-29,24,0.101642134
Hyperliquid,ETH,2026-03-30,24,0.051628739
Hyperliquid,ETH,2026-03-31,24,0.020868473499999998
Hyperliquid,ETH,2026-04-01,24,-0.026005447
Hyperliquid,ETH,2026-04-02,24,-0.0485745285
Hyperliquid,ETH,2026-04-03,24,0.0019645029999999994
Hyperliquid,ETH,2026-04-04,24,0.078988993
Hyperliquid,ETH,2026-04-05,24,0.0327930235
Hyperliquid,ETH,2026-04-06,24,0.063163542
Hyperliquid,ETH,2026-04-07,24,0.058016385000000004
Hyperliquid,ETH,2026-04-08,24,0.10594092150000001
Hyperliquid,ETH,2026-04-09,24,0.058056753999999995
Hyperliquid,ETH,2026-04-10,24,0.092530347
Hyperliquid,ETH,2026-04-11,24,0.08192260750000001
Hyperliquid,ETH,2026-04-12,24,0.0105980305
Hyperliquid,ETH,2026-04-13,24,0.0544959965
Hyperliquid,ETH,2026-04-14,24,-0.06987049
Hyperliquid,ETH,2026-04-15,24,-0.1280719665
Hyperliquid,ETH,2026-04-16,24,-0.1637651705
Hyperliquid,ETH,2026-04-17,24,-0.10122442799999999
Hyperliquid,ETH,2026-04-18,24,-0.148790425
Hyperliquid,ETH,2026-04-19,24,-0.161669961
Hyperliquid,ETH,2026-04-20,24,-0.013971835000000002
Hyperliquid,ETH,2026-04-21,24,-0.044673006999999994
Hyperliquid,ETH,2026-04-22,24,0.052652490999999996
Hyperliquid,ETH,2026-04-23,24,-0.022797024
Hyperliquid,ETH,2026-04-24,24,-0.017448606000000002
Hyperliquid,ETH,2026-04-25,24,0.045143053999999995
Hyperliquid,ETH,2026-04-26,24,-0.033197261
Hyperliquid,ETH,2026-04-27,24,0.008351747500000001
Hyperliquid,ETH,2026-04-28,24,0.0029170800000000003
Hyperliquid,ETH,2026-04-29,24,0.081597502
Hyperliquid,ETH,2026-04-30,24,0.028064777
Hyperliquid,ETH,2026-05-01,24,0.08017031549999999
Hyperliquid,ETH,2026-05-02,24,0.085150047
Hyperliquid,ETH,2026-05-03,24,0.09344985500000001
Hyperliquid,ETH,2026-05-04,24,0.057214772
Hyperliquid,ETH,2026-05-05,24,0.05938258
Hyperliquid,ETH,2026-05-06,24,0.0479308145
Hyperliquid,ETH,2026-05-07,24,0.058335906
Hyperliquid,ETH,2026-05-08,24,0.09884703700000001
Hyperliquid,ETH,2026-05-09,24,0.10413304
Hyperliquid,ETH,2026-05-10,24,0.1095
Hyperliquid,ETH,2026-05-11,24,0.10661763149999999
Hyperliquid,ETH,2026-05-12,24,0.0839317865
Hyperliquid,ETH,2026-05-13,24,0.107446218
Hyperliquid,ETH,2026-05-14,24,0.09113320000000001
Hyperliquid,ETH,2026-05-15,24,0.058115445999999994
Hyperliquid,ETH,2026-05-16,24,0.038311057
Hyperliquid,ETH,2026-05-17,17,-0.03261301623529412
Hyperliquid,HYPE,2024-12-24,23,1.2280485177391305
Hyperliquid,HYPE,2024-12-25,24,1.5752639705
Hyperliquid,HYPE,2024-12-26,24,0.6505261410000001
Hyperliquid,HYPE,2024-12-27,24,0.31527758300000003
Hyperliquid,HYPE,2024-12-28,24,0.35552303050000006
Hyperliquid,HYPE,2024-12-29,24,0.318859693
Hyperliquid,HYPE,2024-12-30,24,0.9501896445
Hyperliquid,HYPE,2024-12-31,24,1.2832294414999998
Hyperliquid,HYPE,2025-01-01,24,0.397663339
Hyperliquid,HYPE,2025-01-02,24,0.8994949770000001
Hyperliquid,HYPE,2025-01-03,24,0.44337024499999994
Hyperliquid,HYPE,2025-01-04,24,0.323625498
Hyperliquid,HYPE,2025-01-05,24,0.5284005355
Hyperliquid,HYPE,2025-01-06,24,0.1500221905
Hyperliquid,HYPE,2025-01-07,24,0.4413800095
Hyperliquid,HYPE,2025-01-08,24,1.2762362605
Hyperliquid,HYPE,2025-01-09,24,0.34870884550000003
Hyperliquid,HYPE,2025-01-10,24,0.2430192265
Hyperliquid,HYPE,2025-01-11,24,0.616810288
Hyperliquid,HYPE,2025-01-12,24,0.19280577499999998
Hyperliquid,HYPE,2025-01-13,24,0.484586629
Hyperliquid,HYPE,2025-01-14,24,0.14858106100000001
Hyperliquid,HYPE,2025-01-15,24,0.09459237800000002
Hyperliquid,HYPE,2025-01-16,24,0.11322435050000001
Hyperliquid,HYPE,2025-01-17,24,0.7140880439999999
Hyperliquid,HYPE,2025-01-18,24,2.076374843
Hyperliquid,HYPE,2025-01-19,24,2.2611706565
Hyperliquid,HYPE,2025-01-20,24,1.4273740735
Hyperliquid,HYPE,2025-01-21,24,0.261272694
Hyperliquid,HYPE,2025-01-22,24,0.17817584500000003
Hyperliquid,HYPE,2025-01-23,24,0.7678462294999999
Hyperliquid,HYPE,2025-01-24,24,0.215747704
Hyperliquid,HYPE,2025-01-25,24,0.6311489845
Hyperliquid,HYPE,2025-01-26,24,0.244114409
Hyperliquid,HYPE,2025-01-27,24,1.1105107115000001
Hyperliquid,HYPE,2025-01-28,24,0.184526407
Hyperliquid,HYPE,2025-01-29,24,0.20499593550000003
Hyperliquid,HYPE,2025-01-30,24,0.1117868345
Hyperliquid,HYPE,2025-01-31,24,0.06524688900000002
Hyperliquid,HYPE,2025-02-01,24,0.4875192215
Hyperliquid,HYPE,2025-02-02,24,0.761484243
Hyperliquid,HYPE,2025-02-03,24,0.415318608
Hyperliquid,HYPE,2025-02-04,24,0.09521751350000002
Hyperliquid,HYPE,2025-02-05,24,0.246551368
Hyperliquid,HYPE,2025-02-06,24,0.34216782650000005
Hyperliquid,HYPE,2025-02-07,24,0.40336598949999997
Hyperliquid,HYPE,2025-02-08,24,0.2693578455
Hyperliquid,HYPE,2025-02-09,24,0.14133165
Hyperliquid,HYPE,2025-02-10,24,0.22670766850000001
Hyperliquid,HYPE,2025-02-11,24,0.1388831205
Hyperliquid,HYPE,2025-02-12,24,0.17515255
Hyperliquid,HYPE,2025-02-13,24,0.259016994
Hyperliquid,HYPE,2025-02-14,24,0.31592001950000004
Hyperliquid,HYPE,2025-02-15,24,0.31146048600000004
Hyperliquid,HYPE,2025-02-16,24,0.27743259449999996
Hyperliquid,HYPE,2025-02-17,24,0.16051718150000002
Hyperliquid,HYPE,2025-02-18,24,0.5682572579999999
Hyperliquid,HYPE,2025-02-19,24,0.15876916
Hyperliquid,HYPE,2025-02-20,24,0.15104634400000003
Hyperliquid,HYPE,2025-02-21,24,0.240087948
Hyperliquid,HYPE,2025-02-22,24,0.12213681100000001
Hyperliquid,HYPE,2025-02-23,24,0.1872433575
Hyperliquid,HYPE,2025-02-24,24,0.415561844
Hyperliquid,HYPE,2025-02-25,24,0.31652435
Hyperliquid,HYPE,2025-02-26,24,0.49154396699999997
Hyperliquid,HYPE,2025-02-27,24,0.320531685
Hyperliquid,HYPE,2025-02-28,24,0.4121406625
Hyperliquid,HYPE,2025-03-01,24,0.1521402855
Hyperliquid,HYPE,2025-03-02,24,0.218847868
Hyperliquid,HYPE,2025-03-03,24,0.5280150955
Hyperliquid,HYPE,2025-03-04,24,0.5248113445
Hyperliquid,HYPE,2025-03-05,24,0.1294337815
Hyperliquid,HYPE,2025-03-06,24,0.187869588
Hyperliquid,HYPE,2025-03-07,24,0.1567459285
Hyperliquid,HYPE,2025-03-08,24,0.140147444
Hyperliquid,HYPE,2025-03-09,24,0.2676682605
Hyperliquid,HYPE,2025-03-10,24,0.3439583705
Hyperliquid,HYPE,2025-03-11,24,0.2932556
Hyperliquid,HYPE,2025-03-12,24,0.2164117485
Hyperliquid,HYPE,2025-03-13,24,0.23086823050000002
Hyperliquid,HYPE,2025-03-14,24,0.10983386550000002
Hyperliquid,HYPE,2025-03-15,24,0.1095
Hyperliquid,HYPE,2025-03-16,24,0.12020961100000001
Hyperliquid,HYPE,2025-03-17,24,0.1095
Hyperliquid,HYPE,2025-03-18,24,0.11950205850000001
Hyperliquid,HYPE,2025-03-19,24,0.1004211725
Hyperliquid,HYPE,2025-03-20,24,0.10811821950000002
Hyperliquid,HYPE,2025-03-21,24,0.1095
Hyperliquid,HYPE,2025-03-22,24,0.109838428
Hyperliquid,HYPE,2025-03-23,24,0.08437577250000002
Hyperliquid,HYPE,2025-03-24,24,0.07626098300000002
Hyperliquid,HYPE,2025-03-25,24,0.04442203300000001
Hyperliquid,HYPE,2025-03-26,24,0.567071665
Hyperliquid,HYPE,2025-03-27,24,0.39165631500000003
Hyperliquid,HYPE,2025-03-28,24,0.534567539
Hyperliquid,HYPE,2025-03-29,24,0.3377224185
Hyperliquid,HYPE,2025-03-30,24,0.310403081
Hyperliquid,HYPE,2025-03-31,24,0.18992358900000003
Hyperliquid,HYPE,2025-04-01,24,0.17347614150000001
Hyperliquid,HYPE,2025-04-02,24,0.149336611
Hyperliquid,HYPE,2025-04-03,24,0.2986742075
Hyperliquid,HYPE,2025-04-04,24,0.25519106399999997
Hyperliquid,HYPE,2025-04-05,24,0.15314929150000003
Hyperliquid,HYPE,2025-04-06,24,0.15682115500000002
Hyperliquid,HYPE,2025-04-07,24,0.13134813350000002
Hyperliquid,HYPE,2025-04-08,24,0.04235408900000001
Hyperliquid,HYPE,2025-04-09,24,0.05487052300000001
Hyperliquid,HYPE,2025-04-10,24,0.102404035
Hyperliquid,HYPE,2025-04-11,24,0.07759385350000002
Hyperliquid,HYPE,2025-04-12,24,0.07696068800000001
Hyperliquid,HYPE,2025-04-13,24,0.080866699
Hyperliquid,HYPE,2025-04-14,24,0.164125973
Hyperliquid,HYPE,2025-04-15,24,0.06089583350000002
Hyperliquid,HYPE,2025-04-16,24,0.05838561900000001
Hyperliquid,HYPE,2025-04-17,24,0.034639266500000016
Hyperliquid,HYPE,2025-04-18,24,0.06008878200000001
Hyperliquid,HYPE,2025-04-19,24,-0.02800513599999999
Hyperliquid,HYPE,2025-04-20,24,0.08436478600000001
Hyperliquid,HYPE,2025-04-21,24,0.097082043
Hyperliquid,HYPE,2025-04-22,24,0.10594617750000002
Hyperliquid,HYPE,2025-04-23,24,0.08491936700000001
Hyperliquid,HYPE,2025-04-24,24,0.0887220465
Hyperliquid,HYPE,2025-04-25,24,0.126991968
Hyperliquid,HYPE,2025-04-26,24,0.18153698399999998
Hyperliquid,HYPE,2025-04-27,24,0.1095
Hyperliquid,HYPE,2025-04-28,24,0.2159559365
Hyperliquid,HYPE,2025-04-29,24,0.12922124200000001
Hyperliquid,HYPE,2025-04-30,24,0.158199103
Hyperliquid,HYPE,2025-05-01,24,0.03426430200000001
Hyperliquid,HYPE,2025-05-02,24,0.04348927550000001
Hyperliquid,HYPE,2025-05-03,24,0.1789358845
Hyperliquid,HYPE,2025-05-04,24,0.11704951400000001
Hyperliquid,HYPE,2025-05-05,24,0.16994984000000002
Hyperliquid,HYPE,2025-05-06,24,0.21065646500000001
Hyperliquid,HYPE,2025-05-07,24,0.11996057150000002
Hyperliquid,HYPE,2025-05-08,24,0.2241501865
Hyperliquid,HYPE,2025-05-09,24,0.7496065590000001
Hyperliquid,HYPE,2025-05-10,24,0.520399626
Hyperliquid,HYPE,2025-05-11,24,0.467946644
Hyperliquid,HYPE,2025-05-12,24,0.359981469
Hyperliquid,HYPE,2025-05-13,24,0.350665866
Hyperliquid,HYPE,2025-05-14,24,0.21779327350000002
Hyperliquid,HYPE,2025-05-15,24,0.2510304655
Hyperliquid,HYPE,2025-05-16,24,0.1664854425
Hyperliquid,HYPE,2025-05-17,24,0.2803166055
Hyperliquid,HYPE,2025-05-18,24,0.29024803650000003
Hyperliquid,HYPE,2025-05-19,24,0.31597758000000004
Hyperliquid,HYPE,2025-05-20,24,0.09873640550000001
Hyperliquid,HYPE,2025-05-21,24,0.1648738215
Hyperliquid,HYPE,2025-05-22,24,0.8999189245
Hyperliquid,HYPE,2025-05-23,24,0.974699796
Hyperliquid,HYPE,2025-05-24,24,0.46509033650000003
Hyperliquid,HYPE,2025-05-25,24,0.422696572
Hyperliquid,HYPE,2025-05-26,24,0.597718233
Hyperliquid,HYPE,2025-05-27,24,0.35880766550000004
Hyperliquid,HYPE,2025-05-28,24,0.412718713
Hyperliquid,HYPE,2025-05-29,24,0.198859519
Hyperliquid,HYPE,2025-05-30,24,0.3045157405
Hyperliquid,HYPE,2025-05-31,24,0.22460932
Hyperliquid,HYPE,2025-06-01,24,0.1299188665
Hyperliquid,HYPE,2025-06-02,24,0.22898275
Hyperliquid,HYPE,2025-06-03,24,0.3275070175
Hyperliquid,HYPE,2025-06-04,24,0.1417261055
Hyperliquid,HYPE,2025-06-05,24,0.4117296725
Hyperliquid,HYPE,2025-06-06,24,0.228734039
Hyperliquid,HYPE,2025-06-07,24,0.4495519945
Hyperliquid,HYPE,2025-06-08,24,0.242876475
Hyperliquid,HYPE,2025-06-09,24,0.20482694050000003
Hyperliquid,HYPE,2025-06-10,24,0.43916686850000003
Hyperliquid,HYPE,2025-06-11,24,0.43703530500000004
Hyperliquid,HYPE,2025-06-12,24,0.207926046
Hyperliquid,HYPE,2025-06-13,24,0.138300179
Hyperliquid,HYPE,2025-06-14,24,0.1535688955
Hyperliquid,HYPE,2025-06-15,24,0.12187068950000002
Hyperliquid,HYPE,2025-06-16,24,0.36679430350000003
Hyperliquid,HYPE,2025-06-17,24,0.2736334555
Hyperliquid,HYPE,2025-06-18,24,0.18567024399999998
Hyperliquid,HYPE,2025-06-19,24,0.2300199705
Hyperliquid,HYPE,2025-06-20,24,0.13347652150000003
Hyperliquid,HYPE,2025-06-21,24,0.10663777950000002
Hyperliquid,HYPE,2025-06-22,24,0.1030115775
Hyperliquid,HYPE,2025-06-23,24,-0.002896895499999994
Hyperliquid,HYPE,2025-06-24,24,0.042602252500000014
Hyperliquid,HYPE,2025-06-25,24,0.058898626500000016
Hyperliquid,HYPE,2025-06-26,24,0.10812730800000002
Hyperliquid,HYPE,2025-06-27,24,0.12037794900000003
Hyperliquid,HYPE,2025-06-28,24,0.09903435500000002
Hyperliquid,HYPE,2025-06-29,24,0.10980313250000001
Hyperliquid,HYPE,2025-06-30,24,0.14810984600000002
Hyperliquid,HYPE,2025-07-01,24,0.1280921875
Hyperliquid,HYPE,2025-07-02,24,0.151507412
Hyperliquid,HYPE,2025-07-03,24,0.10396608900000003
Hyperliquid,HYPE,2025-07-04,24,0.088785155
Hyperliquid,HYPE,2025-07-05,24,0.096333866
Hyperliquid,HYPE,2025-07-06,24,0.10875952450000002
Hyperliquid,HYPE,2025-07-07,24,0.10571845400000002
Hyperliquid,HYPE,2025-07-08,24,0.114067975
Hyperliquid,HYPE,2025-07-09,24,0.09689574700000002
Hyperliquid,HYPE,2025-07-10,24,0.135376164
Hyperliquid,HYPE,2025-07-11,24,0.5897690075
Hyperliquid,HYPE,2025-07-12,24,0.3981706525
Hyperliquid,HYPE,2025-07-13,24,0.16361329400000002
Hyperliquid,HYPE,2025-07-14,24,0.455180988
Hyperliquid,HYPE,2025-07-15,24,0.419914396
Hyperliquid,HYPE,2025-07-16,24,0.2580972305
Hyperliquid,HYPE,2025-07-17,24,0.535301116
Hyperliquid,HYPE,2025-07-18,24,0.591062239
Hyperliquid,HYPE,2025-07-19,24,0.332681294
Hyperliquid,HYPE,2025-07-20,24,0.380362777
Hyperliquid,HYPE,2025-07-21,24,0.3926808335
Hyperliquid,HYPE,2025-07-22,24,0.194636907
Hyperliquid,HYPE,2025-07-23,24,0.1639431445
Hyperliquid,HYPE,2025-07-24,24,0.13377972700000001
Hyperliquid,HYPE,2025-07-25,24,0.3822098595
Hyperliquid,HYPE,2025-07-26,24,0.43269432350000003
Hyperliquid,HYPE,2025-07-27,24,0.4687673465
Hyperliquid,HYPE,2025-07-28,24,0.4357549215
Hyperliquid,HYPE,2025-07-29,24,0.056224928500000014
Hyperliquid,HYPE,2025-07-30,24,0.18269545750000002
Hyperliquid,HYPE,2025-07-31,24,0.2004068635
Hyperliquid,HYPE,2025-08-01,24,0.23110559
Hyperliquid,HYPE,2025-08-02,24,0.06188516600000001
Hyperliquid,HYPE,2025-08-03,24,0.033872949000000006
Hyperliquid,HYPE,2025-08-04,24,0.077905308
Hyperliquid,HYPE,2025-08-05,24,0.09522247750000001
Hyperliquid,HYPE,2025-08-06,24,0.07355779300000001
Hyperliquid,HYPE,2025-08-07,24,0.035617722000000004
Hyperliquid,HYPE,2025-08-08,24,0.06310375500000001
Hyperliquid,HYPE,2025-08-09,24,0.1315593225
Hyperliquid,HYPE,2025-08-10,24,0.11918874250000001
Hyperliquid,HYPE,2025-08-11,24,0.2761602775
Hyperliquid,HYPE,2025-08-12,24,0.13942755450000002
Hyperliquid,HYPE,2025-08-13,24,0.18381381750000003
Hyperliquid,HYPE,2025-08-14,24,0.025932994500000004
Hyperliquid,HYPE,2025-08-15,24,0.08544277700000001
Hyperliquid,HYPE,2025-08-16,24,0.1095
Hyperliquid,HYPE,2025-08-17,24,0.02699740750000001
Hyperliquid,HYPE,2025-08-18,24,0.18675677599999999
Hyperliquid,HYPE,2025-08-19,24,0.1451330885
Hyperliquid,HYPE,2025-08-20,24,0.2411321765
Hyperliquid,HYPE,2025-08-21,24,0.31989680400000003
Hyperliquid,HYPE,2025-08-22,24,0.261017778
Hyperliquid,HYPE,2025-08-23,24,0.12352738800000002
Hyperliquid,HYPE,2025-08-24,24,0.256610768
Hyperliquid,HYPE,2025-08-25,24,0.20372934900000003
Hyperliquid,HYPE,2025-08-26,24,0.16625169650000002
Hyperliquid,HYPE,2025-08-27,24,0.17117999949999999
Hyperliquid,HYPE,2025-08-28,24,0.10643684700000001
Hyperliquid,HYPE,2025-08-29,24,0.1872657685
Hyperliquid,HYPE,2025-08-30,24,0.1095
Hyperliquid,HYPE,2025-08-31,24,0.1095
Hyperliquid,HYPE,2025-09-01,24,0.18739129200000001
Hyperliquid,HYPE,2025-09-02,24,0.16105833049999999
Hyperliquid,HYPE,2025-09-03,24,0.12768415400000002
Hyperliquid,HYPE,2025-09-04,24,0.1095
Hyperliquid,HYPE,2025-09-05,24,0.10935323350000002
Hyperliquid,HYPE,2025-09-06,24,0.1095
Hyperliquid,HYPE,2025-09-07,24,0.06727607000000001
Hyperliquid,HYPE,2025-09-08,24,0.07330346100000001
Hyperliquid,HYPE,2025-09-09,24,0.11640988800000002
Hyperliquid,HYPE,2025-09-10,24,0.13390765950000003
Hyperliquid,HYPE,2025-09-11,24,0.06890893400000002
Hyperliquid,HYPE,2025-09-12,24,-0.014659750499999994
Hyperliquid,HYPE,2025-09-13,24,-0.0718512355
Hyperliquid,HYPE,2025-09-14,24,0.09404900250000002
Hyperliquid,HYPE,2025-09-15,24,0.05496246650000001
Hyperliquid,HYPE,2025-09-16,24,0.12001367900000003
Hyperliquid,HYPE,2025-09-17,24,0.08661723750000001
Hyperliquid,HYPE,2025-09-18,24,0.1331669285
Hyperliquid,HYPE,2025-09-19,24,0.19843637449999998
Hyperliquid,HYPE,2025-09-20,24,0.305790868
Hyperliquid,HYPE,2025-09-21,24,0.4227843545
Hyperliquid,HYPE,2025-09-22,24,0.44804761049999997
Hyperliquid,HYPE,2025-09-23,24,0.3854843475
Hyperliquid,HYPE,2025-09-24,24,0.40176896850000005
Hyperliquid,HYPE,2025-09-25,24,0.390790389
Hyperliquid,HYPE,2025-09-26,24,0.292344268
Hyperliquid,HYPE,2025-09-27,24,0.211254554
Hyperliquid,HYPE,2025-09-28,24,0.11345711100000001
Hyperliquid,HYPE,2025-09-29,24,0.10340833250000002
Hyperliquid,HYPE,2025-09-30,24,0.23783951150000002
Hyperliquid,HYPE,2025-10-01,24,0.11595659450000001
Hyperliquid,HYPE,2025-10-02,24,0.1625200095
Hyperliquid,HYPE,2025-10-03,24,0.2248520085
Hyperliquid,HYPE,2025-10-04,24,0.1899193185
Hyperliquid,HYPE,2025-10-05,24,0.285845808
Hyperliquid,HYPE,2025-10-06,24,0.500158478
Hyperliquid,HYPE,2025-10-07,24,0.278118393
Hyperliquid,HYPE,2025-10-08,24,0.20490479500000003
Hyperliquid,HYPE,2025-10-09,24,0.13561053050000002
Hyperliquid,HYPE,2025-10-10,24,-0.632209857
Hyperliquid,HYPE,2025-10-11,24,-0.18980412449999998
Hyperliquid,HYPE,2025-10-12,24,-0.035848475
Hyperliquid,HYPE,2025-10-13,24,0.0032366375000000085
Hyperliquid,HYPE,2025-10-14,24,0.04921842500000001
Hyperliquid,HYPE,2025-10-15,24,0.028031014500000007
Hyperliquid,HYPE,2025-10-16,24,-0.045515646
Hyperliquid,HYPE,2025-10-17,24,0.10459304950000002
Hyperliquid,HYPE,2025-10-18,24,0.10241724800000002
Hyperliquid,HYPE,2025-10-19,24,0.09625874900000002
Hyperliquid,HYPE,2025-10-20,24,0.020883146500000005
Hyperliquid,HYPE,2025-10-21,24,0.11091835350000001
Hyperliquid,HYPE,2025-10-22,24,0.17019209050000003
Hyperliquid,HYPE,2025-10-23,24,0.258491321
Hyperliquid,HYPE,2025-10-24,24,0.1095
Hyperliquid,HYPE,2025-10-25,24,0.1101557955
Hyperliquid,HYPE,2025-10-26,24,0.1095
Hyperliquid,HYPE,2025-10-27,24,0.12057238450000002
Hyperliquid,HYPE,2025-10-28,24,0.09409831400000002
Hyperliquid,HYPE,2025-10-29,24,0.1329690255
Hyperliquid,HYPE,2025-10-30,24,0.1527124595
Hyperliquid,HYPE,2025-10-31,24,0.20330343050000002
Hyperliquid,HYPE,2025-11-01,24,0.1709139875
Hyperliquid,HYPE,2025-11-02,24,0.1095
Hyperliquid,HYPE,2025-11-03,24,0.153663029
Hyperliquid,HYPE,2025-11-04,24,0.091042315
Hyperliquid,HYPE,2025-11-05,24,0.1076331345
Hyperliquid,HYPE,2025-11-06,24,0.07037513900000002
Hyperliquid,HYPE,2025-11-07,24,0.1016885985
Hyperliquid,HYPE,2025-11-08,24,0.07319757450000001
Hyperliquid,HYPE,2025-11-09,24,0.054747335500000015
Hyperliquid,HYPE,2025-11-10,24,0.051097919500000005
Hyperliquid,HYPE,2025-11-11,24,0.123425772
Hyperliquid,HYPE,2025-11-12,24,0.11149403150000002
Hyperliquid,HYPE,2025-11-13,24,0.13186132350000002
Hyperliquid,HYPE,2025-11-14,24,0.22355133100000002
Hyperliquid,HYPE,2025-11-15,24,0.145146776
Hyperliquid,HYPE,2025-11-16,24,0.11293851900000001
Hyperliquid,HYPE,2025-11-17,24,0.3008950135
Hyperliquid,HYPE,2025-11-18,24,0.243188696
Hyperliquid,HYPE,2025-11-19,24,0.147158364
Hyperliquid,HYPE,2025-11-20,24,0.189986734
Hyperliquid,HYPE,2025-11-21,24,0.18993870000000002
Hyperliquid,HYPE,2025-11-22,24,0.17033560849999999
Hyperliquid,HYPE,2025-11-23,24,0.09086799100000002
Hyperliquid,HYPE,2025-11-24,24,0.09944100150000001
Hyperliquid,HYPE,2025-11-25,24,0.07323133700000001
Hyperliquid,HYPE,2025-11-26,24,0.06042315850000001
Hyperliquid,HYPE,2025-11-27,24,-0.10747800950000001
Hyperliquid,HYPE,2025-11-28,24,0.12670307050000001
Hyperliquid,HYPE,2025-11-29,24,0.11634988200000002
Hyperliquid,HYPE,2025-11-30,24,0.148417176
Hyperliquid,HYPE,2025-12-01,24,0.11191535100000001
Hyperliquid,HYPE,2025-12-02,24,0.10729321000000001
Hyperliquid,HYPE,2025-12-03,24,0.1095
Hyperliquid,HYPE,2025-12-04,24,0.12078094550000001
Hyperliquid,HYPE,2025-12-05,24,0.11515830300000002
Hyperliquid,HYPE,2025-12-06,24,0.1095
Hyperliquid,HYPE,2025-12-07,24,0.1585634095
Hyperliquid,HYPE,2025-12-08,24,0.1036699645
Hyperliquid,HYPE,2025-12-09,24,0.17517434050000003
Hyperliquid,HYPE,2025-12-10,24,0.11117531350000003
Hyperliquid,HYPE,2025-12-11,24,0.1234160995
Hyperliquid,HYPE,2025-12-12,24,0.11576810850000001
Hyperliquid,HYPE,2025-12-13,24,0.1095
Hyperliquid,HYPE,2025-12-14,24,0.170712325
Hyperliquid,HYPE,2025-12-15,24,0.139653599
Hyperliquid,HYPE,2025-12-16,24,0.11440797250000001
Hyperliquid,HYPE,2025-12-17,24,0.189875555
Hyperliquid,HYPE,2025-12-18,24,0.1315537015
Hyperliquid,HYPE,2025-12-19,24,0.1095
Hyperliquid,HYPE,2025-12-20,24,0.1095
Hyperliquid,HYPE,2025-12-21,24,0.10598198400000002
Hyperliquid,HYPE,2025-12-22,24,0.10295770350000001
Hyperliquid,HYPE,2025-12-23,24,0.1095
Hyperliquid,HYPE,2025-12-24,24,0.10432002950000001
Hyperliquid,HYPE,2025-12-25,24,0.0990771695
Hyperliquid,HYPE,2025-12-26,24,0.11427511250000001
Hyperliquid,HYPE,2025-12-27,24,0.1095
Hyperliquid,HYPE,2025-12-28,24,0.1095
Hyperliquid,HYPE,2025-12-29,24,0.1161793175
Hyperliquid,HYPE,2025-12-30,24,0.11139778100000002
Hyperliquid,HYPE,2025-12-31,24,0.11943044550000002
Hyperliquid,HYPE,2026-01-01,24,0.134140639
Hyperliquid,HYPE,2026-01-02,24,0.10314162700000001
Hyperliquid,HYPE,2026-01-03,24,0.10719805450000001
Hyperliquid,HYPE,2026-01-04,24,0.10896118700000001
Hyperliquid,HYPE,2026-01-05,24,0.10779245700000001
Hyperliquid,HYPE,2026-01-06,24,0.1045633385
Hyperliquid,HYPE,2026-01-07,24,0.14253881450000003
Hyperliquid,HYPE,2026-01-08,24,0.11974606100000001
Hyperliquid,HYPE,2026-01-09,24,0.10802886750000001
Hyperliquid,HYPE,2026-01-10,24,0.09893617
Hyperliquid,HYPE,2026-01-11,24,0.1095
Hyperliquid,HYPE,2026-01-12,24,0.11105993700000001
Hyperliquid,HYPE,2026-01-13,24,0.156299351
Hyperliquid,HYPE,2026-01-14,24,0.1080626665
Hyperliquid,HYPE,2026-01-15,24,0.085603377
Hyperliquid,HYPE,2026-01-16,24,0.086199933
Hyperliquid,HYPE,2026-01-17,24,0.1095
Hyperliquid,HYPE,2026-01-18,24,0.1095
Hyperliquid,HYPE,2026-01-19,24,0.1095
Hyperliquid,HYPE,2026-01-20,24,0.20353954900000001
Hyperliquid,HYPE,2026-01-21,24,0.1257805695
Hyperliquid,HYPE,2026-01-22,24,0.1201440935
Hyperliquid,HYPE,2026-01-23,24,0.18314729100000002
Hyperliquid,HYPE,2026-01-24,24,0.14294075250000002
Hyperliquid,HYPE,2026-01-25,24,0.1095
Hyperliquid,HYPE,2026-01-26,24,0.1715841275
Hyperliquid,HYPE,2026-01-27,24,0.11087510099999999
Hyperliquid,HYPE,2026-01-28,24,0.059409590000000005
Hyperliquid,HYPE,2026-01-29,24,0.052458749
Hyperliquid,HYPE,2026-01-30,24,0.12104502299999999
Hyperliquid,HYPE,2026-01-31,24,0.11087663399999999
Hyperliquid,HYPE,2026-02-01,24,0.0821488345
Hyperliquid,HYPE,2026-02-02,24,0.075276067
Hyperliquid,HYPE,2026-02-03,24,0.10270808
Hyperliquid,HYPE,2026-02-04,24,0.1027184095
Hyperliquid,HYPE,2026-02-05,24,0.14135420699999998
Hyperliquid,HYPE,2026-02-06,24,0.108874682
Hyperliquid,HYPE,2026-02-07,24,0.09497245250000001
Hyperliquid,HYPE,2026-02-08,24,0.10405029449999999
Hyperliquid,HYPE,2026-02-09,24,0.105258554
Hyperliquid,HYPE,2026-02-10,24,0.1095
Hyperliquid,HYPE,2026-02-11,24,0.12305606349999999
Hyperliquid,HYPE,2026-02-12,24,0.104423653
Hyperliquid,HYPE,2026-02-13,24,0.087635697
Hyperliquid,HYPE,2026-02-14,24,0.0957701965
Hyperliquid,HYPE,2026-02-15,24,0.10019071149999999
Hyperliquid,HYPE,2026-02-16,24,0.009098428
Hyperliquid,HYPE,2026-02-17,24,0.1095
Hyperliquid,HYPE,2026-02-18,24,0.0705113935
Hyperliquid,HYPE,2026-02-19,24,0.09788066299999999
Hyperliquid,HYPE,2026-02-20,24,0.021696038
Hyperliquid,HYPE,2026-02-21,24,0.1095
Hyperliquid,HYPE,2026-02-22,24,0.107159693
Hyperliquid,HYPE,2026-02-23,24,0.0072159405
Hyperliquid,HYPE,2026-02-24,24,0.005135513499999998
Hyperliquid,HYPE,2026-02-25,24,-0.19125233500000002
Hyperliquid,HYPE,2026-02-26,24,0.0044831125000000015
Hyperliquid,HYPE,2026-02-27,24,0.003904733499999998
Hyperliquid,HYPE,2026-02-28,24,0.073349013
Hyperliquid,HYPE,2026-03-01,24,-0.024965196999999998
Hyperliquid,HYPE,2026-03-02,24,0.021825905000000003
Hyperliquid,HYPE,2026-03-03,24,0.0644694755
Hyperliquid,HYPE,2026-03-04,24,-0.053467025
Hyperliquid,HYPE,2026-03-05,24,0.1095
Hyperliquid,HYPE,2026-03-06,24,0.1095
Hyperliquid,HYPE,2026-03-07,24,0.1095
Hyperliquid,HYPE,2026-03-08,24,0.1095
Hyperliquid,HYPE,2026-03-09,24,0.0545287005
Hyperliquid,HYPE,2026-03-10,24,-0.0064241095000000005
Hyperliquid,HYPE,2026-03-11,24,-0.10442803299999999
Hyperliquid,HYPE,2026-03-12,24,-0.079947775
Hyperliquid,HYPE,2026-03-13,24,-0.003471843500000002
Hyperliquid,HYPE,2026-03-14,24,-0.0021687934999999993
Hyperliquid,HYPE,2026-03-15,24,0.098645265
Hyperliquid,HYPE,2026-03-16,24,0.09724111
Hyperliquid,HYPE,2026-03-17,24,0.1095
Hyperliquid,HYPE,2026-03-18,24,0.11833011650000001
Hyperliquid,HYPE,2026-03-19,24,0.1155216605
Hyperliquid,HYPE,2026-03-20,24,0.112457011
Hyperliquid,HYPE,2026-03-21,24,0.1095
Hyperliquid,HYPE,2026-03-22,24,0.1095
Hyperliquid,HYPE,2026-03-23,24,0.1095
Hyperliquid,HYPE,2026-03-24,24,0.10716560600000001
Hyperliquid,HYPE,2026-03-25,24,0.1095
Hyperliquid,HYPE,2026-03-26,24,0.1088544975
Hyperliquid,HYPE,2026-03-27,24,0.1095
Hyperliquid,HYPE,2026-03-28,24,0.1095
Hyperliquid,HYPE,2026-03-29,24,0.0918354965
Hyperliquid,HYPE,2026-03-30,24,0.098645484
Hyperliquid,HYPE,2026-03-31,24,0.1095
Hyperliquid,HYPE,2026-04-01,24,0.1015400435
Hyperliquid,HYPE,2026-04-02,24,0.101299034
Hyperliquid,HYPE,2026-04-03,24,0.0434140855
Hyperliquid,HYPE,2026-04-04,24,0.071310342
Hyperliquid,HYPE,2026-04-05,24,0.0992209065
Hyperliquid,HYPE,2026-04-06,24,8.358499999997979e-06
Hyperliquid,HYPE,2026-04-07,24,0.0667613105
Hyperliquid,HYPE,2026-04-08,24,0.014369101
Hyperliquid,HYPE,2026-04-09,24,0.024822482000000003
Hyperliquid,HYPE,2026-04-10,24,0.003491079
Hyperliquid,HYPE,2026-04-11,24,0.1095
Hyperliquid,HYPE,2026-04-12,24,0.0704974505
Hyperliquid,HYPE,2026-04-13,24,0.056821375
Hyperliquid,HYPE,2026-04-14,24,-0.029257341499999995
Hyperliquid,HYPE,2026-04-15,24,0.0199479435
Hyperliquid,HYPE,2026-04-16,24,-0.013459776499999998
Hyperliquid,HYPE,2026-04-17,24,0.0736344795
Hyperliquid,HYPE,2026-04-18,24,-0.014913680999999998
Hyperliquid,HYPE,2026-04-19,24,-0.0424669835
Hyperliquid,HYPE,2026-04-20,24,0.09557017649999999
Hyperliquid,HYPE,2026-04-21,24,0.099705298
Hyperliquid,HYPE,2026-04-22,24,0.0463764985
Hyperliquid,HYPE,2026-04-23,24,0.0207563455
Hyperliquid,HYPE,2026-04-24,24,0.10876817500000001
Hyperliquid,HYPE,2026-04-25,24,0.1095
Hyperliquid,HYPE,2026-04-26,24,0.0426076545
Hyperliquid,HYPE,2026-04-27,24,0.10097772449999999
Hyperliquid,HYPE,2026-04-28,24,0.0557906515
Hyperliquid,HYPE,2026-04-29,24,0.022286827
Hyperliquid,HYPE,2026-04-30,24,0.06618165399999999
Hyperliquid,HYPE,2026-05-01,24,0.0889406085
Hyperliquid,HYPE,2026-05-02,24,0.1174319975
Hyperliquid,HYPE,2026-05-03,24,0.1095
Hyperliquid,HYPE,2026-05-04,24,0.1042579065
Hyperliquid,HYPE,2026-05-05,24,0.0961776095
Hyperliquid,HYPE,2026-05-06,24,-0.009778568999999999
Hyperliquid,HYPE,2026-05-07,24,0.1277719
Hyperliquid,HYPE,2026-05-08,24,0.1095
Hyperliquid,HYPE,2026-05-09,24,0.09292545949999999
Hyperliquid,HYPE,2026-05-10,24,0.08067000049999999
Hyperliquid,HYPE,2026-05-11,24,0.032141973
Hyperliquid,HYPE,2026-05-12,24,0.1050342615
Hyperliquid,HYPE,2026-05-13,24,0.0860460855
Hyperliquid,HYPE,2026-05-14,24,0.1001063235
Hyperliquid,HYPE,2026-05-15,24,0.10878500149999999
Hyperliquid,HYPE,2026-05-16,24,0.1059418705
Hyperliquid,HYPE,2026-05-17,17,-0.004302345176470588
Hyperliquid,NVDA,2025-11-13,24,0.7166346125
Hyperliquid,NVDA,2025-11-14,24,0.3420841685
Hyperliquid,NVDA,2025-11-15,24,0.5303424815000001
Hyperliquid,NVDA,2025-11-16,24,0.627017075
Hyperliquid,NVDA,2025-11-17,24,1.143832766
Hyperliquid,NVDA,2025-11-18,24,0.470555372
Hyperliquid,NVDA,2025-11-19,24,1.02929124
Hyperliquid,NVDA,2025-11-20,24,0.084617147
Hyperliquid,NVDA,2025-11-21,24,-0.051980744999999995
Hyperliquid,NVDA,2025-11-22,24,-0.1385860105
Hyperliquid,NVDA,2025-11-23,24,0.502759541
Hyperliquid,NVDA,2025-11-24,24,0.08920464950000001
Hyperliquid,NVDA,2025-11-25,24,0.20033079750000002
Hyperliquid,NVDA,2025-11-26,24,0.344604019
Hyperliquid,NVDA,2025-11-27,24,0.28688781
Hyperliquid,NVDA,2025-11-28,24,0.2216567255
Hyperliquid,NVDA,2025-11-29,24,-0.045518237499999996
Hyperliquid,NVDA,2025-11-30,24,0.1022956665
Hyperliquid,NVDA,2025-12-01,24,-0.1887953375
Hyperliquid,NVDA,2025-12-02,24,0.11748401000000001
Hyperliquid,NVDA,2025-12-03,24,0.412416785
Hyperliquid,NVDA,2025-12-04,24,0.305124743
Hyperliquid,NVDA,2025-12-05,24,0.18598826850000003
Hyperliquid,NVDA,2025-12-06,24,0.09725972500000002
Hyperliquid,NVDA,2025-12-07,24,0.1484987535
Hyperliquid,NVDA,2025-12-08,24,0.3209428575
Hyperliquid,NVDA,2025-12-09,24,0.04831096200000001
Hyperliquid,NVDA,2025-12-10,24,0.4078332975
Hyperliquid,NVDA,2025-12-11,24,0.16133817600000003
Hyperliquid,NVDA,2025-12-12,24,0.08553614400000002
Hyperliquid,NVDA,2025-12-13,24,0.0737704785
Hyperliquid,NVDA,2025-12-14,24,-0.6096705960000001
Hyperliquid,NVDA,2025-12-15,24,0.1217122795
Hyperliquid,NVDA,2025-12-16,24,0.08778950800000002
Hyperliquid,NVDA,2025-12-17,24,0.09728600500000001
Hyperliquid,NVDA,2025-12-18,24,-0.0505212925
Hyperliquid,NVDA,2025-12-19,24,0.07950276700000002
Hyperliquid,NVDA,2025-12-20,24,0.044534051500000005
Hyperliquid,NVDA,2025-12-21,24,-0.004663020999999997
Hyperliquid,NVDA,2025-12-22,24,0.015159034000000007
Hyperliquid,NVDA,2025-12-23,24,0.003989632500000002
Hyperliquid,NVDA,2025-12-24,24,-0.049178128999999994
Hyperliquid,NVDA,2025-12-25,24,0.08549234400000001
Hyperliquid,NVDA,2025-12-26,24,-0.21612230349999997
Hyperliquid,NVDA,2025-12-27,24,0.143643341
Hyperliquid,NVDA,2025-12-28,24,-0.008070076999999993
Hyperliquid,NVDA,2025-12-29,24,0.11797851200000002
Hyperliquid,NVDA,2025-12-30,24,0.129193867
Hyperliquid,NVDA,2025-12-31,24,0.18257373
Hyperliquid,NVDA,2026-01-01,24,0.1789453745
Hyperliquid,NVDA,2026-01-02,24,0.0645391175
Hyperliquid,NVDA,2026-01-03,24,0.149276094
Hyperliquid,NVDA,2026-01-04,24,-0.07564084800000001
Hyperliquid,NVDA,2026-01-05,24,0.1735807505
Hyperliquid,NVDA,2026-01-06,24,0.1199688205
Hyperliquid,NVDA,2026-01-07,24,0.06443651600000001
Hyperliquid,NVDA,2026-01-08,24,0.0891497535
Hyperliquid,NVDA,2026-01-09,24,0.09613924800000001
Hyperliquid,NVDA,2026-01-10,24,0.005531392500000005
Hyperliquid,NVDA,2026-01-11,24,0.006863788500000002
Hyperliquid,NVDA,2026-01-12,24,0.129924597
Hyperliquid,NVDA,2026-01-13,24,0.1638072185
Hyperliquid,NVDA,2026-01-14,24,0.0755575185
Hyperliquid,NVDA,2026-01-15,24,0.056683076500000006
Hyperliquid,NVDA,2026-01-16,24,0.1592858175
Hyperliquid,NVDA,2026-01-17,24,0.044499595499999996
Hyperliquid,NVDA,2026-01-18,24,-0.09992298399999999
Hyperliquid,NVDA,2026-01-19,24,-0.23999896100000004
Hyperliquid,NVDA,2026-01-20,24,0.010998691
Hyperliquid,NVDA,2026-01-21,24,0.05475
Hyperliquid,NVDA,2026-01-22,24,0.0582917775
Hyperliquid,NVDA,2026-01-23,24,0.0601126165
Hyperliquid,NVDA,2026-01-24,24,0.0419497055
Hyperliquid,NVDA,2026-01-25,24,-0.2266984705
Hyperliquid,NVDA,2026-01-26,24,0.152059584
Hyperliquid,NVDA,2026-01-27,24,0.13884760599999998
Hyperliquid,NVDA,2026-01-28,24,0.2822271615
Hyperliquid,NVDA,2026-01-29,24,0.14658498550000001
Hyperliquid,NVDA,2026-01-30,24,0.064779689
Hyperliquid,NVDA,2026-01-31,24,-0.1656551405
Hyperliquid,NVDA,2026-02-01,24,0.014923681999999995
Hyperliquid,NVDA,2026-02-02,24,0.27011368750000003
Hyperliquid,NVDA,2026-02-03,24,0.13883067000000002
Hyperliquid,NVDA,2026-02-04,24,0.2301882355
Hyperliquid,NVDA,2026-02-05,24,0.1654731515
Hyperliquid,NVDA,2026-02-06,24,0.206814913
Hyperliquid,NVDA,2026-02-07,24,0.09354690850000001
Hyperliquid,NVDA,2026-02-08,24,0.118085603
Hyperliquid,NVDA,2026-02-09,24,0.49977588500000003
Hyperliquid,NVDA,2026-02-10,24,0.5319538105
Hyperliquid,NVDA,2026-02-11,24,0.364020924
Hyperliquid,NVDA,2026-02-12,24,0.3005839605
Hyperliquid,NVDA,2026-02-13,24,0.289333018
Hyperliquid,NVDA,2026-02-14,24,0.119331421
Hyperliquid,NVDA,2026-02-15,24,-0.060508203499999996
Hyperliquid,NVDA,2026-02-16,24,-0.053675513
Hyperliquid,NVDA,2026-02-17,24,0.1399823545
Hyperliquid,NVDA,2026-02-18,24,0.232764588
Hyperliquid,NVDA,2026-02-19,24,0.2970668205
Hyperliquid,NVDA,2026-02-20,24,0.37731455249999996
Hyperliquid,NVDA,2026-02-21,24,0.0694918025
Hyperliquid,NVDA,2026-02-22,24,0.05234684
Hyperliquid,NVDA,2026-02-23,24,0.07396287
Hyperliquid,NVDA,2026-02-24,24,0.4894341575
Hyperliquid,NVDA,2026-02-25,24,0.37849693349999997
Hyperliquid,NVDA,2026-02-26,24,0.23086063850000002
Hyperliquid,NVDA,2026-02-27,24,0.4103291675
Hyperliquid,NVDA,2026-02-28,24,0.0684956445
Hyperliquid,NVDA,2026-03-01,24,0.028509127999999998
Hyperliquid,NVDA,2026-03-02,24,0.7154516475
Hyperliquid,NVDA,2026-03-03,24,0.28597239
Hyperliquid,NVDA,2026-03-04,24,0.053765157
Hyperliquid,NVDA,2026-03-05,24,0.05475
Hyperliquid,NVDA,2026-03-06,24,0.05475
Hyperliquid,NVDA,2026-03-07,24,-0.18899353249999998
Hyperliquid,NVDA,2026-03-08,24,-0.085848219
Hyperliquid,NVDA,2026-03-09,24,-0.007973059999999992
Hyperliquid,NVDA,2026-03-10,24,0.055503067999999996
Hyperliquid,NVDA,2026-03-11,24,0.05475
Hyperliquid,NVDA,2026-03-12,24,0.00037496449999999885
Hyperliquid,NVDA,2026-03-13,24,0.0352769945
Hyperliquid,NVDA,2026-03-14,24,-0.094294538
Hyperliquid,NVDA,2026-03-15,24,0.232706772
Hyperliquid,NVDA,2026-03-16,24,0.162889426
Hyperliquid,NVDA,2026-03-17,24,0.0536179525
Hyperliquid,NVDA,2026-03-18,24,0.066566218
Hyperliquid,NVDA,2026-03-19,24,0.053185683000000004
Hyperliquid,NVDA,2026-03-20,24,0.019241631999999998
Hyperliquid,NVDA,2026-03-21,24,0.0161778585
Hyperliquid,NVDA,2026-03-22,24,-0.298446192
Hyperliquid,NVDA,2026-03-23,24,-0.227166656
Hyperliquid,NVDA,2026-03-24,24,0.012215053500000001
Hyperliquid,NVDA,2026-03-25,24,0.013072694000000001
Hyperliquid,NVDA,2026-03-26,24,-0.0311820595
Hyperliquid,NVDA,2026-03-27,24,0.142537537
Hyperliquid,NVDA,2026-03-28,24,0.1004818355
Hyperliquid,NVDA,2026-03-29,24,-0.08782060600000001
Hyperliquid,NVDA,2026-03-30,24,0.022964267
Hyperliquid,NVDA,2026-03-31,24,-0.007706172000000003
Hyperliquid,NVDA,2026-04-01,24,0.057256309
Hyperliquid,NVDA,2026-04-02,24,0.0264512215
Hyperliquid,NVDA,2026-04-03,24,-0.046271597500000004
Hyperliquid,NVDA,2026-04-04,24,0.002479372
Hyperliquid,NVDA,2026-04-05,24,-0.001363201999999999
Hyperliquid,NVDA,2026-04-06,24,0.1899540665
Hyperliquid,NVDA,2026-04-07,24,0.0682329175
Hyperliquid,NVDA,2026-04-08,24,0.162614289
Hyperliquid,NVDA,2026-04-09,24,0.05934823350000001
Hyperliquid,NVDA,2026-04-10,24,0.0593380135
Hyperliquid,NVDA,2026-04-11,24,0.08809439250000001
Hyperliquid,NVDA,2026-04-12,24,-0.48149522499999997
Hyperliquid,NVDA,2026-04-13,24,0.081560126
Hyperliquid,NVDA,2026-04-14,24,0.026615909499999996
Hyperliquid,NVDA,2026-04-15,24,-0.0060124625
Hyperliquid,NVDA,2026-04-16,24,0.048807654
Hyperliquid,NVDA,2026-04-17,24,0.05475
Hyperliquid,NVDA,2026-04-18,24,-0.192140234
Hyperliquid,NVDA,2026-04-19,24,0.0259279575
Hyperliquid,NVDA,2026-04-20,24,0.0573288345
Hyperliquid,NVDA,2026-04-21,24,0.0561779165
Hyperliquid,NVDA,2026-04-22,24,0.058133696000000006
Hyperliquid,NVDA,2026-04-23,24,0.061670801500000004
Hyperliquid,NVDA,2026-04-24,24,0.0572979555
Hyperliquid,NVDA,2026-04-25,24,-0.0830060735
Hyperliquid,NVDA,2026-04-26,24,0.21019444799999998
Hyperliquid,NVDA,2026-04-27,24,0.1818696085
Hyperliquid,NVDA,2026-04-28,24,0.2230868685
Hyperliquid,NVDA,2026-04-29,24,0.132135986
Hyperliquid,NVDA,2026-04-30,24,0.19931022099999998
Hyperliquid,NVDA,2026-05-01,24,0.12621408
Hyperliquid,NVDA,2026-05-02,24,0.05524713
Hyperliquid,NVDA,2026-05-03,24,0.0928275665
Hyperliquid,NVDA,2026-05-04,24,0.197181541
Hyperliquid,NVDA,2026-05-05,24,0.107210282
Hyperliquid,NVDA,2026-05-06,24,0.21783294899999997
Hyperliquid,NVDA,2026-05-07,24,0.18839584500000003
Hyperliquid,NVDA,2026-05-08,24,0.2439016505
Hyperliquid,NVDA,2026-05-09,24,0.089162857
Hyperliquid,NVDA,2026-05-10,24,-0.064522072
Hyperliquid,NVDA,2026-05-11,24,0.2177258945
Hyperliquid,NVDA,2026-05-12,24,0.1043567485
Hyperliquid,NVDA,2026-05-13,24,0.2603250445
Hyperliquid,NVDA,2026-05-14,24,0.136436927
Hyperliquid,NVDA,2026-05-15,24,0.0538438145
Hyperliquid,NVDA,2026-05-16,24,-0.006279751999999995
Hyperliquid,NVDA,2026-05-17,17,0.06191428870588235
Hyperliquid,OIL,2026-01-06,9,0.33016809866666663
Hyperliquid,OIL,2026-01-07,24,0.0597922195
Hyperliquid,OIL,2026-01-08,24,-0.005978736500000004
Hyperliquid,OIL,2026-01-09,24,0.586916058
Hyperliquid,OIL,2026-01-10,24,0.9729360429999999
Hyperliquid,OIL,2026-01-11,24,0.48853184099999997
Hyperliquid,OIL,2026-01-12,24,0.5761082985
Hyperliquid,OIL,2026-01-13,24,0.5058243365
Hyperliquid,OIL,2026-01-14,24,0.687048844
Hyperliquid,OIL,2026-01-15,24,0.2082485235
Hyperliquid,OIL,2026-01-16,24,0.3007276245
Hyperliquid,OIL,2026-01-17,24,0.7130099434999999
Hyperliquid,OIL,2026-01-18,24,0.6504251090000001
Hyperliquid,OIL,2026-01-19,24,0.2236935715
Hyperliquid,OIL,2026-01-20,24,0.12706891
Hyperliquid,OIL,2026-01-21,24,0.09629298600000001
Hyperliquid,OIL,2026-01-22,24,0.05091187899999999
Hyperliquid,OIL,2026-01-23,24,0.040651875
Hyperliquid,OIL,2026-01-24,24,0.6657531015
Hyperliquid,OIL,2026-01-25,24,-0.11765190999999998
Hyperliquid,OIL,2026-01-26,24,0.045663762999999996
Hyperliquid,OIL,2026-01-27,24,-0.0990727165
Hyperliquid,OIL,2026-01-28,24,0.0749280395
Hyperliquid,OIL,2026-01-29,24,0.44393646950000004
Hyperliquid,OIL,2026-01-30,24,-0.282158943
Hyperliquid,OIL,2026-01-31,24,-0.25252722099999997
Hyperliquid,OIL,2026-02-01,24,-0.17938352049999998
Hyperliquid,OIL,2026-02-02,24,-0.7480897285
Hyperliquid,OIL,2026-02-03,24,0.23191705799999998
Hyperliquid,OIL,2026-02-04,24,0.003039902500000004
Hyperliquid,OIL,2026-02-05,24,-0.0008588085000000023
Hyperliquid,OIL,2026-02-06,24,0.1317717525
Hyperliquid,OIL,2026-02-07,24,-0.0405884015
Hyperliquid,OIL,2026-02-08,24,0.263672788
Hyperliquid,OIL,2026-02-09,24,0.050128954
Hyperliquid,OIL,2026-02-10,24,0.17735820849999998
Hyperliquid,OIL,2026-02-11,24,-0.0383625585
Hyperliquid,OIL,2026-02-12,24,-0.1096312175
Hyperliquid,OIL,2026-02-13,24,0.005887048499999995
Hyperliquid,OIL,2026-02-14,24,0.3231027815
Hyperliquid,OIL,2026-02-15,24,0.572543672
Hyperliquid,OIL,2026-02-16,24,0.20927194699999999
Hyperliquid,OIL,2026-02-17,24,0.016481648
Hyperliquid,OIL,2026-02-18,24,0.5103482195
Hyperliquid,OIL,2026-02-19,24,0.531207714
Hyperliquid,OIL,2026-02-20,24,0.149180245
Hyperliquid,OIL,2026-02-21,24,0.4464623425
Hyperliquid,OIL,2026-02-22,24,0.12470137399999999
Hyperliquid,OIL,2026-02-23,24,0.345426437
Hyperliquid,OIL,2026-02-24,24,0.36577281450000004
Hyperliquid,OIL,2026-02-25,24,0.288450594
Hyperliquid,OIL,2026-02-26,24,0.0973415945
Hyperliquid,OIL,2026-02-27,24,0.4929438515
Hyperliquid,OIL,2026-02-28,24,1.019989142
Hyperliquid,OIL,2026-03-01,24,0.2151290655
Hyperliquid,OIL,2026-03-02,24,0.3913166095
Hyperliquid,OIL,2026-03-03,24,0.0253770995
Hyperliquid,OIL,2026-03-04,24,0.027096687499999998
Hyperliquid,OIL,2026-03-05,24,0.202708809
Hyperliquid,OIL,2026-03-06,24,-0.958172888
Hyperliquid,OIL,2026-03-07,24,0.8750201575
Hyperliquid,OIL,2026-03-08,24,0.6064629395
Hyperliquid,OIL,2026-03-09,24,0.490140907
Hyperliquid,OIL,2026-03-10,24,-0.010753739500000012
Hyperliquid,OIL,2026-03-11,24,-0.27265956249999995
Hyperliquid,OIL,2026-03-12,24,-0.0986397535
Hyperliquid,OIL,2026-03-13,24,0.103646422
Hyperliquid,OIL,2026-03-14,24,1.0604026355
Hyperliquid,OIL,2026-03-15,24,-0.2968774585
Hyperliquid,OIL,2026-03-16,24,0.0708771235
Hyperliquid,OIL,2026-03-17,24,-0.0565550345
Hyperliquid,OIL,2026-03-18,24,-0.1081734075
Hyperliquid,OIL,2026-03-19,24,-0.1055042355
Hyperliquid,OIL,2026-03-20,24,-0.40180499399999997
Hyperliquid,OIL,2026-03-21,24,-0.1483969915
Hyperliquid,OIL,2026-03-22,24,1.1029824405
Hyperliquid,OIL,2026-03-23,24,-0.1759894585
Hyperliquid,OIL,2026-03-24,24,-0.08540076549999999
Hyperliquid,OIL,2026-03-25,24,-0.125291214
Hyperliquid,OIL,2026-03-26,24,-0.18257606599999998
Hyperliquid,OIL,2026-03-27,24,-0.35344942900000004
Hyperliquid,OIL,2026-03-28,24,-0.195792789
Hyperliquid,OIL,2026-03-29,24,0.542684336
Hyperliquid,OIL,2026-03-30,24,-0.6013177534999999
Hyperliquid,OIL,2026-03-31,24,-0.6189956525
Hyperliquid,OIL,2026-04-01,24,-0.687173674
Hyperliquid,OIL,2026-04-02,24,-1.2603140845
Hyperliquid,OIL,2026-04-03,24,0.03466478000000001
Hyperliquid,OIL,2026-04-04,24,0.0548678585
Hyperliquid,OIL,2026-04-05,24,-0.01734038350000001
Hyperliquid,OIL,2026-04-06,24,-2.7338153980000004
Hyperliquid,OIL,2026-04-07,24,-3.544887884
Hyperliquid,OIL,2026-04-08,24,-5.175094903
Hyperliquid,OIL,2026-04-09,24,-4.16791164
Hyperliquid,OIL,2026-04-10,24,-3.395992996
Hyperliquid,OIL,2026-04-11,24,-0.491410742
Hyperliquid,OIL,2026-04-12,24,1.78493103
Hyperliquid,OIL,2026-04-13,24,-4.3804589875
Hyperliquid,OIL,2026-04-14,9,-1.5434626519999999
Hyperliquid,S&P500,2026-03-18,10,-0.0847344288
Hyperliquid,S&P500,2026-03-19,24,-0.16860488799999998
Hyperliquid,S&P500,2026-03-20,24,0.016220089
Hyperliquid,S&P500,2026-03-21,24,0.015511478000000004
Hyperliquid,S&P500,2026-03-22,24,-0.183874444
Hyperliquid,S&P500,2026-03-23,24,-0.265572905
Hyperliquid,S&P500,2026-03-24,24,-0.0636898355
Hyperliquid,S&P500,2026-03-25,24,0.0681023935
Hyperliquid,S&P500,2026-03-26,24,0.016496102000000002
Hyperliquid,S&P500,2026-03-27,24,-0.0306872655
Hyperliquid,S&P500,2026-03-28,24,0.0793762215
Hyperliquid,S&P500,2026-03-29,24,-0.04893109700000001
Hyperliquid,S&P500,2026-03-30,24,-0.037944487500000006
Hyperliquid,S&P500,2026-03-31,24,-0.132870512
Hyperliquid,S&P500,2026-04-01,24,-0.2012971715
Hyperliquid,S&P500,2026-04-02,24,-0.4308345755
Hyperliquid,S&P500,2026-04-03,24,-0.1592785905
Hyperliquid,S&P500,2026-04-04,24,-0.0005007070000000023
Hyperliquid,S&P500,2026-04-05,24,0.0626284155
Hyperliquid,S&P500,2026-04-06,24,-0.133814913
Hyperliquid,S&P500,2026-04-07,24,-0.132781379
Hyperliquid,S&P500,2026-04-08,24,-0.016538807
Hyperliquid,S&P500,2026-04-09,24,-0.2656861645
Hyperliquid,S&P500,2026-04-10,24,-0.074384956
Hyperliquid,S&P500,2026-04-11,24,0.1161168295
Hyperliquid,S&P500,2026-04-12,24,-0.4449387595
Hyperliquid,S&P500,2026-04-13,24,-0.222313105
Hyperliquid,S&P500,2026-04-14,24,-0.07532037800000001
Hyperliquid,S&P500,2026-04-15,24,-0.118406876
Hyperliquid,S&P500,2026-04-16,24,-0.028897634000000002
Hyperliquid,S&P500,2026-04-17,24,-0.06966868150000001
Hyperliquid,S&P500,2026-04-18,24,-0.1029993865
Hyperliquid,S&P500,2026-04-19,24,-0.04812919200000001
Hyperliquid,S&P500,2026-04-20,24,-0.066964725
Hyperliquid,S&P500,2026-04-21,24,-0.021252198
Hyperliquid,S&P500,2026-04-22,24,-0.006311214999999999
Hyperliquid,S&P500,2026-04-23,24,-0.051220377000000004
Hyperliquid,S&P500,2026-04-24,24,-0.055892815000000005
Hyperliquid,S&P500,2026-04-25,24,-0.038166188499999996
Hyperliquid,S&P500,2026-04-26,24,0.10820771750000001
Hyperliquid,S&P500,2026-04-27,24,-0.107795304
Hyperliquid,S&P500,2026-04-28,24,0.0082315165
Hyperliquid,S&P500,2026-04-29,24,-0.040536681
Hyperliquid,S&P500,2026-04-30,24,-0.0833628245
Hyperliquid,S&P500,2026-05-01,24,-0.0651904235
Hyperliquid,S&P500,2026-05-02,24,0.0338690435
Hyperliquid,S&P500,2026-05-03,24,0.052768779999999994
Hyperliquid,S&P500,2026-05-04,24,-0.012374595
Hyperliquid,S&P500,2026-05-05,24,0.015397707500000002
Hyperliquid,S&P500,2026-05-06,24,0.012143184999999999
Hyperliquid,S&P500,2026-05-07,24,0.0017564894999999988
Hyperliquid,S&P500,2026-05-08,24,-0.018103452500000002
Hyperliquid,S&P500,2026-05-09,24,0.053025813
Hyperliquid,S&P500,2026-05-10,24,0.014062428
Hyperliquid,S&P500,2026-05-11,24,-0.044573143
Hyperliquid,S&P500,2026-05-12,24,0.015441580500000001
Hyperliquid,S&P500,2026-05-13,24,-0.013088462
Hyperliquid,S&P500,2026-05-14,24,-0.0175370455
Hyperliquid,S&P500,2026-05-15,24,-0.005093794
Hyperliquid,S&P500,2026-05-16,24,0.0327112635
Hyperliquid,S&P500,2026-05-17,17,0.05872420588235294
Hyperliquid,SOL,2023-05-12,3,-1.9233458920000002
Hyperliquid,SOL,2023-05-13,3,-1.263432316
Hyperliquid,SOL,2023-05-14,3,-1.3977645799999998
Hyperliquid,SOL,2023-05-15,3,-1.733623272
Hyperliquid,SOL,2023-05-16,3,-0.45392714
Hyperliquid,SOL,2023-05-17,3,-1.01431748
Hyperliquid,SOL,2023-05-18,3,-0.211504944
Hyperliquid,SOL,2023-05-19,3,-1.68077536
Hyperliquid,SOL,2023-05-20,3,-1.6723237119999999
Hyperliquid,SOL,2023-05-21,3,-0.18443304000000005
Hyperliquid,SOL,2023-05-22,3,-1.320133168
Hyperliquid,SOL,2023-05-23,3,-0.948847576
Hyperliquid,SOL,2023-05-24,3,-1.114100596
Hyperliquid,SOL,2023-05-25,3,-1.56732022
Hyperliquid,SOL,2023-05-26,3,-0.519212208
Hyperliquid,SOL,2023-05-27,3,-0.18664902800000002
Hyperliquid,SOL,2023-05-28,3,-0.19670375599999998
Hyperliquid,SOL,2023-05-29,3,-0.04362567599999998
Hyperliquid,SOL,2023-05-30,3,0.799991232
Hyperliquid,SOL,2023-05-31,3,0.32084668
Hyperliquid,SOL,2023-06-01,3,0.195388588
Hyperliquid,SOL,2023-06-02,3,-0.29905734800000006
Hyperliquid,SOL,2023-06-03,3,0.591441912
Hyperliquid,SOL,2023-06-04,3,0.509814188
Hyperliquid,SOL,2023-06-05,3,-0.10275801199999997
Hyperliquid,SOL,2023-06-06,3,-5.0333719
Hyperliquid,SOL,2023-06-07,3,-4.192314664
Hyperliquid,SOL,2023-06-08,24,-1.14421806
Hyperliquid,SOL,2023-06-09,24,-0.759986137
Hyperliquid,SOL,2023-06-10,24,-0.638154612
Hyperliquid,SOL,2023-06-11,24,-0.854554717
Hyperliquid,SOL,2023-06-12,24,-0.9304769435
Hyperliquid,SOL,2023-06-13,24,-0.955276175
Hyperliquid,SOL,2023-06-14,24,-0.23525538450000003
Hyperliquid,SOL,2023-06-15,24,-0.291400086
Hyperliquid,SOL,2023-06-16,24,-0.111537503
Hyperliquid,SOL,2023-06-17,24,0.024573369499999997
Hyperliquid,SOL,2023-06-18,24,-0.1132004065
Hyperliquid,SOL,2023-06-19,24,-0.2031149445
Hyperliquid,SOL,2023-06-20,24,-0.0808530845
Hyperliquid,SOL,2023-06-21,24,0.0769176545
Hyperliquid,SOL,2023-06-22,24,0.04849342549999999
Hyperliquid,SOL,2023-06-23,24,0.0815273855
Hyperliquid,SOL,2023-06-24,24,-0.023230863000000004
Hyperliquid,SOL,2023-06-25,24,-0.45664898150000005
Hyperliquid,SOL,2023-06-26,24,-0.205709547
Hyperliquid,SOL,2023-06-27,24,0.1332401475
Hyperliquid,SOL,2023-06-28,24,0.2277907695
Hyperliquid,SOL,2023-06-29,24,0.4722853625
Hyperliquid,SOL,2023-06-30,24,0.6431948605
Hyperliquid,SOL,2023-07-01,24,0.326981892
Hyperliquid,SOL,2023-07-02,23,0.690089148
Hyperliquid,SOL,2023-07-03,24,0.6340297835
Hyperliquid,SOL,2023-07-04,24,0.6874875375
Hyperliquid,SOL,2023-07-05,24,0.209241871
Hyperliquid,SOL,2023-07-06,24,0.4838666665
Hyperliquid,SOL,2023-07-07,24,0.0615640755
Hyperliquid,SOL,2023-07-08,24,0.1193675195
Hyperliquid,SOL,2023-07-09,24,0.12374365050000001
Hyperliquid,SOL,2023-07-10,24,0.2735721355
Hyperliquid,SOL,2023-07-11,24,0.35408277699999996
Hyperliquid,SOL,2023-07-12,24,0.4143916175
Hyperliquid,SOL,2023-07-13,24,0.9956656150000001
Hyperliquid,SOL,2023-07-14,24,1.438396088
Hyperliquid,SOL,2023-07-15,24,0.1319296515
Hyperliquid,SOL,2023-07-16,24,0.10194982899999999
Hyperliquid,SOL,2023-07-17,24,0.1095
Hyperliquid,SOL,2023-07-18,24,0.13867664
Hyperliquid,SOL,2023-07-19,24,0.101723675
Hyperliquid,SOL,2023-07-20,24,0.0875718585
Hyperliquid,SOL,2023-07-21,24,0.0703023215
Hyperliquid,SOL,2023-07-22,24,0.10576532
Hyperliquid,SOL,2023-07-23,24,0.1004867995
Hyperliquid,SOL,2023-07-24,24,0.085768941
Hyperliquid,SOL,2023-07-25,24,0.084540789
Hyperliquid,SOL,2023-07-26,24,0.0804703455
Hyperliquid,SOL,2023-07-27,24,0.1073717215
Hyperliquid,SOL,2023-07-28,24,0.1095
Hyperliquid,SOL,2023-07-29,24,0.1095
Hyperliquid,SOL,2023-07-30,24,0.1106459905
Hyperliquid,SOL,2023-07-31,24,0.1095
Hyperliquid,SOL,2023-08-01,24,0.109020025
Hyperliquid,SOL,2023-08-02,24,0.07915032300000001
Hyperliquid,SOL,2023-08-03,24,-0.0639156245
Hyperliquid,SOL,2023-08-04,24,-0.051311554
Hyperliquid,SOL,2023-08-05,24,-0.1559479655
Hyperliquid,SOL,2023-08-06,24,-0.011207872499999999
Hyperliquid,SOL,2023-08-07,24,-0.12410375950000001
Hyperliquid,SOL,2023-08-08,24,-0.0927719405
Hyperliquid,SOL,2023-08-09,24,0.010980003
Hyperliquid,SOL,2023-08-10,24,0.09093168350000001
Hyperliquid,SOL,2023-08-11,24,0.0910667335
Hyperliquid,SOL,2023-08-12,24,0.09339076149999999
Hyperliquid,SOL,2023-08-13,24,0.0137717055
Hyperliquid,SOL,2023-08-14,24,-0.079340196
Hyperliquid,SOL,2023-08-15,24,-0.034315621
Hyperliquid,SOL,2023-08-16,24,-0.1655320625
Hyperliquid,SOL,2023-08-17,24,-0.201936323
Hyperliquid,SOL,2023-08-18,24,-0.3851792805
Hyperliquid,SOL,2023-08-19,24,-0.445962913
Hyperliquid,SOL,2023-08-20,24,-0.4199542905
Hyperliquid,SOL,2023-08-21,24,-0.3449834
Hyperliquid,SOL,2023-08-22,24,-0.3269717815
Hyperliquid,SOL,2023-08-23,23,-0.38318281460869563
Hyperliquid,SOL,2023-08-24,24,-0.2794218445
Hyperliquid,SOL,2023-08-25,24,-0.3230807355
Hyperliquid,SOL,2023-08-26,24,-0.40443387000000003
Hyperliquid,SOL,2023-08-27,24,-0.311982071
Hyperliquid,SOL,2023-08-28,24,-0.123822381
Hyperliquid,SOL,2023-08-29,24,-0.1121089835
Hyperliquid,SOL,2023-08-30,24,-0.09979213149999999
Hyperliquid,SOL,2023-08-31,24,-0.24774451649999998
Hyperliquid,SOL,2023-09-01,24,-0.1210903195
Hyperliquid,SOL,2023-09-02,24,-0.20882839900000003
Hyperliquid,SOL,2023-09-03,24,-0.220748423
Hyperliquid,SOL,2023-09-04,24,-0.15315151800000001
Hyperliquid,SOL,2023-09-05,24,-0.229167294
Hyperliquid,SOL,2023-09-06,24,-0.188253714
Hyperliquid,SOL,2023-09-07,24,-0.21986242200000003
Hyperliquid,SOL,2023-09-08,24,-0.2534292455
Hyperliquid,SOL,2023-09-09,24,-0.271926898
Hyperliquid,SOL,2023-09-10,24,-0.8328006805
Hyperliquid,SOL,2023-09-11,24,-0.6415136339999999
Hyperliquid,SOL,2023-09-12,24,-0.1086939705
Hyperliquid,SOL,2023-09-13,24,-0.21515012600000002
Hyperliquid,SOL,2023-09-14,24,0.0403345075
Hyperliquid,SOL,2023-09-15,24,0.032549897
Hyperliquid,SOL,2023-09-16,24,-0.2773460165
Hyperliquid,SOL,2023-09-17,24,-0.5282882615
Hyperliquid,SOL,2023-09-18,24,-0.308391274
Hyperliquid,SOL,2023-09-19,24,-0.1700125835
Hyperliquid,SOL,2023-09-20,24,-0.132189057
Hyperliquid,SOL,2023-09-21,24,0.0861537605
Hyperliquid,SOL,2023-09-22,24,0.0730585095
Hyperliquid,SOL,2023-09-23,24,0.100568669
Hyperliquid,SOL,2023-09-24,24,0.1041081105
Hyperliquid,SOL,2023-09-25,24,0.0997203725
Hyperliquid,SOL,2023-09-26,24,0.105404554
Hyperliquid,SOL,2023-09-27,24,0.08824714500000001
Hyperliquid,SOL,2023-09-28,24,0.1090131995
Hyperliquid,SOL,2023-09-29,24,0.044193579499999996
Hyperliquid,SOL,2023-09-30,24,-0.33715685100000004
Hyperliquid,SOL,2023-10-01,24,-0.13123356
Hyperliquid,SOL,2023-10-02,24,-0.038728617
Hyperliquid,SOL,2023-10-03,24,-0.2689466365
Hyperliquid,SOL,2023-10-04,24,-0.39787686400000005
Hyperliquid,SOL,2023-10-05,24,-0.499556812
Hyperliquid,SOL,2023-10-06,24,-0.2472441015
Hyperliquid,SOL,2023-10-07,24,-0.36993713599999994
Hyperliquid,SOL,2023-10-08,24,-0.226740555
Hyperliquid,SOL,2023-10-09,24,-0.3789941365
Hyperliquid,SOL,2023-10-10,24,-0.264992993
Hyperliquid,SOL,2023-10-11,24,-0.123747921
Hyperliquid,SOL,2023-10-12,24,-0.13754889950000002
Hyperliquid,SOL,2023-10-13,24,-0.16946661649999997
Hyperliquid,SOL,2023-10-14,24,-0.104943632
Hyperliquid,SOL,2023-10-15,24,0.051107336499999996
Hyperliquid,SOL,2023-10-16,24,-0.0816058605
Hyperliquid,SOL,2023-10-17,24,0.0392877605
Hyperliquid,SOL,2023-10-18,24,0.117300707
Hyperliquid,SOL,2023-10-19,24,0.1128219015
Hyperliquid,SOL,2023-10-20,24,-0.1695057445
Hyperliquid,SOL,2023-10-21,24,-0.10998588799999999
Hyperliquid,SOL,2023-10-22,24,0.0167417835
Hyperliquid,SOL,2023-10-23,24,0.1063481885
Hyperliquid,SOL,2023-10-24,24,0.4056427865
Hyperliquid,SOL,2023-10-25,24,0.155164858
Hyperliquid,SOL,2023-10-26,24,0.3179887665
Hyperliquid,SOL,2023-10-27,24,0.396770695
Hyperliquid,SOL,2023-10-28,24,0.2339856955
Hyperliquid,SOL,2023-10-29,24,-0.4076361975
Hyperliquid,SOL,2023-10-30,24,0.165961047
Hyperliquid,SOL,2023-10-31,24,0.11610365299999999
Hyperliquid,SOL,2023-11-01,24,-0.0071284135000000024
Hyperliquid,SOL,2023-11-02,24,0.224495513
Hyperliquid,SOL,2023-11-03,24,0.37524113350000005
Hyperliquid,SOL,2023-11-04,24,0.7405662390000001
Hyperliquid,SOL,2023-11-05,24,0.5956581365
Hyperliquid,SOL,2023-11-06,24,0.40824684250000004
Hyperliquid,SOL,2023-11-07,24,0.514658322
Hyperliquid,SOL,2023-11-08,24,0.7827361855
Hyperliquid,SOL,2023-11-09,24,0.833742344
Hyperliquid,SOL,2023-11-10,24,0.399918893
Hyperliquid,SOL,2023-11-11,24,1.0934137465
Hyperliquid,SOL,2023-11-12,24,0.964954661
Hyperliquid,SOL,2023-11-13,24,0.7447019445
Hyperliquid,SOL,2023-11-14,24,0.42965526049999997
Hyperliquid,SOL,2023-11-15,24,0.6179285385000001
Hyperliquid,SOL,2023-11-16,24,0.3933338185
Hyperliquid,SOL,2023-11-17,24,0.17542765049999998
Hyperliquid,SOL,2023-11-18,24,0.2709936295
Hyperliquid,SOL,2023-11-19,24,0.358726015
Hyperliquid,SOL,2023-11-20,24,0.5917922755
Hyperliquid,SOL,2023-11-21,24,0.222964849
Hyperliquid,SOL,2023-11-22,24,0.5509157795
Hyperliquid,SOL,2023-11-23,24,0.2414047585
Hyperliquid,SOL,2023-11-24,24,0.5119853905
Hyperliquid,SOL,2023-11-25,24,0.7409805504999999
Hyperliquid,SOL,2023-11-26,24,0.40313841200000006
Hyperliquid,SOL,2023-11-27,24,0.5621043435
Hyperliquid,SOL,2023-11-28,24,0.23045654699999998
Hyperliquid,SOL,2023-11-29,24,0.704209246
Hyperliquid,SOL,2023-11-30,24,0.1289389145
Hyperliquid,SOL,2023-12-01,24,0.183076919
Hyperliquid,SOL,2023-12-02,24,0.4935801925
Hyperliquid,SOL,2023-12-03,24,0.234772672
Hyperliquid,SOL,2023-12-04,24,0.447950338
Hyperliquid,SOL,2023-12-05,24,0.717207918
Hyperliquid,SOL,2023-12-06,24,1.1135459054999999
Hyperliquid,SOL,2023-12-07,24,0.6603665774999999
Hyperliquid,SOL,2023-12-08,24,1.081585228
Hyperliquid,SOL,2023-12-09,24,0.65118701
Hyperliquid,SOL,2023-12-10,24,0.189002475
Hyperliquid,SOL,2023-12-11,24,0.981974392
Hyperliquid,SOL,2023-12-12,24,0.9544549615000001
Hyperliquid,SOL,2023-12-13,24,0.8462349069999999
Hyperliquid,SOL,2023-12-14,24,1.3361964895
Hyperliquid,SOL,2023-12-15,24,1.2411095
Hyperliquid,SOL,2023-12-16,24,0.2490178555
Hyperliquid,SOL,2023-12-17,24,0.174119235
Hyperliquid,SOL,2023-12-18,24,0.065792491
Hyperliquid,SOL,2023-12-19,24,0.11379152399999999
Hyperliquid,SOL,2023-12-20,24,0.6173368005000001
Hyperliquid,SOL,2023-12-21,24,0.982292964
Hyperliquid,SOL,2023-12-22,24,0.7593700535
Hyperliquid,SOL,2023-12-23,24,0.39895255550000003
Hyperliquid,SOL,2023-12-24,24,0.6706823900000001
Hyperliquid,SOL,2023-12-25,24,0.834818802
Hyperliquid,SOL,2023-12-26,24,0.7725922515
Hyperliquid,SOL,2023-12-27,24,1.085747177
Hyperliquid,SOL,2023-12-28,24,1.6569683810000002
Hyperliquid,SOL,2023-12-29,24,1.7030157955
Hyperliquid,SOL,2023-12-30,24,1.240344971
Hyperliquid,SOL,2023-12-31,24,1.127552306
Hyperliquid,SOL,2024-01-01,24,1.268235716
Hyperliquid,SOL,2024-01-02,24,1.6211740719999999
Hyperliquid,SOL,2024-01-03,24,0.665846578
Hyperliquid,SOL,2024-01-04,24,0.24982914099999998
Hyperliquid,SOL,2024-01-05,24,0.2193770085
Hyperliquid,SOL,2024-01-06,24,0.26762632199999997
Hyperliquid,SOL,2024-01-07,24,0.2957139845
Hyperliquid,SOL,2024-01-08,24,0.18099838999999998
Hyperliquid,SOL,2024-01-09,24,0.37286465500000004
Hyperliquid,SOL,2024-01-10,24,0.467840794
Hyperliquid,SOL,2024-01-11,24,0.767508422
Hyperliquid,SOL,2024-01-12,24,0.512429559
Hyperliquid,SOL,2024-01-13,24,0.026080417999999998
Hyperliquid,SOL,2024-01-14,24,0.53792313
Hyperliquid,SOL,2024-01-15,24,0.141090531
Hyperliquid,SOL,2024-01-16,24,0.5919665265
Hyperliquid,SOL,2024-01-17,24,0.6426089625
Hyperliquid,SOL,2024-01-18,24,0.18951529999999997
Hyperliquid,SOL,2024-01-19,24,0.108963085
Hyperliquid,SOL,2024-01-20,24,0.130377854
Hyperliquid,SOL,2024-01-21,24,0.138943017
Hyperliquid,SOL,2024-01-22,24,-0.017745387499999998
Hyperliquid,SOL,2024-01-23,24,0.06736002
Hyperliquid,SOL,2024-01-24,24,-0.0220012145
Hyperliquid,SOL,2024-01-25,24,0.121802179
Hyperliquid,SOL,2024-01-26,24,0.0919677725
Hyperliquid,SOL,2024-01-27,24,0.2106630715
Hyperliquid,SOL,2024-01-28,24,0.3757170205
Hyperliquid,SOL,2024-01-29,24,0.363376553
Hyperliquid,SOL,2024-01-30,24,0.632298771
Hyperliquid,SOL,2024-01-31,24,-0.173021096
Hyperliquid,SOL,2024-02-01,24,-0.179772209
Hyperliquid,SOL,2024-02-02,24,0.0904089305
Hyperliquid,SOL,2024-02-03,24,0.0838695905
Hyperliquid,SOL,2024-02-04,24,0.0346645975
Hyperliquid,SOL,2024-02-05,24,-0.0008028905000000008
Hyperliquid,SOL,2024-02-06,24,0.2276525805
Hyperliquid,SOL,2024-02-07,24,0.47352753049999996
Hyperliquid,SOL,2024-02-08,24,0.47044777
Hyperliquid,SOL,2024-02-09,24,1.0175563075
Hyperliquid,SOL,2024-02-10,24,0.668976818
Hyperliquid,SOL,2024-02-11,24,0.5335857985
Hyperliquid,SOL,2024-02-12,24,0.3120823
Hyperliquid,SOL,2024-02-13,24,0.2361835795
Hyperliquid,SOL,2024-02-14,24,0.4350525885
Hyperliquid,SOL,2024-02-15,24,0.2125866945
Hyperliquid,SOL,2024-02-16,24,0.45178820350000004
Hyperliquid,SOL,2024-02-17,24,0.6153100285
Hyperliquid,SOL,2024-02-18,24,0.274251145
Hyperliquid,SOL,2024-02-19,24,0.42172147449999997
Hyperliquid,SOL,2024-02-20,24,0.5202126365
Hyperliquid,SOL,2024-02-21,24,0.440100648
Hyperliquid,SOL,2024-02-22,24,0.35296543899999994
Hyperliquid,SOL,2024-02-23,24,0.49115458500000003
Hyperliquid,SOL,2024-02-24,24,0.3625609605
Hyperliquid,SOL,2024-02-25,24,0.5022899319999999
Hyperliquid,SOL,2024-02-26,24,0.906529403
Hyperliquid,SOL,2024-02-27,24,1.246911613
Hyperliquid,SOL,2024-02-28,24,1.6768437625
Hyperliquid,SOL,2024-02-29,24,2.038270303
Hyperliquid,SOL,2024-03-01,24,1.1346113695
Hyperliquid,SOL,2024-03-02,24,1.154677938
Hyperliquid,SOL,2024-03-03,24,1.4623611485
Hyperliquid,SOL,2024-03-04,24,1.2370883315
Hyperliquid,SOL,2024-03-05,24,1.503047005
Hyperliquid,SOL,2024-03-06,24,0.9741552160000001
Hyperliquid,SOL,2024-03-07,24,1.1322232110000001
Hyperliquid,SOL,2024-03-08,24,1.212072436
Hyperliquid,SOL,2024-03-09,24,1.0028725765
Hyperliquid,SOL,2024-03-10,24,1.0862094494999999
Hyperliquid,SOL,2024-03-11,24,0.901823093
Hyperliquid,SOL,2024-03-12,24,1.1164850315000001
Hyperliquid,SOL,2024-03-13,24,1.609329968
Hyperliquid,SOL,2024-03-14,24,1.149339886
Hyperliquid,SOL,2024-03-15,24,0.6967716045
Hyperliquid,SOL,2024-03-16,24,0.3923770075
Hyperliquid,SOL,2024-03-17,24,0.409150984
Hyperliquid,SOL,2024-03-18,24,0.2263512825
Hyperliquid,SOL,2024-03-19,24,0.0365202575
Hyperliquid,SOL,2024-03-20,24,0.1095
Hyperliquid,SOL,2024-03-21,24,0.132132555
Hyperliquid,SOL,2024-03-22,24,0.1644712995
Hyperliquid,SOL,2024-03-23,24,0.1469093975
Hyperliquid,SOL,2024-03-24,24,0.1984546975
Hyperliquid,SOL,2024-03-25,24,0.3592839175
Hyperliquid,SOL,2024-03-26,24,0.43772953500000006
Hyperliquid,SOL,2024-03-27,24,0.681445145
Hyperliquid,SOL,2024-03-28,24,0.7669009889999999
Hyperliquid,SOL,2024-03-29,24,0.9679619325000001
Hyperliquid,SOL,2024-03-30,24,1.3936466134999999
Hyperliquid,SOL,2024-03-31,24,1.3433969904999998
Hyperliquid,SOL,2024-04-01,24,0.651418128
Hyperliquid,SOL,2024-04-02,24,0.199491407
Hyperliquid,SOL,2024-04-03,24,0.1475018655
Hyperliquid,SOL,2024-04-04,24,0.31407198799999997
Hyperliquid,SOL,2024-04-05,24,0.072904224
Hyperliquid,SOL,2024-04-06,24,0.1095
Hyperliquid,SOL,2024-04-07,24,0.1095
Hyperliquid,SOL,2024-04-08,24,0.1599550815
Hyperliquid,SOL,2024-04-09,24,0.3677861545
Hyperliquid,SOL,2024-04-10,24,0.3342333835
Hyperliquid,SOL,2024-04-11,24,0.5492782435
Hyperliquid,SOL,2024-04-12,24,0.236558179
Hyperliquid,SOL,2024-04-13,24,0.10892976050000001
Hyperliquid,SOL,2024-04-14,24,0.2177708625
Hyperliquid,SOL,2024-04-15,24,0.1086590035
Hyperliquid,SOL,2024-04-16,24,0.12125362049999999
Hyperliquid,SOL,2024-04-17,24,0.2466666715
Hyperliquid,SOL,2024-04-18,24,0.11269626849999999
Hyperliquid,SOL,2024-04-19,24,0.2435150425
Hyperliquid,SOL,2024-04-20,24,0.1644350185
Hyperliquid,SOL,2024-04-21,24,0.0408904025
Hyperliquid,SOL,2024-04-22,24,0.1889212625
Hyperliquid,SOL,2024-04-23,24,0.2075396205
Hyperliquid,SOL,2024-04-24,24,0.275731147
Hyperliquid,SOL,2024-04-25,24,0.258376127
Hyperliquid,SOL,2024-04-26,24,0.1877862585
Hyperliquid,SOL,2024-04-27,24,0.108990679
Hyperliquid,SOL,2024-04-28,24,0.0662649105
Hyperliquid,SOL,2024-04-29,24,0.024844528
Hyperliquid,SOL,2024-04-30,24,0.124117374
Hyperliquid,SOL,2024-05-01,24,0.118904079
Hyperliquid,SOL,2024-05-02,24,0.1818295315
Hyperliquid,SOL,2024-05-03,24,0.0260863675
Hyperliquid,SOL,2024-05-04,24,0.0941838335
Hyperliquid,SOL,2024-05-05,24,0.112619509
Hyperliquid,SOL,2024-05-06,24,0.1505139915
Hyperliquid,SOL,2024-05-07,24,0.1272345105
Hyperliquid,SOL,2024-05-08,24,-0.146144759
Hyperliquid,SOL,2024-05-09,24,0.068122213
Hyperliquid,SOL,2024-05-10,24,0.0869341305
Hyperliquid,SOL,2024-05-11,24,0.123875817
Hyperliquid,SOL,2024-05-12,24,0.0971177035
Hyperliquid,SOL,2024-05-13,24,0.09780872149999999
Hyperliquid,SOL,2024-05-14,24,0.10774581
Hyperliquid,SOL,2024-05-15,24,0.142344744
Hyperliquid,SOL,2024-05-16,24,-0.11025978399999999
Hyperliquid,SOL,2024-05-17,24,0.125325524
Hyperliquid,SOL,2024-05-18,24,0.0276169585
Hyperliquid,SOL,2024-05-19,24,0.15445989699999998
Hyperliquid,SOL,2024-05-20,24,0.063740388
Hyperliquid,SOL,2024-05-21,24,0.2154369795
Hyperliquid,SOL,2024-05-22,24,0.34150684800000003
Hyperliquid,SOL,2024-05-23,24,0.5112402429999999
Hyperliquid,SOL,2024-05-24,24,0.14642850999999998
Hyperliquid,SOL,2024-05-25,24,0.18017984099999998
Hyperliquid,SOL,2024-05-26,24,0.20088059700000002
Hyperliquid,SOL,2024-05-27,24,0.3276941895
Hyperliquid,SOL,2024-05-28,24,0.309166315
Hyperliquid,SOL,2024-05-29,24,0.3850276595
Hyperliquid,SOL,2024-05-30,24,0.281415876
Hyperliquid,SOL,2024-05-31,24,0.36877264
Hyperliquid,SOL,2024-06-01,24,0.4489187195
Hyperliquid,SOL,2024-06-02,24,0.30032134299999996
Hyperliquid,SOL,2024-06-03,24,0.40601811600000004
Hyperliquid,SOL,2024-06-04,24,0.37459990149999994
Hyperliquid,SOL,2024-06-05,24,0.22159650050000002
Hyperliquid,SOL,2024-06-06,24,0.2010561985
Hyperliquid,SOL,2024-06-07,24,0.13874051499999998
Hyperliquid,SOL,2024-06-08,24,0.282593731
Hyperliquid,SOL,2024-06-09,24,0.16682573199999998
Hyperliquid,SOL,2024-06-10,24,0.1095
Hyperliquid,SOL,2024-06-11,24,0.2961240255
Hyperliquid,SOL,2024-06-12,24,0.2241623045
Hyperliquid,SOL,2024-06-13,24,0.13078023
Hyperliquid,SOL,2024-06-14,24,0.271071995
Hyperliquid,SOL,2024-06-15,24,0.144557082
Hyperliquid,SOL,2024-06-16,24,0.0770705165
Hyperliquid,SOL,2024-06-17,24,0.1595639475
Hyperliquid,SOL,2024-06-18,24,0.0387710665
Hyperliquid,SOL,2024-06-19,24,0.073292073
Hyperliquid,SOL,2024-06-20,24,0.028597093
Hyperliquid,SOL,2024-06-21,24,-0.0261442565
Hyperliquid,SOL,2024-06-22,24,0.1095
Hyperliquid,SOL,2024-06-23,24,0.084614884
Hyperliquid,SOL,2024-06-24,24,-0.078953807
Hyperliquid,SOL,2024-06-25,24,0.1095
Hyperliquid,SOL,2024-06-26,24,0.1095
Hyperliquid,SOL,2024-06-27,24,0.11210182950000001
Hyperliquid,SOL,2024-06-28,24,0.085949616
Hyperliquid,SOL,2024-06-29,24,0.1095
Hyperliquid,SOL,2024-06-30,24,0.054526036
Hyperliquid,SOL,2024-07-01,24,0.1118622435
Hyperliquid,SOL,2024-07-02,24,0.007426947000000002
Hyperliquid,SOL,2024-07-03,24,0.144026883
Hyperliquid,SOL,2024-07-04,24,0.0316122485
Hyperliquid,SOL,2024-07-05,24,0.0007434685000000026
Hyperliquid,SOL,2024-07-06,24,0.0446176365
Hyperliquid,SOL,2024-07-07,24,0.076997772
Hyperliquid,SOL,2024-07-08,24,0.1503041895
Hyperliquid,SOL,2024-07-09,24,0.15833335
Hyperliquid,SOL,2024-07-10,24,0.1117551525
Hyperliquid,SOL,2024-07-11,24,0.10695423450000001
Hyperliquid,SOL,2024-07-12,24,0.037559777499999995
Hyperliquid,SOL,2024-07-13,24,0.1079644085
Hyperliquid,SOL,2024-07-14,24,0.14250855599999998
Hyperliquid,SOL,2024-07-15,24,0.2321352915
Hyperliquid,SOL,2024-07-16,24,0.3353916745
Hyperliquid,SOL,2024-07-17,24,0.1616878825
Hyperliquid,SOL,2024-07-18,24,0.133666869
Hyperliquid,SOL,2024-07-19,24,0.1989621935
Hyperliquid,SOL,2024-07-20,24,0.30960668750000003
Hyperliquid,SOL,2024-07-21,24,0.40316991150000003
Hyperliquid,SOL,2024-07-22,24,0.29917060749999996
Hyperliquid,SOL,2024-07-23,24,0.443317904
Hyperliquid,SOL,2024-07-24,24,0.142472129
Hyperliquid,SOL,2024-07-25,24,0.11188272
Hyperliquid,SOL,2024-07-26,24,0.1455685335
Hyperliquid,SOL,2024-07-27,24,0.29582720749999997
Hyperliquid,SOL,2024-07-28,24,0.283787719
Hyperliquid,SOL,2024-07-29,24,0.20669147
Hyperliquid,SOL,2024-07-30,24,0.102063636
Hyperliquid,SOL,2024-07-31,24,0.1309799945
Hyperliquid,SOL,2024-08-01,24,0.073770515
Hyperliquid,SOL,2024-08-02,24,0.086046487
Hyperliquid,SOL,2024-08-03,24,0.1055684755
Hyperliquid,SOL,2024-08-04,24,0.0619119205
Hyperliquid,SOL,2024-08-05,24,-0.118978539
Hyperliquid,SOL,2024-08-06,24,0.012764049999999999
Hyperliquid,SOL,2024-08-07,24,-0.124088977
Hyperliquid,SOL,2024-08-08,24,0.060699317499999995
Hyperliquid,SOL,2024-08-09,24,-0.101780761
Hyperliquid,SOL,2024-08-10,24,-0.015486512000000001
Hyperliquid,SOL,2024-08-11,24,0.0945043765
Hyperliquid,SOL,2024-08-12,24,0.0976635245
Hyperliquid,SOL,2024-08-13,24,0.0518920865
Hyperliquid,SOL,2024-08-14,24,0.105871535
Hyperliquid,SOL,2024-08-15,23,0.08178313147826087
Hyperliquid,SOL,2024-08-16,24,-0.1291091505
Hyperliquid,SOL,2024-08-17,24,-0.12372696999999999
Hyperliquid,SOL,2024-08-18,24,-0.050974805000000005
Hyperliquid,SOL,2024-08-19,24,0.0414781985
Hyperliquid,SOL,2024-08-20,24,0.023497751
Hyperliquid,SOL,2024-08-21,24,-0.026130861000000002
Hyperliquid,SOL,2024-08-22,24,0.1095
Hyperliquid,SOL,2024-08-23,24,0.1095
Hyperliquid,SOL,2024-08-24,24,0.10585802999999999
Hyperliquid,SOL,2024-08-25,24,0.1095
Hyperliquid,SOL,2024-08-26,24,0.1095
Hyperliquid,SOL,2024-08-27,24,0.109792
Hyperliquid,SOL,2024-08-28,24,0.1159860135
Hyperliquid,SOL,2024-08-29,24,0.098517807
Hyperliquid,SOL,2024-08-30,24,0.0025249604999999986
Hyperliquid,SOL,2024-08-31,24,-0.08231377799999999
Hyperliquid,SOL,2024-09-01,24,-0.1026005875
Hyperliquid,SOL,2024-09-02,24,-0.1276360835
Hyperliquid,SOL,2024-09-03,24,-0.1777465685
Hyperliquid,SOL,2024-09-04,24,-0.014850207500000004
Hyperliquid,SOL,2024-09-05,24,-0.20032718400000002
Hyperliquid,SOL,2024-09-06,24,-0.033568904000000004
Hyperliquid,SOL,2024-09-07,24,0.0855537735
Hyperliquid,SOL,2024-09-08,24,0.1095
Hyperliquid,SOL,2024-09-09,24,0.1095
Hyperliquid,SOL,2024-09-10,24,0.1095
Hyperliquid,SOL,2024-09-11,24,0.1081257385
Hyperliquid,SOL,2024-09-12,24,0.1095
Hyperliquid,SOL,2024-09-13,24,0.11097883400000001
Hyperliquid,SOL,2024-09-14,24,0.121480833
Hyperliquid,SOL,2024-09-15,24,0.1136513275
Hyperliquid,SOL,2024-09-16,24,0.1095
Hyperliquid,SOL,2024-09-17,24,0.1095
Hyperliquid,SOL,2024-09-18,24,0.10130921749999999
Hyperliquid,SOL,2024-09-19,24,0.3210973985
Hyperliquid,SOL,2024-09-20,24,0.1969122805
Hyperliquid,SOL,2024-09-21,24,0.1095
Hyperliquid,SOL,2024-09-22,24,0.1095
Hyperliquid,SOL,2024-09-23,24,0.1095
Hyperliquid,SOL,2024-09-24,24,0.1672914355
Hyperliquid,SOL,2024-09-25,24,0.1647764395
Hyperliquid,SOL,2024-09-26,24,0.168836152
Hyperliquid,SOL,2024-09-27,24,0.2881830125
Hyperliquid,SOL,2024-09-28,24,0.11593232199999999
Hyperliquid,SOL,2024-09-29,24,0.140771229
Hyperliquid,SOL,2024-09-30,24,0.17773675
Hyperliquid,SOL,2024-10-01,24,0.3722182765
Hyperliquid,SOL,2024-10-02,24,0.19866063050000002
Hyperliquid,SOL,2024-10-03,24,0.18093148550000002
Hyperliquid,SOL,2024-10-04,24,0.1647934485
Hyperliquid,SOL,2024-10-05,24,0.194630921
Hyperliquid,SOL,2024-10-06,24,0.1209192075
Hyperliquid,SOL,2024-10-07,24,0.1329434025
Hyperliquid,SOL,2024-10-08,24,0.1215448905
Hyperliquid,SOL,2024-10-09,24,0.1178394835
Hyperliquid,SOL,2024-10-10,24,0.113378563
Hyperliquid,SOL,2024-10-11,24,0.1095
Hyperliquid,SOL,2024-10-12,24,0.113700128
Hyperliquid,SOL,2024-10-13,24,0.1450162885
Hyperliquid,SOL,2024-10-14,24,0.15189402
Hyperliquid,SOL,2024-10-15,24,0.125294864
Hyperliquid,SOL,2024-10-16,24,0.124968481
Hyperliquid,SOL,2024-10-17,24,0.2064772515
Hyperliquid,SOL,2024-10-18,24,0.1120601465
Hyperliquid,SOL,2024-10-19,24,0.11302688550000001
Hyperliquid,SOL,2024-10-20,24,0.2804569845
Hyperliquid,SOL,2024-10-21,24,0.41497689499999996
Hyperliquid,SOL,2024-10-22,24,0.18912113649999998
Hyperliquid,SOL,2024-10-23,24,0.281267467
Hyperliquid,SOL,2024-10-24,24,0.16018371750000002
Hyperliquid,SOL,2024-10-25,24,0.1193304355
Hyperliquid,SOL,2024-10-26,24,0.2093973245
Hyperliquid,SOL,2024-10-27,24,0.128685057
Hyperliquid,SOL,2024-10-28,24,0.1110423805
Hyperliquid,SOL,2024-10-29,24,0.21454740149999998
Hyperliquid,SOL,2024-10-30,24,0.212764559
Hyperliquid,SOL,2024-10-31,24,0.128054629
Hyperliquid,SOL,2024-11-01,24,0.188944148
Hyperliquid,SOL,2024-11-02,24,0.110924449
Hyperliquid,SOL,2024-11-03,24,0.1095
Hyperliquid,SOL,2024-11-04,24,0.1095
Hyperliquid,SOL,2024-11-05,24,0.1116576245
Hyperliquid,SOL,2024-11-06,24,0.652508164
Hyperliquid,SOL,2024-11-07,24,0.48339187450000004
Hyperliquid,SOL,2024-11-08,24,0.436602634
Hyperliquid,SOL,2024-11-09,24,0.4193603625
Hyperliquid,SOL,2024-11-10,24,0.631907345
Hyperliquid,SOL,2024-11-11,24,0.5912526960000001
Hyperliquid,SOL,2024-11-12,24,1.114513265
Hyperliquid,SOL,2024-11-13,24,0.760178857
Hyperliquid,SOL,2024-11-14,24,0.599196775
Hyperliquid,SOL,2024-11-15,24,0.532928689
Hyperliquid,SOL,2024-11-16,24,0.2404719645
Hyperliquid,SOL,2024-11-17,24,0.4232606795
Hyperliquid,SOL,2024-11-18,24,0.7052499705
Hyperliquid,SOL,2024-11-19,24,0.6737410535
Hyperliquid,SOL,2024-11-20,24,0.2617117525
Hyperliquid,SOL,2024-11-21,24,0.378040647
Hyperliquid,SOL,2024-11-22,24,0.5099718315
Hyperliquid,SOL,2024-11-23,24,0.5597128635
Hyperliquid,SOL,2024-11-24,24,0.5722758714999999
Hyperliquid,SOL,2024-11-25,24,0.384923817
Hyperliquid,SOL,2024-11-26,24,0.17982305350000002
Hyperliquid,SOL,2024-11-27,24,0.41535769949999995
Hyperliquid,SOL,2024-11-28,24,0.20060316050000002
Hyperliquid,SOL,2024-11-29,24,0.26169405
Hyperliquid,SOL,2024-11-30,24,0.48867192800000003
Hyperliquid,SOL,2024-12-01,24,0.3146045595
Hyperliquid,SOL,2024-12-02,24,0.452973468
Hyperliquid,SOL,2024-12-03,24,0.6040265645
Hyperliquid,SOL,2024-12-04,24,0.750372402
Hyperliquid,SOL,2024-12-05,24,0.7110369725
Hyperliquid,SOL,2024-12-06,24,1.073434048
Hyperliquid,SOL,2024-12-07,24,0.8691343865
Hyperliquid,SOL,2024-12-08,24,0.5310923375
Hyperliquid,SOL,2024-12-09,24,0.330554658
Hyperliquid,SOL,2024-12-10,24,0.2897942685
Hyperliquid,SOL,2024-12-11,24,0.23054600849999998
Hyperliquid,SOL,2024-12-12,24,0.27515233
Hyperliquid,SOL,2024-12-13,24,0.1435412505
Hyperliquid,SOL,2024-12-14,24,0.240983439
Hyperliquid,SOL,2024-12-15,24,0.11706181450000001
Hyperliquid,SOL,2024-12-16,24,0.35829870950000003
Hyperliquid,SOL,2024-12-17,24,0.1932262185
Hyperliquid,SOL,2024-12-18,24,0.122525536
Hyperliquid,SOL,2024-12-19,24,0.079594455
Hyperliquid,SOL,2024-12-20,24,0.014940508499999998
Hyperliquid,SOL,2024-12-21,24,0.05319364000000001
Hyperliquid,SOL,2024-12-22,24,0.189498291
Hyperliquid,SOL,2024-12-23,24,0.1095
Hyperliquid,SOL,2024-12-24,24,0.130487573
Hyperliquid,SOL,2024-12-25,24,0.09258892949999999
Hyperliquid,SOL,2024-12-26,24,-0.012260240499999998
Hyperliquid,SOL,2024-12-27,24,0.041308218
Hyperliquid,SOL,2024-12-28,24,0.07598756150000001
Hyperliquid,SOL,2024-12-29,24,0.110373518
Hyperliquid,SOL,2024-12-30,24,0.1836965065
Hyperliquid,SOL,2024-12-31,24,0.118435565
Hyperliquid,SOL,2025-01-01,24,0.241169443
Hyperliquid,SOL,2025-01-02,24,0.1296547525
Hyperliquid,SOL,2025-01-03,24,0.1095
Hyperliquid,SOL,2025-01-04,24,0.1095
Hyperliquid,SOL,2025-01-05,24,0.1086619235
Hyperliquid,SOL,2025-01-06,24,0.1095
Hyperliquid,SOL,2025-01-07,24,0.172507687
Hyperliquid,SOL,2025-01-08,24,0.12074137950000001
Hyperliquid,SOL,2025-01-09,24,0.052968362
Hyperliquid,SOL,2025-01-10,24,0.07568464800000001
Hyperliquid,SOL,2025-01-11,24,0.074234357
Hyperliquid,SOL,2025-01-12,24,0.1073105475
Hyperliquid,SOL,2025-01-13,24,0.02361039
Hyperliquid,SOL,2025-01-14,24,0.08636235800000001
Hyperliquid,SOL,2025-01-15,24,0.0602462065
Hyperliquid,SOL,2025-01-16,24,0.18314079399999997
Hyperliquid,SOL,2025-01-17,24,0.126508708
Hyperliquid,SOL,2025-01-18,24,0.3527660395
Hyperliquid,SOL,2025-01-19,24,0.1845492925
Hyperliquid,SOL,2025-01-20,24,0.1034495045
Hyperliquid,SOL,2025-01-21,24,0.098916825
Hyperliquid,SOL,2025-01-22,24,0.10735095300000001
Hyperliquid,SOL,2025-01-23,24,0.072587477
Hyperliquid,SOL,2025-01-24,24,0.0777391965
Hyperliquid,SOL,2025-01-25,24,0.0428769515
Hyperliquid,SOL,2025-01-26,24,0.07452460500000001
Hyperliquid,SOL,2025-01-27,24,-0.004671781
Hyperliquid,SOL,2025-01-28,24,0.1095
Hyperliquid,SOL,2025-01-29,24,0.1095
Hyperliquid,SOL,2025-01-30,24,0.10366514649999999
Hyperliquid,SOL,2025-01-31,24,0.1115750615
Hyperliquid,SOL,2025-02-01,24,0.033763011
Hyperliquid,SOL,2025-02-02,24,-0.009018493000000002
Hyperliquid,SOL,2025-02-03,24,-0.1059239125
Hyperliquid,SOL,2025-02-04,24,0.0741166445
Hyperliquid,SOL,2025-02-05,24,0.1042015505
Hyperliquid,SOL,2025-02-06,24,0.07738018249999999
Hyperliquid,SOL,2025-02-07,24,-0.0906626785
Hyperliquid,SOL,2025-02-08,24,-0.07262415950000001
Hyperliquid,SOL,2025-02-09,24,-0.2299191575
Hyperliquid,SOL,2025-02-10,24,0.0299008365
Hyperliquid,SOL,2025-02-11,24,0.056516381
Hyperliquid,SOL,2025-02-12,24,0.1095
Hyperliquid,SOL,2025-02-13,24,0.10690430249999999
Hyperliquid,SOL,2025-02-14,24,0.1095
Hyperliquid,SOL,2025-02-15,24,0.011493302499999998
Hyperliquid,SOL,2025-02-16,24,-0.0135206585
Hyperliquid,SOL,2025-02-17,24,-0.166121866
Hyperliquid,SOL,2025-02-18,24,-0.052483130999999995
Hyperliquid,SOL,2025-02-19,24,0.10016523449999999
Hyperliquid,SOL,2025-02-20,24,0.053045669
Hyperliquid,SOL,2025-02-21,24,-0.0460946455
Hyperliquid,SOL,2025-02-22,24,0.1095
Hyperliquid,SOL,2025-02-23,24,-0.144521458
Hyperliquid,SOL,2025-02-24,24,-0.0815081865
Hyperliquid,SOL,2025-02-25,24,0.1091680325
Hyperliquid,SOL,2025-02-26,24,0.0994638505
Hyperliquid,SOL,2025-02-27,24,0.10174006349999999
Hyperliquid,SOL,2025-02-28,24,0.0919045545
Hyperliquid,SOL,2025-03-01,24,0.07749420850000001
Hyperliquid,SOL,2025-03-02,24,0.0671195215
Hyperliquid,SOL,2025-03-03,24,0.085348388
Hyperliquid,SOL,2025-03-04,24,-0.039241807
Hyperliquid,SOL,2025-03-05,24,-0.104751058
Hyperliquid,SOL,2025-03-06,24,-0.153175243
Hyperliquid,SOL,2025-03-07,24,-0.177085517
Hyperliquid,SOL,2025-03-08,24,-0.0486601575
Hyperliquid,SOL,2025-03-09,24,0.069105742
Hyperliquid,SOL,2025-03-10,24,-0.054963123499999995
Hyperliquid,SOL,2025-03-11,24,-0.09689808300000001
Hyperliquid,SOL,2025-03-12,24,-0.1098122575
Hyperliquid,SOL,2025-03-13,24,-0.03819119099999999
Hyperliquid,SOL,2025-03-14,24,0.0025411665000000003
Hyperliquid,SOL,2025-03-15,24,-0.0655428675
Hyperliquid,SOL,2025-03-16,24,-0.0875659455
Hyperliquid,SOL,2025-03-17,24,-0.040401229500000004
Hyperliquid,SOL,2025-03-18,24,-0.0655419185
Hyperliquid,SOL,2025-03-19,24,0.0351539895
Hyperliquid,SOL,2025-03-20,24,-0.016843983500000003
Hyperliquid,SOL,2025-03-21,24,-0.040807657
Hyperliquid,SOL,2025-03-22,24,0.078303888
Hyperliquid,SOL,2025-03-23,24,0.0539809815
Hyperliquid,SOL,2025-03-24,24,0.09940198300000001
Hyperliquid,SOL,2025-03-25,24,0.088700548
Hyperliquid,SOL,2025-03-26,24,0.0750338165
Hyperliquid,SOL,2025-03-27,24,0.0981672245
Hyperliquid,SOL,2025-03-28,24,0.0874940405
Hyperliquid,SOL,2025-03-29,24,-0.0351942855
Hyperliquid,SOL,2025-03-30,24,-0.30889971899999996
Hyperliquid,SOL,2025-03-31,24,0.022817208500000002
Hyperliquid,SOL,2025-04-01,24,0.1095
Hyperliquid,SOL,2025-04-02,24,0.0743193655
Hyperliquid,SOL,2025-04-03,24,-0.2282154835
Hyperliquid,SOL,2025-04-04,24,-0.209514891
Hyperliquid,SOL,2025-04-05,24,-0.237736764
Hyperliquid,SOL,2025-04-06,24,-0.14366327
Hyperliquid,SOL,2025-04-07,24,-0.2066135425
Hyperliquid,SOL,2025-04-08,24,-0.099606383
Hyperliquid,SOL,2025-04-09,24,-0.19529755699999998
Hyperliquid,SOL,2025-04-10,24,0.0414088485
Hyperliquid,SOL,2025-04-11,24,0.09551276199999999
Hyperliquid,SOL,2025-04-12,24,-0.17081759100000002
Hyperliquid,SOL,2025-04-13,24,-0.01862157
Hyperliquid,SOL,2025-04-14,24,0.1095
Hyperliquid,SOL,2025-04-15,24,0.091201747
Hyperliquid,SOL,2025-04-16,24,-0.033139883
Hyperliquid,SOL,2025-04-17,24,-0.012455734499999998
Hyperliquid,SOL,2025-04-18,24,-0.2472004475
Hyperliquid,SOL,2025-04-19,24,-0.4418377195
Hyperliquid,SOL,2025-04-20,24,-0.11367439550000001
Hyperliquid,SOL,2025-04-21,24,-0.050692587000000004
Hyperliquid,SOL,2025-04-22,24,-0.136912887
Hyperliquid,SOL,2025-04-23,24,0.04174651000000001
Hyperliquid,SOL,2025-04-24,24,0.0224516245
Hyperliquid,SOL,2025-04-25,24,0.0972843625
Hyperliquid,SOL,2025-04-26,24,0.0171185365
Hyperliquid,SOL,2025-04-27,24,-0.028089524
Hyperliquid,SOL,2025-04-28,24,-0.011102971499999998
Hyperliquid,SOL,2025-04-29,24,0.040112551
Hyperliquid,SOL,2025-04-30,24,0.064789325
Hyperliquid,SOL,2025-05-01,24,0.1095
Hyperliquid,SOL,2025-05-02,24,0.1095
Hyperliquid,SOL,2025-05-03,24,0.08570773050000001
Hyperliquid,SOL,2025-05-04,24,0.087158788
Hyperliquid,SOL,2025-05-05,24,0.1095
Hyperliquid,SOL,2025-05-06,24,0.1095
Hyperliquid,SOL,2025-05-07,24,0.1095
Hyperliquid,SOL,2025-05-08,24,0.139286993
Hyperliquid,SOL,2025-05-09,24,0.36555739150000005
Hyperliquid,SOL,2025-05-10,24,0.2007236105
Hyperliquid,SOL,2025-05-11,24,0.24977450050000002
Hyperliquid,SOL,2025-05-12,24,0.3189273275
Hyperliquid,SOL,2025-05-13,24,0.24110341449999997
Hyperliquid,SOL,2025-05-14,24,0.123492056
Hyperliquid,SOL,2025-05-15,24,0.069743762
Hyperliquid,SOL,2025-05-16,24,0.1095
Hyperliquid,SOL,2025-05-17,24,0.0150614695
Hyperliquid,SOL,2025-05-18,24,0.108141835
Hyperliquid,SOL,2025-05-19,24,0.049396691
Hyperliquid,SOL,2025-05-20,24,0.1033886955
Hyperliquid,SOL,2025-05-21,24,0.1405402935
Hyperliquid,SOL,2025-05-22,24,0.1639262085
Hyperliquid,SOL,2025-05-23,24,0.206202443
Hyperliquid,SOL,2025-05-24,24,0.1095
Hyperliquid,SOL,2025-05-25,24,-0.0816737505
Hyperliquid,SOL,2025-05-26,24,-0.08848355549999999
Hyperliquid,SOL,2025-05-27,24,-0.047956401
Hyperliquid,SOL,2025-05-28,24,-0.012024231499999998
Hyperliquid,SOL,2025-05-29,24,0.0686128825
Hyperliquid,SOL,2025-05-30,24,-0.04483076
Hyperliquid,SOL,2025-05-31,24,0.053352196
Hyperliquid,SOL,2025-06-01,24,0.0794608285
Hyperliquid,SOL,2025-06-02,24,0.1095
Hyperliquid,SOL,2025-06-03,24,0.1095
Hyperliquid,SOL,2025-06-04,24,0.10003036700000001
Hyperliquid,SOL,2025-06-05,24,0.10763733199999999
Hyperliquid,SOL,2025-06-06,24,0.0907779455
Hyperliquid,SOL,2025-06-07,24,0.069832749
Hyperliquid,SOL,2025-06-08,24,0.0638691965
Hyperliquid,SOL,2025-06-09,24,0.107953933
Hyperliquid,SOL,2025-06-10,24,0.092819135
Hyperliquid,SOL,2025-06-11,24,0.1538595815
Hyperliquid,SOL,2025-06-12,24,0.1095
Hyperliquid,SOL,2025-06-13,24,0.1095
Hyperliquid,SOL,2025-06-14,24,-0.069361388
Hyperliquid,SOL,2025-06-15,24,-0.03431649700000001
Hyperliquid,SOL,2025-06-16,24,0.1095
Hyperliquid,SOL,2025-06-17,24,0.0115187795
Hyperliquid,SOL,2025-06-18,24,0.037412062
Hyperliquid,SOL,2025-06-19,24,0.0755932155
Hyperliquid,SOL,2025-06-20,24,0.051730355
Hyperliquid,SOL,2025-06-21,24,-0.058642214
Hyperliquid,SOL,2025-06-22,24,0.0085848
Hyperliquid,SOL,2025-06-23,24,0.054839571000000004
Hyperliquid,SOL,2025-06-24,24,0.0927027365
Hyperliquid,SOL,2025-06-25,24,0.1031435615
Hyperliquid,SOL,2025-06-26,24,-0.0073851544999999985
Hyperliquid,SOL,2025-06-27,24,0.061445998
Hyperliquid,SOL,2025-06-28,24,0.1054858395
Hyperliquid,SOL,2025-06-29,24,0.1095
Hyperliquid,SOL,2025-06-30,24,0.1095
Hyperliquid,SOL,2025-07-01,24,0.10173192399999999
Hyperliquid,SOL,2025-07-02,24,-0.038863813
Hyperliquid,SOL,2025-07-03,24,-0.03759354
Hyperliquid,SOL,2025-07-04,24,0.0387711395
Hyperliquid,SOL,2025-07-05,24,0.08845391749999999
Hyperliquid,SOL,2025-07-06,24,0.072381252
Hyperliquid,SOL,2025-07-07,24,0.09587765250000001
Hyperliquid,SOL,2025-07-08,24,0.0857792705
Hyperliquid,SOL,2025-07-09,24,0.023202101
Hyperliquid,SOL,2025-07-10,24,0.094885327
Hyperliquid,SOL,2025-07-11,24,0.1126568485
Hyperliquid,SOL,2025-07-12,24,0.24467888150000003
Hyperliquid,SOL,2025-07-13,24,0.1539998145
Hyperliquid,SOL,2025-07-14,24,0.21461061950000002
Hyperliquid,SOL,2025-07-15,24,0.1769810905
Hyperliquid,SOL,2025-07-16,24,0.3512697585
Hyperliquid,SOL,2025-07-17,24,0.604605929
Hyperliquid,SOL,2025-07-18,24,0.4667747385
Hyperliquid,SOL,2025-07-19,24,0.1095
Hyperliquid,SOL,2025-07-20,24,0.200406316
Hyperliquid,SOL,2025-07-21,24,0.5596067945
Hyperliquid,SOL,2025-07-22,24,0.29539825950000004
Hyperliquid,SOL,2025-07-23,24,0.5755547395
Hyperliquid,SOL,2025-07-24,24,0.2131057975
Hyperliquid,SOL,2025-07-25,24,0.14733630150000002
Hyperliquid,SOL,2025-07-26,24,0.26690862249999997
Hyperliquid,SOL,2025-07-27,24,0.358207642
Hyperliquid,SOL,2025-07-28,24,0.27936151000000004
Hyperliquid,SOL,2025-07-29,24,0.0735997315
Hyperliquid,SOL,2025-07-30,24,0.11432537300000001
Hyperliquid,SOL,2025-07-31,24,0.1102916485
Hyperliquid,SOL,2025-08-01,24,0.047783172000000006
Hyperliquid,SOL,2025-08-02,24,0.028607240000000003
Hyperliquid,SOL,2025-08-03,24,0.011803588999999998
Hyperliquid,SOL,2025-08-04,24,0.030383293500000002
Hyperliquid,SOL,2025-08-05,24,0.104051937
Hyperliquid,SOL,2025-08-06,24,0.086297315
Hyperliquid,SOL,2025-08-07,24,0.0606593135
Hyperliquid,SOL,2025-08-08,24,0.0797648005
Hyperliquid,SOL,2025-08-09,24,0.095711103
Hyperliquid,SOL,2025-08-10,24,0.10964001400000001
Hyperliquid,SOL,2025-08-11,24,0.1109287925
Hyperliquid,SOL,2025-08-12,24,0.1363241055
Hyperliquid,SOL,2025-08-13,24,0.358643452
Hyperliquid,SOL,2025-08-14,37,0.31647976475675677
Hyperliquid,SOL,2025-08-15,48,0.09589548275
Hyperliquid,SOL,2025-08-16,48,0.108503112
Hyperliquid,SOL,2025-08-17,48,0.1095
Hyperliquid,SOL,2025-08-18,48,0.10375013675
Hyperliquid,SOL,2025-08-19,48,-0.008639714250000001
Hyperliquid,SOL,2025-08-20,48,0.08015978525
Hyperliquid,SOL,2025-08-21,48,0.037664039749999996
Hyperliquid,SOL,2025-08-22,48,0.11731882924999999
Hyperliquid,SOL,2025-08-23,48,0.3296232875
Hyperliquid,SOL,2025-08-24,48,0.31968537775
Hyperliquid,SOL,2025-08-25,48,0.10034351875000001
Hyperliquid,SOL,2025-08-26,48,0.09311710275
Hyperliquid,SOL,2025-08-27,48,0.1095
Hyperliquid,SOL,2025-08-28,48,0.10458664375
Hyperliquid,SOL,2025-08-29,48,0.1095562465
Hyperliquid,SOL,2025-08-30,47,0.09458401251063829
Hyperliquid,SOL,2025-08-31,48,0.1095
Hyperliquid,SOL,2025-09-01,48,0.09293825275
Hyperliquid,SOL,2025-09-02,48,0.08561761200000001
Hyperliquid,SOL,2025-09-03,48,0.1095
Hyperliquid,SOL,2025-09-04,48,0.1095
Hyperliquid,SOL,2025-09-05,48,0.1111544355
Hyperliquid,SOL,2025-09-06,48,0.13893376425
Hyperliquid,SOL,2025-09-07,48,0.1095
Hyperliquid,SOL,2025-09-08,48,0.1152391505
Hyperliquid,SOL,2025-09-09,48,0.17904191700000002
Hyperliquid,SOL,2025-09-10,48,0.1095
Hyperliquid,SOL,2025-09-11,48,0.1095
Hyperliquid,SOL,2025-09-12,48,0.08990707375
Hyperliquid,SOL,2025-09-13,48,0.10059591624999999
Hyperliquid,SOL,2025-09-14,48,0.099286351
Hyperliquid,SOL,2025-09-15,48,0.11324656075
Hyperliquid,SOL,2025-09-16,48,0.17483020024999998
Hyperliquid,SOL,2025-09-17,48,0.116291628
Hyperliquid,SOL,2025-09-18,48,0.12846003450000001
Hyperliquid,SOL,2025-09-19,48,0.2715314935
Hyperliquid,SOL,2025-09-20,48,0.1324756185
Hyperliquid,SOL,2025-09-21,48,0.11244847000000001
Hyperliquid,SOL,2025-09-22,48,0.1095
Hyperliquid,SOL,2025-09-23,48,0.10684022675
Hyperliquid,SOL,2025-09-24,48,0.10478087850000001
Hyperliquid,SOL,2025-09-25,48,-0.020097702999999998
Hyperliquid,SOL,2025-09-26,48,-0.028374607250000003
Hyperliquid,SOL,2025-09-27,48,0.0727319075
Hyperliquid,SOL,2025-09-28,48,0.056703845
Hyperliquid,SOL,2025-09-29,48,0.09203608225
Hyperliquid,SOL,2025-09-30,48,0.091995257
Hyperliquid,SOL,2025-10-01,48,0.087040309
Hyperliquid,SOL,2025-10-02,48,0.0234296785
Hyperliquid,SOL,2025-10-03,48,0.06421917675000001
Hyperliquid,SOL,2025-10-04,48,0.1095
Hyperliquid,SOL,2025-10-05,48,0.1095
Hyperliquid,SOL,2025-10-06,48,0.1095
Hyperliquid,SOL,2025-10-07,48,0.1494329345
Hyperliquid,SOL,2025-10-08,48,0.148659025
Hyperliquid,SOL,2025-10-09,48,0.11398471850000001
Hyperliquid,SOL,2025-10-10,48,-1.042979032
Hyperliquid,SOL,2025-10-11,48,-1.4142723437500002
Hyperliquid,SOL,2025-10-12,48,-0.7190899310000001
Hyperliquid,SOL,2025-10-13,48,0.0014524810000000003
Hyperliquid,SOL,2025-10-14,48,-0.009091876249999997
Hyperliquid,SOL,2025-10-15,48,0.048529195500000004
Hyperliquid,SOL,2025-10-16,48,0.0150270135
Hyperliquid,SOL,2025-10-17,48,0.06375642975
Hyperliquid,SOL,2025-10-18,48,-0.02576909125
Hyperliquid,SOL,2025-10-19,48,-0.02865916125
Hyperliquid,SOL,2025-10-20,48,0.020350648000000002
Hyperliquid,SOL,2025-10-21,48,0.0077870560000000005
Hyperliquid,SOL,2025-10-22,48,-0.0095436915
Hyperliquid,SOL,2025-10-23,48,0.08292535375
Hyperliquid,SOL,2025-10-24,48,0.035151233750000004
Hyperliquid,SOL,2025-10-25,48,0.056479808
Hyperliquid,SOL,2025-10-26,48,0.10591871125
Hyperliquid,SOL,2025-10-27,48,0.1095
Hyperliquid,SOL,2025-10-28,48,0.1095
Hyperliquid,SOL,2025-10-29,48,0.10566200675
Hyperliquid,SOL,2025-10-30,48,0.0941897465
Hyperliquid,SOL,2025-10-31,48,0.10553597225
Hyperliquid,SOL,2025-11-01,48,0.059538562749999996
Hyperliquid,SOL,2025-11-02,48,0.06219306175
Hyperliquid,SOL,2025-11-03,48,-0.04784493
Hyperliquid,SOL,2025-11-04,48,-0.05226360175
Hyperliquid,SOL,2025-11-05,48,-0.08904592925
Hyperliquid,SOL,2025-11-06,48,-0.07089327475
Hyperliquid,SOL,2025-11-07,48,-0.10634846225
Hyperliquid,SOL,2025-11-08,48,0.0023035332500000003
Hyperliquid,SOL,2025-11-09,48,0.019089554749999998
Hyperliquid,SOL,2025-11-10,48,0.055617148750000005
Hyperliquid,SOL,2025-11-11,48,0.01507254725
Hyperliquid,SOL,2025-11-12,48,-0.1308394695
Hyperliquid,SOL,2025-11-13,48,-0.12653836425
Hyperliquid,SOL,2025-11-14,48,-0.006647398249999999
Hyperliquid,SOL,2025-11-15,48,0.038786798000000004
Hyperliquid,SOL,2025-11-16,48,0.060102506
Hyperliquid,SOL,2025-11-17,48,0.06943395000000001
Hyperliquid,SOL,2025-11-18,48,0.062828691
Hyperliquid,SOL,2025-11-19,48,-0.08415259325
Hyperliquid,SOL,2025-11-20,48,0.059679489249999995
Hyperliquid,SOL,2025-11-21,48,-0.180967803
Hyperliquid,SOL,2025-11-22,48,-0.173104316
Hyperliquid,SOL,2025-11-23,48,-0.11605198725
Hyperliquid,SOL,2025-11-24,48,-0.108300464
Hyperliquid,SOL,2025-11-25,48,-0.04441226925
Hyperliquid,SOL,2025-11-26,48,-0.011037618249999999
Hyperliquid,SOL,2025-11-27,48,-0.08031239175
Hyperliquid,SOL,2025-11-28,48,-0.06902852625
Hyperliquid,SOL,2025-11-29,48,0.09750356325
Hyperliquid,SOL,2025-11-30,48,0.08303854025
Hyperliquid,SOL,2025-12-01,48,0.02064733825
Hyperliquid,SOL,2025-12-02,48,0.045057133
Hyperliquid,SOL,2025-12-03,48,0.062491248500000006
Hyperliquid,SOL,2025-12-04,48,0.047193405
Hyperliquid,SOL,2025-12-05,48,-0.021898631249999998
Hyperliquid,SOL,2025-12-06,48,-0.024294126250000003
Hyperliquid,SOL,2025-12-07,48,-0.07860689275
Hyperliquid,SOL,2025-12-08,48,-0.004686381000000002
Hyperliquid,SOL,2025-12-09,48,0.0023476982499999995
Hyperliquid,SOL,2025-12-10,48,0.027263675
Hyperliquid,SOL,2025-12-11,48,0.004868297
Hyperliquid,SOL,2025-12-12,48,0.113879854
Hyperliquid,SOL,2025-12-13,48,0.1095
Hyperliquid,SOL,2025-12-14,48,0.0795330985
Hyperliquid,SOL,2025-12-15,48,0.078198695
Hyperliquid,SOL,2025-12-16,48,0.06840441274999999
Hyperliquid,SOL,2025-12-17,48,0.055196942500000006
Hyperliquid,SOL,2025-12-18,48,-0.0016207824999999985
Hyperliquid,SOL,2025-12-19,48,0.08758912299999999
Hyperliquid,SOL,2025-12-20,48,0.1095
Hyperliquid,SOL,2025-12-21,48,0.0949117165
Hyperliquid,SOL,2025-12-22,48,0.03481463075
Hyperliquid,SOL,2025-12-23,48,-0.01648148375
Hyperliquid,SOL,2025-12-24,48,0.04963731725
Hyperliquid,SOL,2025-12-25,48,0.107411251
Hyperliquid,SOL,2025-12-26,48,0.10806155325
Hyperliquid,SOL,2025-12-27,48,0.1095
Hyperliquid,SOL,2025-12-28,48,0.1067268395
Hyperliquid,SOL,2025-12-29,48,0.08609373625
Hyperliquid,SOL,2025-12-30,48,0.1095
Hyperliquid,SOL,2025-12-31,48,0.0953794275
Hyperliquid,SOL,2026-01-01,48,0.10356719874999999
Hyperliquid,SOL,2026-01-02,48,0.08119872125000001
Hyperliquid,SOL,2026-01-03,48,0.08787898775000001
Hyperliquid,SOL,2026-01-04,48,0.035423669750000004
Hyperliquid,SOL,2026-01-05,48,0.06702785175
Hyperliquid,SOL,2026-01-06,48,0.08821734275
Hyperliquid,SOL,2026-01-07,48,0.0886086775
Hyperliquid,SOL,2026-01-08,48,0.038900386
Hyperliquid,SOL,2026-01-09,48,0.1095
Hyperliquid,SOL,2026-01-10,48,0.0899732665
Hyperliquid,SOL,2026-01-11,48,0.06631555425
Hyperliquid,SOL,2026-01-12,48,-0.009916009750000003
Hyperliquid,SOL,2026-01-13,48,0.085249327
Hyperliquid,SOL,2026-01-14,48,0.0824685015
Hyperliquid,SOL,2026-01-15,48,0.1095
Hyperliquid,SOL,2026-01-16,48,0.11005943550000001
Hyperliquid,SOL,2026-01-17,48,0.1095
Hyperliquid,SOL,2026-01-18,48,0.1095
Hyperliquid,SOL,2026-01-19,48,0.0021227670000000007
Hyperliquid,SOL,2026-01-20,48,0.0059740645
Hyperliquid,SOL,2026-01-21,48,0.105910006
Hyperliquid,SOL,2026-01-22,48,0.0114641755
Hyperliquid,SOL,2026-01-23,48,-0.15385062075
Hyperliquid,SOL,2026-01-24,48,-0.1115344005
Hyperliquid,SOL,2026-01-25,48,-0.13070943825
Hyperliquid,SOL,2026-01-26,48,0.0005315130000000014
Hyperliquid,SOL,2026-01-27,48,0.06435878925
Hyperliquid,SOL,2026-01-28,48,0.0689470765
Hyperliquid,SOL,2026-01-29,48,-0.09772329325
Hyperliquid,SOL,2026-01-30,48,-0.04581772
Hyperliquid,SOL,2026-01-31,48,-0.2761845135
Hyperliquid,SOL,2026-02-01,48,-0.296990864
Hyperliquid,SOL,2026-02-02,48,-0.27196031375
Hyperliquid,SOL,2026-02-03,48,-0.28458434974999997
Hyperliquid,SOL,2026-02-04,48,-0.256406587
Hyperliquid,SOL,2026-02-05,48,-0.10989863475
Hyperliquid,SOL,2026-02-06,48,-0.76968526375
Hyperliquid,SOL,2026-02-07,48,-0.35606257350000003
Hyperliquid,SOL,2026-02-08,48,-0.34112082400000004
Hyperliquid,SOL,2026-02-09,48,-0.21820570525000002
Hyperliquid,SOL,2026-02-10,36,-0.10426178766666666
Hyperliquid,SOL,2026-02-11,24,-0.12812200799999998
Hyperliquid,SOL,2026-02-12,24,-0.149598608
Hyperliquid,SOL,2026-02-13,24,-0.021969934
Hyperliquid,SOL,2026-02-14,24,-0.1473544055
Hyperliquid,SOL,2026-02-15,24,-0.261326495
Hyperliquid,SOL,2026-02-16,24,-0.19666696400000003
Hyperliquid,SOL,2026-02-17,24,-0.084415959
Hyperliquid,SOL,2026-02-18,24,-0.128111788
Hyperliquid,SOL,2026-02-19,24,-0.128147704
Hyperliquid,SOL,2026-02-20,24,0.007215648500000002
Hyperliquid,SOL,2026-02-21,24,-0.0232406815
Hyperliquid,SOL,2026-02-22,24,-0.147337871
Hyperliquid,SOL,2026-02-23,24,-0.24577786000000001
Hyperliquid,SOL,2026-02-24,24,-0.0531708275
Hyperliquid,SOL,2026-02-25,24,-0.08678535650000001
Hyperliquid,SOL,2026-02-26,24,-0.018729245000000002
Hyperliquid,SOL,2026-02-27,24,0.0044616505
Hyperliquid,SOL,2026-02-28,24,-0.140155255
Hyperliquid,SOL,2026-03-01,24,-0.08555782499999999
Hyperliquid,SOL,2026-03-02,24,0.0055129965
Hyperliquid,SOL,2026-03-03,24,-0.058573302
Hyperliquid,SOL,2026-03-04,24,-0.0119829135
Hyperliquid,SOL,2026-03-05,24,-0.018788302
Hyperliquid,SOL,2026-03-06,24,-0.09527726399999999
Hyperliquid,SOL,2026-03-07,24,-0.1428218355
Hyperliquid,SOL,2026-03-08,24,-0.20437689550000002
Hyperliquid,SOL,2026-03-09,24,-0.0193838725
Hyperliquid,SOL,2026-03-10,24,0.014492799499999999
Hyperliquid,SOL,2026-03-11,24,-0.103711757
Hyperliquid,SOL,2026-03-12,24,-0.0777997865
Hyperliquid,SOL,2026-03-13,24,0.0164225545
Hyperliquid,SOL,2026-03-14,24,-0.2105434975
Hyperliquid,SOL,2026-03-15,24,-0.03725044
Hyperliquid,SOL,2026-03-16,24,0.0058166765
Hyperliquid,SOL,2026-03-17,24,-0.059877374000000004
Hyperliquid,SOL,2026-03-18,24,-0.11120955049999999
Hyperliquid,SOL,2026-03-19,24,-0.052548794499999996
Hyperliquid,SOL,2026-03-20,24,-0.1041442455
Hyperliquid,SOL,2026-03-21,24,-0.0583644125
Hyperliquid,SOL,2026-03-22,24,-0.247743823
Hyperliquid,SOL,2026-03-23,24,-0.1050454305
Hyperliquid,SOL,2026-03-24,24,-0.024067442999999997
Hyperliquid,SOL,2026-03-25,24,0.0256704135
Hyperliquid,SOL,2026-03-26,24,-0.214620365
Hyperliquid,SOL,2026-03-27,24,-0.366073173
Hyperliquid,SOL,2026-03-28,24,-0.21069719899999997
Hyperliquid,SOL,2026-03-29,24,-0.293580815
Hyperliquid,SOL,2026-03-30,24,-0.120392768
Hyperliquid,SOL,2026-03-31,24,-0.05267971999999999
Hyperliquid,SOL,2026-04-01,24,-0.0452147035
Hyperliquid,SOL,2026-04-02,24,-0.0341617735
Hyperliquid,SOL,2026-04-03,24,0.021415352999999998
Hyperliquid,SOL,2026-04-04,24,-0.047643376999999994
Hyperliquid,SOL,2026-04-05,24,-0.119183596
Hyperliquid,SOL,2026-04-06,24,0.026414612
Hyperliquid,SOL,2026-04-07,24,-0.060159227
Hyperliquid,SOL,2026-04-08,24,0.0903981995
Hyperliquid,SOL,2026-04-09,24,0.030952365
Hyperliquid,SOL,2026-04-10,24,0.023017556999999998
Hyperliquid,SOL,2026-04-11,24,0.040282714
Hyperliquid,SOL,2026-04-12,24,-0.0473171765
Hyperliquid,SOL,2026-04-13,24,0.004989805499999999
Hyperliquid,SOL,2026-04-14,24,0.030688287499999998
Hyperliquid,SOL,2026-04-15,24,-0.0135225565
Hyperliquid,SOL,2026-04-16,24,-0.0269147715
Hyperliquid,SOL,2026-04-17,24,0.0494211825
Hyperliquid,SOL,2026-04-18,24,-0.0197377035
Hyperliquid,SOL,2026-04-19,24,-0.030026141000000003
Hyperliquid,SOL,2026-04-20,24,-0.0276734605
Hyperliquid,SOL,2026-04-21,24,-0.009105654999999999
Hyperliquid,SOL,2026-04-22,24,0.08102383149999999
Hyperliquid,SOL,2026-04-23,24,0.042118518
Hyperliquid,SOL,2026-04-24,24,-0.061100489
Hyperliquid,SOL,2026-04-25,24,-0.0854841315
Hyperliquid,SOL,2026-04-26,24,-0.028689182499999997
Hyperliquid,SOL,2026-04-27,24,-0.026751287999999998
Hyperliquid,SOL,2026-04-28,24,-0.024348091500000002
Hyperliquid,SOL,2026-04-29,24,0.048480468
Hyperliquid,SOL,2026-04-30,24,0.059771925499999996
Hyperliquid,SOL,2026-05-01,24,0.0086168105
Hyperliquid,SOL,2026-05-02,24,0.0402139845
Hyperliquid,SOL,2026-05-03,24,-0.024892489
Hyperliquid,SOL,2026-05-04,24,0.022361542499999998
Hyperliquid,SOL,2026-05-05,24,0.036674397
Hyperliquid,SOL,2026-05-06,24,0.047153547
Hyperliquid,SOL,2026-05-07,24,0.0308631955
Hyperliquid,SOL,2026-05-08,24,-0.0095031765
Hyperliquid,SOL,2026-05-09,24,0.128629212
Hyperliquid,SOL,2026-05-10,24,0.120615345
Hyperliquid,SOL,2026-05-11,24,0.1109170395
Hyperliquid,SOL,2026-05-12,24,0.1086530905
Hyperliquid,SOL,2026-05-13,24,0.0405893505
Hyperliquid,SOL,2026-05-14,24,0.008061317
Hyperliquid,SOL,2026-05-15,24,0.0144323555
Hyperliquid,SOL,2026-05-16,24,-0.0995140745
Hyperliquid,SOL,2026-05-17,17,-0.05033094070588235
Hyperliquid,XAG,2025-12-26,23,-0.05301056869565218
Hyperliquid,XAG,2025-12-27,24,-0.3383989825
Hyperliquid,XAG,2025-12-28,24,0.8754748015000001
Hyperliquid,XAG,2025-12-29,24,-0.1823733085
Hyperliquid,XAG,2025-12-30,24,0.035273453999999996
Hyperliquid,XAG,2025-12-31,24,0.13375636700000001
Hyperliquid,XAG,2026-01-01,24,0.21153502000000002
Hyperliquid,XAG,2026-01-02,24,0.5025415265000001
Hyperliquid,XAG,2026-01-03,24,0.35118621
Hyperliquid,XAG,2026-01-04,24,-0.159090433
Hyperliquid,XAG,2026-01-05,24,0.432802254
Hyperliquid,XAG,2026-01-06,24,0.069470888
Hyperliquid,XAG,2026-01-07,24,0.7396226775
Hyperliquid,XAG,2026-01-08,24,0.4076575865
Hyperliquid,XAG,2026-01-09,24,0.494469004
Hyperliquid,XAG,2026-01-10,24,0.0548309205
Hyperliquid,XAG,2026-01-11,24,0.08384455149999999
Hyperliquid,XAG,2026-01-12,24,0.379205362
Hyperliquid,XAG,2026-01-13,24,0.271163464
Hyperliquid,XAG,2026-01-14,24,0.100647947
Hyperliquid,XAG,2026-01-15,24,0.0234039825
Hyperliquid,XAG,2026-01-16,24,-0.0248212775
Hyperliquid,XAG,2026-01-17,24,0.1497887365
Hyperliquid,XAG,2026-01-18,24,0.1441894175
Hyperliquid,XAG,2026-01-19,24,0.0963732495
Hyperliquid,XAG,2026-01-20,24,0.08617806950000001
Hyperliquid,XAG,2026-01-21,24,0.043690573
Hyperliquid,XAG,2026-01-22,24,0.05475
Hyperliquid,XAG,2026-01-23,24,-0.09153046599999999
Hyperliquid,XAG,2026-01-24,24,0.14879757899999999
Hyperliquid,XAG,2026-01-25,24,0.2935265395
Hyperliquid,XAG,2026-01-26,24,0.0224543255
Hyperliquid,XAG,2026-01-27,24,0.0749745405
Hyperliquid,XAG,2026-01-28,24,0.1908926275
Hyperliquid,XAG,2026-01-29,24,0.39961083299999994
Hyperliquid,XAG,2026-01-30,24,1.4784744749999998
Hyperliquid,XAG,2026-01-31,24,-0.055287864
Hyperliquid,XAG,2026-02-01,24,-0.3843752585
Hyperliquid,XAG,2026-02-02,24,1.6042467955
Hyperliquid,XAG,2026-02-03,24,0.309092804
Hyperliquid,XAG,2026-02-04,24,0.1719773055
Hyperliquid,XAG,2026-02-05,24,0.15775442350000002
Hyperliquid,XAG,2026-02-06,24,0.23039252600000001
Hyperliquid,XAG,2026-02-07,24,-0.0097651005
Hyperliquid,XAG,2026-02-08,24,0.16883878
Hyperliquid,XAG,2026-02-09,24,0.10657868599999999
Hyperliquid,XAG,2026-02-10,24,0.0213580115
Hyperliquid,XAG,2026-02-11,24,0.076918056
Hyperliquid,XAG,2026-02-12,24,0.121916716
Hyperliquid,XAG,2026-02-13,24,0.0595325585
Hyperliquid,XAG,2026-02-14,24,0.0548268325
Hyperliquid,XAG,2026-02-15,24,0.12432162800000002
Hyperliquid,XAG,2026-02-16,24,0.20337274400000002
Hyperliquid,XAG,2026-02-17,24,0.056581095500000005
Hyperliquid,XAG,2026-02-18,24,0.0887188345
Hyperliquid,XAG,2026-02-19,24,0.009944023500000001
Hyperliquid,XAG,2026-02-20,24,0.20058359650000002
Hyperliquid,XAG,2026-02-21,24,0.060203319000000005
Hyperliquid,XAG,2026-02-22,24,0.180279486
Hyperliquid,XAG,2026-02-23,24,0.070772551
Hyperliquid,XAG,2026-02-24,24,0.099157433
Hyperliquid,XAG,2026-02-25,24,0.096301162
Hyperliquid,XAG,2026-02-26,24,-0.014343478000000002
Hyperliquid,XAG,2026-02-27,24,0.0602897875
Hyperliquid,XAG,2026-02-28,24,0.20905378650000003
Hyperliquid,XAG,2026-03-01,24,0.5122783759999999
Hyperliquid,XAG,2026-03-02,24,-0.039527529
Hyperliquid,XAG,2026-03-03,24,0.015895385
Hyperliquid,XAG,2026-03-04,24,0.047835950999999995
Hyperliquid,XAG,2026-03-05,24,0.0813796335
Hyperliquid,XAG,2026-03-06,24,0.1614472745
Hyperliquid,XAG,2026-03-07,24,0.058858111500000004
Hyperliquid,XAG,2026-03-08,24,-0.0008762554999999996
Hyperliquid,XAG,2026-03-09,24,-0.049066658000000006
Hyperliquid,XAG,2026-03-10,24,0.027637435000000002
Hyperliquid,XAG,2026-03-11,24,0.0326181885
Hyperliquid,XAG,2026-03-12,24,-0.03521301
Hyperliquid,XAG,2026-03-13,24,0.047748606500000006
Hyperliquid,XAG,2026-03-14,24,0.040170878
Hyperliquid,XAG,2026-03-15,24,-0.029016368499999997
Hyperliquid,XAG,2026-03-16,24,0.0421093565
Hyperliquid,XAG,2026-03-17,24,0.0687993975
Hyperliquid,XAG,2026-03-18,24,0.1340564335
Hyperliquid,XAG,2026-03-19,24,0.2732284515
Hyperliquid,XAG,2026-03-20,24,0.17444193149999998
Hyperliquid,XAG,2026-03-21,24,0.0397778825
Hyperliquid,XAG,2026-03-22,24,-0.029713263
Hyperliquid,XAG,2026-03-23,24,0.265159871
Hyperliquid,XAG,2026-03-24,24,0.10037280999999999
Hyperliquid,XAG,2026-03-25,24,0.0716429665
Hyperliquid,XAG,2026-03-26,24,0.051659070499999994
Hyperliquid,XAG,2026-03-27,24,0.033287780999999995
Hyperliquid,XAG,2026-03-28,24,0.0452441955
Hyperliquid,XAG,2026-03-29,24,0.0586176495
Hyperliquid,XAG,2026-03-30,24,0.040734730000000004
Hyperliquid,XAG,2026-03-31,24,0.0994334825
Hyperliquid,XAG,2026-04-01,24,-0.0575929485
Hyperliquid,XAG,2026-04-02,24,-0.021557629999999998
Hyperliquid,XAG,2026-04-03,24,0.038208163499999996
Hyperliquid,XAG,2026-04-04,24,0.050267581
Hyperliquid,XAG,2026-04-05,24,-0.183524993
Hyperliquid,XAG,2026-04-06,24,-0.084238715
Hyperliquid,XAG,2026-04-07,24,0.079496781
Hyperliquid,XAG,2026-04-08,24,-0.0937991965
Hyperliquid,XAG,2026-04-09,24,0.019340948500000003
Hyperliquid,XAG,2026-04-10,24,-0.0141727675
Hyperliquid,XAG,2026-04-11,24,0.053475857999999994
Hyperliquid,XAG,2026-04-12,24,-0.5638763455
Hyperliquid,XAG,2026-04-13,24,-0.05388684800000001
Hyperliquid,XAG,2026-04-14,24,0.0772300215
Hyperliquid,XAG,2026-04-15,24,0.08972408100000001
Hyperliquid,XAG,2026-04-16,24,0.09860102700000001
Hyperliquid,XAG,2026-04-17,24,0.1322862565
Hyperliquid,XAG,2026-04-18,24,-0.0255263845
Hyperliquid,XAG,2026-04-19,24,-0.5506996995
Hyperliquid,XAG,2026-04-20,24,0.0128548255
Hyperliquid,XAG,2026-04-21,24,0.033403778
Hyperliquid,XAG,2026-04-22,24,0.0333681905
Hyperliquid,XAG,2026-04-23,24,0.0706892945
Hyperliquid,XAG,2026-04-24,24,0.0655450575
Hyperliquid,XAG,2026-04-25,24,0.054054456
Hyperliquid,XAG,2026-04-26,24,0.257963239
Hyperliquid,XAG,2026-04-27,24,0.055609830500000006
Hyperliquid,XAG,2026-04-28,24,0.123521694
Hyperliquid,XAG,2026-04-29,24,0.088760773
Hyperliquid,XAG,2026-04-30,24,0.0797671
Hyperliquid,XAG,2026-05-01,24,0.10022622599999999
Hyperliquid,XAG,2026-05-02,24,0.0552581895
Hyperliquid,XAG,2026-05-03,24,0.4110951565
Hyperliquid,XAG,2026-05-04,24,0.1185262675
Hyperliquid,XAG,2026-05-05,24,0.1369378895
Hyperliquid,XAG,2026-05-06,24,0.2363017665
Hyperliquid,XAG,2026-05-07,24,0.1915809445
Hyperliquid,XAG,2026-05-08,24,0.0943645085
Hyperliquid,XAG,2026-05-09,24,0.054792997
Hyperliquid,XAG,2026-05-10,24,-0.026667046
Hyperliquid,XAG,2026-05-11,24,0.1517558675
Hyperliquid,XAG,2026-05-12,24,0.073454498
Hyperliquid,XAG,2026-05-13,24,0.08808249350000001
Hyperliquid,XAG,2026-05-14,24,0.11155710349999999
Hyperliquid,XAG,2026-05-15,24,0.18941988899999998
Hyperliquid,XAG,2026-05-16,24,-0.036268298
Hyperliquid,XAG,2026-05-17,17,0.04606224423529411
Hyperliquid,XAU,2025-12-22,9,0.41839502266666667
Hyperliquid,XAU,2025-12-23,24,0.268887105
Hyperliquid,XAU,2025-12-24,24,0.0983680475
Hyperliquid,XAU,2025-12-25,24,0.091548424
Hyperliquid,XAU,2025-12-26,24,0.270000501
Hyperliquid,XAU,2025-12-27,24,0.1304879015
Hyperliquid,XAU,2025-12-28,24,0.0087684315
Hyperliquid,XAU,2025-12-29,24,0.123291525
Hyperliquid,XAU,2025-12-30,24,0.1597087795
Hyperliquid,XAU,2025-12-31,24,0.0375199925
Hyperliquid,XAU,2026-01-01,24,0.032034225
Hyperliquid,XAU,2026-01-02,24,-0.0394271905
Hyperliquid,XAU,2026-01-03,24,0.159488356
Hyperliquid,XAU,2026-01-04,24,-0.0070734445000000005
Hyperliquid,XAU,2026-01-05,24,-0.1246661515
Hyperliquid,XAU,2026-01-06,24,0.355577233
Hyperliquid,XAU,2026-01-07,24,0.6589397925
Hyperliquid,XAU,2026-01-08,24,0.174826386
Hyperliquid,XAU,2026-01-09,24,0.284434572
Hyperliquid,XAU,2026-01-10,24,0.14178432300000002
Hyperliquid,XAU,2026-01-11,24,0.0008032554999999997
Hyperliquid,XAU,2026-01-12,24,0.6210332285
Hyperliquid,XAU,2026-01-13,24,0.204116322
Hyperliquid,XAU,2026-01-14,24,0.1432848015
Hyperliquid,XAU,2026-01-15,24,0.0526964005
Hyperliquid,XAU,2026-01-16,24,0.0751276215
Hyperliquid,XAU,2026-01-17,24,0.056129262000000006
Hyperliquid,XAU,2026-01-18,24,0.09088978149999999
Hyperliquid,XAU,2026-01-19,24,0.1404340785
Hyperliquid,XAU,2026-01-20,24,0.09975804049999999
Hyperliquid,XAU,2026-01-21,24,0.061515348
Hyperliquid,XAU,2026-01-22,24,0.078739625
Hyperliquid,XAU,2026-01-23,24,0.10961267549999999
Hyperliquid,XAU,2026-01-24,24,0.23073533400000001
Hyperliquid,XAU,2026-01-25,24,0.0773273305
Hyperliquid,XAU,2026-01-26,24,0.060856742
Hyperliquid,XAU,2026-01-27,24,0.094359362
Hyperliquid,XAU,2026-01-28,24,0.244495177
Hyperliquid,XAU,2026-01-29,24,0.338385368
Hyperliquid,XAU,2026-01-30,24,0.455997347
Hyperliquid,XAU,2026-01-31,24,-0.116773866
Hyperliquid,XAU,2026-02-01,24,-0.03471452950000001
Hyperliquid,XAU,2026-02-02,24,0.7925582625
Hyperliquid,XAU,2026-02-03,24,0.1708920145
Hyperliquid,XAU,2026-02-04,24,0.13833576649999998
Hyperliquid,XAU,2026-02-05,24,-0.0045145755000000004
Hyperliquid,XAU,2026-02-06,24,0.09002502350000001
Hyperliquid,XAU,2026-02-07,24,0.103482172
Hyperliquid,XAU,2026-02-08,24,0.100774529
Hyperliquid,XAU,2026-02-09,24,0.20922332899999999
Hyperliquid,XAU,2026-02-10,24,0.078668596
Hyperliquid,XAU,2026-02-11,24,0.1973449515
Hyperliquid,XAU,2026-02-12,24,0.09024471699999999
Hyperliquid,XAU,2026-02-13,24,0.10534338
Hyperliquid,XAU,2026-02-14,24,0.030181047
Hyperliquid,XAU,2026-02-15,24,0.044289392000000004
Hyperliquid,XAU,2026-02-16,24,0.188226996
Hyperliquid,XAU,2026-02-17,24,0.06670594
Hyperliquid,XAU,2026-02-18,24,0.0829527105
Hyperliquid,XAU,2026-02-19,24,0.1012380425
Hyperliquid,XAU,2026-02-20,24,0.0831422185
Hyperliquid,XAU,2026-02-21,24,0.0832832545
Hyperliquid,XAU,2026-02-22,24,0.08611912199999999
Hyperliquid,XAU,2026-02-23,24,0.229385929
Hyperliquid,XAU,2026-02-24,24,0.1963517865
Hyperliquid,XAU,2026-02-25,24,0.095537144
Hyperliquid,XAU,2026-02-26,24,0.064537475
Hyperliquid,XAU,2026-02-27,24,0.17050350849999998
Hyperliquid,XAU,2026-02-28,24,0.23269961799999997
Hyperliquid,XAU,2026-03-01,24,0.24351413
Hyperliquid,XAU,2026-03-02,24,-0.019755807500000003
Hyperliquid,XAU,2026-03-03,24,-0.054884575500000005
Hyperliquid,XAU,2026-03-04,24,-0.048510361499999995
Hyperliquid,XAU,2026-03-05,24,-0.031674590499999995
Hyperliquid,XAU,2026-03-06,24,-0.058549066000000004
Hyperliquid,XAU,2026-03-07,24,0.0160479185
Hyperliquid,XAU,2026-03-08,24,0.015765408499999998
Hyperliquid,XAU,2026-03-09,24,-0.034013510500000003
Hyperliquid,XAU,2026-03-10,24,-0.0469290355
Hyperliquid,XAU,2026-03-11,24,-0.018555541499999998
Hyperliquid,XAU,2026-03-12,24,-0.0610638795
Hyperliquid,XAU,2026-03-13,24,-0.0331374375
Hyperliquid,XAU,2026-03-14,24,0.060544521
Hyperliquid,XAU,2026-03-15,24,0.0155188875
Hyperliquid,XAU,2026-03-16,24,-0.0904882085
Hyperliquid,XAU,2026-03-17,24,-0.061584990000000006
Hyperliquid,XAU,2026-03-18,24,0.0097126865
Hyperliquid,XAU,2026-03-19,24,0.2729609065
Hyperliquid,XAU,2026-03-20,24,0.247945376
Hyperliquid,XAU,2026-03-21,24,0.063010388
Hyperliquid,XAU,2026-03-22,24,-0.074549352
Hyperliquid,XAU,2026-03-23,24,0.38691222750000004
Hyperliquid,XAU,2026-03-24,24,0.1227459595
Hyperliquid,XAU,2026-03-25,24,0.048229494000000005
Hyperliquid,XAU,2026-03-26,24,0.0056122765
Hyperliquid,XAU,2026-03-27,24,0.0699771795
Hyperliquid,XAU,2026-03-28,24,0.045592222999999994
Hyperliquid,XAU,2026-03-29,24,0.089667579
Hyperliquid,XAU,2026-03-30,24,0.053878745
Hyperliquid,XAU,2026-03-31,24,0.018755014
Hyperliquid,XAU,2026-04-01,24,-0.2663825115
Hyperliquid,XAU,2026-04-02,24,-0.1555684385
Hyperliquid,XAU,2026-04-03,24,0.007930172499999999
Hyperliquid,XAU,2026-04-04,24,0.050868079000000004
Hyperliquid,XAU,2026-04-05,24,-0.0757842565
Hyperliquid,XAU,2026-04-06,24,0.011636857
Hyperliquid,XAU,2026-04-07,24,0.062411934
Hyperliquid,XAU,2026-04-08,24,-0.014863237999999999
Hyperliquid,XAU,2026-04-09,24,-0.042198234
Hyperliquid,XAU,2026-04-10,24,0.017498246
Hyperliquid,XAU,2026-04-11,24,0.045487249
Hyperliquid,XAU,2026-04-12,24,-0.2566210975
Hyperliquid,XAU,2026-04-13,24,0.006254712999999999
Hyperliquid,XAU,2026-04-14,24,0.0347306625
Hyperliquid,XAU,2026-04-15,24,0.0661589145
Hyperliquid,XAU,2026-04-16,24,0.06632542749999999
Hyperliquid,XAU,2026-04-17,24,0.06290103400000001
Hyperliquid,XAU,2026-04-18,24,-0.053000043999999996
Hyperliquid,XAU,2026-04-19,24,-0.22864549
Hyperliquid,XAU,2026-04-20,24,0.055206797499999995
Hyperliquid,XAU,2026-04-21,24,0.098593727
Hyperliquid,XAU,2026-04-22,24,0.15878803049999998
Hyperliquid,XAU,2026-04-23,24,0.152439622
Hyperliquid,XAU,2026-04-24,24,0.085700978
Hyperliquid,XAU,2026-04-25,24,0.032246728
Hyperliquid,XAU,2026-04-26,24,0.057425888
Hyperliquid,XAU,2026-04-27,24,0.09500183499999999
Hyperliquid,XAU,2026-04-28,24,0.08962943649999999
Hyperliquid,XAU,2026-04-29,24,0.17419479000000002
Hyperliquid,XAU,2026-04-30,24,0.09480404149999999
Hyperliquid,XAU,2026-05-01,24,0.082809886
Hyperliquid,XAU,2026-05-02,24,0.05475
Hyperliquid,XAU,2026-05-03,24,0.18218829
Hyperliquid,XAU,2026-05-04,24,0.0807320505
Hyperliquid,XAU,2026-05-05,24,0.0642970495
Hyperliquid,XAU,2026-05-06,24,0.06037903
Hyperliquid,XAU,2026-05-07,24,0.080843558
Hyperliquid,XAU,2026-05-08,24,0.05475
Hyperliquid,XAU,2026-05-09,24,0.0529591275
Hyperliquid,XAU,2026-05-10,24,0.0569089385
Hyperliquid,XAU,2026-05-11,24,0.20281557149999999
Hyperliquid,XAU,2026-05-12,24,0.098545109
Hyperliquid,XAU,2026-05-13,24,0.11676207649999999
Hyperliquid,XAU,2026-05-14,24,0.1374542185
Hyperliquid,XAU,2026-05-15,24,0.1475182175
Hyperliquid,XAU,2026-05-16,24,0.016895886500000002
Hyperliquid,XAU,2026-05-17,17,0.044059656705882355
Hyperliquid,XRP,2023-06-18,24,-0.7892045695
Hyperliquid,XRP,2023-06-19,24,-0.734825154
Hyperliquid,XRP,2023-06-20,24,-0.690942299
Hyperliquid,XRP,2023-06-21,24,-0.5382430525
Hyperliquid,XRP,2023-06-22,24,-0.3307073375
Hyperliquid,XRP,2023-06-23,24,-0.3504702625
Hyperliquid,XRP,2023-06-24,24,-0.46778308749999997
Hyperliquid,XRP,2023-06-25,24,-0.45615656
Hyperliquid,XRP,2023-06-26,24,-0.6601465555
Hyperliquid,XRP,2023-06-27,24,-0.502614271
Hyperliquid,XRP,2023-06-28,24,-0.6482346345
Hyperliquid,XRP,2023-06-29,24,-0.737698215
Hyperliquid,XRP,2023-06-30,24,-0.34990728649999997
Hyperliquid,XRP,2023-07-01,24,-0.37864125449999997
Hyperliquid,XRP,2023-07-02,23,-0.2200270528695652
Hyperliquid,XRP,2023-07-03,24,-0.2513965605
Hyperliquid,XRP,2023-07-04,24,-0.1985805495
Hyperliquid,XRP,2023-07-05,24,-0.4296905925
Hyperliquid,XRP,2023-07-06,24,-0.41400811200000004
Hyperliquid,XRP,2023-07-07,24,-0.448477325
Hyperliquid,XRP,2023-07-08,24,-0.43903568750000005
Hyperliquid,XRP,2023-07-09,24,-0.3378911215
Hyperliquid,XRP,2023-07-10,24,-0.29474669800000003
Hyperliquid,XRP,2023-07-11,24,-0.2247467425
Hyperliquid,XRP,2023-07-12,24,-0.308503621
Hyperliquid,XRP,2023-07-13,24,0.41734340899999994
Hyperliquid,XRP,2023-07-14,24,1.034174648
Hyperliquid,XRP,2023-07-15,24,0.1346148105
Hyperliquid,XRP,2023-07-16,24,0.0456840205
Hyperliquid,XRP,2023-07-17,24,-0.042258605000000005
Hyperliquid,XRP,2023-07-18,24,0.067716844
Hyperliquid,XRP,2023-07-19,24,-0.112009156
Hyperliquid,XRP,2023-07-20,24,-0.2565618215
Hyperliquid,XRP,2023-07-21,24,-0.1089593255
Hyperliquid,XRP,2023-07-22,24,0.0458649145
Hyperliquid,XRP,2023-07-23,24,-0.051711119500000007
Hyperliquid,XRP,2023-07-24,24,-0.0174975525
Hyperliquid,XRP,2023-07-25,24,-0.0016128255000000008
Hyperliquid,XRP,2023-07-26,24,-0.035210382
Hyperliquid,XRP,2023-07-27,24,0.07119292149999999
Hyperliquid,XRP,2023-07-28,24,0.093681119
Hyperliquid,XRP,2023-07-29,24,0.09303339
Hyperliquid,XRP,2023-07-30,24,0.071821999
Hyperliquid,XRP,2023-07-31,24,5.8180999999998513e-05
Hyperliquid,XRP,2023-08-01,24,0.0267409585
Hyperliquid,XRP,2023-08-02,24,-0.005254905000000001
Hyperliquid,XRP,2023-08-03,24,0.014917987999999998
Hyperliquid,XRP,2023-08-04,24,-0.013278517500000002
Hyperliquid,XRP,2023-08-05,24,-0.0739997715
Hyperliquid,XRP,2023-08-06,24,-0.0980926915
Hyperliquid,XRP,2023-08-07,24,-0.0308179355
Hyperliquid,XRP,2023-08-08,24,-0.11583092500000002
Hyperliquid,XRP,2023-08-09,24,-0.15496104200000002
Hyperliquid,XRP,2023-08-10,24,-0.029552663000000003
Hyperliquid,XRP,2023-08-11,24,-0.0668620505
Hyperliquid,XRP,2023-08-12,24,-0.008611299000000001
Hyperliquid,XRP,2023-08-13,24,-0.0015843554999999997
Hyperliquid,XRP,2023-08-14,24,-0.0502351325
Hyperliquid,XRP,2023-08-15,24,-0.016773648
Hyperliquid,XRP,2023-08-16,24,-0.1598598895
Hyperliquid,XRP,2023-08-17,24,-0.2531340335
Hyperliquid,XRP,2023-08-18,24,-0.41814184649999997
Hyperliquid,XRP,2023-08-19,24,-0.3703972915
Hyperliquid,XRP,2023-08-20,24,-0.3289530745
Hyperliquid,XRP,2023-08-21,24,-0.2762915315
Hyperliquid,XRP,2023-08-22,24,-0.300944982
Hyperliquid,XRP,2023-08-23,23,-0.3310014370434783
Hyperliquid,XRP,2023-08-24,24,-0.291010704
Hyperliquid,XRP,2023-08-25,24,-0.287113891
Hyperliquid,XRP,2023-08-26,24,-0.24242040750000002
Hyperliquid,XRP,2023-08-27,24,-0.2607009945
Hyperliquid,XRP,2023-08-28,24,-0.22993350199999998
Hyperliquid,XRP,2023-08-29,24,-0.12329878849999999
Hyperliquid,XRP,2023-08-30,24,-0.24625090000000002
Hyperliquid,XRP,2023-08-31,24,-0.2197189405
Hyperliquid,XRP,2023-09-01,24,-0.312053392
Hyperliquid,XRP,2023-09-02,24,-0.3639410985
Hyperliquid,XRP,2023-09-03,24,-0.299587693
Hyperliquid,XRP,2023-09-04,24,-0.274855731
Hyperliquid,XRP,2023-09-05,24,-0.208905852
Hyperliquid,XRP,2023-09-06,24,-0.244114847
Hyperliquid,XRP,2023-09-07,24,-0.20729758899999998
Hyperliquid,XRP,2023-09-08,24,-0.189182493
Hyperliquid,XRP,2023-09-09,24,-0.0676778255
Hyperliquid,XRP,2023-09-10,24,-0.27622955450000003
Hyperliquid,XRP,2023-09-11,24,-0.3921859665
Hyperliquid,XRP,2023-09-12,24,-0.3233793785
Hyperliquid,XRP,2023-09-13,24,-0.216165775
Hyperliquid,XRP,2023-09-14,24,-0.2002531985
Hyperliquid,XRP,2023-09-15,24,-0.18924848500000002
Hyperliquid,XRP,2023-09-16,24,-0.14252049149999999
Hyperliquid,XRP,2023-09-17,24,-0.1945926325
Hyperliquid,XRP,2023-09-18,24,-0.11641631200000001
Hyperliquid,XRP,2023-09-19,24,-0.1433114465
Hyperliquid,XRP,2023-09-20,24,-0.2002625425
Hyperliquid,XRP,2023-09-21,24,-0.08897068450000001
Hyperliquid,XRP,2023-09-22,24,-0.070893439
Hyperliquid,XRP,2023-09-23,24,-0.0929455345
Hyperliquid,XRP,2023-09-24,24,-0.07449942
Hyperliquid,XRP,2023-09-25,24,-0.11243040250000001
Hyperliquid,XRP,2023-09-26,24,-0.12463757199999999
Hyperliquid,XRP,2023-09-27,24,-0.1038682325
Hyperliquid,XRP,2023-09-28,24,0.065787673
Hyperliquid,XRP,2023-09-29,24,0.0668600795
Hyperliquid,XRP,2023-09-30,24,0.10873412049999999
Hyperliquid,XRP,2023-10-01,24,0.10762714849999999
Hyperliquid,XRP,2023-10-02,24,0.014601605999999998
Hyperliquid,XRP,2023-10-03,24,0.0036888359999999996
Hyperliquid,XRP,2023-10-04,24,0.077168811
Hyperliquid,XRP,2023-10-05,24,0.0482444225
Hyperliquid,XRP,2023-10-06,24,0.010363189499999998
Hyperliquid,XRP,2023-10-07,24,-0.004415916
Hyperliquid,XRP,2023-10-08,24,-0.013043092499999997
Hyperliquid,XRP,2023-10-09,24,-0.1923443785
Hyperliquid,XRP,2023-10-10,24,-0.151530699
Hyperliquid,XRP,2023-10-11,24,-0.0674475105
Hyperliquid,XRP,2023-10-12,24,-0.0839260195
Hyperliquid,XRP,2023-10-13,24,-0.03870606
Hyperliquid,XRP,2023-10-14,24,-0.0330148705
Hyperliquid,XRP,2023-10-15,24,-0.051119929
Hyperliquid,XRP,2023-10-16,24,-0.010557259999999999
Hyperliquid,XRP,2023-10-17,24,-0.0138741245
Hyperliquid,XRP,2023-10-18,24,-0.0975100785
Hyperliquid,XRP,2023-10-19,24,-0.24683957199999998
Hyperliquid,XRP,2023-10-20,24,-0.0212208445
Hyperliquid,XRP,2023-10-21,24,-0.045207439999999995
Hyperliquid,XRP,2023-10-22,24,-0.0312696595
Hyperliquid,XRP,2023-10-23,24,0.115880127
Hyperliquid,XRP,2023-10-24,24,0.131119388
Hyperliquid,XRP,2023-10-25,24,0.07773978050000001
Hyperliquid,XRP,2023-10-26,24,0.120407076
Hyperliquid,XRP,2023-10-27,24,0.1478054725
Hyperliquid,XRP,2023-10-28,24,0.140146495
Hyperliquid,XRP,2023-10-29,24,0.269716166
Hyperliquid,XRP,2023-10-30,24,0.3104077895
Hyperliquid,XRP,2023-10-31,24,0.1653684695
Hyperliquid,XRP,2023-11-01,24,0.1095
Hyperliquid,XRP,2023-11-02,24,0.2588946825
Hyperliquid,XRP,2023-11-03,24,0.3402193835
Hyperliquid,XRP,2023-11-04,24,0.21026233800000002
Hyperliquid,XRP,2023-11-05,24,0.5790833405
Hyperliquid,XRP,2023-11-06,24,0.37456175899999994
Hyperliquid,XRP,2023-11-07,24,0.4492716745
Hyperliquid,XRP,2023-11-08,24,0.641801838
Hyperliquid,XRP,2023-11-09,24,0.8560261050000001
Hyperliquid,XRP,2023-11-10,24,0.667152037
Hyperliquid,XRP,2023-11-11,24,0.4895953415
Hyperliquid,XRP,2023-11-12,24,0.585137705
Hyperliquid,XRP,2023-11-13,24,0.4576290795
Hyperliquid,XRP,2023-11-14,24,0.2163665615
Hyperliquid,XRP,2023-11-15,24,0.132923656
Hyperliquid,XRP,2023-11-16,24,0.2747331275
Hyperliquid,XRP,2023-11-17,24,0.1423771925
Hyperliquid,XRP,2023-11-18,24,0.144421813
Hyperliquid,XRP,2023-11-19,24,0.1095
Hyperliquid,XRP,2023-11-20,24,0.1132859625
Hyperliquid,XRP,2023-11-21,24,0.123135232
Hyperliquid,XRP,2023-11-22,24,0.1095
Hyperliquid,XRP,2023-11-23,24,0.1181209715
Hyperliquid,XRP,2023-11-24,24,0.1407852815
Hyperliquid,XRP,2023-11-25,24,0.1622822485
Hyperliquid,XRP,2023-11-26,24,0.14489091099999998
Hyperliquid,XRP,2023-11-27,24,0.1095
Hyperliquid,XRP,2023-11-28,24,0.1095
Hyperliquid,XRP,2023-11-29,24,0.1095
Hyperliquid,XRP,2023-11-30,24,0.1095
Hyperliquid,XRP,2023-12-01,24,0.27254239750000003
Hyperliquid,XRP,2023-12-02,24,0.3242244265
Hyperliquid,XRP,2023-12-03,24,0.46570988750000003
Hyperliquid,XRP,2023-12-04,24,0.38509033
Hyperliquid,XRP,2023-12-05,24,0.242447089
Hyperliquid,XRP,2023-12-06,24,0.6653577700000001
Hyperliquid,XRP,2023-12-07,24,0.8220798275000001
Hyperliquid,XRP,2023-12-08,24,1.0414300085000001
Hyperliquid,XRP,2023-12-09,24,1.0139961339999999
Hyperliquid,XRP,2023-12-10,24,0.7987334055
Hyperliquid,XRP,2023-12-11,24,0.20950609450000002
Hyperliquid,XRP,2023-12-12,24,0.24192889850000002
Hyperliquid,XRP,2023-12-13,24,0.3000060195
Hyperliquid,XRP,2023-12-14,24,0.2750360775
Hyperliquid,XRP,2023-12-15,24,0.48029466700000006
Hyperliquid,XRP,2023-12-16,24,0.487017675
Hyperliquid,XRP,2023-12-17,24,0.44479922
Hyperliquid,XRP,2023-12-18,24,0.129198393
Hyperliquid,XRP,2023-12-19,24,0.109798716
Hyperliquid,XRP,2023-12-20,24,0.214448961
Hyperliquid,XRP,2023-12-21,24,0.4703115155
Hyperliquid,XRP,2023-12-22,24,0.6830860755
Hyperliquid,XRP,2023-12-23,24,0.47971975549999996
Hyperliquid,XRP,2023-12-24,24,0.6683882919999999
Hyperliquid,XRP,2023-12-25,24,0.680706239
Hyperliquid,XRP,2023-12-26,24,0.620174712
Hyperliquid,XRP,2023-12-27,24,0.947356405
Hyperliquid,XRP,2023-12-28,24,1.2188792115
Hyperliquid,XRP,2023-12-29,24,1.080181511
Hyperliquid,XRP,2023-12-30,24,0.6830591385
Hyperliquid,XRP,2023-12-31,24,0.06397541150000001
Hyperliquid,XRP,2024-01-01,24,0.24410648850000002
Hyperliquid,XRP,2024-01-02,24,0.6896422785
Hyperliquid,XRP,2024-01-03,24,0.2545575335
Hyperliquid,XRP,2024-01-04,24,0.1126886035
Hyperliquid,XRP,2024-01-05,24,0.11106541199999999
Hyperliquid,XRP,2024-01-06,24,0.10541893499999999
Hyperliquid,XRP,2024-01-07,24,0.085821574
Hyperliquid,XRP,2024-01-08,24,0.036751266
Hyperliquid,XRP,2024-01-09,24,0.1095
Hyperliquid,XRP,2024-01-10,24,0.116351123
Hyperliquid,XRP,2024-01-11,24,0.11772980100000001
Hyperliquid,XRP,2024-01-12,24,0.11462649800000001
Hyperliquid,XRP,2024-01-13,24,0.1095
Hyperliquid,XRP,2024-01-14,24,0.1095
Hyperliquid,XRP,2024-01-15,24,0.1095
Hyperliquid,XRP,2024-01-16,24,0.1095
Hyperliquid,XRP,2024-01-17,24,0.112031056
Hyperliquid,XRP,2024-01-18,24,0.1370324975
Hyperliquid,XRP,2024-01-19,24,0.1095
Hyperliquid,XRP,2024-01-20,24,0.1095
Hyperliquid,XRP,2024-01-21,24,0.1095
Hyperliquid,XRP,2024-01-22,24,0.1095
Hyperliquid,XRP,2024-01-23,24,0.1095
Hyperliquid,XRP,2024-01-24,24,0.1095
Hyperliquid,XRP,2024-01-25,24,0.1095
Hyperliquid,XRP,2024-01-26,24,0.1095
Hyperliquid,XRP,2024-01-27,24,0.1095
Hyperliquid,XRP,2024-01-28,24,0.1095
Hyperliquid,XRP,2024-01-29,24,0.1095
Hyperliquid,XRP,2024-01-30,24,0.1095
Hyperliquid,XRP,2024-01-31,24,0.106194487
Hyperliquid,XRP,2024-02-01,24,0.1095
Hyperliquid,XRP,2024-02-02,24,0.1095
Hyperliquid,XRP,2024-02-03,24,0.1095
Hyperliquid,XRP,2024-02-04,24,0.114475096
Hyperliquid,XRP,2024-02-05,24,0.1095
Hyperliquid,XRP,2024-02-06,24,0.1095
Hyperliquid,XRP,2024-02-07,24,0.1095
Hyperliquid,XRP,2024-02-08,24,0.1095
Hyperliquid,XRP,2024-02-09,24,0.1095
Hyperliquid,XRP,2024-02-10,24,0.1095
Hyperliquid,XRP,2024-02-11,24,0.1283899545
Hyperliquid,XRP,2024-02-12,24,0.22313070499999998
Hyperliquid,XRP,2024-02-13,24,0.3424907055
Hyperliquid,XRP,2024-02-14,24,0.340887516
Hyperliquid,XRP,2024-02-15,24,0.5231730055
Hyperliquid,XRP,2024-02-16,24,0.5829957755
Hyperliquid,XRP,2024-02-17,24,0.426502573
Hyperliquid,XRP,2024-02-18,24,0.3447514425
Hyperliquid,XRP,2024-02-19,24,0.674623952
Hyperliquid,XRP,2024-02-20,24,0.47812182200000003
Hyperliquid,XRP,2024-02-21,24,0.1554458715
Hyperliquid,XRP,2024-02-22,24,0.259158687
Hyperliquid,XRP,2024-02-23,24,0.16355007600000002
Hyperliquid,XRP,2024-02-24,24,0.23111186799999997
Hyperliquid,XRP,2024-02-25,24,0.43307834
Hyperliquid,XRP,2024-02-26,24,0.430273826
Hyperliquid,XRP,2024-02-27,24,0.6601232685
Hyperliquid,XRP,2024-02-28,24,0.515162898
Hyperliquid,XRP,2024-02-29,24,0.9093798705
Hyperliquid,XRP,2024-03-01,24,0.65313684
Hyperliquid,XRP,2024-03-02,24,1.188571546
Hyperliquid,XRP,2024-03-03,24,0.8047239315
Hyperliquid,XRP,2024-03-04,24,0.8289587635000001
Hyperliquid,XRP,2024-03-05,24,1.6587045399999998
Hyperliquid,XRP,2024-03-06,24,0.6171175085
Hyperliquid,XRP,2024-03-07,24,0.8075550175
Hyperliquid,XRP,2024-03-08,24,0.7287640734999999
Hyperliquid,XRP,2024-03-09,24,1.0386301665
Hyperliquid,XRP,2024-03-10,24,0.6026806635
Hyperliquid,XRP,2024-03-11,24,0.7922396905000001
Hyperliquid,XRP,2024-03-12,24,0.8906688755
Hyperliquid,XRP,2024-03-13,24,0.9139954415
Hyperliquid,XRP,2024-03-14,24,0.7729717785
Hyperliquid,XRP,2024-03-15,24,0.257229808
Hyperliquid,XRP,2024-03-16,24,0.1095
Hyperliquid,XRP,2024-03-17,24,0.1409390195
Hyperliquid,XRP,2024-03-18,24,0.130059647
Hyperliquid,XRP,2024-03-19,24,0.1095
Hyperliquid,XRP,2024-03-20,24,0.1095
Hyperliquid,XRP,2024-03-21,24,0.3232686375
Hyperliquid,XRP,2024-03-22,24,0.615849024
Hyperliquid,XRP,2024-03-23,24,0.6665237625
Hyperliquid,XRP,2024-03-24,24,0.8764012445000001
Hyperliquid,XRP,2024-03-25,24,0.3027769535
Hyperliquid,XRP,2024-03-26,24,0.1777038635
Hyperliquid,XRP,2024-03-27,24,0.24312577
Hyperliquid,XRP,2024-03-28,24,0.366790033
Hyperliquid,XRP,2024-03-29,24,0.4597394365
Hyperliquid,XRP,2024-03-30,24,0.6084343045
Hyperliquid,XRP,2024-03-31,24,0.65422089
Hyperliquid,XRP,2024-04-01,24,0.40599705550000004
Hyperliquid,XRP,2024-04-02,24,0.1342705425
Hyperliquid,XRP,2024-04-03,24,0.1095
Hyperliquid,XRP,2024-04-04,24,0.11898835749999999
Hyperliquid,XRP,2024-04-05,24,0.1095
Hyperliquid,XRP,2024-04-06,24,0.11439848250000001
Hyperliquid,XRP,2024-04-07,24,0.1095
Hyperliquid,XRP,2024-04-08,24,0.11492616300000001
Hyperliquid,XRP,2024-04-09,24,0.144844118
Hyperliquid,XRP,2024-04-10,24,0.119417488
Hyperliquid,XRP,2024-04-11,24,0.1225438225
Hyperliquid,XRP,2024-04-12,24,0.11979270800000001
Hyperliquid,XRP,2024-04-13,24,0.0718439355
Hyperliquid,XRP,2024-04-14,24,-0.23326146250000002
Hyperliquid,XRP,2024-04-15,24,-0.232608076
Hyperliquid,XRP,2024-04-16,24,-0.14538293100000002
Hyperliquid,XRP,2024-04-17,24,-0.2254389285
Hyperliquid,XRP,2024-04-18,24,0.09232857500000001
Hyperliquid,XRP,2024-04-19,24,0.0697324835
Hyperliquid,XRP,2024-04-20,24,-0.0161217215
Hyperliquid,XRP,2024-04-21,24,0.0841330475
Hyperliquid,XRP,2024-04-22,24,-0.032313596
Hyperliquid,XRP,2024-04-23,24,-0.011249555500000001
Hyperliquid,XRP,2024-04-24,24,0.09646161600000001
Hyperliquid,XRP,2024-04-25,24,0.1040348185
Hyperliquid,XRP,2024-04-26,24,-0.1239335965
Hyperliquid,XRP,2024-04-27,24,-0.0173674665
Hyperliquid,XRP,2024-04-28,24,-0.0172709605
Hyperliquid,XRP,2024-04-29,24,-0.1423154345
Hyperliquid,XRP,2024-04-30,24,-0.0971868345
Hyperliquid,XRP,2024-05-01,24,-0.0240176205
Hyperliquid,XRP,2024-05-02,24,0.058791133999999995
Hyperliquid,XRP,2024-05-03,24,0.1095
Hyperliquid,XRP,2024-05-04,24,0.102382281
Hyperliquid,XRP,2024-05-05,24,0.10337880399999999
Hyperliquid,XRP,2024-05-06,24,0.107494252
Hyperliquid,XRP,2024-05-07,24,0.0451941905
Hyperliquid,XRP,2024-05-08,24,0.056014214
Hyperliquid,XRP,2024-05-09,24,-0.107215173
Hyperliquid,XRP,2024-05-10,24,-0.0028956179999999995
Hyperliquid,XRP,2024-05-11,24,0.057733656
Hyperliquid,XRP,2024-05-12,24,-0.044558104999999994
Hyperliquid,XRP,2024-05-13,24,-0.172679018
Hyperliquid,XRP,2024-05-14,24,-0.005512083999999997
Hyperliquid,XRP,2024-05-15,24,-0.008568083000000002
Hyperliquid,XRP,2024-05-16,24,0.1095
Hyperliquid,XRP,2024-05-17,24,0.1011613195
Hyperliquid,XRP,2024-05-18,24,0.1039707975
Hyperliquid,XRP,2024-05-19,24,0.0930548885
Hyperliquid,XRP,2024-05-20,24,0.0253737415
Hyperliquid,XRP,2024-05-21,24,0.1095
Hyperliquid,XRP,2024-05-22,24,0.0497405575
Hyperliquid,XRP,2024-05-23,24,0.1095
Hyperliquid,XRP,2024-05-24,24,0.1095
Hyperliquid,XRP,2024-05-25,24,0.1095
Hyperliquid,XRP,2024-05-26,24,0.1095
Hyperliquid,XRP,2024-05-27,24,0.1095
Hyperliquid,XRP,2024-05-28,24,0.178204315
Hyperliquid,XRP,2024-05-29,24,0.12394812350000001
Hyperliquid,XRP,2024-05-30,24,0.12119171649999999
Hyperliquid,XRP,2024-05-31,24,0.11271298549999999
Hyperliquid,XRP,2024-06-01,24,0.1882230905
Hyperliquid,XRP,2024-06-02,24,0.1203980605
Hyperliquid,XRP,2024-06-03,24,0.2489113485
Hyperliquid,XRP,2024-06-04,24,0.11569357549999999
Hyperliquid,XRP,2024-06-05,24,0.123963636
Hyperliquid,XRP,2024-06-06,24,0.158456136
Hyperliquid,XRP,2024-06-07,24,0.1787125045
Hyperliquid,XRP,2024-06-08,24,0.09759618199999999
Hyperliquid,XRP,2024-06-09,24,0.1095
Hyperliquid,XRP,2024-06-10,24,0.1095
Hyperliquid,XRP,2024-06-11,24,0.1095
Hyperliquid,XRP,2024-06-12,24,0.1095
Hyperliquid,XRP,2024-06-13,24,0.1095
Hyperliquid,XRP,2024-06-14,24,0.1095
Hyperliquid,XRP,2024-06-15,24,0.1095
Hyperliquid,XRP,2024-06-16,24,0.1095
Hyperliquid,XRP,2024-06-17,24,0.081200893
Hyperliquid,XRP,2024-06-18,24,0.062614655
Hyperliquid,XRP,2024-06-19,24,0.1095
Hyperliquid,XRP,2024-06-20,24,0.1095
Hyperliquid,XRP,2024-06-21,24,0.1095
Hyperliquid,XRP,2024-06-22,24,0.1095
Hyperliquid,XRP,2024-06-23,24,0.1095
Hyperliquid,XRP,2024-06-24,24,0.1095
Hyperliquid,XRP,2024-06-25,24,0.10880748550000001
Hyperliquid,XRP,2024-06-26,24,0.1095
Hyperliquid,XRP,2024-06-27,24,0.1095
Hyperliquid,XRP,2024-06-28,24,0.1095
Hyperliquid,XRP,2024-06-29,24,0.09538515800000001
Hyperliquid,XRP,2024-06-30,24,0.0386920075
Hyperliquid,XRP,2024-07-01,24,0.1095
Hyperliquid,XRP,2024-07-02,24,0.1095
Hyperliquid,XRP,2024-07-03,24,0.0735221325
Hyperliquid,XRP,2024-07-04,24,-0.054823000000000004
Hyperliquid,XRP,2024-07-05,24,-0.0174023605
Hyperliquid,XRP,2024-07-06,24,0.06930225799999999
Hyperliquid,XRP,2024-07-07,24,-0.004211881
Hyperliquid,XRP,2024-07-08,24,0.058718207
Hyperliquid,XRP,2024-07-09,24,0.09520864400000001
Hyperliquid,XRP,2024-07-10,24,0.08191235100000001
Hyperliquid,XRP,2024-07-11,24,0.09324943349999999
Hyperliquid,XRP,2024-07-12,24,0.1041848335
Hyperliquid,XRP,2024-07-13,24,0.09688895800000001
Hyperliquid,XRP,2024-07-14,24,0.1032299935
Hyperliquid,XRP,2024-07-15,24,0.1054209425
Hyperliquid,XRP,2024-07-16,24,0.1089165475
Hyperliquid,XRP,2024-07-17,24,0.11333958100000001
Hyperliquid,XRP,2024-07-18,24,0.1091613895
Hyperliquid,XRP,2024-07-19,24,0.107208676
Hyperliquid,XRP,2024-07-20,24,0.1095
Hyperliquid,XRP,2024-07-21,24,0.1054456895
Hyperliquid,XRP,2024-07-22,24,0.1095
Hyperliquid,XRP,2024-07-23,24,0.1095
Hyperliquid,XRP,2024-07-24,24,0.1095
Hyperliquid,XRP,2024-07-25,24,0.097616622
Hyperliquid,XRP,2024-07-26,24,0.012686597
Hyperliquid,XRP,2024-07-27,24,0.1095
Hyperliquid,XRP,2024-07-28,24,0.1066147845
Hyperliquid,XRP,2024-07-29,24,0.10536498799999999
Hyperliquid,XRP,2024-07-30,24,0.1095
Hyperliquid,XRP,2024-07-31,24,0.1095
Hyperliquid,XRP,2024-08-01,24,-0.07489278049999999
Hyperliquid,XRP,2024-08-02,24,0.030386870499999996
Hyperliquid,XRP,2024-08-03,24,0.1034652725
Hyperliquid,XRP,2024-08-04,24,0.075523172
Hyperliquid,XRP,2024-08-05,24,0.08471978499999999
Hyperliquid,XRP,2024-08-06,24,0.1095
Hyperliquid,XRP,2024-08-07,24,0.069757194
Hyperliquid,XRP,2024-08-08,24,-0.004936113999999998
Hyperliquid,XRP,2024-08-09,24,0.018871303000000002
Hyperliquid,XRP,2024-08-10,24,0.0703953235
Hyperliquid,XRP,2024-08-11,24,0.0405901535
Hyperliquid,XRP,2024-08-12,24,0.1092600125
Hyperliquid,XRP,2024-08-13,24,0.1095
Hyperliquid,XRP,2024-08-14,24,0.1095
Hyperliquid,XRP,2024-08-15,23,0.0858951135652174
Hyperliquid,XRP,2024-08-16,24,0.056781808999999996
Hyperliquid,XRP,2024-08-17,24,-0.020459856
Hyperliquid,XRP,2024-08-18,24,-0.047985053500000006
Hyperliquid,XRP,2024-08-19,24,0.09520846150000001
Hyperliquid,XRP,2024-08-20,24,-0.0683607405
Hyperliquid,XRP,2024-08-21,24,0.1092162855
Hyperliquid,XRP,2024-08-22,24,0.1095
Hyperliquid,XRP,2024-08-23,24,0.1095
Hyperliquid,XRP,2024-08-24,24,0.1095
Hyperliquid,XRP,2024-08-25,24,0.105538655
Hyperliquid,XRP,2024-08-26,24,0.072774868
Hyperliquid,XRP,2024-08-27,24,0.10120698099999999
Hyperliquid,XRP,2024-08-28,24,0.012662069
Hyperliquid,XRP,2024-08-29,24,0.0966635705
Hyperliquid,XRP,2024-08-30,24,0.1033044535
Hyperliquid,XRP,2024-08-31,24,0.1095
Hyperliquid,XRP,2024-09-01,24,0.1069137925
Hyperliquid,XRP,2024-09-02,24,0.09943038
Hyperliquid,XRP,2024-09-03,24,0.1054102845
Hyperliquid,XRP,2024-09-04,24,0.10809796199999999
Hyperliquid,XRP,2024-09-05,24,0.1004986255
Hyperliquid,XRP,2024-09-06,24,0.043525228
Hyperliquid,XRP,2024-09-07,24,0.052170253
Hyperliquid,XRP,2024-09-08,24,0.1095
Hyperliquid,XRP,2024-09-09,24,0.10920285349999999
Hyperliquid,XRP,2024-09-10,24,0.1095
Hyperliquid,XRP,2024-09-11,24,0.10427560899999999
Hyperliquid,XRP,2024-09-12,24,0.1010764205
Hyperliquid,XRP,2024-09-13,24,0.1037234735
Hyperliquid,XRP,2024-09-14,24,0.102914086
Hyperliquid,XRP,2024-09-15,24,0.1095
Hyperliquid,XRP,2024-09-16,24,0.1063251205
Hyperliquid,XRP,2024-09-17,24,0.1095
Hyperliquid,XRP,2024-09-18,24,0.09278924150000001
Hyperliquid,XRP,2024-09-19,24,0.1095
Hyperliquid,XRP,2024-09-20,24,0.1095
Hyperliquid,XRP,2024-09-21,24,0.1095
Hyperliquid,XRP,2024-09-22,24,0.1095
Hyperliquid,XRP,2024-09-23,24,0.1095
Hyperliquid,XRP,2024-09-24,24,0.1095
Hyperliquid,XRP,2024-09-25,24,0.11249555500000001
Hyperliquid,XRP,2024-09-26,24,0.132519382
Hyperliquid,XRP,2024-09-27,24,0.226710041
Hyperliquid,XRP,2024-09-28,24,0.41126134100000006
Hyperliquid,XRP,2024-09-29,24,0.394575366
Hyperliquid,XRP,2024-09-30,24,0.384074243
Hyperliquid,XRP,2024-10-01,24,0.1258196245
Hyperliquid,XRP,2024-10-02,24,0.1008488795
Hyperliquid,XRP,2024-10-03,24,0.105075105
Hyperliquid,XRP,2024-10-04,24,0.1045823915
Hyperliquid,XRP,2024-10-05,24,0.1095
Hyperliquid,XRP,2024-10-06,24,0.1095
Hyperliquid,XRP,2024-10-07,24,0.0813034215
Hyperliquid,XRP,2024-10-08,24,0.048741516000000006
Hyperliquid,XRP,2024-10-09,24,0.07000105050000001
Hyperliquid,XRP,2024-10-10,24,-0.047529862
Hyperliquid,XRP,2024-10-11,24,-0.0409996105
Hyperliquid,XRP,2024-10-12,24,0.0369473075
Hyperliquid,XRP,2024-10-13,24,-0.14927711600000002
Hyperliquid,XRP,2024-10-14,24,0.0787650655
Hyperliquid,XRP,2024-10-15,24,0.108276739
Hyperliquid,XRP,2024-10-16,24,0.0907908665
Hyperliquid,XRP,2024-10-17,24,0.0864526225
Hyperliquid,XRP,2024-10-18,24,0.106775421
Hyperliquid,XRP,2024-10-19,24,0.0855999095
Hyperliquid,XRP,2024-10-20,24,0.09965109550000001
Hyperliquid,XRP,2024-10-21,24,0.1095
Hyperliquid,XRP,2024-10-22,24,0.087893606
Hyperliquid,XRP,2024-10-23,24,0.10775931500000001
Hyperliquid,XRP,2024-10-24,24,0.1095
Hyperliquid,XRP,2024-10-25,24,0.1095
Hyperliquid,XRP,2024-10-26,24,0.09665349649999999
Hyperliquid,XRP,2024-10-27,24,0.1095
Hyperliquid,XRP,2024-10-28,24,0.1095
Hyperliquid,XRP,2024-10-29,24,0.124213734
Hyperliquid,XRP,2024-10-30,24,0.18476621199999999
Hyperliquid,XRP,2024-10-31,24,0.11005480000000001
Hyperliquid,XRP,2024-11-01,24,0.1095
Hyperliquid,XRP,2024-11-02,24,0.1095
Hyperliquid,XRP,2024-11-03,24,-0.028203185000000002
Hyperliquid,XRP,2024-11-04,24,0.0334000915
Hyperliquid,XRP,2024-11-05,24,0.071718266
Hyperliquid,XRP,2024-11-06,24,0.111567433
Hyperliquid,XRP,2024-11-07,24,0.1117798265
Hyperliquid,XRP,2024-11-08,24,0.11379561199999999
Hyperliquid,XRP,2024-11-09,24,0.1095
Hyperliquid,XRP,2024-11-10,24,0.28427802350000003
Hyperliquid,XRP,2024-11-11,24,0.48460199550000005
Hyperliquid,XRP,2024-11-12,24,0.8587292585
Hyperliquid,XRP,2024-11-13,24,0.6213450845
Hyperliquid,XRP,2024-11-14,24,0.6755180925
Hyperliquid,XRP,2024-11-15,24,0.319514576
Hyperliquid,XRP,2024-11-16,24,0.5412366000000001
Hyperliquid,XRP,2024-11-17,24,0.165492168
Hyperliquid,XRP,2024-11-18,24,0.7835794815
Hyperliquid,XRP,2024-11-19,24,0.5820374315
Hyperliquid,XRP,2024-11-20,24,0.4177113655
Hyperliquid,XRP,2024-11-21,24,0.45304690599999997
Hyperliquid,XRP,2024-11-22,24,0.46727617550000006
Hyperliquid,XRP,2024-11-23,24,0.5223046705
Hyperliquid,XRP,2024-11-24,24,0.26093193
Hyperliquid,XRP,2024-11-25,24,0.349486478
Hyperliquid,XRP,2024-11-26,24,0.2430628805
Hyperliquid,XRP,2024-11-27,24,0.701061267
Hyperliquid,XRP,2024-11-28,24,0.6277015595000001
Hyperliquid,XRP,2024-11-29,24,0.7754112925
Hyperliquid,XRP,2024-11-30,24,0.19317625000000002
Hyperliquid,XRP,2024-12-01,24,0.43112891150000004
Hyperliquid,XRP,2024-12-02,24,0.1842537885
Hyperliquid,XRP,2024-12-03,24,0.038703359
Hyperliquid,XRP,2024-12-04,24,0.1769142225
Hyperliquid,XRP,2024-12-05,24,0.8068415885000001
Hyperliquid,XRP,2024-12-06,24,0.588458329
Hyperliquid,XRP,2024-12-07,24,0.810771361
Hyperliquid,XRP,2024-12-08,24,0.5399560705
Hyperliquid,XRP,2024-12-09,24,0.12093738450000001
Hyperliquid,XRP,2024-12-10,24,0.22074225449999998
Hyperliquid,XRP,2024-12-11,24,0.6521350975
Hyperliquid,XRP,2024-12-12,24,0.43950599
Hyperliquid,XRP,2024-12-13,24,0.1818374885
Hyperliquid,XRP,2024-12-14,24,0.15228676
Hyperliquid,XRP,2024-12-15,24,0.1921666235
Hyperliquid,XRP,2024-12-16,24,0.6694887669999999
Hyperliquid,XRP,2024-12-17,24,0.7188876479999999
Hyperliquid,XRP,2024-12-18,24,0.1408193725
Hyperliquid,XRP,2024-12-19,24,0.1303879645
Hyperliquid,XRP,2024-12-20,24,0.161747998
Hyperliquid,XRP,2024-12-21,24,0.1834213695
Hyperliquid,XRP,2024-12-22,24,0.1084735105
Hyperliquid,XRP,2024-12-23,24,0.10166983750000001
Hyperliquid,XRP,2024-12-24,24,0.19946100249999998
Hyperliquid,XRP,2024-12-25,24,0.1095
Hyperliquid,XRP,2024-12-26,24,0.084672992
Hyperliquid,XRP,2024-12-27,24,0.1095
Hyperliquid,XRP,2024-12-28,24,0.1095
Hyperliquid,XRP,2024-12-29,24,0.1095
Hyperliquid,XRP,2024-12-30,24,0.110740562
Hyperliquid,XRP,2024-12-31,24,0.1095
Hyperliquid,XRP,2025-01-01,24,0.1095
Hyperliquid,XRP,2025-01-02,24,0.131146106
Hyperliquid,XRP,2025-01-03,24,0.27010248200000003
Hyperliquid,XRP,2025-01-04,24,0.239344589
Hyperliquid,XRP,2025-01-05,24,0.1160566045
Hyperliquid,XRP,2025-01-06,24,0.24154962700000002
Hyperliquid,XRP,2025-01-07,24,0.1405623395
Hyperliquid,XRP,2025-01-08,24,0.2013698065
Hyperliquid,XRP,2025-01-09,24,0.1614256665
Hyperliquid,XRP,2025-01-10,24,0.1404914565
Hyperliquid,XRP,2025-01-11,24,0.225903537
Hyperliquid,XRP,2025-01-12,24,0.203984995
Hyperliquid,XRP,2025-01-13,24,0.114032278
Hyperliquid,XRP,2025-01-14,24,0.285947278
Hyperliquid,XRP,2025-01-15,24,0.307149544
Hyperliquid,XRP,2025-01-16,24,0.30186463599999996
Hyperliquid,XRP,2025-01-17,24,0.1326629
Hyperliquid,XRP,2025-01-18,24,0.096645284
Hyperliquid,XRP,2025-01-19,24,0.1363355665
Hyperliquid,XRP,2025-01-20,24,0.5384782220000001
Hyperliquid,XRP,2025-01-21,24,0.38393641900000003
Hyperliquid,XRP,2025-01-22,24,0.333884699
Hyperliquid,XRP,2025-01-23,24,0.1095
Hyperliquid,XRP,2025-01-24,24,0.11844976349999999
Hyperliquid,XRP,2025-01-25,24,0.1424367605
Hyperliquid,XRP,2025-01-26,24,0.1451502435
Hyperliquid,XRP,2025-01-27,24,0.032672172
Hyperliquid,XRP,2025-01-28,24,0.119992801
Hyperliquid,XRP,2025-01-29,24,0.0928906385
Hyperliquid,XRP,2025-01-30,24,0.145542217
Hyperliquid,XRP,2025-01-31,24,0.1095
Hyperliquid,XRP,2025-02-01,24,0.075090647
Hyperliquid,XRP,2025-02-02,24,0.0608129785
Hyperliquid,XRP,2025-02-03,24,0.1090493345
Hyperliquid,XRP,2025-02-04,24,0.1095
Hyperliquid,XRP,2025-02-05,24,0.09986867199999999
Hyperliquid,XRP,2025-02-06,24,0.10547514499999999
Hyperliquid,XRP,2025-02-07,24,0.0880772375
Hyperliquid,XRP,2025-02-08,24,0.0870791085
Hyperliquid,XRP,2025-02-09,24,0.1095
Hyperliquid,XRP,2025-02-10,24,0.1083264155
Hyperliquid,XRP,2025-02-11,24,0.11068906049999999
Hyperliquid,XRP,2025-02-12,24,0.0991724345
Hyperliquid,XRP,2025-02-13,24,0.1095
Hyperliquid,XRP,2025-02-14,24,0.1095
Hyperliquid,XRP,2025-02-15,24,0.1095
Hyperliquid,XRP,2025-02-16,24,0.1069289035
Hyperliquid,XRP,2025-02-17,24,0.091521998
Hyperliquid,XRP,2025-02-18,24,0.059533799500000005
Hyperliquid,XRP,2025-02-19,24,0.1095
Hyperliquid,XRP,2025-02-20,24,0.1095
Hyperliquid,XRP,2025-02-21,24,0.1095
Hyperliquid,XRP,2025-02-22,24,0.1095
Hyperliquid,XRP,2025-02-23,24,0.093282904
Hyperliquid,XRP,2025-02-24,24,0.073727372
Hyperliquid,XRP,2025-02-25,24,-0.042225974
Hyperliquid,XRP,2025-02-26,24,0.107235978
Hyperliquid,XRP,2025-02-27,24,0.1095
Hyperliquid,XRP,2025-02-28,24,0.0988797045
Hyperliquid,XRP,2025-03-01,24,0.1095
Hyperliquid,XRP,2025-03-02,24,0.1095
Hyperliquid,XRP,2025-03-03,24,0.10238834000000001
Hyperliquid,XRP,2025-03-04,24,-0.100123442
Hyperliquid,XRP,2025-03-05,24,-0.04682501049999999
Hyperliquid,XRP,2025-03-06,24,0.036165367999999996
Hyperliquid,XRP,2025-03-07,24,-0.4021793015
Hyperliquid,XRP,2025-03-08,24,-0.242305031
Hyperliquid,XRP,2025-03-09,24,-0.23822827300000002
Hyperliquid,XRP,2025-03-10,24,-0.3825058745
Hyperliquid,XRP,2025-03-11,24,-0.0780011935
Hyperliquid,XRP,2025-03-12,24,-0.053735117500000006
Hyperliquid,XRP,2025-03-13,24,-0.2840802665
Hyperliquid,XRP,2025-03-14,24,-0.046912646999999995
Hyperliquid,XRP,2025-03-15,24,0.0192047305
Hyperliquid,XRP,2025-03-16,24,0.0315550895
Hyperliquid,XRP,2025-03-17,24,0.0353094795
Hyperliquid,XRP,2025-03-18,24,-0.3155101245
Hyperliquid,XRP,2025-03-19,24,-0.085224069
Hyperliquid,XRP,2025-03-20,24,-0.24043747199999999
Hyperliquid,XRP,2025-03-21,24,-0.12276702
Hyperliquid,XRP,2025-03-22,24,-0.023057488
Hyperliquid,XRP,2025-03-23,24,0.0760887395
Hyperliquid,XRP,2025-03-24,24,0.109253479
Hyperliquid,XRP,2025-03-25,24,0.1095
Hyperliquid,XRP,2025-03-26,24,0.080126114
Hyperliquid,XRP,2025-03-27,24,-0.121390751
Hyperliquid,XRP,2025-03-28,24,-0.13177868750000002
Hyperliquid,XRP,2025-03-29,24,-0.21434296500000002
Hyperliquid,XRP,2025-03-30,24,-0.34941709150000005
Hyperliquid,XRP,2025-03-31,24,-0.35406879750000003
Hyperliquid,XRP,2025-04-01,24,-0.1685411225
Hyperliquid,XRP,2025-04-02,24,-0.155609209
Hyperliquid,XRP,2025-04-03,24,-1.010253789
Hyperliquid,XRP,2025-04-04,24,-0.30742106750000003
Hyperliquid,XRP,2025-04-05,24,-0.0355008125
Hyperliquid,XRP,2025-04-06,24,-0.436687314
Hyperliquid,XRP,2025-04-07,24,-0.5037836215
Hyperliquid,XRP,2025-04-08,24,-0.254864243
Hyperliquid,XRP,2025-04-09,24,-0.1676606695
Hyperliquid,XRP,2025-04-10,24,-0.409064041
Hyperliquid,XRP,2025-04-11,24,-0.1331312315
Hyperliquid,XRP,2025-04-12,24,0.028287792000000003
Hyperliquid,XRP,2025-04-13,24,-0.009084083500000003
Hyperliquid,XRP,2025-04-14,24,0.094632893
Hyperliquid,XRP,2025-04-15,24,-0.05382133049999999
Hyperliquid,XRP,2025-04-16,24,-0.1798074315
Hyperliquid,XRP,2025-04-17,24,-0.0577007695
Hyperliquid,XRP,2025-04-18,24,-0.07809456050000001
Hyperliquid,XRP,2025-04-19,24,0.043310571500000006
Hyperliquid,XRP,2025-04-20,24,-0.1146933295
Hyperliquid,XRP,2025-04-21,24,-0.055137557000000004
Hyperliquid,XRP,2025-04-22,24,0.09348522349999999
Hyperliquid,XRP,2025-04-23,24,0.1095
Hyperliquid,XRP,2025-04-24,24,0.1095
Hyperliquid,XRP,2025-04-25,24,0.1095
Hyperliquid,XRP,2025-04-26,24,0.1171224045
Hyperliquid,XRP,2025-04-27,24,0.1095
Hyperliquid,XRP,2025-04-28,24,0.111190169
Hyperliquid,XRP,2025-04-29,24,0.1095
Hyperliquid,XRP,2025-04-30,24,0.10816964800000001
Hyperliquid,XRP,2025-05-01,24,0.1095
Hyperliquid,XRP,2025-05-02,24,0.1095
Hyperliquid,XRP,2025-05-03,24,0.0791165605
Hyperliquid,XRP,2025-05-04,24,0.0343079925
Hyperliquid,XRP,2025-05-05,24,-0.09152477199999999
Hyperliquid,XRP,2025-05-06,24,-0.11397668849999999
Hyperliquid,XRP,2025-05-07,24,0.041952735
Hyperliquid,XRP,2025-05-08,24,0.12094640000000001
Hyperliquid,XRP,2025-05-09,24,0.37471327050000003
Hyperliquid,XRP,2025-05-10,24,0.37122825049999997
Hyperliquid,XRP,2025-05-11,24,0.273852857
Hyperliquid,XRP,2025-05-12,24,0.557044604
Hyperliquid,XRP,2025-05-13,24,0.46240119900000004
Hyperliquid,XRP,2025-05-14,24,0.23447454
Hyperliquid,XRP,2025-05-15,24,0.11944814799999999
Hyperliquid,XRP,2025-05-16,24,0.1760636265
Hyperliquid,XRP,2025-05-17,24,0.1095
Hyperliquid,XRP,2025-05-18,24,0.14784452750000002
Hyperliquid,XRP,2025-05-19,24,0.11113381300000001
Hyperliquid,XRP,2025-05-20,24,0.1095
Hyperliquid,XRP,2025-05-21,24,0.14120714850000002
Hyperliquid,XRP,2025-05-22,24,0.4733090415
Hyperliquid,XRP,2025-05-23,24,0.6144351235
Hyperliquid,XRP,2025-05-24,24,0.12161343749999999
Hyperliquid,XRP,2025-05-25,24,0.1088420875
Hyperliquid,XRP,2025-05-26,24,0.1095
Hyperliquid,XRP,2025-05-27,24,0.1095
Hyperliquid,XRP,2025-05-28,24,0.054286632499999994
Hyperliquid,XRP,2025-05-29,24,0.108710578
Hyperliquid,XRP,2025-05-30,24,0.101450728
Hyperliquid,XRP,2025-05-31,24,0.062154974
Hyperliquid,XRP,2025-06-01,24,0.094681146
Hyperliquid,XRP,2025-06-02,24,0.1095
Hyperliquid,XRP,2025-06-03,24,0.1095
Hyperliquid,XRP,2025-06-04,24,0.1095
Hyperliquid,XRP,2025-06-05,24,0.1095
Hyperliquid,XRP,2025-06-06,24,0.1095
Hyperliquid,XRP,2025-06-07,24,0.1095
Hyperliquid,XRP,2025-06-08,24,0.1095
Hyperliquid,XRP,2025-06-09,24,0.1095
Hyperliquid,XRP,2025-06-10,24,0.160432465
Hyperliquid,XRP,2025-06-11,24,0.17887635300000002
Hyperliquid,XRP,2025-06-12,24,0.1095
Hyperliquid,XRP,2025-06-13,24,0.067587196
Hyperliquid,XRP,2025-06-14,24,0.079080681
Hyperliquid,XRP,2025-06-15,24,0.098179744
Hyperliquid,XRP,2025-06-16,24,0.10097732300000001
Hyperliquid,XRP,2025-06-17,24,0.0784378795
Hyperliquid,XRP,2025-06-18,24,0.104938887
Hyperliquid,XRP,2025-06-19,24,0.1095
Hyperliquid,XRP,2025-06-20,24,0.05579119900000001
Hyperliquid,XRP,2025-06-21,24,0.043740724
Hyperliquid,XRP,2025-06-22,24,0.0707697405
Hyperliquid,XRP,2025-06-23,24,-0.1687041315
Hyperliquid,XRP,2025-06-24,24,0.08095886149999999
Hyperliquid,XRP,2025-06-25,24,0.08417863599999999
Hyperliquid,XRP,2025-06-26,24,0.0472076035
Hyperliquid,XRP,2025-06-27,24,0.0196727335
Hyperliquid,XRP,2025-06-28,24,0.0745429645
Hyperliquid,XRP,2025-06-29,24,0.0557827675
Hyperliquid,XRP,2025-06-30,24,0.0952849655
Hyperliquid,XRP,2025-07-01,24,0.054822963499999995
Hyperliquid,XRP,2025-07-02,24,0.09770163050000001
Hyperliquid,XRP,2025-07-03,24,0.1095
Hyperliquid,XRP,2025-07-04,24,0.1095
Hyperliquid,XRP,2025-07-05,24,0.1095
Hyperliquid,XRP,2025-07-06,24,0.1095
Hyperliquid,XRP,2025-07-07,24,0.14466994
Hyperliquid,XRP,2025-07-08,24,0.1164861365
Hyperliquid,XRP,2025-07-09,24,0.113575371
Hyperliquid,XRP,2025-07-10,24,0.1597112615
Hyperliquid,XRP,2025-07-11,24,0.6384773815
Hyperliquid,XRP,2025-07-12,24,0.46226224350000006
Hyperliquid,XRP,2025-07-13,24,0.40157303650000004
Hyperliquid,XRP,2025-07-14,24,0.38910109600000004
Hyperliquid,XRP,2025-07-15,24,0.2946932255
Hyperliquid,XRP,2025-07-16,24,0.7619793654999999
Hyperliquid,XRP,2025-07-17,24,0.45082285149999995
Hyperliquid,XRP,2025-07-18,24,0.525867326
Hyperliquid,XRP,2025-07-19,24,0.17994956250000002
Hyperliquid,XRP,2025-07-20,24,0.5463916775000001
Hyperliquid,XRP,2025-07-21,24,0.467766699
Hyperliquid,XRP,2025-07-22,24,0.24796643650000003
Hyperliquid,XRP,2025-07-23,24,0.3001765475
Hyperliquid,XRP,2025-07-24,24,0.1115260785
Hyperliquid,XRP,2025-07-25,24,0.1095
Hyperliquid,XRP,2025-07-26,24,0.24878462050000003
Hyperliquid,XRP,2025-07-27,25,0.32998299791999997
Hyperliquid,XRP,2025-07-28,24,0.313751737
Hyperliquid,XRP,2025-07-29,24,0.047208151
Hyperliquid,XRP,2025-07-30,24,0.1010395555
Hyperliquid,XRP,2025-07-31,24,0.081270973
Hyperliquid,XRP,2025-08-01,24,0.047223116
Hyperliquid,XRP,2025-08-02,24,0.07237727349999999
Hyperliquid,XRP,2025-08-03,24,-0.0150808145
Hyperliquid,XRP,2025-08-04,24,0.080715881
Hyperliquid,XRP,2025-08-05,24,0.1095
Hyperliquid,XRP,2025-08-06,24,0.1095
Hyperliquid,XRP,2025-08-07,24,0.1095
Hyperliquid,XRP,2025-08-08,24,0.1095
Hyperliquid,XRP,2025-08-09,24,0.1152288575
Hyperliquid,XRP,2025-08-10,24,0.1095
Hyperliquid,XRP,2025-08-11,24,0.1095
Hyperliquid,XRP,2025-08-12,24,0.1095
Hyperliquid,XRP,2025-08-13,24,0.18944376
Hyperliquid,XRP,2025-08-14,24,0.21629943799999998
Hyperliquid,XRP,2025-08-15,24,0.1095
Hyperliquid,XRP,2025-08-16,24,0.1095
Hyperliquid,XRP,2025-08-17,24,0.1095
Hyperliquid,XRP,2025-08-18,24,0.09208449950000001
Hyperliquid,XRP,2025-08-19,24,0.095066513
Hyperliquid,XRP,2025-08-20,24,0.083108602
Hyperliquid,XRP,2025-08-21,24,0.10670238450000001
Hyperliquid,XRP,2025-08-22,24,0.086634794
Hyperliquid,XRP,2025-08-23,24,0.1095
Hyperliquid,XRP,2025-08-24,24,0.1095
Hyperliquid,XRP,2025-08-25,24,0.1095
Hyperliquid,XRP,2025-08-26,24,0.1095
Hyperliquid,XRP,2025-08-27,24,0.1095
Hyperliquid,XRP,2025-08-28,24,0.1095
Hyperliquid,XRP,2025-08-29,24,0.042890858000000004
Hyperliquid,XRP,2025-08-30,24,-0.07111988500000001
Hyperliquid,XRP,2025-08-31,24,0.10732419850000001
Hyperliquid,XRP,2025-09-01,24,0.105411416
Hyperliquid,XRP,2025-09-02,24,0.108815698
Hyperliquid,XRP,2025-09-03,24,0.1095
Hyperliquid,XRP,2025-09-04,24,0.1095
Hyperliquid,XRP,2025-09-05,24,0.1095
Hyperliquid,XRP,2025-09-06,24,0.10722064799999999
Hyperliquid,XRP,2025-09-07,24,0.10423246600000001
Hyperliquid,XRP,2025-09-08,24,0.1095
Hyperliquid,XRP,2025-09-09,24,0.1095
Hyperliquid,XRP,2025-09-10,24,0.1095
Hyperliquid,XRP,2025-09-11,24,0.11229579049999999
Hyperliquid,XRP,2025-09-12,24,0.138305143
Hyperliquid,XRP,2025-09-13,24,0.25887208899999997
Hyperliquid,XRP,2025-09-14,24,0.11421371949999999
Hyperliquid,XRP,2025-09-15,24,0.1095
Hyperliquid,XRP,2025-09-16,24,0.1095
Hyperliquid,XRP,2025-09-17,24,0.1095
Hyperliquid,XRP,2025-09-18,24,0.1295165635
Hyperliquid,XRP,2025-09-19,24,0.11559385750000001
Hyperliquid,XRP,2025-09-20,24,0.11069318500000001
Hyperliquid,XRP,2025-09-21,24,0.1095
Hyperliquid,XRP,2025-09-22,24,0.1095
Hyperliquid,XRP,2025-09-23,24,0.1095
Hyperliquid,XRP,2025-09-24,24,0.1095
Hyperliquid,XRP,2025-09-25,24,0.10107521600000001
Hyperliquid,XRP,2025-09-26,24,0.0930498515
Hyperliquid,XRP,2025-09-27,24,0.1095
Hyperliquid,XRP,2025-09-28,24,0.1095
Hyperliquid,XRP,2025-09-29,24,0.1095
Hyperliquid,XRP,2025-09-30,24,0.107993864
Hyperliquid,XRP,2025-10-01,24,0.1095
Hyperliquid,XRP,2025-10-02,24,0.1095
Hyperliquid,XRP,2025-10-03,24,0.168093085
Hyperliquid,XRP,2025-10-04,24,0.17387724000000002
Hyperliquid,XRP,2025-10-05,24,0.285700976
Hyperliquid,XRP,2025-10-06,24,0.231401532
Hyperliquid,XRP,2025-10-07,24,0.1531045425
Hyperliquid,XRP,2025-10-08,24,0.1501097175
Hyperliquid,XRP,2025-10-09,24,0.122980253
Hyperliquid,XRP,2025-10-10,24,-0.4910433695
Hyperliquid,XRP,2025-10-11,24,-0.1547712785
Hyperliquid,XRP,2025-10-12,24,-0.0817895285
Hyperliquid,XRP,2025-10-13,24,0.0871456115
Hyperliquid,XRP,2025-10-14,24,0.015324087
Hyperliquid,XRP,2025-10-15,24,-0.0082206395
Hyperliquid,XRP,2025-10-16,24,-0.0044364289999999995
Hyperliquid,XRP,2025-10-17,24,0.0674827695
Hyperliquid,XRP,2025-10-18,24,0.006394726999999999
Hyperliquid,XRP,2025-10-19,24,-0.045050745499999996
Hyperliquid,XRP,2025-10-20,24,0.025146455999999998
Hyperliquid,XRP,2025-10-21,24,-0.011978168499999999
Hyperliquid,XRP,2025-10-22,24,-0.044721624999999994
Hyperliquid,XRP,2025-10-23,24,0.08443220150000001
Hyperliquid,XRP,2025-10-24,24,0.071849958
Hyperliquid,XRP,2025-10-25,24,0.09187400400000001
Hyperliquid,XRP,2025-10-26,24,0.1012868795
Hyperliquid,XRP,2025-10-27,24,0.1030916585
Hyperliquid,XRP,2025-10-28,24,0.081571441
Hyperliquid,XRP,2025-10-29,24,0.053174586999999995
Hyperliquid,XRP,2025-10-30,24,0.08015531399999999
Hyperliquid,XRP,2025-10-31,24,0.003995582
Hyperliquid,XRP,2025-11-01,24,-0.06072972199999999
Hyperliquid,XRP,2025-11-02,24,-0.1197891675
Hyperliquid,XRP,2025-11-03,24,-0.0751835395
Hyperliquid,XRP,2025-11-04,24,0.053842025999999994
Hyperliquid,XRP,2025-11-05,24,0.097448503
Hyperliquid,XRP,2025-11-06,24,-0.0263404805
Hyperliquid,XRP,2025-11-07,24,0.069585863
Hyperliquid,XRP,2025-11-08,24,0.0544720525
Hyperliquid,XRP,2025-11-09,24,0.085405766
Hyperliquid,XRP,2025-11-10,24,0.1095
Hyperliquid,XRP,2025-11-11,24,0.075525508
Hyperliquid,XRP,2025-11-12,24,0.077707259
Hyperliquid,XRP,2025-11-13,24,0.08644787749999999
Hyperliquid,XRP,2025-11-14,24,0.1145425115
Hyperliquid,XRP,2025-11-15,24,0.17373700699999997
Hyperliquid,XRP,2025-11-16,24,0.1095
Hyperliquid,XRP,2025-11-17,24,0.153354823
Hyperliquid,XRP,2025-11-18,24,0.2856769955
Hyperliquid,XRP,2025-11-19,24,0.1095
Hyperliquid,XRP,2025-11-20,24,0.1199768505
Hyperliquid,XRP,2025-11-21,24,0.115679523
Hyperliquid,XRP,2025-11-22,24,0.107683541
Hyperliquid,XRP,2025-11-23,24,0.089940964
Hyperliquid,XRP,2025-11-24,24,0.1095
Hyperliquid,XRP,2025-11-25,24,0.1095
Hyperliquid,XRP,2025-11-26,24,0.1095
Hyperliquid,XRP,2025-11-27,24,0.108499389
Hyperliquid,XRP,2025-11-28,24,0.1087141185
Hyperliquid,XRP,2025-11-29,24,0.0932223505
Hyperliquid,XRP,2025-11-30,24,0.099932109
Hyperliquid,XRP,2025-12-01,24,0.098784257
Hyperliquid,XRP,2025-12-02,24,0.10660346949999999
Hyperliquid,XRP,2025-12-03,24,0.1095
Hyperliquid,XRP,2025-12-04,24,0.1095
Hyperliquid,XRP,2025-12-05,24,0.1028830975
Hyperliquid,XRP,2025-12-06,24,0.1076307985
Hyperliquid,XRP,2025-12-07,24,0.08551209050000001
Hyperliquid,XRP,2025-12-08,24,0.105129052
Hyperliquid,XRP,2025-12-09,24,0.1095
Hyperliquid,XRP,2025-12-10,24,0.1095
Hyperliquid,XRP,2025-12-11,24,0.050414165000000004
Hyperliquid,XRP,2025-12-12,24,0.10850909800000001
Hyperliquid,XRP,2025-12-13,24,0.1095
Hyperliquid,XRP,2025-12-14,24,0.0684812635
Hyperliquid,XRP,2025-12-15,24,0.0367307165
Hyperliquid,XRP,2025-12-16,24,0.0336341295
Hyperliquid,XRP,2025-12-17,24,0.046383324000000004
Hyperliquid,XRP,2025-12-18,24,0.030575685000000002
Hyperliquid,XRP,2025-12-19,24,0.084419682
Hyperliquid,XRP,2025-12-20,24,0.0931593515
Hyperliquid,XRP,2025-12-21,24,0.0883632515
Hyperliquid,XRP,2025-12-22,24,0.0739554605
Hyperliquid,XRP,2025-12-23,24,0.0239398025
Hyperliquid,XRP,2025-12-24,24,0.08741133150000001
Hyperliquid,XRP,2025-12-25,24,0.108788104
Hyperliquid,XRP,2025-12-26,24,0.0607511475
Hyperliquid,XRP,2025-12-27,24,0.074838213
Hyperliquid,XRP,2025-12-28,24,0.1077410285
Hyperliquid,XRP,2025-12-29,24,0.08853899900000001
Hyperliquid,XRP,2025-12-30,24,0.0604479055
Hyperliquid,XRP,2025-12-31,24,0.1095
Hyperliquid,XRP,2026-01-01,24,0.10662307
Hyperliquid,XRP,2026-01-02,24,0.1095
Hyperliquid,XRP,2026-01-03,24,0.067713997
Hyperliquid,XRP,2026-01-04,24,0.0739004915
Hyperliquid,XRP,2026-01-05,24,0.06518502150000001
Hyperliquid,XRP,2026-01-06,24,0.09237865299999999
Hyperliquid,XRP,2026-01-07,24,0.1001230405
Hyperliquid,XRP,2026-01-08,24,0.060596789000000005
Hyperliquid,XRP,2026-01-09,24,0.1095
Hyperliquid,XRP,2026-01-10,24,0.10384114950000001
Hyperliquid,XRP,2026-01-11,24,0.0933291495
Hyperliquid,XRP,2026-01-12,24,0.09658786949999999
Hyperliquid,XRP,2026-01-13,24,0.091218537
Hyperliquid,XRP,2026-01-14,24,0.105667208
Hyperliquid,XRP,2026-01-15,24,0.10209637649999999
Hyperliquid,XRP,2026-01-16,24,0.0858829305
Hyperliquid,XRP,2026-01-17,24,0.10479726700000001
Hyperliquid,XRP,2026-01-18,24,0.10836930299999999
Hyperliquid,XRP,2026-01-19,24,-0.0005132264999999997
Hyperliquid,XRP,2026-01-20,24,0.077900125
Hyperliquid,XRP,2026-01-21,24,0.06121634
Hyperliquid,XRP,2026-01-22,24,0.095288725
Hyperliquid,XRP,2026-01-23,24,0.0069303645
Hyperliquid,XRP,2026-01-24,24,0.037693988000000005
Hyperliquid,XRP,2026-01-25,24,-0.013575372000000002
Hyperliquid,XRP,2026-01-26,24,0.022711212499999998
Hyperliquid,XRP,2026-01-27,24,0.107712376
Hyperliquid,XRP,2026-01-28,24,0.10854618199999999
Hyperliquid,XRP,2026-01-29,24,0.030539185
Hyperliquid,XRP,2026-01-30,24,-0.17848284650000001
Hyperliquid,XRP,2026-01-31,24,-0.2570960355
Hyperliquid,XRP,2026-02-01,24,-0.32456741699999997
Hyperliquid,XRP,2026-02-02,24,-0.2928634805
Hyperliquid,XRP,2026-02-03,24,-0.1747631315
Hyperliquid,XRP,2026-02-04,24,0.040060721
Hyperliquid,XRP,2026-02-05,24,0.016645752
Hyperliquid,XRP,2026-02-06,24,-0.3599597515
Hyperliquid,XRP,2026-02-07,24,-0.1806398505
Hyperliquid,XRP,2026-02-08,24,-0.21647226549999998
Hyperliquid,XRP,2026-02-09,24,-0.1254605375
Hyperliquid,XRP,2026-02-10,24,-0.174432186
Hyperliquid,XRP,2026-02-11,24,-0.1709896155
Hyperliquid,XRP,2026-02-12,24,-0.0938745325
Hyperliquid,XRP,2026-02-13,24,-0.11710645400000001
Hyperliquid,XRP,2026-02-14,24,-0.0863898425
Hyperliquid,XRP,2026-02-15,24,-0.17553204050000001
Hyperliquid,XRP,2026-02-16,24,-0.2069855505
Hyperliquid,XRP,2026-02-17,24,-0.1555977115
Hyperliquid,XRP,2026-02-18,24,-0.078653923
Hyperliquid,XRP,2026-02-19,24,0.0008202645000000018
Hyperliquid,XRP,2026-02-20,24,-0.026388332
Hyperliquid,XRP,2026-02-21,24,-0.053599666
Hyperliquid,XRP,2026-02-22,24,-0.1252240175
Hyperliquid,XRP,2026-02-23,24,-0.0646492015
Hyperliquid,XRP,2026-02-24,24,-0.0671544885
Hyperliquid,XRP,2026-02-25,24,0.030245725
Hyperliquid,XRP,2026-02-26,24,0.011857025
Hyperliquid,XRP,2026-02-27,24,-0.16851144799999998
Hyperliquid,XRP,2026-02-28,24,-0.19198937949999997
Hyperliquid,XRP,2026-03-01,24,-0.008487673500000001
Hyperliquid,XRP,2026-03-02,24,0.0061166334999999995
Hyperliquid,XRP,2026-03-03,24,-0.0779849875
Hyperliquid,XRP,2026-03-04,24,0.029514958499999997
Hyperliquid,XRP,2026-03-05,24,-0.0214190395
Hyperliquid,XRP,2026-03-06,24,-0.1280880265
Hyperliquid,XRP,2026-03-07,24,-0.17191653299999998
Hyperliquid,XRP,2026-03-08,24,-0.2116873345
Hyperliquid,XRP,2026-03-09,24,-0.0649320035
Hyperliquid,XRP,2026-03-10,24,-0.012513842499999999
Hyperliquid,XRP,2026-03-11,24,-0.09697038949999999
Hyperliquid,XRP,2026-03-12,24,-0.0179345305
Hyperliquid,XRP,2026-03-13,24,0.059027216
Hyperliquid,XRP,2026-03-14,24,-0.1017153165
Hyperliquid,XRP,2026-03-15,24,0.090735204
Hyperliquid,XRP,2026-03-16,24,0.094145764
Hyperliquid,XRP,2026-03-17,24,-0.0350190855
Hyperliquid,XRP,2026-03-18,24,-0.037056770999999995
Hyperliquid,XRP,2026-03-19,24,-0.019352263499999998
Hyperliquid,XRP,2026-03-20,24,-0.126425196
Hyperliquid,XRP,2026-03-21,24,-0.094467256
Hyperliquid,XRP,2026-03-22,24,-0.065071324
Hyperliquid,XRP,2026-03-23,24,-0.0208802995
Hyperliquid,XRP,2026-03-24,24,-0.038271564
Hyperliquid,XRP,2026-03-25,24,-0.0200429895
Hyperliquid,XRP,2026-03-26,24,-0.1653513875
Hyperliquid,XRP,2026-03-27,24,-0.154383247
Hyperliquid,XRP,2026-03-28,24,-0.144248438
Hyperliquid,XRP,2026-03-29,24,-0.2257587415
Hyperliquid,XRP,2026-03-30,24,-0.015644265
Hyperliquid,XRP,2026-03-31,24,-0.017543871
Hyperliquid,XRP,2026-04-01,24,0.062221331
Hyperliquid,XRP,2026-04-02,24,-0.12553846500000002
Hyperliquid,XRP,2026-04-03,24,-0.0583676245
Hyperliquid,XRP,2026-04-04,24,-0.0717840025
Hyperliquid,XRP,2026-04-05,24,-0.110914813
Hyperliquid,XRP,2026-04-06,24,0.0324091895
Hyperliquid,XRP,2026-04-07,24,0.0026377455
Hyperliquid,XRP,2026-04-08,24,0.073676637
Hyperliquid,XRP,2026-04-09,24,-0.019934438500000002
Hyperliquid,XRP,2026-04-10,24,0.0406669495
Hyperliquid,XRP,2026-04-11,24,0.004511546
Hyperliquid,XRP,2026-04-12,24,-0.07966672500000001
Hyperliquid,XRP,2026-04-13,24,0.030048259999999997
Hyperliquid,XRP,2026-04-14,24,0.07800615749999999
Hyperliquid,XRP,2026-04-15,24,0.0167298845
Hyperliquid,XRP,2026-04-16,24,0.0649575535
Hyperliquid,XRP,2026-04-17,24,0.08427240450000001
Hyperliquid,XRP,2026-04-18,24,0.020205597000000002
Hyperliquid,XRP,2026-04-19,24,0.077346055
Hyperliquid,XRP,2026-04-20,24,0.007525715999999998
Hyperliquid,XRP,2026-04-21,24,0.0558803685
Hyperliquid,XRP,2026-04-22,24,0.07161701499999999
Hyperliquid,XRP,2026-04-23,24,0.020383133
Hyperliquid,XRP,2026-04-24,24,0.060627887
Hyperliquid,XRP,2026-04-25,24,0.0035196585
Hyperliquid,XRP,2026-04-26,24,-0.011512684
Hyperliquid,XRP,2026-04-27,24,0.022826588999999998
Hyperliquid,XRP,2026-04-28,24,-0.0201921285
Hyperliquid,XRP,2026-04-29,24,-0.0212805585
Hyperliquid,XRP,2026-04-30,24,-0.05033934
Hyperliquid,XRP,2026-05-01,24,-0.043400179000000004
Hyperliquid,XRP,2026-05-02,24,-0.0240674065
Hyperliquid,XRP,2026-05-03,24,-0.035416461
Hyperliquid,XRP,2026-05-04,24,-0.009811565
Hyperliquid,XRP,2026-05-05,24,0.0599942835
Hyperliquid,XRP,2026-05-06,24,0.008152494
Hyperliquid,XRP,2026-05-07,24,-0.042772744
Hyperliquid,XRP,2026-05-08,24,0.0370108905
Hyperliquid,XRP,2026-05-09,24,0.1049192865
Hyperliquid,XRP,2026-05-10,24,0.105723126
Hyperliquid,XRP,2026-05-11,24,0.1095
Hyperliquid,XRP,2026-05-12,24,0.0630007155
Hyperliquid,XRP,2026-05-13,24,0.034737269
Hyperliquid,XRP,2026-05-14,24,0.0556028955
Hyperliquid,XRP,2026-05-15,24,0.0109098865
Hyperliquid,XRP,2026-05-16,24,-0.09350606500000001
Hyperliquid,XRP,2026-05-17,17,-0.013037817176470587
Hyperliquid,XYZ100,2025-10-13,11,2.636182556727273
Hyperliquid,XYZ100,2025-10-14,24,2.1599111155
Hyperliquid,XYZ100,2025-10-15,24,0.638159868
Hyperliquid,XYZ100,2025-10-16,24,0.5429872495
Hyperliquid,XYZ100,2025-10-17,24,0.7689917455
Hyperliquid,XYZ100,2025-10-18,24,0.0448002095
Hyperliquid,XYZ100,2025-10-19,24,0.20813603049999999
Hyperliquid,XYZ100,2025-10-20,24,-0.12221718399999999
Hyperliquid,XYZ100,2025-10-21,24,0.2143760705
Hyperliquid,XYZ100,2025-10-22,24,0.352212079
Hyperliquid,XYZ100,2025-10-23,24,0.19964707950000002
Hyperliquid,XYZ100,2025-10-24,24,0.142575862
Hyperliquid,XYZ100,2025-10-25,24,0.35726751149999997
Hyperliquid,XYZ100,2025-10-26,24,0.49149607900000003
Hyperliquid,XYZ100,2025-10-27,24,0.24058577150000002
Hyperliquid,XYZ100,2025-10-28,24,-0.0326665145
Hyperliquid,XYZ100,2025-10-29,24,0.11534602249999999
Hyperliquid,XYZ100,2025-10-30,24,0.1755033515
Hyperliquid,XYZ100,2025-10-31,24,0.067140509
Hyperliquid,XYZ100,2025-11-01,24,0.24627013550000001
Hyperliquid,XYZ100,2025-11-02,24,0.064021146
Hyperliquid,XYZ100,2025-11-03,24,0.030621675
Hyperliquid,XYZ100,2025-11-04,24,0.0678472585
Hyperliquid,XYZ100,2025-11-05,24,0.044144085500000006
Hyperliquid,XYZ100,2025-11-06,24,0.0363336695
Hyperliquid,XYZ100,2025-11-07,24,0.333500646
Hyperliquid,XYZ100,2025-11-08,24,0.03666735250000001
Hyperliquid,XYZ100,2025-11-09,24,0.979981054
Hyperliquid,XYZ100,2025-11-10,24,0.138690072
Hyperliquid,XYZ100,2025-11-11,24,0.121576609
Hyperliquid,XYZ100,2025-11-12,24,0.10365295549999999
Hyperliquid,XYZ100,2025-11-13,24,0.1095
Hyperliquid,XYZ100,2025-11-14,24,0.12456508300000001
Hyperliquid,XYZ100,2025-11-15,24,0.17363597500000003
Hyperliquid,XYZ100,2025-11-16,24,0.0388231885
Hyperliquid,XYZ100,2025-11-17,24,0.09235967299999999
Hyperliquid,XYZ100,2025-11-18,24,0.1095
Hyperliquid,XYZ100,2025-11-19,24,0.129042538
Hyperliquid,XYZ100,2025-11-20,24,0.118417607
Hyperliquid,XYZ100,2025-11-21,24,0.130941195
Hyperliquid,XYZ100,2025-11-22,24,0.1178875175
Hyperliquid,XYZ100,2025-11-23,24,0.1846745605
Hyperliquid,XYZ100,2025-11-24,24,0.1130993745
Hyperliquid,XYZ100,2025-11-25,24,0.093343713
Hyperliquid,XYZ100,2025-11-26,24,0.1095
Hyperliquid,XYZ100,2025-11-27,24,0.066447082
Hyperliquid,XYZ100,2025-11-28,24,0.0056499079999999995
Hyperliquid,XYZ100,2025-11-29,24,0.022758224500000004
Hyperliquid,XYZ100,2025-11-30,24,0.1254257165
Hyperliquid,XYZ100,2025-12-01,24,-0.040974790500000004
Hyperliquid,XYZ100,2025-12-02,24,0.079474589
Hyperliquid,XYZ100,2025-12-03,24,0.1095
Hyperliquid,XYZ100,2025-12-04,24,0.10448004550000001
Hyperliquid,XYZ100,2025-12-05,24,0.020673527
Hyperliquid,XYZ100,2025-12-06,24,0.08710662949999999
Hyperliquid,XYZ100,2025-12-07,24,0.066173186
Hyperliquid,XYZ100,2025-12-08,24,-0.014173534000000003
Hyperliquid,XYZ100,2025-12-09,24,0.1095
Hyperliquid,XYZ100,2025-12-10,24,0.085776533
Hyperliquid,XYZ100,2025-12-11,24,-0.065654156
Hyperliquid,XYZ100,2025-12-12,24,0.10585248200000001
Hyperliquid,XYZ100,2025-12-13,24,0.106112946
Hyperliquid,XYZ100,2025-12-14,24,-0.223897278
Hyperliquid,XYZ100,2025-12-15,24,-0.2802952165
Hyperliquid,XYZ100,2025-12-16,24,-0.09196948799999999
Hyperliquid,XYZ100,2025-12-17,24,-0.0883898965
Hyperliquid,XYZ100,2025-12-18,24,-0.196856472
Hyperliquid,XYZ100,2025-12-19,24,-0.0911813435
Hyperliquid,XYZ100,2025-12-20,24,0.046559947500000004
Hyperliquid,XYZ100,2025-12-21,24,0.044625739500000004
Hyperliquid,XYZ100,2025-12-22,24,-0.06393869249999999
Hyperliquid,XYZ100,2025-12-23,24,-0.0404429125
Hyperliquid,XYZ100,2025-12-24,24,-0.010690339
Hyperliquid,XYZ100,2025-12-25,24,0.05475
Hyperliquid,XYZ100,2025-12-26,24,0.012290973500000002
Hyperliquid,XYZ100,2025-12-27,24,0.05475
Hyperliquid,XYZ100,2025-12-28,24,0.0534096105
Hyperliquid,XYZ100,2025-12-29,24,0.035195343999999996
Hyperliquid,XYZ100,2025-12-30,24,0.0598114915
Hyperliquid,XYZ100,2025-12-31,24,0.047206472
Hyperliquid,XYZ100,2026-01-01,24,0.05475
Hyperliquid,XYZ100,2026-01-02,24,0.058069090999999996
Hyperliquid,XYZ100,2026-01-03,24,0.04359041699999999
Hyperliquid,XYZ100,2026-01-04,24,0.079577227
Hyperliquid,XYZ100,2026-01-05,24,0.0584142715
Hyperliquid,XYZ100,2026-01-06,24,0.056036186999999994
Hyperliquid,XYZ100,2026-01-07,24,0.058919103
Hyperliquid,XYZ100,2026-01-08,24,0.0553351315
Hyperliquid,XYZ100,2026-01-09,24,0.0529496375
Hyperliquid,XYZ100,2026-01-10,24,0.0275383375
Hyperliquid,XYZ100,2026-01-11,24,0.053892396
Hyperliquid,XYZ100,2026-01-12,24,0.05475
Hyperliquid,XYZ100,2026-01-13,24,0.05475
Hyperliquid,XYZ100,2026-01-14,24,0.1024750275
Hyperliquid,XYZ100,2026-01-15,24,0.078712542
Hyperliquid,XYZ100,2026-01-16,24,0.05475
Hyperliquid,XYZ100,2026-01-17,24,0.034153633999999995
Hyperliquid,XYZ100,2026-01-18,24,-0.0327465225
Hyperliquid,XYZ100,2026-01-19,24,0.0778978255
Hyperliquid,XYZ100,2026-01-20,24,0.050800408
Hyperliquid,XYZ100,2026-01-21,24,0.0807002955
Hyperliquid,XYZ100,2026-01-22,24,0.0804242095
Hyperliquid,XYZ100,2026-01-23,24,0.059299506
Hyperliquid,XYZ100,2026-01-24,24,0.008592976000000002
Hyperliquid,XYZ100,2026-01-25,24,-0.0562317175
Hyperliquid,XYZ100,2026-01-26,24,0.05475
Hyperliquid,XYZ100,2026-01-27,24,0.081277835
Hyperliquid,XYZ100,2026-01-28,24,0.18835047550000003
Hyperliquid,XYZ100,2026-01-29,24,0.29625746950000004
Hyperliquid,XYZ100,2026-01-30,24,0.20398090700000002
Hyperliquid,XYZ100,2026-01-31,24,-0.0883456585
Hyperliquid,XYZ100,2026-02-01,24,-0.043114018999999996
Hyperliquid,XYZ100,2026-02-02,24,0.133718918
Hyperliquid,XYZ100,2026-02-03,24,0.09009316899999999
Hyperliquid,XYZ100,2026-02-04,24,0.04763673400000001
Hyperliquid,XYZ100,2026-02-05,24,0.0090250995
Hyperliquid,XYZ100,2026-02-06,24,0.035261044
Hyperliquid,XYZ100,2026-02-07,24,0.095059432
Hyperliquid,XYZ100,2026-02-08,24,0.010144627500000005
Hyperliquid,XYZ100,2026-02-09,24,0.046440775
Hyperliquid,XYZ100,2026-02-10,24,0.029725454
Hyperliquid,XYZ100,2026-02-11,24,0.05475
Hyperliquid,XYZ100,2026-02-12,24,0.060298803000000005
Hyperliquid,XYZ100,2026-02-13,24,0.052047175
Hyperliquid,XYZ100,2026-02-14,24,0.0912532485
Hyperliquid,XYZ100,2026-02-15,24,-0.023136474000000004
Hyperliquid,XYZ100,2026-02-16,24,-0.0275335925
Hyperliquid,XYZ100,2026-02-17,24,-0.036493065
Hyperliquid,XYZ100,2026-02-18,24,-0.14329436450000002
Hyperliquid,XYZ100,2026-02-19,24,-0.011082933000000001
Hyperliquid,XYZ100,2026-02-20,24,-0.007579881999999999
Hyperliquid,XYZ100,2026-02-21,24,0.0172255545
Hyperliquid,XYZ100,2026-02-22,24,0.052054767
Hyperliquid,XYZ100,2026-02-23,24,-0.0595243825
Hyperliquid,XYZ100,2026-02-24,24,0.045580652500000006
Hyperliquid,XYZ100,2026-02-25,24,0.026648942000000005
Hyperliquid,XYZ100,2026-02-26,24,0.034049171
Hyperliquid,XYZ100,2026-02-27,24,0.032541283
Hyperliquid,XYZ100,2026-02-28,24,-0.016699188000000007
Hyperliquid,XYZ100,2026-03-01,24,-0.108049709
Hyperliquid,XYZ100,2026-03-02,24,0.020113106000000002
Hyperliquid,XYZ100,2026-03-03,24,0.0054232065
Hyperliquid,XYZ100,2026-03-04,24,-0.0163821125
Hyperliquid,XYZ100,2026-03-05,24,0.0310010195
Hyperliquid,XYZ100,2026-03-06,24,-0.0864455415
Hyperliquid,XYZ100,2026-03-07,24,-0.1117862505
Hyperliquid,XYZ100,2026-03-08,24,0.025855213000000002
Hyperliquid,XYZ100,2026-03-09,24,-0.15769952750000002
Hyperliquid,XYZ100,2026-03-10,24,-0.044295159
Hyperliquid,XYZ100,2026-03-11,24,0.011543125
Hyperliquid,XYZ100,2026-03-12,24,-0.11842888550000001
Hyperliquid,XYZ100,2026-03-13,24,-0.19476020400000002
Hyperliquid,XYZ100,2026-03-14,24,-0.057953605
Hyperliquid,XYZ100,2026-03-15,24,0.206927771
Hyperliquid,XYZ100,2026-03-16,24,-0.024329695499999998
Hyperliquid,XYZ100,2026-03-17,24,0.045291463000000004
Hyperliquid,XYZ100,2026-03-18,24,-0.032064666
Hyperliquid,XYZ100,2026-03-19,24,-0.1567409645
Hyperliquid,XYZ100,2026-03-20,24,-0.012350212999999999
Hyperliquid,XYZ100,2026-03-21,24,0.08162794300000001
Hyperliquid,XYZ100,2026-03-22,24,-0.148216718
Hyperliquid,XYZ100,2026-03-23,24,-0.09282044900000001
Hyperliquid,XYZ100,2026-03-24,24,-0.08655905650000001
Hyperliquid,XYZ100,2026-03-25,24,0.005939280000000001
Hyperliquid,XYZ100,2026-03-26,24,-0.011170204500000001
Hyperliquid,XYZ100,2026-03-27,24,-0.069676091
Hyperliquid,XYZ100,2026-03-28,24,0.0683243135
Hyperliquid,XYZ100,2026-03-29,24,-0.0382879525
Hyperliquid,XYZ100,2026-03-30,24,-0.059268335
Hyperliquid,XYZ100,2026-03-31,24,-0.030891701999999997
Hyperliquid,XYZ100,2026-04-01,24,-0.1862526015
Hyperliquid,XYZ100,2026-04-02,24,-0.176657226
Hyperliquid,XYZ100,2026-04-03,24,-0.02345636
Hyperliquid,XYZ100,2026-04-04,24,0.0331994145
Hyperliquid,XYZ100,2026-04-05,24,0.075066703
Hyperliquid,XYZ100,2026-04-06,24,-0.137832979
Hyperliquid,XYZ100,2026-04-07,24,-0.213906571
Hyperliquid,XYZ100,2026-04-08,24,0.072965106
Hyperliquid,XYZ100,2026-04-09,24,-0.08703899500000001
Hyperliquid,XYZ100,2026-04-10,24,-0.0617751915
Hyperliquid,XYZ100,2026-04-11,24,0.0880876765
Hyperliquid,XYZ100,2026-04-12,24,-0.37587637949999997
Hyperliquid,XYZ100,2026-04-13,24,-0.1257202715
Hyperliquid,XYZ100,2026-04-14,24,0.0259848245
Hyperliquid,XYZ100,2026-04-15,24,-0.0732348045
Hyperliquid,XYZ100,2026-04-16,24,-0.03848706
Hyperliquid,XYZ100,2026-04-17,24,-0.024088138499999998
Hyperliquid,XYZ100,2026-04-18,24,-0.126613171
Hyperliquid,XYZ100,2026-04-19,24,-0.0238192795
Hyperliquid,XYZ100,2026-04-20,24,-0.024302101499999996
Hyperliquid,XYZ100,2026-04-21,24,0.0196939035
Hyperliquid,XYZ100,2026-04-22,24,-0.0094847075
Hyperliquid,XYZ100,2026-04-23,24,0.00809789
Hyperliquid,XYZ100,2026-04-24,24,-0.0244099955
Hyperliquid,XYZ100,2026-04-25,24,-0.042239734499999994
Hyperliquid,XYZ100,2026-04-26,24,0.0901805135
Hyperliquid,XYZ100,2026-04-27,24,-0.033100937500000004
Hyperliquid,XYZ100,2026-04-28,24,-0.0194702315
Hyperliquid,XYZ100,2026-04-29,24,-0.0475881525
Hyperliquid,XYZ100,2026-04-30,24,-0.07920645999999999
Hyperliquid,XYZ100,2026-05-01,24,-0.048183905500000006
Hyperliquid,XYZ100,2026-05-02,24,0.005482263500000001
Hyperliquid,XYZ100,2026-05-03,24,0.046638386000000004
Hyperliquid,XYZ100,2026-05-04,24,-0.011907322
Hyperliquid,XYZ100,2026-05-05,24,0.045222551
Hyperliquid,XYZ100,2026-05-06,24,0.0516226435
Hyperliquid,XYZ100,2026-05-07,24,0.043677432999999995
Hyperliquid,XYZ100,2026-05-08,24,0.064429143
Hyperliquid,XYZ100,2026-05-09,24,0.0568262295
Hyperliquid,XYZ100,2026-05-10,24,0.008048432500000001
Hyperliquid,XYZ100,2026-05-11,24,0.05475
Hyperliquid,XYZ100,2026-05-12,24,0.061277258499999994
Hyperliquid,XYZ100,2026-05-13,24,0.057100344500000004
Hyperliquid,XYZ100,2026-05-14,24,0.055232676
Hyperliquid,XYZ100,2026-05-15,24,0.055540699500000006
Hyperliquid,XYZ100,2026-05-16,24,0.013040135999999999
Hyperliquid,XYZ100,2026-05-17,17,0.05335448047058824
Lighter,BNB,2025-02-24,3,0.40588
Lighter,BNB,2025-02-25,24,0.85994
Lighter,BNB,2025-02-26,24,1.515115
Lighter,BNB,2025-02-27,24,1.3169199999999999
Lighter,BNB,2025-02-28,24,0.9650599999999999
Lighter,BNB,2025-03-01,24,0.72781
Lighter,BNB,2025-03-02,24,0.56794
Lighter,BNB,2025-03-03,24,0.596775
Lighter,BNB,2025-03-04,24,0.6967850000000001
Lighter,BNB,2025-03-05,24,0.329595
Lighter,BNB,2025-03-06,24,0.134685
Lighter,BNB,2025-03-07,24,0.12300499999999999
Lighter,BNB,2025-03-08,24,0.250025
Lighter,BNB,2025-03-09,24,0.39858
Lighter,BNB,2025-03-10,24,0.294555
Lighter,BNB,2025-03-11,24,0.151475
Lighter,BNB,2025-03-12,24,0.087965
Lighter,BNB,2025-03-13,24,0.08431499999999999
Lighter,BNB,2025-03-14,24,0.03431
Lighter,BNB,2025-03-15,24,-0.05037
Lighter,BNB,2025-03-16,24,-0.05840000000000001
Lighter,BNB,2025-03-17,24,-0.0018250000000000002
Lighter,BNB,2025-03-18,24,0.013505000000000001
Lighter,BNB,2025-03-19,24,0.015330000000000002
Lighter,BNB,2025-03-20,24,0.020440000000000003
Lighter,BNB,2025-03-21,24,0.20659000000000002
Lighter,BNB,2025-03-22,24,0.0949
Lighter,BNB,2025-03-23,24,-0.12702
Lighter,BNB,2025-03-24,24,0.05657499999999999
Lighter,BNB,2025-03-25,24,-0.029564999999999998
Lighter,BNB,2025-03-26,24,-0.21863500000000002
Lighter,BNB,2025-03-27,24,-0.05037
Lighter,BNB,2025-03-28,24,0.033214999999999995
Lighter,BNB,2025-03-29,24,0.10511999999999999
Lighter,BNB,2025-03-30,24,-0.024090000000000004
Lighter,BNB,2025-03-31,24,0.102565
Lighter,BNB,2025-04-01,24,-0.15987
Lighter,BNB,2025-04-02,24,0.0511
Lighter,BNB,2025-04-03,24,-0.079935
Lighter,BNB,2025-04-04,24,0.14235
Lighter,BNB,2025-04-05,24,0.14964999999999998
Lighter,BNB,2025-04-06,24,0.11825999999999999
Lighter,BNB,2025-04-07,24,0.11898999999999998
Lighter,BNB,2025-04-08,24,-0.027010000000000003
Lighter,BNB,2025-04-09,24,0.04307
Lighter,BNB,2025-04-10,24,-0.037230000000000006
Lighter,BNB,2025-04-11,24,-0.21316000000000002
Lighter,BNB,2025-04-12,24,-0.9756450000000001
Lighter,BNB,2025-04-13,24,-0.4672
Lighter,BNB,2025-04-14,24,0.05146499999999999
Lighter,BNB,2025-04-15,24,-0.073365
Lighter,BNB,2025-04-16,24,-0.013870000000000002
Lighter,BNB,2025-04-17,24,0.09015499999999999
Lighter,BNB,2025-04-18,24,-0.04708500000000001
Lighter,BNB,2025-04-19,24,-0.13067
Lighter,BNB,2025-04-20,24,-0.053290000000000004
Lighter,BNB,2025-04-21,24,-0.10804000000000001
Lighter,BNB,2025-04-22,24,-0.36281
Lighter,BNB,2025-04-23,24,-5.3487307175951555e-18
Lighter,BNB,2025-04-24,24,-0.12848
Lighter,BNB,2025-04-25,24,-0.53217
Lighter,BNB,2025-04-26,24,-0.20586000000000002
Lighter,BNB,2025-04-27,24,-0.279225
Lighter,BNB,2025-04-28,24,-0.36062
Lighter,BNB,2025-04-29,24,-0.43946
Lighter,BNB,2025-04-30,24,-0.42705
Lighter,BNB,2025-05-01,24,-0.177755
Lighter,BNB,2025-05-02,24,-0.24163
Lighter,BNB,2025-05-03,24,-0.128115
Lighter,BNB,2025-05-04,24,-0.03759500000000001
Lighter,BNB,2025-05-05,24,0.05876499999999999
Lighter,BNB,2025-05-06,24,-0.12191000000000002
Lighter,BNB,2025-05-07,24,0.10074
Lighter,BNB,2025-05-08,24,0.36354
Lighter,BNB,2025-05-09,24,0.66503
Lighter,BNB,2025-05-10,24,0.3066
Lighter,BNB,2025-05-11,24,0.14490499999999998
Lighter,BNB,2025-05-12,24,0.586555
Lighter,BNB,2025-05-13,24,0.15694999999999998
Lighter,BNB,2025-05-14,24,-0.136145
Lighter,BNB,2025-05-15,24,0.035039999999999995
Lighter,BNB,2025-05-16,24,-0.0014600000000000053
Lighter,BNB,2025-05-17,24,0.023359999999999995
Lighter,BNB,2025-05-18,24,0.0010949999999999849
Lighter,BNB,2025-05-19,24,-0.132495
Lighter,BNB,2025-05-20,24,0.063875
Lighter,BNB,2025-05-21,24,0.05949499999999999
Lighter,BNB,2025-05-22,24,0.025184999999999996
Lighter,BNB,2025-05-23,24,0.10511999999999999
Lighter,BNB,2025-05-24,24,0.082855
Lighter,BNB,2025-05-25,24,-0.15914
Lighter,BNB,2025-05-26,24,-0.08395000000000001
Lighter,BNB,2025-05-27,24,0.01751999999999999
Lighter,BNB,2025-05-28,24,-0.03212
Lighter,BNB,2025-05-29,24,-0.216445
Lighter,BNB,2025-05-30,24,-0.008760000000000004
Lighter,BNB,2025-05-31,24,-0.138335
Lighter,BNB,2025-06-01,24,-0.229585
Lighter,BNB,2025-06-02,24,-0.186515
Lighter,BNB,2025-06-03,24,-0.25184999999999996
Lighter,BNB,2025-06-04,24,-0.02482
Lighter,BNB,2025-06-05,24,-0.072635
Lighter,BNB,2025-06-06,24,-0.11460999999999999
Lighter,BNB,2025-06-07,24,-0.135415
Lighter,BNB,2025-06-08,24,-0.08723500000000001
Lighter,BNB,2025-06-09,24,-0.206955
Lighter,BNB,2025-06-10,24,0.07007999999999999
Lighter,BNB,2025-06-11,24,0.09964499999999998
Lighter,BNB,2025-06-12,24,-0.123735
Lighter,BNB,2025-06-13,24,-0.26499
Lighter,BNB,2025-06-14,24,-0.28908
Lighter,BNB,2025-06-15,24,0.06277999999999999
Lighter,BNB,2025-06-16,24,0.10511999999999999
Lighter,BNB,2025-06-17,24,0.09636
Lighter,BNB,2025-06-18,24,-0.059495
Lighter,BNB,2025-06-19,24,0.07737999999999999
Lighter,BNB,2025-06-20,24,0.0036499999999999966
Lighter,BNB,2025-06-21,24,0.06642999999999999
Lighter,BNB,2025-06-22,24,0.10511999999999999
Lighter,BNB,2025-06-23,24,-0.006935000000000011
Lighter,BNB,2025-06-24,24,-0.273385
Lighter,BNB,2025-06-25,24,-0.101105
Lighter,BNB,2025-06-26,24,-4.336808689942018e-18
Lighter,BNB,2025-06-27,24,-0.25331
Lighter,BNB,2025-06-28,24,-0.236885
Lighter,BNB,2025-06-29,24,-0.079935
Lighter,BNB,2025-06-30,24,0.06351
Lighter,BNB,2025-07-01,24,0.10511999999999999
Lighter,BNB,2025-07-02,24,0.09051999999999999
Lighter,BNB,2025-07-03,24,0.062049999999999994
Lighter,BNB,2025-07-04,24,-0.019710000000000005
Lighter,BNB,2025-07-05,24,0.019344999999999994
Lighter,BNB,2025-07-06,24,0.0018249999999999985
Lighter,BNB,2025-07-07,24,-0.030295000000000002
Lighter,BNB,2025-07-08,24,0.09818499999999998
Lighter,BNB,2025-07-09,24,0.081395
Lighter,BNB,2025-07-10,24,-0.02628
Lighter,BNB,2025-07-11,24,0.10511999999999999
Lighter,BNB,2025-07-12,24,0.10511999999999999
Lighter,BNB,2025-07-13,24,0.10511999999999999
Lighter,BNB,2025-07-14,24,0.10511999999999999
Lighter,BNB,2025-07-15,24,0.10511999999999999
Lighter,BNB,2025-07-16,24,0.179945
Lighter,BNB,2025-07-17,24,0.17738999999999996
Lighter,BNB,2025-07-18,24,0.157315
Lighter,BNB,2025-07-19,24,0.10511999999999999
Lighter,BNB,2025-07-20,24,0.12556
Lighter,BNB,2025-07-21,24,0.42595500000000003
Lighter,BNB,2025-07-22,24,0.10876999999999999
Lighter,BNB,2025-07-23,24,0.36062
Lighter,BNB,2025-07-24,24,0.13541499999999998
Lighter,BNB,2025-07-25,24,0.292
Lighter,BNB,2025-07-26,24,0.29565
Lighter,BNB,2025-07-27,24,0.539835
Lighter,BNB,2025-07-28,24,0.5336299999999999
Lighter,BNB,2025-07-29,24,0.37522000000000005
Lighter,BNB,2025-07-30,24,0.27156
Lighter,BNB,2025-07-31,24,0.2993
Lighter,BNB,2025-08-01,24,0.204765
Lighter,BNB,2025-08-02,24,0.24710500000000002
Lighter,BNB,2025-08-03,24,0.11789499999999999
Lighter,BNB,2025-08-04,24,0.11388
Lighter,BNB,2025-08-05,24,0.10511999999999999
Lighter,BNB,2025-08-06,24,0.11351499999999999
Lighter,BNB,2025-08-07,24,0.105485
Lighter,BNB,2025-08-08,24,0.160965
Lighter,BNB,2025-08-09,24,0.185055
Lighter,BNB,2025-08-10,24,0.12191
Lighter,BNB,2025-08-11,24,0.17374
Lighter,BNB,2025-08-12,24,0.10511999999999999
Lighter,BNB,2025-08-13,24,0.27521
Lighter,BNB,2025-08-14,24,0.020075
Lighter,BNB,2025-08-15,24,0.0438
Lighter,BNB,2025-08-16,24,0.086505
Lighter,BNB,2025-08-17,24,0.09709
Lighter,BNB,2025-08-18,24,0.10511999999999999
Lighter,BNB,2025-08-19,24,0.10511999999999999
Lighter,BNB,2025-08-20,24,0.13504999999999998
Lighter,BNB,2025-08-21,24,0.11388
Lighter,BNB,2025-08-22,24,0.17264500000000002
Lighter,BNB,2025-08-23,24,0.442745
Lighter,BNB,2025-08-24,24,0.20257499999999998
Lighter,BNB,2025-08-25,24,0.10511999999999999
Lighter,BNB,2025-08-26,24,0.073
Lighter,BNB,2025-08-27,24,0.0584
Lighter,BNB,2025-08-28,24,0.094535
Lighter,BNB,2025-08-29,24,0.07665
Lighter,BNB,2025-08-30,24,0.077015
Lighter,BNB,2025-08-31,24,0.10511999999999999
Lighter,BNB,2025-09-01,24,0.10511999999999999
Lighter,BNB,2025-09-02,24,0.10511999999999999
Lighter,BNB,2025-09-03,24,0.10511999999999999
Lighter,BNB,2025-09-04,24,0.10511999999999999
Lighter,BNB,2025-09-05,24,0.10511999999999999
Lighter,BNB,2025-09-06,24,0.10511999999999999
Lighter,BNB,2025-09-07,24,0.10511999999999999
Lighter,BNB,2025-09-08,24,0.07007999999999999
Lighter,BNB,2025-09-09,24,0.09709
Lighter,BNB,2025-09-10,24,0.06533499999999999
Lighter,BNB,2025-09-11,24,0.10292999999999998
Lighter,BNB,2025-09-12,24,0.09125
Lighter,BNB,2025-09-13,24,0.10511999999999999
Lighter,BNB,2025-09-14,24,0.10511999999999999
Lighter,BNB,2025-09-15,24,0.10511999999999999
Lighter,BNB,2025-09-16,24,0.10511999999999999
Lighter,BNB,2025-09-17,24,0.10511999999999999
Lighter,BNB,2025-09-18,24,0.10511999999999999
Lighter,BNB,2025-09-19,24,0.10511999999999999
Lighter,BNB,2025-09-20,24,0.106945
Lighter,BNB,2025-09-21,24,0.25623
Lighter,BNB,2025-09-22,24,0.10511999999999999
Lighter,BNB,2025-09-23,24,0.11169
Lighter,BNB,2025-09-24,24,0.147095
Lighter,BNB,2025-09-25,24,0.10803999999999998
Lighter,BNB,2025-09-26,24,0.10511999999999999
Lighter,BNB,2025-09-27,24,0.10511999999999999
Lighter,BNB,2025-09-28,24,0.10511999999999999
Lighter,BNB,2025-09-29,24,0.11242
Lighter,BNB,2025-09-30,24,0.11314999999999999
Lighter,BNB,2025-10-01,24,0.10658
Lighter,BNB,2025-10-02,24,0.19491
Lighter,BNB,2025-10-03,24,0.439095
Lighter,BNB,2025-10-04,24,0.163155
Lighter,BNB,2025-10-05,24,0.10840499999999999
Lighter,BNB,2025-10-06,24,0.17154999999999998
Lighter,BNB,2025-10-07,24,0.11899
Lighter,BNB,2025-10-08,24,0.09015499999999999
Lighter,BNB,2025-10-09,24,0.07081
Lighter,BNB,2025-10-10,24,1.1909949999999998
Lighter,BNB,2025-10-11,24,0.09709
Lighter,BNB,2025-10-12,24,0.18213500000000002
Lighter,BNB,2025-10-13,24,-0.25842
Lighter,BNB,2025-10-14,24,-0.08249000000000001
Lighter,BNB,2025-10-15,24,0.021534999999999995
Lighter,BNB,2025-10-16,24,0.0803
Lighter,BNB,2025-10-17,24,0.06862
Lighter,BNB,2025-10-18,24,0.002554999999999994
Lighter,BNB,2025-10-19,24,0.041245
Lighter,BNB,2025-10-20,24,0.06131999999999999
Lighter,BNB,2025-10-21,24,0.091615
Lighter,BNB,2025-10-22,24,-0.011315000000000004
Lighter,BNB,2025-10-23,24,0.05657499999999999
Lighter,BNB,2025-10-24,24,-0.043800000000000006
Lighter,BNB,2025-10-25,24,-0.015695000000000004
Lighter,BNB,2025-10-26,24,0.082855
Lighter,BNB,2025-10-27,24,0.07153999999999999
Lighter,BNB,2025-10-28,24,-0.03321500000000001
Lighter,BNB,2025-10-29,24,-0.123735
Lighter,BNB,2025-10-30,24,-0.04453000000000001
Lighter,BNB,2025-10-31,24,-0.123735
Lighter,BNB,2025-11-01,24,0.01825
Lighter,BNB,2025-11-02,24,0.05329
Lighter,BNB,2025-11-03,24,-0.09380500000000001
Lighter,BNB,2025-11-04,24,0.05329
Lighter,BNB,2025-11-05,24,-0.155855
Lighter,BNB,2025-11-06,24,0.08869499999999998
Lighter,BNB,2025-11-07,24,0.10658
Lighter,BNB,2025-11-08,24,0.10511999999999999
Lighter,BNB,2025-11-09,24,0.05219499999999999
Lighter,BNB,2025-11-10,24,-0.127385
Lighter,BNB,2025-11-11,24,-0.041975000000000005
Lighter,BNB,2025-11-12,24,0.04489499999999999
Lighter,BNB,2025-11-13,24,0.04197499999999999
Lighter,BNB,2025-11-14,24,0.13213
Lighter,BNB,2025-11-15,24,0.109135
Lighter,BNB,2025-11-16,24,0.11752999999999998
Lighter,BNB,2025-11-17,24,0.14381
Lighter,BNB,2025-11-18,24,0.2628
Lighter,BNB,2025-11-19,24,0.10731
Lighter,BNB,2025-11-20,24,0.22338
Lighter,BNB,2025-11-21,24,0.34748
Lighter,BNB,2025-11-22,24,0.14308
Lighter,BNB,2025-11-23,24,0.10511999999999999
Lighter,BNB,2025-11-24,24,0.10511999999999999
Lighter,BNB,2025-11-25,24,0.08540999999999999
Lighter,BNB,2025-11-26,24,0.10511999999999999
Lighter,BNB,2025-11-27,24,0.016059999999999998
Lighter,BNB,2025-11-28,24,-0.06497
Lighter,BNB,2025-11-29,24,-0.05037
Lighter,BNB,2025-11-30,24,0.07263499999999999
Lighter,BNB,2025-12-01,24,0.073365
Lighter,BNB,2025-12-02,24,0.08322
Lighter,BNB,2025-12-03,24,0.10511999999999999
Lighter,BNB,2025-12-04,24,0.10511999999999999
Lighter,BNB,2025-12-05,24,0.10511999999999999
Lighter,BNB,2025-12-06,24,0.09380499999999999
Lighter,BNB,2025-12-07,24,0.10329499999999998
Lighter,BNB,2025-12-08,24,0.10511999999999999
Lighter,BNB,2025-12-09,24,0.09964499999999998
Lighter,BNB,2025-12-10,24,0.054384999999999996
Lighter,BNB,2025-12-11,24,0.029199999999999993
Lighter,BNB,2025-12-12,24,0.08431499999999999
Lighter,BNB,2025-12-13,24,0.10475499999999999
Lighter,BNB,2025-12-14,24,0.09709
Lighter,BNB,2025-12-15,24,0.09854999999999998
Lighter,BNB,2025-12-16,24,0.10511999999999999
Lighter,BNB,2025-12-17,24,0.10511999999999999
Lighter,BNB,2025-12-18,24,0.04452999999999999
Lighter,BNB,2025-12-19,24,0.10146999999999999
Lighter,BNB,2025-12-20,24,0.08614
Lighter,BNB,2025-12-21,24,0.008759999999999999
Lighter,BNB,2025-12-22,24,0.08577499999999999
Lighter,BNB,2025-12-23,24,0.08869499999999998
Lighter,BNB,2025-12-24,24,0.0584
Lighter,BNB,2025-12-25,24,-0.072635
Lighter,BNB,2025-12-26,24,0.003649999999999997
Lighter,BNB,2025-12-27,24,0.09562999999999999
Lighter,BNB,2025-12-28,24,0.101835
Lighter,BNB,2025-12-29,24,0.10511999999999999
Lighter,BNB,2025-12-30,24,0.101835
Lighter,BNB,2025-12-31,24,0.10511999999999999
Lighter,BNB,2026-01-01,24,0.10511999999999999
Lighter,BNB,2026-01-02,24,0.09562999999999999
Lighter,BNB,2026-01-03,24,0.023359999999999995
Lighter,BNB,2026-01-04,24,0.10511999999999999
Lighter,BNB,2026-01-05,24,0.09818499999999998
Lighter,BNB,2026-01-06,24,0.055479999999999995
Lighter,BNB,2026-01-07,24,0.10511999999999999
Lighter,BNB,2026-01-08,24,0.10511999999999999
Lighter,BNB,2026-01-09,24,0.10511999999999999
Lighter,BNB,2026-01-10,24,0.147095
Lighter,BNB,2026-01-11,24,0.10949999999999999
Lighter,BNB,2026-01-12,24,0.10511999999999999
Lighter,BNB,2026-01-13,24,0.09051999999999999
Lighter,BNB,2026-01-14,24,0.085045
Lighter,BNB,2026-01-15,24,0.10438999999999998
Lighter,BNB,2026-01-16,24,0.058034999999999996
Lighter,BNB,2026-01-17,24,0.073365
Lighter,BNB,2026-01-18,24,0.05620999999999999
Lighter,BNB,2026-01-19,24,0.014599999999999995
Lighter,BNB,2026-01-20,24,0.09271
Lighter,BNB,2026-01-21,24,0.10511999999999999
Lighter,BNB,2026-01-22,24,0.10511999999999999
Lighter,BNB,2026-01-23,24,0.10511999999999999
Lighter,BNB,2026-01-24,24,0.10511999999999999
Lighter,BNB,2026-01-25,24,0.10511999999999999
Lighter,BNB,2026-01-26,24,0.10511999999999999
Lighter,BNB,2026-01-27,24,0.10511999999999999
Lighter,BNB,2026-01-28,24,0.10511999999999999
Lighter,BNB,2026-01-29,24,0.10511999999999999
Lighter,BNB,2026-01-30,24,0.07518999999999999
Lighter,BNB,2026-01-31,24,0.09526499999999999
Lighter,BNB,2026-02-01,24,0.10438999999999998
Lighter,BNB,2026-02-02,24,0.10511999999999999
Lighter,BNB,2026-02-03,24,0.08212499999999999
Lighter,BNB,2026-02-04,24,0.10511999999999999
Lighter,BNB,2026-02-05,24,0.12775
Lighter,BNB,2026-02-06,24,0.10292999999999998
Lighter,BNB,2026-02-07,24,-0.023725000000000007
Lighter,BNB,2026-02-08,24,-0.052195
Lighter,BNB,2026-02-09,24,0.030659999999999996
Lighter,BNB,2026-02-10,24,-0.09125
Lighter,BNB,2026-02-11,24,0.01606
Lighter,BNB,2026-02-12,24,0.018249999999999995
Lighter,BNB,2026-02-13,24,0.015695
Lighter,BNB,2026-02-14,24,0.09672499999999999
Lighter,BNB,2026-02-15,24,0.048545
Lighter,BNB,2026-02-16,24,-0.04234000000000001
Lighter,BNB,2026-02-17,24,0.095995
Lighter,BNB,2026-02-18,24,-0.11862500000000002
Lighter,BNB,2026-02-19,24,-0.154395
Lighter,BNB,2026-02-20,24,0.046355
Lighter,BNB,2026-02-21,24,0.10511999999999999
Lighter,BNB,2026-02-22,24,0.10511999999999999
Lighter,BNB,2026-02-23,24,-0.189435
Lighter,BNB,2026-02-24,24,-0.11132500000000001
Lighter,BNB,2026-02-25,24,-0.027740000000000004
Lighter,BNB,2026-02-26,24,0.10511999999999999
Lighter,BNB,2026-02-27,24,0.023359999999999995
Lighter,BNB,2026-02-28,24,-0.19892500000000002
Lighter,BNB,2026-03-01,24,0.10475499999999999
Lighter,BNB,2026-03-02,24,0.07993499999999999
Lighter,BNB,2026-03-03,24,-0.10548500000000001
Lighter,BNB,2026-03-04,24,-0.01606
Lighter,BNB,2026-03-05,24,0.08176
Lighter,BNB,2026-03-06,24,-0.014600000000000002
Lighter,BNB,2026-03-07,24,-0.059495
Lighter,BNB,2026-03-08,24,-0.15622
Lighter,BNB,2026-03-09,24,0.016789999999999996
Lighter,BNB,2026-03-10,24,0.042339999999999996
Lighter,BNB,2026-03-11,24,-0.012045000000000005
Lighter,BNB,2026-03-12,24,0.06643
Lighter,BNB,2026-03-13,24,0.10511999999999999
Lighter,BNB,2026-03-14,24,0.052925
Lighter,BNB,2026-03-15,24,0.06423999999999999
Lighter,BNB,2026-03-16,24,0.10511999999999999
Lighter,BNB,2026-03-17,24,-0.01606000000000001
Lighter,BNB,2026-03-18,24,-0.14344500000000002
Lighter,BNB,2026-03-19,24,-0.04891
Lighter,BNB,2026-03-20,24,-0.06643
Lighter,BNB,2026-03-21,24,0.10511999999999999
Lighter,BNB,2026-03-22,24,0.050734999999999995
Lighter,BNB,2026-03-23,24,0.09672499999999999
Lighter,BNB,2026-03-24,24,0.10511999999999999
Lighter,BNB,2026-03-25,24,0.10511999999999999
Lighter,BNB,2026-03-26,24,0.10511999999999999
Lighter,BNB,2026-03-27,24,0.10511999999999999
Lighter,BNB,2026-03-28,24,0.10475499999999999
Lighter,BNB,2026-03-29,24,0.10511999999999999
Lighter,BNB,2026-03-30,24,0.10511999999999999
Lighter,BNB,2026-03-31,24,0.10511999999999999
Lighter,BNB,2026-04-01,24,0.10511999999999999
Lighter,BNB,2026-04-02,24,0.10511999999999999
Lighter,BNB,2026-04-03,24,0.078475
Lighter,BNB,2026-04-04,24,0.0949
Lighter,BNB,2026-04-05,24,0.10511999999999999
Lighter,BNB,2026-04-06,24,0.10511999999999999
Lighter,BNB,2026-04-07,24,0.10000999999999999
Lighter,BNB,2026-04-08,24,0.09343999999999998
Lighter,BNB,2026-04-09,24,0.10511999999999999
Lighter,BNB,2026-04-10,24,0.10511999999999999
Lighter,BNB,2026-04-11,24,0.10511999999999999
Lighter,BNB,2026-04-12,24,0.08467999999999999
Lighter,BNB,2026-04-13,24,0.10511999999999999
Lighter,BNB,2026-04-14,24,0.10511999999999999
Lighter,BNB,2026-04-15,24,0.10511999999999999
Lighter,BNB,2026-04-16,24,0.10511999999999999
Lighter,BNB,2026-04-17,24,0.10146999999999999
Lighter,BNB,2026-04-18,24,0.10511999999999999
Lighter,BNB,2026-04-19,24,0.05986
Lighter,BNB,2026-04-20,24,0.069715
Lighter,BNB,2026-04-21,24,0.07956999999999999
Lighter,BNB,2026-04-22,24,0.09928
Lighter,BNB,2026-04-23,24,0.006934999999999997
Lighter,BNB,2026-04-24,24,0.073365
Lighter,BNB,2026-04-25,24,0.005839999999999998
Lighter,BNB,2026-04-26,24,-0.0047450000000000036
Lighter,BNB,2026-04-27,24,0.03358
Lighter,BNB,2026-04-28,24,0.10511999999999999
Lighter,BNB,2026-04-29,24,0.10402499999999999
Lighter,BNB,2026-04-30,24,0.1022
Lighter,BNB,2026-05-01,24,0.03905499999999999
Lighter,BNB,2026-05-02,24,0.055115
Lighter,BNB,2026-05-03,24,0.10511999999999999
Lighter,BNB,2026-05-04,24,0.09271
Lighter,BNB,2026-05-05,24,0.10511999999999999
Lighter,BNB,2026-05-06,24,0.10511999999999999
Lighter,BNB,2026-05-07,24,0.10511999999999999
Lighter,BNB,2026-05-08,24,0.090885
Lighter,BNB,2026-05-09,24,0.10511999999999999
Lighter,BNB,2026-05-10,24,0.10511999999999999
Lighter,BNB,2026-05-11,24,0.10511999999999999
Lighter,BNB,2026-05-12,24,0.10511999999999999
Lighter,BNB,2026-05-13,24,0.10511999999999999
Lighter,BNB,2026-05-14,24,0.10511999999999999
Lighter,BNB,2026-05-15,24,0.10511999999999999
Lighter,BNB,2026-05-16,24,0.10511999999999999
Lighter,BNB,2026-05-17,17,0.10511999999999999
Lighter,ETH,2025-01-17,16,-0.01314
Lighter,ETH,2025-01-18,24,-0.27740000000000004
Lighter,ETH,2025-01-19,24,-0.198925
Lighter,ETH,2025-01-20,24,-0.16972500000000001
Lighter,ETH,2025-01-21,24,0.5591800000000001
Lighter,ETH,2025-01-22,24,-0.082855
Lighter,ETH,2025-01-23,24,-0.28214500000000003
Lighter,ETH,2025-01-24,24,0.060225
Lighter,ETH,2025-01-25,24,-0.3723
Lighter,ETH,2025-01-26,24,-0.26243500000000003
Lighter,ETH,2025-01-27,24,-0.482895
Lighter,ETH,2025-01-28,24,-0.30951999999999996
Lighter,ETH,2025-01-29,24,-0.34091000000000005
Lighter,ETH,2025-01-30,24,-0.017155
Lighter,ETH,2025-01-31,24,0.04452999999999999
Lighter,ETH,2025-02-01,24,-0.216445
Lighter,ETH,2025-02-02,24,-0.46501
Lighter,ETH,2025-02-03,24,-0.44310999999999995
Lighter,ETH,2025-02-04,24,-0.16461499999999998
Lighter,ETH,2025-02-05,24,0.09562999999999999
Lighter,ETH,2025-02-06,24,0.08942500000000002
Lighter,ETH,2025-02-07,24,0.093075
Lighter,ETH,2025-02-08,24,0.123735
Lighter,ETH,2025-02-09,24,0.10183500000000001
Lighter,ETH,2025-02-10,24,0.08869500000000001
Lighter,ETH,2025-02-11,24,0.090155
Lighter,ETH,2025-02-12,24,0.090155
Lighter,ETH,2025-02-13,24,0.104755
Lighter,ETH,2025-02-14,24,0.09928
Lighter,ETH,2025-02-15,24,0.08431500000000001
Lighter,ETH,2025-02-16,24,0.09563
Lighter,ETH,2025-02-17,24,0.11497500000000001
Lighter,ETH,2025-02-18,24,0.08176000000000001
Lighter,ETH,2025-02-19,24,0.095265
Lighter,ETH,2025-02-20,24,0.08833
Lighter,ETH,2025-02-21,24,0.112055
Lighter,ETH,2025-02-22,24,0.11825999999999999
Lighter,ETH,2025-02-23,24,0.165345
Lighter,ETH,2025-02-24,24,0.12702
Lighter,ETH,2025-02-25,24,0.11753000000000001
Lighter,ETH,2025-02-26,24,0.11789500000000001
Lighter,ETH,2025-02-27,24,0.11461
Lighter,ETH,2025-02-28,24,0.12118000000000001
Lighter,ETH,2025-03-01,24,0.10074
Lighter,ETH,2025-03-02,24,0.06314499999999999
Lighter,ETH,2025-03-03,24,0.095995
Lighter,ETH,2025-03-04,24,0.09928
Lighter,ETH,2025-03-05,24,0.120085
Lighter,ETH,2025-03-06,24,0.125195
Lighter,ETH,2025-03-07,24,0.15184
Lighter,ETH,2025-03-08,24,0.109135
Lighter,ETH,2025-03-09,24,0.08760000000000001
Lighter,ETH,2025-03-10,24,0.13213
Lighter,ETH,2025-03-11,24,0.11825999999999999
Lighter,ETH,2025-03-12,24,0.039055
Lighter,ETH,2025-03-13,24,-0.09125
Lighter,ETH,2025-03-14,24,-0.015330000000000002
Lighter,ETH,2025-03-15,24,0.022995
Lighter,ETH,2025-03-16,24,-0.04015
Lighter,ETH,2025-03-17,24,0.063875
Lighter,ETH,2025-03-18,24,0.23287000000000002
Lighter,ETH,2025-03-19,24,0.22082500000000002
Lighter,ETH,2025-03-20,24,0.265355
Lighter,ETH,2025-03-21,24,0.214255
Lighter,ETH,2025-03-22,24,0.245645
Lighter,ETH,2025-03-23,24,0.16571
Lighter,ETH,2025-03-24,24,0.17228000000000002
Lighter,ETH,2025-03-25,24,0.19126
Lighter,ETH,2025-03-26,24,0.0438
Lighter,ETH,2025-03-27,24,0.10511999999999999
Lighter,ETH,2025-03-28,24,0.09015499999999999
Lighter,ETH,2025-03-29,24,0.10511999999999999
Lighter,ETH,2025-03-30,24,0.091615
Lighter,ETH,2025-03-31,24,0.09782
Lighter,ETH,2025-04-01,24,0.10511999999999999
Lighter,ETH,2025-04-02,24,0.083585
Lighter,ETH,2025-04-03,24,-0.05913000000000001
Lighter,ETH,2025-04-04,24,-0.11643500000000001
Lighter,ETH,2025-04-05,24,0.006569999999999999
Lighter,ETH,2025-04-06,24,-0.068985
Lighter,ETH,2025-04-07,24,-0.132495
Lighter,ETH,2025-04-08,24,-0.053655
Lighter,ETH,2025-04-09,24,-0.101105
Lighter,ETH,2025-04-10,24,-0.022264999999999997
Lighter,ETH,2025-04-11,24,-0.05657500000000001
Lighter,ETH,2025-04-12,24,-0.11242
Lighter,ETH,2025-04-13,24,-0.05475
Lighter,ETH,2025-04-14,24,-0.07409500000000001
Lighter,ETH,2025-04-15,24,-0.12118000000000001
Lighter,ETH,2025-04-16,24,-0.14454
Lighter,ETH,2025-04-17,24,-0.21535
Lighter,ETH,2025-04-18,24,-0.35186
Lighter,ETH,2025-04-19,24,-0.15841000000000002
Lighter,ETH,2025-04-20,24,-0.12227500000000001
Lighter,ETH,2025-04-21,24,-0.06643
Lighter,ETH,2025-04-22,24,0.023724999999999996
Lighter,ETH,2025-04-23,24,0.08833
Lighter,ETH,2025-04-24,24,-0.07738
Lighter,ETH,2025-04-25,24,0.005474999999999995
Lighter,ETH,2025-04-26,24,-0.075555
Lighter,ETH,2025-04-27,24,-0.058765000000000005
Lighter,ETH,2025-04-28,24,-0.07227
Lighter,ETH,2025-04-29,24,0.005474999999999996
Lighter,ETH,2025-04-30,24,-0.05475
Lighter,ETH,2025-05-01,24,-0.028105000000000005
Lighter,ETH,2025-05-02,24,-0.0021900000000000023
Lighter,ETH,2025-05-03,24,0.0146
Lighter,ETH,2025-05-04,24,0.005110000000000001
Lighter,ETH,2025-05-05,24,0.044165
Lighter,ETH,2025-05-06,24,-0.028105
Lighter,ETH,2025-05-07,24,-0.02737500000000001
Lighter,ETH,2025-05-08,24,0.10511999999999999
Lighter,ETH,2025-05-09,24,0.45625
Lighter,ETH,2025-05-10,24,0.47304000000000007
Lighter,ETH,2025-05-11,24,0.33653
Lighter,ETH,2025-05-12,24,0.239075
Lighter,ETH,2025-05-13,24,0.23725
Lighter,ETH,2025-05-14,24,0.10511999999999999
Lighter,ETH,2025-05-15,24,0.10511999999999999
Lighter,ETH,2025-05-16,24,0.10511999999999999
Lighter,ETH,2025-05-17,24,0.08394999999999998
Lighter,ETH,2025-05-18,24,0.13504999999999998
Lighter,ETH,2025-05-19,24,0.215715
Lighter,ETH,2025-05-20,24,0.10986499999999999
Lighter,ETH,2025-05-21,24,0.24527999999999997
Lighter,ETH,2025-05-22,24,0.30222
Lighter,ETH,2025-05-23,24,0.5099049999999999
Lighter,ETH,2025-05-24,24,0.10511999999999999
Lighter,ETH,2025-05-25,24,0.10511999999999999
Lighter,ETH,2025-05-26,24,0.10511999999999999
Lighter,ETH,2025-05-27,24,0.14015999999999998
Lighter,ETH,2025-05-28,24,0.125195
Lighter,ETH,2025-05-29,24,0.236155
Lighter,ETH,2025-05-30,24,0.10329499999999998
Lighter,ETH,2025-05-31,24,0.10511999999999999
Lighter,ETH,2025-06-01,24,0.10876999999999999
Lighter,ETH,2025-06-02,24,0.105485
Lighter,ETH,2025-06-03,24,0.06277999999999999
Lighter,ETH,2025-06-04,24,0.05949499999999999
Lighter,ETH,2025-06-05,24,0.13286
Lighter,ETH,2025-06-06,24,0.10731
Lighter,ETH,2025-06-07,24,0.085045
Lighter,ETH,2025-06-08,24,0.09343999999999998
Lighter,ETH,2025-06-09,24,0.10511999999999999
Lighter,ETH,2025-06-10,24,0.32558000000000004
Lighter,ETH,2025-06-11,24,0.24455000000000002
Lighter,ETH,2025-06-12,24,0.10658
Lighter,ETH,2025-06-13,24,0.073365
Lighter,ETH,2025-06-14,24,0.08979
Lighter,ETH,2025-06-15,24,0.10511999999999999
Lighter,ETH,2025-06-16,24,0.10511999999999999
Lighter,ETH,2025-06-17,24,0.10511999999999999
Lighter,ETH,2025-06-18,24,0.10511999999999999
Lighter,ETH,2025-06-19,24,0.10511999999999999
Lighter,ETH,2025-06-20,24,0.006204999999999993
Lighter,ETH,2025-06-21,24,0.00036499999999999597
Lighter,ETH,2025-06-22,24,0.09125
Lighter,ETH,2025-06-23,24,0.09125
Lighter,ETH,2025-06-24,24,0.097455
Lighter,ETH,2025-06-25,24,0.09854999999999998
Lighter,ETH,2025-06-26,24,0.06423999999999999
Lighter,ETH,2025-06-27,24,0.02993
Lighter,ETH,2025-06-28,24,0.08249
Lighter,ETH,2025-06-29,24,0.10511999999999999
Lighter,ETH,2025-06-30,24,0.110595
Lighter,ETH,2025-07-01,24,0.10511999999999999
Lighter,ETH,2025-07-02,24,0.10511999999999999
Lighter,ETH,2025-07-03,24,0.10511999999999999
Lighter,ETH,2025-07-04,24,0.10511999999999999
Lighter,ETH,2025-07-05,24,0.10511999999999999
Lighter,ETH,2025-07-06,24,0.111325
Lighter,ETH,2025-07-07,24,0.13432
Lighter,ETH,2025-07-08,24,0.11388
Lighter,ETH,2025-07-09,24,0.297475
Lighter,ETH,2025-07-10,24,0.28762
Lighter,ETH,2025-07-11,24,0.42084499999999997
Lighter,ETH,2025-07-12,24,0.1533
Lighter,ETH,2025-07-13,24,0.24747
Lighter,ETH,2025-07-14,24,0.270465
Lighter,ETH,2025-07-15,24,0.314265
Lighter,ETH,2025-07-16,24,0.33507
Lighter,ETH,2025-07-17,24,0.41683000000000003
Lighter,ETH,2025-07-18,24,0.63145
Lighter,ETH,2025-07-19,24,0.31901
Lighter,ETH,2025-07-20,24,0.298205
Lighter,ETH,2025-07-21,24,0.6117400000000001
Lighter,ETH,2025-07-22,24,0.30952
Lighter,ETH,2025-07-23,24,0.190165
Lighter,ETH,2025-07-24,24,0.15257
Lighter,ETH,2025-07-25,24,0.18286499999999997
Lighter,ETH,2025-07-26,24,0.14089
Lighter,ETH,2025-07-27,24,0.248565
Lighter,ETH,2025-07-28,24,0.17009
Lighter,ETH,2025-07-29,24,0.10511999999999999
Lighter,ETH,2025-07-30,24,0.10511999999999999
Lighter,ETH,2025-07-31,24,0.10511999999999999
Lighter,ETH,2025-08-01,24,0.0657
Lighter,ETH,2025-08-02,24,0.09271
Lighter,ETH,2025-08-03,24,0.09672499999999999
Lighter,ETH,2025-08-04,24,0.10511999999999999
Lighter,ETH,2025-08-05,24,0.09964499999999998
Lighter,ETH,2025-08-06,24,0.102565
Lighter,ETH,2025-08-07,24,0.10511999999999999
Lighter,ETH,2025-08-08,24,0.126655
Lighter,ETH,2025-08-09,24,0.19345
Lighter,ETH,2025-08-10,24,0.10949999999999999
Lighter,ETH,2025-08-11,24,0.16972500000000001
Lighter,ETH,2025-08-12,24,0.11351499999999999
Lighter,ETH,2025-08-13,24,0.32412
Lighter,ETH,2025-08-14,24,0.45771
Lighter,ETH,2025-08-15,24,0.158775
Lighter,ETH,2025-08-16,24,0.10329499999999998
Lighter,ETH,2025-08-17,24,0.12628999999999999
Lighter,ETH,2025-08-18,24,0.097455
Lighter,ETH,2025-08-19,24,0.074095
Lighter,ETH,2025-08-20,24,0.10511999999999999
Lighter,ETH,2025-08-21,24,0.10511999999999999
Lighter,ETH,2025-08-22,24,0.114975
Lighter,ETH,2025-08-23,24,0.136145
Lighter,ETH,2025-08-24,24,0.196735
Lighter,ETH,2025-08-25,24,0.114975
Lighter,ETH,2025-08-26,24,0.10511999999999999
Lighter,ETH,2025-08-27,24,0.10511999999999999
Lighter,ETH,2025-08-28,24,0.10511999999999999
Lighter,ETH,2025-08-29,24,0.10511999999999999
Lighter,ETH,2025-08-30,24,0.10292999999999998
Lighter,ETH,2025-08-31,24,0.10511999999999999
Lighter,ETH,2025-09-01,24,0.09928
Lighter,ETH,2025-09-02,24,0.10438999999999998
Lighter,ETH,2025-09-03,24,0.07665
Lighter,ETH,2025-09-04,24,0.102565
Lighter,ETH,2025-09-05,24,0.10511999999999999
Lighter,ETH,2025-09-06,24,0.10511999999999999
Lighter,ETH,2025-09-07,24,0.10511999999999999
Lighter,ETH,2025-09-08,24,0.10511999999999999
Lighter,ETH,2025-09-09,24,0.08869499999999998
Lighter,ETH,2025-09-10,24,0.10511999999999999
Lighter,ETH,2025-09-11,24,0.10511999999999999
Lighter,ETH,2025-09-12,24,0.10074
Lighter,ETH,2025-09-13,24,0.10511999999999999
Lighter,ETH,2025-09-14,24,0.10511999999999999
Lighter,ETH,2025-09-15,24,0.10511999999999999
Lighter,ETH,2025-09-16,24,0.10511999999999999
Lighter,ETH,2025-09-17,24,0.10511999999999999
Lighter,ETH,2025-09-18,24,0.10511999999999999
Lighter,ETH,2025-09-19,24,0.10511999999999999
Lighter,ETH,2025-09-20,24,0.10511999999999999
Lighter,ETH,2025-09-21,24,0.10511999999999999
Lighter,ETH,2025-09-22,24,0.10365999999999999
Lighter,ETH,2025-09-23,24,0.10511999999999999
Lighter,ETH,2025-09-24,24,-0.0025550000000000047
Lighter,ETH,2025-09-25,24,0.048179999999999994
Lighter,ETH,2025-09-26,24,0.10511999999999999
Lighter,ETH,2025-09-27,24,0.08869499999999998
Lighter,ETH,2025-09-28,24,0.101105
Lighter,ETH,2025-09-29,24,0.0438
Lighter,ETH,2025-09-30,24,0.07811
Lighter,ETH,2025-10-01,24,0.10511999999999999
Lighter,ETH,2025-10-02,24,0.10621499999999999
Lighter,ETH,2025-10-03,24,0.10767499999999998
Lighter,ETH,2025-10-04,24,0.11169
Lighter,ETH,2025-10-05,24,0.11935499999999999
Lighter,ETH,2025-10-06,24,0.10511999999999999
Lighter,ETH,2025-10-07,24,0.152205
Lighter,ETH,2025-10-08,24,0.10511999999999999
Lighter,ETH,2025-10-09,24,0.10511999999999999
Lighter,ETH,2025-10-10,24,0.177025
Lighter,ETH,2025-10-11,24,0.002189999999999992
Lighter,ETH,2025-10-12,24,0.044165
Lighter,ETH,2025-10-13,24,0.10511999999999999
Lighter,ETH,2025-10-14,24,0.08942499999999999
Lighter,ETH,2025-10-15,24,0.102565
Lighter,ETH,2025-10-16,24,0.10365999999999999
Lighter,ETH,2025-10-17,24,0.10511999999999999
Lighter,ETH,2025-10-18,24,0.092345
Lighter,ETH,2025-10-19,24,0.09271
Lighter,ETH,2025-10-20,24,0.048179999999999994
Lighter,ETH,2025-10-21,24,0.05401999999999999
Lighter,ETH,2025-10-22,24,0.013504999999999994
Lighter,ETH,2025-10-23,24,-0.04964
Lighter,ETH,2025-10-24,24,0.009125
Lighter,ETH,2025-10-25,24,-0.022265000000000004
Lighter,ETH,2025-10-26,24,0.09125
Lighter,ETH,2025-10-27,24,0.10074
Lighter,ETH,2025-10-28,24,0.06643
Lighter,ETH,2025-10-29,24,0.07956999999999999
Lighter,ETH,2025-10-30,24,0.097455
Lighter,ETH,2025-10-31,24,0.020074999999999996
Lighter,ETH,2025-11-01,24,0.0365
Lighter,ETH,2025-11-02,24,-0.017520000000000004
Lighter,ETH,2025-11-03,24,0.036135
Lighter,ETH,2025-11-04,24,0.10438999999999998
Lighter,ETH,2025-11-05,24,-0.028835000000000003
Lighter,ETH,2025-11-06,24,-0.18104
Lighter,ETH,2025-11-07,24,-0.08833
Lighter,ETH,2025-11-08,24,-0.074825
Lighter,ETH,2025-11-09,24,0.035769999999999996
Lighter,ETH,2025-11-10,24,0.04599
Lighter,ETH,2025-11-11,24,-0.005475000000000002
Lighter,ETH,2025-11-12,24,0.020804999999999994
Lighter,ETH,2025-11-13,24,0.04307
Lighter,ETH,2025-11-14,24,0.0803
Lighter,ETH,2025-11-15,24,0.10511999999999999
Lighter,ETH,2025-11-16,24,0.10585
Lighter,ETH,2025-11-17,24,0.10511999999999999
Lighter,ETH,2025-11-18,24,0.10511999999999999
Lighter,ETH,2025-11-19,24,0.10402499999999999
Lighter,ETH,2025-11-20,24,0.102565
Lighter,ETH,2025-11-21,24,0.1168
Lighter,ETH,2025-11-22,24,0.10511999999999999
Lighter,ETH,2025-11-23,24,0.10511999999999999
Lighter,ETH,2025-11-24,24,0.10511999999999999
Lighter,ETH,2025-11-25,24,0.10511999999999999
Lighter,ETH,2025-11-26,24,0.10511999999999999
Lighter,ETH,2025-11-27,24,0.10511999999999999
Lighter,ETH,2025-11-28,24,0.10511999999999999
Lighter,ETH,2025-11-29,24,0.10511999999999999
Lighter,ETH,2025-11-30,24,0.10511999999999999
Lighter,ETH,2025-12-01,24,0.10365999999999999
Lighter,ETH,2025-12-02,24,0.10511999999999999
Lighter,ETH,2025-12-03,24,0.10511999999999999
Lighter,ETH,2025-12-04,24,0.08979
Lighter,ETH,2025-12-05,24,0.10365999999999999
Lighter,ETH,2025-12-06,24,0.10292999999999998
Lighter,ETH,2025-12-07,24,0.09854999999999998
Lighter,ETH,2025-12-08,24,0.10439
Lighter,ETH,2025-12-09,24,0.09928
Lighter,ETH,2025-12-10,24,0.10438999999999998
Lighter,ETH,2025-12-11,24,0.10511999999999999
Lighter,ETH,2025-12-12,24,0.11424499999999999
Lighter,ETH,2025-12-13,24,0.10511999999999999
Lighter,ETH,2025-12-14,24,0.10511999999999999
Lighter,ETH,2025-12-15,24,0.10475499999999999
Lighter,ETH,2025-12-16,24,0.038689999999999995
Lighter,ETH,2025-12-17,24,0.05767
Lighter,ETH,2025-12-18,24,0.039784999999999994
Lighter,ETH,2025-12-19,24,0.0876
Lighter,ETH,2025-12-20,24,0.047084999999999995
Lighter,ETH,2025-12-21,24,0.099645
Lighter,ETH,2025-12-22,24,0.07665
Lighter,ETH,2025-12-23,24,0.057304999999999995
Lighter,ETH,2025-12-24,24,0.07628499999999999
Lighter,ETH,2025-12-25,24,0.08869499999999998
Lighter,ETH,2025-12-26,24,0.07373
Lighter,ETH,2025-12-27,24,0.09526499999999999
Lighter,ETH,2025-12-28,24,0.08869499999999998
Lighter,ETH,2025-12-29,24,0.04963999999999999
Lighter,ETH,2025-12-30,24,0.07373
Lighter,ETH,2025-12-31,24,0.10511999999999999
Lighter,ETH,2026-01-01,24,0.10511999999999999
Lighter,ETH,2026-01-02,24,0.10292999999999998
Lighter,ETH,2026-01-03,24,0.10511999999999999
Lighter,ETH,2026-01-04,24,0.10511999999999999
Lighter,ETH,2026-01-05,24,0.08979
Lighter,ETH,2026-01-06,24,0.10402499999999999
Lighter,ETH,2026-01-07,24,0.05037
Lighter,ETH,2026-01-08,24,0.03248499999999999
Lighter,ETH,2026-01-09,24,0.101835
Lighter,ETH,2026-01-10,24,0.033944999999999996
Lighter,ETH,2026-01-11,24,0.094535
Lighter,ETH,2026-01-12,24,0.10511999999999999
Lighter,ETH,2026-01-13,24,0.10511999999999999
Lighter,ETH,2026-01-14,24,0.10511999999999999
Lighter,ETH,2026-01-15,24,0.10511999999999999
Lighter,ETH,2026-01-16,24,0.10511999999999999
Lighter,ETH,2026-01-17,24,0.10511999999999999
Lighter,ETH,2026-01-18,24,0.10511999999999999
Lighter,ETH,2026-01-19,24,0.102565
Lighter,ETH,2026-01-20,24,0.03723
Lighter,ETH,2026-01-21,24,-0.024090000000000004
Lighter,ETH,2026-01-22,24,0.10511999999999999
Lighter,ETH,2026-01-23,24,0.064605
Lighter,ETH,2026-01-24,24,-0.022265000000000004
Lighter,ETH,2026-01-25,24,0.001825
Lighter,ETH,2026-01-26,24,0.030659999999999996
Lighter,ETH,2026-01-27,24,0.10439
Lighter,ETH,2026-01-28,24,0.10000999999999999
Lighter,ETH,2026-01-29,24,-0.012410000000000003
Lighter,ETH,2026-01-30,24,-0.055115000000000004
Lighter,ETH,2026-01-31,24,-0.010220000000000007
Lighter,ETH,2026-02-01,24,0.053655
Lighter,ETH,2026-02-02,24,0.023725
Lighter,ETH,2026-02-03,24,-0.12556
Lighter,ETH,2026-02-04,24,-0.09380500000000001
Lighter,ETH,2026-02-05,24,-0.10293000000000001
Lighter,ETH,2026-02-06,24,-0.05183000000000001
Lighter,ETH,2026-02-07,24,-0.04599
Lighter,ETH,2026-02-08,24,-0.026645000000000002
Lighter,ETH,2026-02-09,24,-0.006935000000000003
Lighter,ETH,2026-02-10,24,-0.055845000000000006
Lighter,ETH,2026-02-11,24,-0.060955
Lighter,ETH,2026-02-12,24,-0.010950000000000001
Lighter,ETH,2026-02-13,24,0.02993
Lighter,ETH,2026-02-14,24,0.10511999999999999
Lighter,ETH,2026-02-15,24,0.087965
Lighter,ETH,2026-02-16,24,0.04818
Lighter,ETH,2026-02-17,24,0.06314499999999999
Lighter,ETH,2026-02-18,24,0.009854999999999997
Lighter,ETH,2026-02-19,24,-0.037230000000000006
Lighter,ETH,2026-02-20,24,-0.09855000000000001
Lighter,ETH,2026-02-21,24,0.02044
Lighter,ETH,2026-02-22,24,-0.032850000000000004
Lighter,ETH,2026-02-23,24,-0.08249
Lighter,ETH,2026-02-24,24,-0.07044500000000001
Lighter,ETH,2026-02-25,24,0.082855
Lighter,ETH,2026-02-26,24,0.101105
Lighter,ETH,2026-02-27,24,0.0021899999999999992
Lighter,ETH,2026-02-28,24,-0.0010950000000000044
Lighter,ETH,2026-03-01,24,0.08686999999999999
Lighter,ETH,2026-03-02,24,-0.014235000000000003
Lighter,ETH,2026-03-03,24,0.03723
Lighter,ETH,2026-03-04,24,0.09271
Lighter,ETH,2026-03-05,24,0.09818499999999998
Lighter,ETH,2026-03-06,24,0.046720000000000005
Lighter,ETH,2026-03-07,24,-0.005475000000000001
Lighter,ETH,2026-03-08,24,-0.06716000000000001
Lighter,ETH,2026-03-09,24,0.039055
Lighter,ETH,2026-03-10,24,0.09125
Lighter,ETH,2026-03-11,24,0.060955
Lighter,ETH,2026-03-12,24,0.052925
Lighter,ETH,2026-03-13,24,0.08322
Lighter,ETH,2026-03-14,24,-0.041975000000000005
Lighter,ETH,2026-03-15,24,0.04891
Lighter,ETH,2026-03-16,24,-0.020805
Lighter,ETH,2026-03-17,24,0.016790000000000003
Lighter,ETH,2026-03-18,24,0.05986
Lighter,ETH,2026-03-19,24,-0.011680000000000001
Lighter,ETH,2026-03-20,24,-0.017520000000000004
Lighter,ETH,2026-03-21,24,0.04526
Lighter,ETH,2026-03-22,24,-0.040515
Lighter,ETH,2026-03-23,24,-0.101105
Lighter,ETH,2026-03-24,24,-0.063875
Lighter,ETH,2026-03-25,24,-0.019345
Lighter,ETH,2026-03-26,24,-0.045625
Lighter,ETH,2026-03-27,24,-0.074825
Lighter,ETH,2026-03-28,24,-0.007300000000000002
Lighter,ETH,2026-03-29,24,-0.067525
Lighter,ETH,2026-03-30,24,-0.015330000000000002
Lighter,ETH,2026-03-31,24,0.059129999999999995
Lighter,ETH,2026-04-01,24,0.08942499999999999
Lighter,ETH,2026-04-02,24,0.044165
Lighter,ETH,2026-04-03,24,0.06497
Lighter,ETH,2026-04-04,24,0.06424
Lighter,ETH,2026-04-05,24,-0.012775
Lighter,ETH,2026-04-06,24,0.036865
Lighter,ETH,2026-04-07,24,0.07956999999999999
Lighter,ETH,2026-04-08,24,0.101835
Lighter,ETH,2026-04-09,24,0.08577499999999999
Lighter,ETH,2026-04-10,24,0.08614
Lighter,ETH,2026-04-11,24,0.08467999999999999
Lighter,ETH,2026-04-12,24,0.044895
Lighter,ETH,2026-04-13,24,0.053290000000000004
Lighter,ETH,2026-04-14,24,0.050735
Lighter,ETH,2026-04-15,24,0.008395
Lighter,ETH,2026-04-16,24,0.005475
Lighter,ETH,2026-04-17,24,0.021535000000000002
Lighter,ETH,2026-04-18,24,0.03796
Lighter,ETH,2026-04-19,24,-0.15330000000000002
Lighter,ETH,2026-04-20,24,-0.010220000000000002
Lighter,ETH,2026-04-21,24,-0.068985
Lighter,ETH,2026-04-22,24,0.00511
Lighter,ETH,2026-04-23,24,-0.010585000000000002
Lighter,ETH,2026-04-24,24,-0.030295000000000002
Lighter,ETH,2026-04-25,24,-0.008395000000000001
Lighter,ETH,2026-04-26,24,0.010219999999999998
Lighter,ETH,2026-04-27,24,-0.048545000000000005
Lighter,ETH,2026-04-28,24,-0.07008
Lighter,ETH,2026-04-29,24,0.043435
Lighter,ETH,2026-04-30,24,-0.027375
Lighter,ETH,2026-05-01,24,0.029564999999999998
Lighter,ETH,2026-05-02,24,0.04161
Lighter,ETH,2026-05-03,24,0.028105
Lighter,ETH,2026-05-04,24,0.037594999999999996
Lighter,ETH,2026-05-05,24,0.002919999999999999
Lighter,ETH,2026-05-06,24,0.035039999999999995
Lighter,ETH,2026-05-07,24,0.002190000000000001
Lighter,ETH,2026-05-08,24,0.028835
Lighter,ETH,2026-05-09,24,0.0949
Lighter,ETH,2026-05-10,24,0.07665
Lighter,ETH,2026-05-11,24,0.05986
Lighter,ETH,2026-05-12,24,0.06497
Lighter,ETH,2026-05-13,24,0.06679500000000001
Lighter,ETH,2026-05-14,24,0.059495
Lighter,ETH,2026-05-15,24,0.024455
Lighter,ETH,2026-05-16,24,0.07081
Lighter,ETH,2026-05-17,17,0.06492705882352942
Lighter,SOL,2025-01-17,16,-0.007665000000000001
Lighter,SOL,2025-01-18,24,-0.36062
Lighter,SOL,2025-01-19,24,-0.42997
Lighter,SOL,2025-01-20,24,-0.7913199999999999
Lighter,SOL,2025-01-21,24,-0.392375
Lighter,SOL,2025-01-22,24,-0.08905999999999997
Lighter,SOL,2025-01-23,24,0.365
Lighter,SOL,2025-01-24,24,-0.33470500000000003
Lighter,SOL,2025-01-25,24,-0.4234
Lighter,SOL,2025-01-26,24,-0.404785
Lighter,SOL,2025-01-27,24,-0.49567
Lighter,SOL,2025-01-28,24,-0.31024999999999997
Lighter,SOL,2025-01-29,24,-0.37667999999999996
Lighter,SOL,2025-01-30,24,-0.18833999999999998
Lighter,SOL,2025-01-31,24,-0.25185
Lighter,SOL,2025-02-01,24,-0.33397499999999997
Lighter,SOL,2025-02-02,24,-0.46063000000000004
Lighter,SOL,2025-02-03,24,-0.53071
Lighter,SOL,2025-02-04,24,-0.13103499999999998
Lighter,SOL,2025-02-05,24,0.110595
Lighter,SOL,2025-02-06,24,0.11242
Lighter,SOL,2025-02-07,24,0.119355
Lighter,SOL,2025-02-08,24,0.107675
Lighter,SOL,2025-02-09,24,0.07738
Lighter,SOL,2025-02-10,24,0.08614000000000001
Lighter,SOL,2025-02-11,24,0.11899
Lighter,SOL,2025-02-12,24,0.12957500000000002
Lighter,SOL,2025-02-13,24,0.11096
Lighter,SOL,2025-02-14,24,0.119355
Lighter,SOL,2025-02-15,24,0.085045
Lighter,SOL,2025-02-16,24,0.07154
Lighter,SOL,2025-02-17,24,0.11169000000000001
Lighter,SOL,2025-02-18,24,0.12629
Lighter,SOL,2025-02-19,24,0.120085
Lighter,SOL,2025-02-20,24,0.1095
Lighter,SOL,2025-02-21,24,0.099645
Lighter,SOL,2025-02-22,24,0.11169000000000001
Lighter,SOL,2025-02-23,24,0.118625
Lighter,SOL,2025-02-24,24,0.109135
Lighter,SOL,2025-02-25,24,0.136875
Lighter,SOL,2025-02-26,24,0.11534
Lighter,SOL,2025-02-27,24,0.120085
Lighter,SOL,2025-02-28,24,0.13651
Lighter,SOL,2025-03-01,24,0.085775
Lighter,SOL,2025-03-02,24,0.0511
Lighter,SOL,2025-03-03,24,0.10074
Lighter,SOL,2025-03-04,24,0.125925
Lighter,SOL,2025-03-05,24,0.11315000000000001
Lighter,SOL,2025-03-06,24,0.09891499999999999
Lighter,SOL,2025-03-07,24,0.14892
Lighter,SOL,2025-03-08,24,0.07154
Lighter,SOL,2025-03-09,24,0.05365500000000001
Lighter,SOL,2025-03-10,24,0.10147
Lighter,SOL,2025-03-11,24,0.11315000000000001
Lighter,SOL,2025-03-12,24,0.030295
Lighter,SOL,2025-03-13,24,-0.11351499999999999
Lighter,SOL,2025-03-14,24,-0.0029199999999999955
Lighter,SOL,2025-03-15,24,0.060225
Lighter,SOL,2025-03-16,24,0.044895
Lighter,SOL,2025-03-17,24,0.07446
Lighter,SOL,2025-03-18,24,0.049275000000000006
Lighter,SOL,2025-03-19,24,0.08906000000000001
Lighter,SOL,2025-03-20,24,0.051100000000000007
Lighter,SOL,2025-03-21,24,0.09709000000000001
Lighter,SOL,2025-03-22,24,0.061685
Lighter,SOL,2025-03-23,24,0.074825
Lighter,SOL,2025-03-24,24,0.07665000000000001
Lighter,SOL,2025-03-25,24,0.054384999999999996
Lighter,SOL,2025-03-26,24,0.0438
Lighter,SOL,2025-03-27,24,0.10511999999999999
Lighter,SOL,2025-03-28,24,0.10511999999999999
Lighter,SOL,2025-03-29,24,0.10511999999999999
Lighter,SOL,2025-03-30,24,0.10074
Lighter,SOL,2025-03-31,24,0.10511999999999999
Lighter,SOL,2025-04-01,24,0.07518999999999999
Lighter,SOL,2025-04-02,24,-0.016790000000000003
Lighter,SOL,2025-04-03,24,-0.20659000000000002
Lighter,SOL,2025-04-04,24,0.007664999999999998
Lighter,SOL,2025-04-05,24,0.036865
Lighter,SOL,2025-04-06,24,0.03358
Lighter,SOL,2025-04-07,24,-0.016790000000000003
Lighter,SOL,2025-04-08,24,-0.15403
Lighter,SOL,2025-04-09,24,-0.13213
Lighter,SOL,2025-04-10,24,-0.014600000000000002
Lighter,SOL,2025-04-11,24,0.03285
Lighter,SOL,2025-04-12,24,-0.034675000000000004
Lighter,SOL,2025-04-13,24,0.09562999999999999
Lighter,SOL,2025-04-14,24,-0.012045
Lighter,SOL,2025-04-15,24,-0.05438500000000001
Lighter,SOL,2025-04-16,24,0.031024999999999997
Lighter,SOL,2025-04-17,24,-0.10110500000000001
Lighter,SOL,2025-04-18,24,0.10511999999999999
Lighter,SOL,2025-04-19,24,0.013504999999999996
Lighter,SOL,2025-04-20,24,-0.05767
Lighter,SOL,2025-04-21,24,-0.080665
Lighter,SOL,2025-04-22,24,0.040515
Lighter,SOL,2025-04-23,24,0.07372999999999999
Lighter,SOL,2025-04-24,24,0.10511999999999999
Lighter,SOL,2025-04-25,24,0.10511999999999999
Lighter,SOL,2025-04-26,24,0.091615
Lighter,SOL,2025-04-27,24,0.10000999999999999
Lighter,SOL,2025-04-28,24,0.020439999999999996
Lighter,SOL,2025-04-29,24,0.071905
Lighter,SOL,2025-04-30,24,0.05657499999999999
Lighter,SOL,2025-05-01,24,0.0657
Lighter,SOL,2025-05-02,24,-0.073365
Lighter,SOL,2025-05-03,24,0.017884999999999998
Lighter,SOL,2025-05-04,24,-0.046355
Lighter,SOL,2025-05-05,24,0.01095
Lighter,SOL,2025-05-06,24,0.059129999999999995
Lighter,SOL,2025-05-07,24,-0.051100000000000007
Lighter,SOL,2025-05-08,24,0.090885
Lighter,SOL,2025-05-09,24,0.118625
Lighter,SOL,2025-05-10,24,0.10511999999999999
Lighter,SOL,2025-05-11,24,0.10767499999999998
Lighter,SOL,2025-05-12,24,0.11169
Lighter,SOL,2025-05-13,24,0.13286
Lighter,SOL,2025-05-14,24,0.12446499999999999
Lighter,SOL,2025-05-15,24,0.06168499999999999
Lighter,SOL,2025-05-16,24,0.10511999999999999
Lighter,SOL,2025-05-17,24,0.076285
Lighter,SOL,2025-05-18,24,0.10511999999999999
Lighter,SOL,2025-05-19,24,0.09380499999999999
Lighter,SOL,2025-05-20,24,0.10511999999999999
Lighter,SOL,2025-05-21,24,0.17009
Lighter,SOL,2025-05-22,24,0.15403
Lighter,SOL,2025-05-23,24,0.28178
Lighter,SOL,2025-05-24,24,0.10511999999999999
Lighter,SOL,2025-05-25,24,0.003649999999999997
Lighter,SOL,2025-05-26,24,-0.15549
Lighter,SOL,2025-05-27,24,-0.023360000000000006
Lighter,SOL,2025-05-28,24,0.05767
Lighter,SOL,2025-05-29,24,0.09709
Lighter,SOL,2025-05-30,24,0.051465000000000004
Lighter,SOL,2025-05-31,24,0.09526499999999999
Lighter,SOL,2025-06-01,24,0.017519999999999997
Lighter,SOL,2025-06-02,24,0.10511999999999999
Lighter,SOL,2025-06-03,24,0.016059999999999994
Lighter,SOL,2025-06-04,24,-0.296015
Lighter,SOL,2025-06-05,24,0.10000999999999999
Lighter,SOL,2025-06-06,24,0.03467499999999999
Lighter,SOL,2025-06-07,24,-0.1825
Lighter,SOL,2025-06-08,24,-0.366825
Lighter,SOL,2025-06-09,24,-0.10804000000000001
Lighter,SOL,2025-06-10,24,0.026645
Lighter,SOL,2025-06-11,24,0.29054
Lighter,SOL,2025-06-12,24,0.10511999999999999
Lighter,SOL,2025-06-13,24,-0.08541
Lighter,SOL,2025-06-14,24,-0.075555
Lighter,SOL,2025-06-15,24,-0.06497000000000001
Lighter,SOL,2025-06-16,24,0.10329499999999998
Lighter,SOL,2025-06-17,24,0.013504999999999994
Lighter,SOL,2025-06-18,24,0.08467999999999999
Lighter,SOL,2025-06-19,24,0.03832499999999999
Lighter,SOL,2025-06-20,24,0.041245
Lighter,SOL,2025-06-21,24,-0.10694500000000001
Lighter,SOL,2025-06-22,24,-0.09891500000000002
Lighter,SOL,2025-06-23,24,-0.0007300000000000072
Lighter,SOL,2025-06-24,24,0.07263499999999999
Lighter,SOL,2025-06-25,24,0.09051999999999999
Lighter,SOL,2025-06-26,24,-0.097455
Lighter,SOL,2025-06-27,24,-0.13797
Lighter,SOL,2025-06-28,24,0.04087999999999999
Lighter,SOL,2025-06-29,24,0.10511999999999999
Lighter,SOL,2025-06-30,24,0.10511999999999999
Lighter,SOL,2025-07-01,24,0.09891499999999999
Lighter,SOL,2025-07-02,24,-0.006570000000000002
Lighter,SOL,2025-07-03,24,0.052559999999999996
Lighter,SOL,2025-07-04,24,-0.011680000000000003
Lighter,SOL,2025-07-05,24,0.08979
Lighter,SOL,2025-07-06,24,0.08322
Lighter,SOL,2025-07-07,24,-0.023360000000000006
Lighter,SOL,2025-07-08,24,-0.27448
Lighter,SOL,2025-07-09,24,0.054384999999999996
Lighter,SOL,2025-07-10,24,0.10511999999999999
Lighter,SOL,2025-07-11,24,0.11935499999999999
Lighter,SOL,2025-07-12,24,0.19235500000000003
Lighter,SOL,2025-07-13,24,0.19053
Lighter,SOL,2025-07-14,24,0.11789499999999999
Lighter,SOL,2025-07-15,24,0.11972
Lighter,SOL,2025-07-16,24,0.22702999999999998
Lighter,SOL,2025-07-17,24,0.306965
Lighter,SOL,2025-07-18,24,0.31061500000000003
Lighter,SOL,2025-07-19,24,0.10511999999999999
Lighter,SOL,2025-07-20,24,0.10876999999999999
Lighter,SOL,2025-07-21,24,0.27886
Lighter,SOL,2025-07-22,24,0.393105
Lighter,SOL,2025-07-23,24,0.33434
Lighter,SOL,2025-07-24,24,0.160965
Lighter,SOL,2025-07-25,24,0.123735
Lighter,SOL,2025-07-26,24,0.165345
Lighter,SOL,2025-07-27,24,0.23944
Lighter,SOL,2025-07-28,24,0.17337499999999997
Lighter,SOL,2025-07-29,24,0.07811
Lighter,SOL,2025-07-30,24,0.10511999999999999
Lighter,SOL,2025-07-31,24,0.09161499999999999
Lighter,SOL,2025-08-01,24,0.006569999999999999
Lighter,SOL,2025-08-02,24,0.071175
Lighter,SOL,2025-08-03,24,0.05474999999999999
Lighter,SOL,2025-08-04,24,0.07628499999999999
Lighter,SOL,2025-08-05,24,0.09271
Lighter,SOL,2025-08-06,24,0.10292999999999998
Lighter,SOL,2025-08-07,24,0.057304999999999995
Lighter,SOL,2025-08-08,24,0.093075
Lighter,SOL,2025-08-09,24,0.1022
Lighter,SOL,2025-08-10,24,0.116435
Lighter,SOL,2025-08-11,24,0.10767499999999998
Lighter,SOL,2025-08-12,24,0.11898999999999998
Lighter,SOL,2025-08-13,24,0.492385
Lighter,SOL,2025-08-14,24,0.48691
Lighter,SOL,2025-08-15,24,0.106945
Lighter,SOL,2025-08-16,24,0.10511999999999999
Lighter,SOL,2025-08-17,24,0.10511999999999999
Lighter,SOL,2025-08-18,24,0.09636
Lighter,SOL,2025-08-19,24,0.08979
Lighter,SOL,2025-08-20,24,0.10475499999999999
Lighter,SOL,2025-08-21,24,-0.017155000000000004
Lighter,SOL,2025-08-22,24,0.13359000000000001
Lighter,SOL,2025-08-23,24,0.24528000000000003
Lighter,SOL,2025-08-24,24,0.33799
Lighter,SOL,2025-08-25,24,0.09709
Lighter,SOL,2025-08-26,24,0.101835
Lighter,SOL,2025-08-27,24,0.134685
Lighter,SOL,2025-08-28,24,0.10365999999999999
Lighter,SOL,2025-08-29,24,0.101105
Lighter,SOL,2025-08-30,24,0.10511999999999999
Lighter,SOL,2025-08-31,24,0.10511999999999999
Lighter,SOL,2025-09-01,24,0.10511999999999999
Lighter,SOL,2025-09-02,24,0.10511999999999999
Lighter,SOL,2025-09-03,24,0.10511999999999999
Lighter,SOL,2025-09-04,24,0.10511999999999999
Lighter,SOL,2025-09-05,24,0.10511999999999999
Lighter,SOL,2025-09-06,24,0.10000999999999999
Lighter,SOL,2025-09-07,24,0.10511999999999999
Lighter,SOL,2025-09-08,24,0.10511999999999999
Lighter,SOL,2025-09-09,24,0.181405
Lighter,SOL,2025-09-10,24,0.11278499999999998
Lighter,SOL,2025-09-11,24,0.10511999999999999
Lighter,SOL,2025-09-12,24,0.10074
Lighter,SOL,2025-09-13,24,0.10511999999999999
Lighter,SOL,2025-09-14,24,0.09526499999999999
Lighter,SOL,2025-09-15,24,0.05036999999999999
Lighter,SOL,2025-09-16,24,0.144175
Lighter,SOL,2025-09-17,24,0.10511999999999999
Lighter,SOL,2025-09-18,24,0.10511999999999999
Lighter,SOL,2025-09-19,24,0.10511999999999999
Lighter,SOL,2025-09-20,24,0.10511999999999999
Lighter,SOL,2025-09-21,24,0.10876999999999999
Lighter,SOL,2025-09-22,24,0.10511999999999999
Lighter,SOL,2025-09-23,24,0.10511999999999999
Lighter,SOL,2025-09-24,24,0.08431499999999999
Lighter,SOL,2025-09-25,24,-0.11388
Lighter,SOL,2025-09-26,24,0.09197999999999999
Lighter,SOL,2025-09-27,24,-0.001095000000000003
Lighter,SOL,2025-09-28,24,0.020439999999999996
Lighter,SOL,2025-09-29,24,-0.05767000000000002
Lighter,SOL,2025-09-30,24,0.04307
Lighter,SOL,2025-10-01,24,0.08869499999999998
Lighter,SOL,2025-10-02,24,0.011314999999999992
Lighter,SOL,2025-10-03,24,0.048545
Lighter,SOL,2025-10-04,24,0.10292999999999998
Lighter,SOL,2025-10-05,24,0.08175999999999999
Lighter,SOL,2025-10-06,24,0.116435
Lighter,SOL,2025-10-07,24,0.1898
Lighter,SOL,2025-10-08,24,0.17337499999999997
Lighter,SOL,2025-10-09,24,0.10511999999999999
Lighter,SOL,2025-10-10,24,-0.958125
Lighter,SOL,2025-10-11,24,-1.12785
Lighter,SOL,2025-10-12,24,-0.45917
Lighter,SOL,2025-10-13,24,-0.132495
Lighter,SOL,2025-10-14,24,-0.12008500000000001
Lighter,SOL,2025-10-15,24,0.010219999999999995
Lighter,SOL,2025-10-16,24,-0.21462
Lighter,SOL,2025-10-17,24,-0.08066500000000001
Lighter,SOL,2025-10-18,24,-0.039055
Lighter,SOL,2025-10-19,24,0.0021899999999999936
Lighter,SOL,2025-10-20,24,-0.254405
Lighter,SOL,2025-10-21,24,-0.28543
Lighter,SOL,2025-10-22,24,-0.13432000000000002
Lighter,SOL,2025-10-23,24,-0.10001
Lighter,SOL,2025-10-24,24,0.04270499999999999
Lighter,SOL,2025-10-25,24,0.0876
Lighter,SOL,2025-10-26,24,0.05474999999999999
Lighter,SOL,2025-10-27,24,0.047084999999999995
Lighter,SOL,2025-10-28,24,0.087235
Lighter,SOL,2025-10-29,24,0.10074
Lighter,SOL,2025-10-30,24,0.077745
Lighter,SOL,2025-10-31,24,-0.034675000000000004
Lighter,SOL,2025-11-01,24,-0.109865
Lighter,SOL,2025-11-02,24,0.017154999999999997
Lighter,SOL,2025-11-03,24,-0.06643
Lighter,SOL,2025-11-04,24,-0.024820000000000005
Lighter,SOL,2025-11-05,24,-0.224475
Lighter,SOL,2025-11-06,24,-0.124465
Lighter,SOL,2025-11-07,24,-0.17958
Lighter,SOL,2025-11-08,24,-0.274115
Lighter,SOL,2025-11-09,24,-0.08504500000000002
Lighter,SOL,2025-11-10,24,-0.13432000000000002
Lighter,SOL,2025-11-11,24,-0.110595
Lighter,SOL,2025-11-12,24,-0.25112
Lighter,SOL,2025-11-13,24,-0.188705
Lighter,SOL,2025-11-14,24,-0.18103999999999998
Lighter,SOL,2025-11-15,24,0.031389999999999994
Lighter,SOL,2025-11-16,24,0.0021899999999999997
Lighter,SOL,2025-11-17,24,-0.10658000000000001
Lighter,SOL,2025-11-18,24,-0.22411000000000003
Lighter,SOL,2025-11-19,24,-0.15111
Lighter,SOL,2025-11-20,24,-0.067525
Lighter,SOL,2025-11-21,24,-0.14381
Lighter,SOL,2025-11-22,24,-0.12337
Lighter,SOL,2025-11-23,24,-0.03796
Lighter,SOL,2025-11-24,24,-0.031755000000000005
Lighter,SOL,2025-11-25,24,-0.073365
Lighter,SOL,2025-11-26,24,0.01934499999999999
Lighter,SOL,2025-11-27,24,0.005474999999999998
Lighter,SOL,2025-11-28,24,-0.154395
Lighter,SOL,2025-11-29,24,-0.03796
Lighter,SOL,2025-11-30,24,0.039055
Lighter,SOL,2025-12-01,24,-0.06314499999999999
Lighter,SOL,2025-12-02,24,0.050734999999999995
Lighter,SOL,2025-12-03,24,0.09015499999999999
Lighter,SOL,2025-12-04,24,0.025184999999999996
Lighter,SOL,2025-12-05,24,-0.061320000000000006
Lighter,SOL,2025-12-06,24,0.01679
Lighter,SOL,2025-12-07,24,0.019344999999999998
Lighter,SOL,2025-12-08,24,-0.013505000000000001
Lighter,SOL,2025-12-09,24,0.023724999999999996
Lighter,SOL,2025-12-10,24,0.03722999999999999
Lighter,SOL,2025-12-11,24,0.006204999999999994
Lighter,SOL,2025-12-12,24,0.070445
Lighter,SOL,2025-12-13,24,0.08394999999999998
Lighter,SOL,2025-12-14,24,-0.015330000000000002
Lighter,SOL,2025-12-15,24,-0.043435
Lighter,SOL,2025-12-16,24,0.02482
Lighter,SOL,2025-12-17,24,-0.069715
Lighter,SOL,2025-12-18,24,-0.085045
Lighter,SOL,2025-12-19,24,-0.020805000000000004
Lighter,SOL,2025-12-20,24,0.008394999999999998
Lighter,SOL,2025-12-21,24,-0.11497500000000001
Lighter,SOL,2025-12-22,24,-0.001460000000000007
Lighter,SOL,2025-12-23,24,-0.06424
Lighter,SOL,2025-12-24,24,0.015694999999999997
Lighter,SOL,2025-12-25,24,0.06862
Lighter,SOL,2025-12-26,24,-0.022265000000000004
Lighter,SOL,2025-12-27,24,0.090885
Lighter,SOL,2025-12-28,24,0.087965
Lighter,SOL,2025-12-29,24,0.09891499999999999
Lighter,SOL,2025-12-30,24,0.009489999999999998
Lighter,SOL,2025-12-31,24,0.099645
Lighter,SOL,2026-01-01,24,0.10511999999999999
Lighter,SOL,2026-01-02,24,0.08905999999999999
Lighter,SOL,2026-01-03,24,0.08212499999999999
Lighter,SOL,2026-01-04,24,0.06497
Lighter,SOL,2026-01-05,24,-0.03504
Lighter,SOL,2026-01-06,24,0.035405
Lighter,SOL,2026-01-07,24,-0.072635
Lighter,SOL,2026-01-08,24,-0.091615
Lighter,SOL,2026-01-09,24,0.058034999999999996
Lighter,SOL,2026-01-10,24,-0.043800000000000006
Lighter,SOL,2026-01-11,24,0.06095499999999999
Lighter,SOL,2026-01-12,24,0.03576999999999999
Lighter,SOL,2026-01-13,24,0.047814999999999996
Lighter,SOL,2026-01-14,24,0.10511999999999999
Lighter,SOL,2026-01-15,24,0.10000999999999999
Lighter,SOL,2026-01-16,24,0.09416999999999999
Lighter,SOL,2026-01-17,24,0.1022
Lighter,SOL,2026-01-18,24,0.06643
Lighter,SOL,2026-01-19,24,0.031024999999999997
Lighter,SOL,2026-01-20,24,-0.01752
Lighter,SOL,2026-01-21,24,-0.033944999999999996
Lighter,SOL,2026-01-22,24,-0.058765000000000005
Lighter,SOL,2026-01-23,24,-0.146365
Lighter,SOL,2026-01-24,24,-0.133225
Lighter,SOL,2026-01-25,24,-0.15403
Lighter,SOL,2026-01-26,24,-0.07738
Lighter,SOL,2026-01-27,24,-0.032850000000000004
Lighter,SOL,2026-01-28,24,0.01679
Lighter,SOL,2026-01-29,24,-0.271195
Lighter,SOL,2026-01-30,24,-0.20330499999999999
Lighter,SOL,2026-01-31,24,-0.37193499999999996
Lighter,SOL,2026-02-01,24,-0.219365
Lighter,SOL,2026-02-02,24,-0.09818500000000001
Lighter,SOL,2026-02-03,24,-0.25623
Lighter,SOL,2026-02-04,24,-0.328135
Lighter,SOL,2026-02-05,24,-0.20184500000000002
Lighter,SOL,2026-02-06,24,-0.934765
Lighter,SOL,2026-02-07,24,-0.21608000000000002
Lighter,SOL,2026-02-08,24,-0.18907
Lighter,SOL,2026-02-09,24,-0.07884000000000001
Lighter,SOL,2026-02-10,24,-0.007665000000000001
Lighter,SOL,2026-02-11,24,-0.13943
Lighter,SOL,2026-02-12,24,-0.015695
Lighter,SOL,2026-02-13,24,0.078475
Lighter,SOL,2026-02-14,24,0.101835
Lighter,SOL,2026-02-15,24,-0.038325
Lighter,SOL,2026-02-16,24,-0.10439
Lighter,SOL,2026-02-17,24,-0.138335
Lighter,SOL,2026-02-18,24,-0.063875
Lighter,SOL,2026-02-19,24,-0.094535
Lighter,SOL,2026-02-20,24,-0.155855
Lighter,SOL,2026-02-21,24,-0.17811999999999997
Lighter,SOL,2026-02-22,24,-0.21097
Lighter,SOL,2026-02-23,24,-0.067525
Lighter,SOL,2026-02-24,24,-0.049275000000000006
Lighter,SOL,2026-02-25,24,0.055115
Lighter,SOL,2026-02-26,24,0.028104999999999995
Lighter,SOL,2026-02-27,24,-0.02482000000000001
Lighter,SOL,2026-02-28,24,-0.14563500000000001
Lighter,SOL,2026-03-01,24,0.079205
Lighter,SOL,2026-03-02,24,-0.03285
Lighter,SOL,2026-03-03,24,-0.086505
Lighter,SOL,2026-03-04,24,0.05329
Lighter,SOL,2026-03-05,24,0.04927499999999999
Lighter,SOL,2026-03-06,24,-0.12483
Lighter,SOL,2026-03-07,24,-0.016425
Lighter,SOL,2026-03-08,24,-0.15111
Lighter,SOL,2026-03-09,24,-0.014600000000000002
Lighter,SOL,2026-03-10,24,0.08540999999999999
Lighter,SOL,2026-03-11,24,0.057304999999999995
Lighter,SOL,2026-03-12,24,-0.004745000000000002
Lighter,SOL,2026-03-13,24,0.0438
Lighter,SOL,2026-03-14,24,-0.052195
Lighter,SOL,2026-03-15,24,0.06351
Lighter,SOL,2026-03-16,24,0.045259999999999995
Lighter,SOL,2026-03-17,24,-0.044895
Lighter,SOL,2026-03-18,24,0.053655
Lighter,SOL,2026-03-19,24,0.033945
Lighter,SOL,2026-03-20,24,-0.06205
Lighter,SOL,2026-03-21,24,-0.07446000000000001
Lighter,SOL,2026-03-22,24,-0.14563500000000001
Lighter,SOL,2026-03-23,24,-0.09636
Lighter,SOL,2026-03-24,24,-0.067525
Lighter,SOL,2026-03-25,24,0.047084999999999995
Lighter,SOL,2026-03-26,24,-0.11096
Lighter,SOL,2026-03-27,24,-0.125195
Lighter,SOL,2026-03-28,24,0.10402499999999999
Lighter,SOL,2026-03-29,24,-0.15403
Lighter,SOL,2026-03-30,24,-0.134685
Lighter,SOL,2026-03-31,24,-0.065335
Lighter,SOL,2026-04-01,24,0.046720000000000005
Lighter,SOL,2026-04-02,24,0.054384999999999996
Lighter,SOL,2026-04-03,24,0.09709000000000001
Lighter,SOL,2026-04-04,24,0.02482
Lighter,SOL,2026-04-05,24,-0.104755
Lighter,SOL,2026-04-06,24,0.04745
Lighter,SOL,2026-04-07,24,-0.014234999999999998
Lighter,SOL,2026-04-08,24,0.10512
Lighter,SOL,2026-04-09,24,0.09928
Lighter,SOL,2026-04-10,24,0.10512
Lighter,SOL,2026-04-11,24,0.10512
Lighter,SOL,2026-04-12,24,0.09344000000000001
Lighter,SOL,2026-04-13,24,0.07154
Lighter,SOL,2026-04-14,24,0.06643
Lighter,SOL,2026-04-15,24,0.020440000000000003
Lighter,SOL,2026-04-16,24,0.010585000000000002
Lighter,SOL,2026-04-17,24,0.020805
Lighter,SOL,2026-04-18,24,-0.007664999999999999
Lighter,SOL,2026-04-19,24,0.069715
Lighter,SOL,2026-04-20,24,0.10439
Lighter,SOL,2026-04-21,24,0.09818500000000001
Lighter,SOL,2026-04-22,24,0.097455
Lighter,SOL,2026-04-23,24,0.04161
Lighter,SOL,2026-04-24,24,-0.027375
Lighter,SOL,2026-04-25,24,0.03285
Lighter,SOL,2026-04-26,24,0.053655
Lighter,SOL,2026-04-27,24,-0.020805
Lighter,SOL,2026-04-28,24,-0.12994
Lighter,SOL,2026-04-29,24,-0.01387
Lighter,SOL,2026-04-30,24,0.054020000000000006
Lighter,SOL,2026-05-01,24,0.059129999999999995
Lighter,SOL,2026-05-02,24,0.04161
Lighter,SOL,2026-05-03,24,0.00219
Lighter,SOL,2026-05-04,24,0.09052
Lighter,SOL,2026-05-05,24,0.020075000000000003
Lighter,SOL,2026-05-06,24,0.10512
Lighter,SOL,2026-05-07,24,0.085775
Lighter,SOL,2026-05-08,24,0.095265
Lighter,SOL,2026-05-09,24,0.0803
Lighter,SOL,2026-05-10,24,0.008395000000000001
Lighter,SOL,2026-05-11,24,0.08395000000000001
Lighter,SOL,2026-05-12,24,0.039055
Lighter,SOL,2026-05-13,24,-0.05475
Lighter,SOL,2026-05-14,24,0.023360000000000002
Lighter,SOL,2026-05-15,24,0.07008
Lighter,SOL,2026-05-16,24,-0.0365
Lighter,SOL,2026-05-17,17,-0.1561341176470588
OKX,BTC,2025-09-10,3,0.1095
OKX,BTC,2025-09-11,3,0.0367743631012675
OKX,BTC,2025-09-12,3,0.08215437997420001
OKX,BTC,2025-09-13,3,0.07719819797818502
OKX,BTC,2025-09-14,3,0.1095
OKX,BTC,2025-09-15,3,0.06485698832941551
OKX,BTC,2025-09-16,3,0.0335185568677245
OKX,BTC,2025-09-17,3,0.0769148294481435
OKX,BTC,2025-09-18,3,0.105459174679916
OKX,BTC,2025-09-19,3,0.06301229493027251
OKX,BTC,2025-09-20,3,-0.0015563990125504997
OKX,BTC,2025-09-21,3,-0.0021474155073779974
OKX,BTC,2025-09-22,3,-0.002234126299816499
OKX,BTC,2025-09-23,3,0.039932089020350996
OKX,BTC,2025-09-24,3,0.0205648204902535
OKX,BTC,2025-09-25,3,0.011392026973167999
OKX,BTC,2025-09-26,3,0.035391575713107006
OKX,BTC,2025-09-27,3,0.001813835018832502
OKX,BTC,2025-09-28,3,0.0169386278619205
OKX,BTC,2025-09-29,3,0.010496585538488997
OKX,BTC,2025-09-30,3,0.0659291149091635
OKX,BTC,2025-10-01,3,0.059923041084609496
OKX,BTC,2025-10-02,3,0.1095
OKX,BTC,2025-10-03,3,0.07925083599744802
OKX,BTC,2025-10-04,3,0.08764248751256
OKX,BTC,2025-10-05,3,0.09657738664674652
OKX,BTC,2025-10-06,3,0.09579493134378451
OKX,BTC,2025-10-07,3,0.08867375689265351
OKX,BTC,2025-10-08,3,0.058524737366869
OKX,BTC,2025-10-09,3,0.029465525880334503
OKX,BTC,2025-10-10,3,0.09110061032092
OKX,BTC,2025-10-11,3,-0.11136076144074997
OKX,BTC,2025-10-12,3,0.076357551880083
OKX,BTC,2025-10-13,3,0.0476515209005495
OKX,BTC,2025-10-14,3,0.0429892917830875
OKX,BTC,2025-10-15,3,0.066766382927557
OKX,BTC,2025-10-16,3,-0.0094472194612425
OKX,BTC,2025-10-17,3,0.0269254809994925
OKX,BTC,2025-10-18,3,-0.033387403734708
OKX,BTC,2025-10-19,3,-0.025792899600231997
OKX,BTC,2025-10-20,3,0.0172439497484285
OKX,BTC,2025-10-21,3,0.046543338800975
OKX,BTC,2025-10-22,3,0.032365173198846506
OKX,BTC,2025-10-23,3,0.061013052803605
OKX,BTC,2025-10-24,3,0.020794508885518998
OKX,BTC,2025-10-25,3,0.011881980717366
OKX,BTC,2025-10-26,3,0.024152441903931
OKX,BTC,2025-10-27,3,0.074055821709351
OKX,BTC,2025-10-28,3,0.078335665252955
OKX,BTC,2025-10-29,3,0.004481123454692004
OKX,BTC,2025-10-30,3,0.008324130505000001
OKX,BTC,2025-10-31,3,0.0080852264189875
OKX,BTC,2025-11-01,3,0.017244998017697497
OKX,BTC,2025-11-02,3,0.0521454350484895
OKX,BTC,2025-11-03,3,0.0531033351092825
OKX,BTC,2025-11-04,3,0.060276054697733
OKX,BTC,2025-11-05,3,0.07093273136913601
OKX,BTC,2025-11-06,3,0.0588128655626835
OKX,BTC,2025-11-07,3,0.064854670098893
OKX,BTC,2025-11-08,3,0.054880722630883
OKX,BTC,2025-11-09,3,0.0353331804604795
OKX,BTC,2025-11-10,3,0.057571523933086004
OKX,BTC,2025-11-11,3,0.045060184216843
OKX,BTC,2025-11-12,3,0.047219348631293505
OKX,BTC,2025-11-13,3,0.03374300372348701
OKX,BTC,2025-11-14,3,0.0408482975127325
OKX,BTC,2025-11-15,3,0.028490044552831505
OKX,BTC,2025-11-16,3,0.0429643658829
OKX,BTC,2025-11-17,3,0.0901500626422625
OKX,BTC,2025-11-18,3,0.082117631381314
OKX,BTC,2025-11-19,3,0.035905576015807995
OKX,BTC,2025-11-20,3,0.0947393074696895
OKX,BTC,2025-11-21,3,0.0327858366122225
OKX,BTC,2025-11-22,3,0.020673455494821
OKX,BTC,2025-11-23,3,0.0038349713940854994
OKX,BTC,2025-11-24,3,0.0040287413221335
OKX,BTC,2025-11-25,3,-0.0197668146237045
OKX,BTC,2025-11-26,3,0.01015189026927
OKX,BTC,2025-11-27,3,-0.0221911340800225
OKX,BTC,2025-11-28,3,-0.003998942256247501
OKX,BTC,2025-11-29,3,0.0039369179431225
OKX,BTC,2025-11-30,3,0.033618036000884
OKX,BTC,2025-12-01,3,0.025291996513326004
OKX,BTC,2025-12-02,3,-0.0314600279690675
OKX,BTC,2025-12-03,3,0.027791315457310003
OKX,BTC,2025-12-04,3,0.017230105798369002
OKX,BTC,2025-12-05,3,0.007816198215901
OKX,BTC,2025-12-06,3,-0.016307164768969002
OKX,BTC,2025-12-07,3,0.016022605360873503
OKX,BTC,2025-12-08,3,0.043031321963531995
OKX,BTC,2025-12-09,3,0.019346215642793
OKX,BTC,2025-12-10,3,0.020101072099723002
OKX,BTC,2025-12-11,3,-0.0029625890113949976
OKX,BTC,2025-12-12,3,0.058504020178204
OKX,BTC,2025-12-13,3,-0.0032512266605584975
OKX,BTC,2025-12-14,3,0.0279852309344005
OKX,BTC,2025-12-15,3,-0.0019788340482170003
OKX,BTC,2025-12-16,3,0.026279580649966997
OKX,BTC,2025-12-17,3,0.0371551980157685
OKX,BTC,2025-12-18,3,0.019465138997588997
OKX,BTC,2025-12-19,3,0.0513358022468815
OKX,BTC,2025-12-20,3,0.052378588650825
OKX,BTC,2025-12-21,3,0.09186563132869248
OKX,BTC,2025-12-22,3,0.074573406441846
OKX,BTC,2025-12-23,3,-0.004995234989537001
OKX,BTC,2025-12-24,3,0.022343772601472498
OKX,BTC,2025-12-25,3,0.0746778825404185
OKX,BTC,2025-12-26,3,0.079459651844609
OKX,BTC,2025-12-27,3,0.06483851332366901
OKX,BTC,2025-12-28,3,0.059006779791182
OKX,BTC,2025-12-29,3,0.04923927117035751
OKX,BTC,2025-12-30,3,0.0446325064968875
OKX,BTC,2025-12-31,3,0.050995987625715
OKX,BTC,2026-01-01,3,0.0163366044266185
OKX,BTC,2026-01-02,3,0.029109212586545998
OKX,BTC,2026-01-03,3,-0.0082107638151215
OKX,BTC,2026-01-04,3,0.0460164279919145
OKX,BTC,2026-01-05,3,0.0709649627934525
OKX,BTC,2026-01-06,3,0.0044246347348154995
OKX,BTC,2026-01-07,3,0.062471651592585505
OKX,BTC,2026-01-08,3,0.060171677264390995
OKX,BTC,2026-01-09,3,0.0044648329651125
OKX,BTC,2026-01-10,3,0.057984321106705004
OKX,BTC,2026-01-11,3,0.055773728965945006
OKX,BTC,2026-01-12,3,0.053315592102823
OKX,BTC,2026-01-13,3,0.065195852354218
OKX,BTC,2026-01-14,3,0.089658906423194
OKX,BTC,2026-01-15,3,0.029178576551555497
OKX,BTC,2026-01-16,3,0.058422894584339
OKX,BTC,2026-01-17,3,0.010138226343780497
OKX,BTC,2026-01-18,3,0.076647732775125
OKX,BTC,2026-01-19,3,0.0003878797254079994
OKX,BTC,2026-01-20,3,0.07374915597744999
OKX,BTC,2026-01-21,3,0.023088348286194504
OKX,BTC,2026-01-22,3,0.0205370364589165
OKX,BTC,2026-01-23,3,0.0471405708299945
OKX,BTC,2026-01-24,3,0.04821040293269
OKX,BTC,2026-01-25,3,0.030427369400507
OKX,BTC,2026-01-26,3,0.015543746002937502
OKX,BTC,2026-01-27,3,0.07192362165665099
OKX,BTC,2026-01-28,3,0.059612883993863
OKX,BTC,2026-01-29,3,0.049771823226552
OKX,BTC,2026-01-30,3,-0.024500103140921502
OKX,BTC,2026-01-31,3,0.068170350840383
OKX,BTC,2026-02-01,3,0.0155404397143855
OKX,BTC,2026-02-02,3,0.026846256210688996
OKX,BTC,2026-02-03,3,-0.014827024258915
OKX,BTC,2026-02-04,3,0.0481397366216925
OKX,BTC,2026-02-05,3,0.045552951123022496
OKX,BTC,2026-02-06,3,0.008922718994944
OKX,BTC,2026-02-07,3,0.029265498927777994
OKX,BTC,2026-02-08,3,0.0034109232356629993
OKX,BTC,2026-02-09,3,0.0620451867223335
OKX,BTC,2026-02-10,3,0.013622954443972999
OKX,BTC,2026-02-11,3,0.05683666939603849
OKX,BTC,2026-02-12,3,0.046556689322828
OKX,BTC,2026-02-13,3,0.066922153626938
OKX,BTC,2026-02-14,3,0.026349892596882
OKX,BTC,2026-02-15,3,0.0343893416440645
OKX,BTC,2026-02-16,3,0.0422509057525975
OKX,BTC,2026-02-17,3,0.036751880784720505
OKX,BTC,2026-02-18,3,0.0224821288180465
OKX,BTC,2026-02-19,3,0.028552192312898503
OKX,BTC,2026-02-20,3,0.062727055952694
OKX,BTC,2026-02-21,3,0.080409363069885
OKX,BTC,2026-02-22,3,0.0793740970936025
OKX,BTC,2026-02-23,3,-0.012047091051748504
OKX,BTC,2026-02-24,3,0.0156668302143615
OKX,BTC,2026-02-25,3,-0.0072433846343215
OKX,BTC,2026-02-26,3,0.080756003145317
OKX,BTC,2026-02-27,3,0.0373924235590165
OKX,BTC,2026-02-28,3,0.028399532536804998
OKX,BTC,2026-03-01,3,0.047035523753235
OKX,BTC,2026-03-02,3,0.004752352213031001
OKX,BTC,2026-03-03,3,0.007626306036830001
OKX,BTC,2026-03-04,3,-0.003109171438682999
OKX,BTC,2026-03-05,3,0.07725846982421951
OKX,BTC,2026-03-06,3,0.036479085064847004
OKX,BTC,2026-03-07,3,0.0035811510815994996
OKX,BTC,2026-03-08,3,-0.007109484727239
OKX,BTC,2026-03-09,3,-0.019281501420521503
OKX,BTC,2026-03-10,3,-0.0045154377640645
OKX,BTC,2026-03-11,3,-0.023116792103211502
OKX,BTC,2026-03-12,3,-0.031770789246941995
OKX,BTC,2026-03-13,3,0.018900181693857997
OKX,BTC,2026-03-14,3,-0.0366953203223785
OKX,BTC,2026-03-15,3,-0.014076831988247501
OKX,BTC,2026-03-16,3,0.031875237794256
OKX,BTC,2026-03-17,3,0.0349036910554685
OKX,BTC,2026-03-18,3,0.007856671994516501
OKX,BTC,2026-03-19,3,0.0158306792548535
OKX,BTC,2026-03-20,3,0.011741027002637495
OKX,BTC,2026-03-21,3,-0.0084816958149555
OKX,BTC,2026-03-22,3,-0.038899876345025
OKX,BTC,2026-03-23,3,-0.011566881189286502
OKX,BTC,2026-03-24,3,0.049670014283318
OKX,BTC,2026-03-25,3,0.0273109478792605
OKX,BTC,2026-03-26,3,0.0766219152276065
OKX,BTC,2026-03-27,3,0.0358485430737045
OKX,BTC,2026-03-28,3,-0.004468194362569001
OKX,BTC,2026-03-29,3,-0.0036008085804010016
OKX,BTC,2026-03-30,3,0.0409749378691515
OKX,BTC,2026-03-31,3,0.04901757916983399
OKX,BTC,2026-04-01,3,0.05626245259889601
OKX,BTC,2026-04-02,3,-0.019837897582348
OKX,BTC,2026-04-03,3,0.023552238066118
OKX,BTC,2026-04-04,3,0.007813609604438
OKX,BTC,2026-04-05,3,0.011158026499036999
OKX,BTC,2026-04-06,3,0.0737856016275265
OKX,BTC,2026-04-07,3,0.021876213029789
OKX,BTC,2026-04-08,3,0.1017888034935485
OKX,BTC,2026-04-09,3,0.0693271524101045
OKX,BTC,2026-04-10,3,0.022740954924894002
OKX,BTC,2026-04-11,3,0.036901771446119995
OKX,BTC,2026-04-12,3,0.0322758170420805
OKX,BTC,2026-04-13,3,0.0256174061093165
OKX,BTC,2026-04-14,3,0.0391172143513605
OKX,BTC,2026-04-15,3,-0.06627529351849
OKX,BTC,2026-04-16,3,-0.034927898793810495
OKX,BTC,2026-04-17,3,-0.029968081624935
OKX,BTC,2026-04-18,3,-0.0040936577285629995
OKX,BTC,2026-04-19,3,-0.050613304643579
OKX,BTC,2026-04-20,3,0.003969869991318999
OKX,BTC,2026-04-21,3,0.0017671054337865012
OKX,BTC,2026-04-22,3,-0.009517177812619
OKX,BTC,2026-04-23,3,-0.0542225417576615
OKX,BTC,2026-04-24,3,-0.026010744531744
OKX,BTC,2026-04-25,3,-0.043111686795781
OKX,BTC,2026-04-26,3,0.019648514889257
OKX,BTC,2026-04-27,3,-0.056715634025317506
OKX,BTC,2026-04-28,3,-0.0515488893071795
OKX,BTC,2026-04-29,3,0.005021056229140001
OKX,BTC,2026-04-30,3,-0.0284217932274325
OKX,BTC,2026-05-01,3,-0.021658090040474
OKX,BTC,2026-05-02,3,-0.012894273050674499
OKX,BTC,2026-05-03,3,0.004393798129784499
OKX,BTC,2026-05-04,3,0.017449266023076
OKX,BTC,2026-05-05,3,-0.013203847149988998
OKX,BTC,2026-05-06,3,-0.009450983765263
OKX,BTC,2026-05-07,3,0.016634415841570504
OKX,BTC,2026-05-08,3,0.010774953143633999
OKX,BTC,2026-05-09,3,0.0040773075295095
OKX,BTC,2026-05-10,3,0.038110172134106
OKX,BTC,2026-05-11,3,0.04947029547066
OKX,BTC,2026-05-12,3,-0.0341595880611495
OKX,BTC,2026-05-13,3,0.043866848024645
OKX,BTC,2026-05-14,3,0.04197355804713301
OKX,BTC,2026-05-15,3,0.0250855794294845
OKX,BTC,2026-05-16,3,0.0889192189402725
OKX,BTC,2026-05-17,3,0.013498173927862499
OKX,ETH,2025-09-10,3,0.054985275907829506
OKX,ETH,2025-09-11,3,0.1095
OKX,ETH,2025-09-12,3,0.1095
OKX,ETH,2025-09-13,3,0.1095
OKX,ETH,2025-09-14,3,0.1095
OKX,ETH,2025-09-15,3,0.1095
OKX,ETH,2025-09-16,3,0.0319355305914
OKX,ETH,2025-09-17,3,-0.017436931903364
OKX,ETH,2025-09-18,3,0.0124736091757195
OKX,ETH,2025-09-19,3,0.020540180742948503
OKX,ETH,2025-09-20,3,0.0014723118354765016
OKX,ETH,2025-09-21,3,0.0320235140007955
OKX,ETH,2025-09-22,3,-0.0904021848064105
OKX,ETH,2025-09-23,3,-0.07019623748948449
OKX,ETH,2025-09-24,3,-0.030828355435758
OKX,ETH,2025-09-25,3,-0.0916020950723735
OKX,ETH,2025-09-26,3,-0.070757818500401
OKX,ETH,2025-09-27,3,-0.011036424165566999
OKX,ETH,2025-09-28,3,0.042673850199784
OKX,ETH,2025-09-29,3,-0.016277179046718496
OKX,ETH,2025-09-30,3,0.008232129188671498
OKX,ETH,2025-10-01,3,0.0349932983134005
OKX,ETH,2025-10-02,3,0.07120706116685449
OKX,ETH,2025-10-03,3,0.0806375019887585
OKX,ETH,2025-10-04,3,0.026133597615021004
OKX,ETH,2025-10-05,3,0.1095
OKX,ETH,2025-10-06,3,0.09640422871286701
OKX,ETH,2025-10-07,3,0.10786871587749751
OKX,ETH,2025-10-08,3,0.0215873743703075
OKX,ETH,2025-10-09,3,0.005725183820223499
OKX,ETH,2025-10-10,3,0.0145151776321515
OKX,ETH,2025-10-11,3,-0.62763350479959
OKX,ETH,2025-10-12,3,-0.110437993579614
OKX,ETH,2025-10-13,3,-0.01565337263184
OKX,ETH,2025-10-14,3,-0.007055766431493999
OKX,ETH,2025-10-15,3,0.0411807617883175
OKX,ETH,2025-10-16,3,-0.0312810620562
OKX,ETH,2025-10-17,3,0.004858986843018999
OKX,ETH,2025-10-18,3,-0.021990945851084503
OKX,ETH,2025-10-19,3,0.008190608529977
OKX,ETH,2025-10-20,3,0.0362643277159675
OKX,ETH,2025-10-21,3,0.019355493981556
OKX,ETH,2025-10-22,3,-0.028080623105510502
OKX,ETH,2025-10-23,3,-0.0014690254526009998
OKX,ETH,2025-10-24,3,0.0061037744044015
OKX,ETH,2025-10-25,3,-0.013577238377057
OKX,ETH,2025-10-26,3,-0.0009215037582419998
OKX,ETH,2025-10-27,3,0.083336265927766
OKX,ETH,2025-10-28,3,0.0243216249741595
OKX,ETH,2025-10-29,3,-0.05832109243057951
OKX,ETH,2025-10-30,3,-0.0666060839924415
OKX,ETH,2025-10-31,3,-0.065440705991805
OKX,ETH,2025-11-01,3,-0.027506728499927
OKX,ETH,2025-11-02,3,0.013109312898275499
OKX,ETH,2025-11-03,3,0.033512196256873
OKX,ETH,2025-11-04,3,0.036280997517343004
OKX,ETH,2025-11-05,3,-0.041038148789794
OKX,ETH,2025-11-06,3,-0.091609568592534
OKX,ETH,2025-11-07,3,-0.0024152344118094997
OKX,ETH,2025-11-08,3,0.0006324973820270013
OKX,ETH,2025-11-09,3,-0.007993486526791502
OKX,ETH,2025-11-10,3,0.0163955314145675
OKX,ETH,2025-11-11,3,-0.025616054393319
OKX,ETH,2025-11-12,3,-0.056433366794847506
OKX,ETH,2025-11-13,3,-0.029107776137879005
OKX,ETH,2025-11-14,3,-0.036955578719520994
OKX,ETH,2025-11-15,3,0.0014725714125994986
OKX,ETH,2025-11-16,3,0.002158724602335002
OKX,ETH,2025-11-17,3,0.0368641899190365
OKX,ETH,2025-11-18,3,0.063106769158101
OKX,ETH,2025-11-19,3,0.043558455175743
OKX,ETH,2025-11-20,3,0.07209831512822949
OKX,ETH,2025-11-21,3,0.0677386394385595
OKX,ETH,2025-11-22,3,0.0196020313924305
OKX,ETH,2025-11-23,3,0.00841636836874
OKX,ETH,2025-11-24,3,0.041404630200657495
OKX,ETH,2025-11-25,3,-0.001880445554183498
OKX,ETH,2025-11-26,3,-0.033944811813884
OKX,ETH,2025-11-27,3,-0.019757306818822
OKX,ETH,2025-11-28,3,-0.0393702990837265
OKX,ETH,2025-11-29,3,-0.020250132799521498
OKX,ETH,2025-11-30,3,-0.053768432382213495
OKX,ETH,2025-12-01,3,-0.004754880119482502
OKX,ETH,2025-12-02,3,-0.060220513903843996
OKX,ETH,2025-12-03,3,0.031159710561533997
OKX,ETH,2025-12-04,3,0.016443534956412497
OKX,ETH,2025-12-05,3,-0.004139950049741002
OKX,ETH,2025-12-06,3,-0.0515411761466705
OKX,ETH,2025-12-07,3,-0.024930803787008002
OKX,ETH,2025-12-08,3,0.019306917878920502
OKX,ETH,2025-12-09,3,0.00034000953408649975
OKX,ETH,2025-12-10,3,0.0750111492996745
OKX,ETH,2025-12-11,3,0.0018400185925850007
OKX,ETH,2025-12-12,3,-0.0022898325478770006
OKX,ETH,2025-12-13,3,-0.072485714205395
OKX,ETH,2025-12-14,3,-0.0304725591295025
OKX,ETH,2025-12-15,3,0.012560296853511002
OKX,ETH,2025-12-16,3,0.0018646427479294986
OKX,ETH,2025-12-17,3,0.008666487900309
OKX,ETH,2025-12-18,3,-0.010332803874186497
OKX,ETH,2025-12-19,3,-0.0089373802238765
OKX,ETH,2025-12-20,3,-0.025454911505678
OKX,ETH,2025-12-21,3,0.019825691550042
OKX,ETH,2025-12-22,3,-0.0018466774955254981
OKX,ETH,2025-12-23,3,0.039013352437996
OKX,ETH,2025-12-24,3,-0.03135380203293749
OKX,ETH,2025-12-25,3,0.04853996228565851
OKX,ETH,2025-12-26,3,0.0081544973860485
OKX,ETH,2025-12-27,3,0.028697760694522
OKX,ETH,2025-12-28,3,0.015543697490787498
OKX,ETH,2025-12-29,3,0.0359488714339315
OKX,ETH,2025-12-30,3,-0.017496614354370003
OKX,ETH,2025-12-31,3,0.026772798988767
OKX,ETH,2026-01-01,3,0.051796085417858996
OKX,ETH,2026-01-02,3,-0.0356364619313605
OKX,ETH,2026-01-03,3,0.0010532662841624973
OKX,ETH,2026-01-04,3,-0.018269619144382496
OKX,ETH,2026-01-05,3,0.0432269711803295
OKX,ETH,2026-01-06,3,0.034230473646882496
OKX,ETH,2026-01-07,3,0.06175095917266651
OKX,ETH,2026-01-08,3,-0.020797944498352497
OKX,ETH,2026-01-09,3,0.028966889629615005
OKX,ETH,2026-01-10,3,0.055744579899724006
OKX,ETH,2026-01-11,3,0.065188226682019
OKX,ETH,2026-01-12,3,0.06401524616555
OKX,ETH,2026-01-13,3,0.0319587713396585
OKX,ETH,2026-01-14,3,0.091283229737605
OKX,ETH,2026-01-15,3,0.036231779339886
OKX,ETH,2026-01-16,3,0.0618557370896295
OKX,ETH,2026-01-17,3,0.010849954185068502
OKX,ETH,2026-01-18,3,0.032413140622846504
OKX,ETH,2026-01-19,3,-0.015721612437693
OKX,ETH,2026-01-20,3,0.021118563816166
OKX,ETH,2026-01-21,3,-0.0323166542525465
OKX,ETH,2026-01-22,3,0.007698043868509
OKX,ETH,2026-01-23,3,0.023500396745752498
OKX,ETH,2026-01-24,3,-0.011304788019159498
OKX,ETH,2026-01-25,3,0.009535125879034498
OKX,ETH,2026-01-26,3,-0.031311862859768
OKX,ETH,2026-01-27,3,0.05727996742181
OKX,ETH,2026-01-28,3,0.050076406745362005
OKX,ETH,2026-01-29,3,0.026790598843976
OKX,ETH,2026-01-30,3,-0.03946758308724899
OKX,ETH,2026-01-31,3,-0.0697014750912575
OKX,ETH,2026-02-01,3,-0.06773644042743951
OKX,ETH,2026-02-02,3,-0.066053674941841
OKX,ETH,2026-02-03,3,-0.0445732864802225
OKX,ETH,2026-02-04,3,-0.010724408461386498
OKX,ETH,2026-02-05,3,0.018503427623221002
OKX,ETH,2026-02-06,3,0.009114115741901999
OKX,ETH,2026-02-07,3,0.034497147859192
OKX,ETH,2026-02-08,3,0.011163181400242
OKX,ETH,2026-02-09,3,0.06106159986881151
OKX,ETH,2026-02-10,3,0.08559739048472949
OKX,ETH,2026-02-11,3,0.012437062038743502
OKX,ETH,2026-02-12,3,0.0093792897240575
OKX,ETH,2026-02-13,3,0.051262529345178
OKX,ETH,2026-02-14,3,0.052315394962526
OKX,ETH,2026-02-15,3,0.07152661393911901
OKX,ETH,2026-02-16,3,-0.0160169715776975
OKX,ETH,2026-02-17,3,-0.0016009368858559993
OKX,ETH,2026-02-18,3,0.007848673557052
OKX,ETH,2026-02-19,3,-0.030584302509365502
OKX,ETH,2026-02-20,3,-0.008475131027192
OKX,ETH,2026-02-21,3,0.022332629951990503
OKX,ETH,2026-02-22,3,0.033636902766715
OKX,ETH,2026-02-23,3,-0.08937732035419099
OKX,ETH,2026-02-24,3,-0.012171442036698505
OKX,ETH,2026-02-25,3,0.0037435708968110016
OKX,ETH,2026-02-26,3,0.1095
OKX,ETH,2026-02-27,3,0.0231963885584115
OKX,ETH,2026-02-28,3,-0.001778264959664
OKX,ETH,2026-03-01,3,0.041365161833923504
OKX,ETH,2026-03-02,3,-0.003445718069251
OKX,ETH,2026-03-03,3,0.0470396422822365
OKX,ETH,2026-03-04,3,0.000607496395973998
OKX,ETH,2026-03-05,3,0.0818070598651145
OKX,ETH,2026-03-06,3,0.052165909838574
OKX,ETH,2026-03-07,3,-0.025948323320977
OKX,ETH,2026-03-08,3,-0.028384655775153502
OKX,ETH,2026-03-09,3,-0.04124123877822201
OKX,ETH,2026-03-10,3,0.066479203575559
OKX,ETH,2026-03-11,3,0.088486071311337
OKX,ETH,2026-03-12,3,0.0270927918266395
OKX,ETH,2026-03-13,3,0.028984315670657998
OKX,ETH,2026-03-14,3,0.0477536560571315
OKX,ETH,2026-03-15,3,0.011834397070207002
OKX,ETH,2026-03-16,3,0.0326017805296955
OKX,ETH,2026-03-17,3,0.048694166694813
OKX,ETH,2026-03-18,3,0.035001656620352005
OKX,ETH,2026-03-19,3,0.029604906794441
OKX,ETH,2026-03-20,3,-0.010769702024341002
OKX,ETH,2026-03-21,3,0.0020515718462695005
OKX,ETH,2026-03-22,3,-0.046762416299235
OKX,ETH,2026-03-23,3,-0.007896300224571001
OKX,ETH,2026-03-24,3,0.0293800185043205
OKX,ETH,2026-03-25,3,-0.0376406036483395
OKX,ETH,2026-03-26,3,0.06638298320346199
OKX,ETH,2026-03-27,3,-0.0544411864325705
OKX,ETH,2026-03-28,3,-0.052413488986349004
OKX,ETH,2026-03-29,3,0.017236611150007002
OKX,ETH,2026-03-30,3,-0.028854166461418
OKX,ETH,2026-03-31,3,0.0452917700821285
OKX,ETH,2026-04-01,3,0.0246160353679485
OKX,ETH,2026-04-02,3,0.0015144285092409976
OKX,ETH,2026-04-03,3,-0.002606855521895
OKX,ETH,2026-04-04,3,0.06468194736086451
OKX,ETH,2026-04-05,3,0.0330418929171905
OKX,ETH,2026-04-06,3,-0.0081607857606625
OKX,ETH,2026-04-07,3,0.003960987133377498
OKX,ETH,2026-04-08,3,0.08257174345776201
OKX,ETH,2026-04-09,3,0.058755988184529005
OKX,ETH,2026-04-10,3,0.06894235111634099
OKX,ETH,2026-04-11,3,-0.010883060717106005
OKX,ETH,2026-04-12,3,0.06407595823038299
OKX,ETH,2026-04-13,3,0.0186327629176835
OKX,ETH,2026-04-14,3,0.068696976623827
OKX,ETH,2026-04-15,3,0.012883542601167502
OKX,ETH,2026-04-16,3,-0.0382459485426155
OKX,ETH,2026-04-17,3,-0.006352268047412502
OKX,ETH,2026-04-18,3,0.0675216069059435
OKX,ETH,2026-04-19,3,-0.0993733844149165
OKX,ETH,2026-04-20,3,0.012258614667907501
OKX,ETH,2026-04-21,3,-0.041557545606143505
OKX,ETH,2026-04-22,3,0.006997875127176002
OKX,ETH,2026-04-23,3,-0.031893704774455495
OKX,ETH,2026-04-24,3,-0.0409331993189255
OKX,ETH,2026-04-25,3,0.041781896237430505
OKX,ETH,2026-04-26,3,0.018710902312484002
OKX,ETH,2026-04-27,3,-0.04680393099879351
OKX,ETH,2026-04-28,3,-0.0633193548923955
OKX,ETH,2026-04-29,3,0.051980545819426995
OKX,ETH,2026-04-30,3,-0.0184562379816995
OKX,ETH,2026-05-01,3,-0.0472588878475935
OKX,ETH,2026-05-02,3,-0.021297580164222504
OKX,ETH,2026-05-03,3,0.055050574320813506
OKX,ETH,2026-05-04,3,0.0357466694251685
OKX,ETH,2026-05-05,3,0.009508054392047001
OKX,ETH,2026-05-06,3,0.06413411198291401
OKX,ETH,2026-05-07,3,0.039379067059013
OKX,ETH,2026-05-08,3,0.06493293724971601
OKX,ETH,2026-05-09,3,0.09640879227592951
OKX,ETH,2026-05-10,3,0.08828333295901801
OKX,ETH,2026-05-11,3,0.083317520135564
OKX,ETH,2026-05-12,3,0.062376969679501494
OKX,ETH,2026-05-13,3,0.0677502366095475
OKX,ETH,2026-05-14,3,0.041801037579402504
OKX,ETH,2026-05-15,3,0.064261431363068
OKX,ETH,2026-05-16,3,0.0691405303937835
OKX,ETH,2026-05-17,3,0.042500049090681
OKX,HYPE,2025-10-08,5,0.10950000000000001
OKX,HYPE,2025-10-09,6,0.1095
OKX,HYPE,2025-10-10,6,0.1095
OKX,HYPE,2025-10-11,6,0.11718768218937901
OKX,HYPE,2025-10-12,6,0.1095
OKX,HYPE,2025-10-13,6,0.1095
OKX,HYPE,2025-10-14,6,0.04815702581697201
OKX,HYPE,2025-10-15,6,0.06062060627484701
OKX,HYPE,2025-10-16,6,-0.067870543306131
OKX,HYPE,2025-10-17,6,0.1095
OKX,HYPE,2025-10-18,6,0.1095
OKX,HYPE,2025-10-19,6,0.1095
OKX,HYPE,2025-10-20,6,0.1095
OKX,HYPE,2025-10-21,6,0.1095
OKX,HYPE,2025-10-22,6,0.108151175446579
OKX,HYPE,2025-10-23,6,0.1095
OKX,HYPE,2025-10-24,6,0.04757766951140451
OKX,HYPE,2025-10-25,6,0.0631990016373245
OKX,HYPE,2025-10-26,6,0.08074559511042051
OKX,HYPE,2025-10-27,6,0.1095
OKX,HYPE,2025-10-28,6,-0.1193214337390745
OKX,HYPE,2025-10-29,6,-0.0707066378304005
OKX,HYPE,2025-10-30,6,-0.04214659825734349
OKX,HYPE,2025-10-31,6,0.1095
OKX,HYPE,2025-11-01,6,0.09988436334857652
OKX,HYPE,2025-11-02,6,0.0889927387568475
OKX,HYPE,2025-11-03,6,0.1095
OKX,HYPE,2025-11-04,6,0.1095
OKX,HYPE,2025-11-05,6,0.1095
OKX,HYPE,2025-11-06,6,0.07103230921534101
OKX,HYPE,2025-11-07,6,-0.036591209180297984
OKX,HYPE,2025-11-08,6,0.08703191990080901
OKX,HYPE,2025-11-09,6,0.016194204089067004
OKX,HYPE,2025-11-10,6,0.1095
OKX,HYPE,2025-11-11,6,0.1095
OKX,HYPE,2025-11-12,6,0.1095
OKX,HYPE,2025-11-13,6,0.1095
OKX,HYPE,2025-11-14,6,0.10079131431434901
OKX,HYPE,2025-11-15,6,0.08355652567011451
OKX,HYPE,2025-11-16,6,0.02360010986340301
OKX,HYPE,2025-11-17,6,0.0912965287236845
OKX,HYPE,2025-11-18,6,0.03850072195197101
OKX,HYPE,2025-11-19,6,-0.17442639204365498
OKX,HYPE,2025-11-20,6,0.03153686814425101
OKX,HYPE,2025-11-21,6,0.075465132499915
OKX,HYPE,2025-11-22,6,0.1095
OKX,HYPE,2025-11-23,6,-0.0027284729162504926
OKX,HYPE,2025-11-24,6,0.05284553648999101
OKX,HYPE,2025-11-25,6,-0.116952033291371
OKX,HYPE,2025-11-26,6,-0.193223404014638
OKX,HYPE,2025-11-27,6,-0.140626128489356
OKX,HYPE,2025-11-28,6,0.0667809827632705
OKX,HYPE,2025-11-29,6,0.08882554890858552
OKX,HYPE,2025-11-30,6,0.094204574837357
OKX,HYPE,2025-12-01,6,0.1095
OKX,HYPE,2025-12-02,6,0.03810984530441901
OKX,HYPE,2025-12-03,6,0.09812692133840802
OKX,HYPE,2025-12-04,6,0.1095
OKX,HYPE,2025-12-05,6,0.0748506449591665
OKX,HYPE,2025-12-06,6,-0.085191711956152
OKX,HYPE,2025-12-07,6,0.06476202718370301
OKX,HYPE,2025-12-08,6,0.013810217743722502
OKX,HYPE,2025-12-09,6,0.08126861938922451
OKX,HYPE,2025-12-10,6,0.0731122856552165
OKX,HYPE,2025-12-11,6,-0.009424867225037999
OKX,HYPE,2025-12-12,6,0.01854474008828801
OKX,HYPE,2025-12-13,6,0.0025283878952965153
OKX,HYPE,2025-12-14,6,0.067066333963384
OKX,HYPE,2025-12-15,6,0.02044629323334801
OKX,HYPE,2025-12-16,6,0.077941655391237
OKX,HYPE,2025-12-17,6,0.10030570977491853
OKX,HYPE,2025-12-18,6,0.1095
OKX,HYPE,2025-12-19,6,0.107026177472702
OKX,HYPE,2025-12-20,6,0.1095
OKX,HYPE,2025-12-21,6,0.1095
OKX,HYPE,2025-12-22,6,0.092950335390114
OKX,HYPE,2025-12-23,6,0.064996726501215
OKX,HYPE,2025-12-24,6,-0.154501757667838
OKX,HYPE,2025-12-25,6,0.044347639894316504
OKX,HYPE,2025-12-26,6,0.045749659659865514
OKX,HYPE,2025-12-27,6,0.0672732807995385
OKX,HYPE,2025-12-28,6,0.050818215864294504
OKX,HYPE,2025-12-29,6,0.065399323553902
OKX,HYPE,2025-12-30,6,0.006221250276288501
OKX,HYPE,2025-12-31,6,0.09508364082742903
OKX,HYPE,2026-01-01,6,0.1095
OKX,HYPE,2026-01-02,6,0.1095
OKX,HYPE,2026-01-03,6,0.1095
OKX,HYPE,2026-01-04,6,0.1095
OKX,HYPE,2026-01-05,6,0.10731899135747651
OKX,HYPE,2026-01-06,6,0.09251039083056802
OKX,HYPE,2026-01-07,6,0.0960643308019125
OKX,HYPE,2026-01-08,6,-0.007610287868531001
OKX,HYPE,2026-01-09,6,-0.008925068025589998
OKX,HYPE,2026-01-10,6,0.034276772443233496
OKX,HYPE,2026-01-11,6,-0.022783681127780498
OKX,HYPE,2026-01-12,6,0.1074250722199765
OKX,HYPE,2026-01-13,6,0.1064347903159945
OKX,HYPE,2026-01-14,6,0.1095
OKX,HYPE,2026-01-15,6,0.1095
OKX,HYPE,2026-01-16,6,0.1095
OKX,HYPE,2026-01-17,6,0.1095
OKX,HYPE,2026-01-18,6,0.1095
OKX,HYPE,2026-01-19,6,0.10488955150650599
OKX,HYPE,2026-01-20,6,0.1095
OKX,HYPE,2026-01-21,6,0.013496803779912504
OKX,HYPE,2026-01-22,6,-0.1138402485355065
OKX,HYPE,2026-01-23,6,-0.03959144100782449
OKX,HYPE,2026-01-24,6,-0.0680338297695315
OKX,HYPE,2026-01-25,6,0.004578877807361498
OKX,HYPE,2026-01-26,6,0.1095
OKX,HYPE,2026-01-27,6,0.1095
OKX,HYPE,2026-01-28,6,-0.06389997168231999
OKX,HYPE,2026-01-29,6,-0.05415543262931749
OKX,HYPE,2026-01-30,6,0.0619831452723855
OKX,HYPE,2026-01-31,6,0.1095
OKX,HYPE,2026-02-01,6,0.02094988080488
OKX,HYPE,2026-02-02,6,0.022907364716581502
OKX,HYPE,2026-02-03,6,-0.024515537979981003
OKX,HYPE,2026-02-04,6,-0.151028552493947
OKX,HYPE,2026-02-05,6,0.0185603742423135
OKX,HYPE,2026-02-06,6,-0.019971786495922492
OKX,HYPE,2026-02-07,6,-0.1344951321362435
OKX,HYPE,2026-02-08,6,0.0397469466283645
OKX,HYPE,2026-02-09,6,0.035333473876460506
OKX,HYPE,2026-02-10,6,0.077397942387928
OKX,HYPE,2026-02-11,6,0.1095
OKX,HYPE,2026-02-12,6,0.0477405184707305
OKX,HYPE,2026-02-13,6,0.0421712647713395
OKX,HYPE,2026-02-14,6,-0.047426721623489994
OKX,HYPE,2026-02-15,6,-0.06676157726046901
OKX,HYPE,2026-02-16,6,-0.050411069861977
OKX,HYPE,2026-02-17,6,0.1095
OKX,HYPE,2026-02-18,6,-0.048124164385829005
OKX,HYPE,2026-02-19,6,-0.022432108042783002
OKX,HYPE,2026-02-20,6,-0.0536839815124965
OKX,HYPE,2026-02-21,6,0.0589563902736465
OKX,HYPE,2026-02-22,6,0.028742053667975
OKX,HYPE,2026-02-23,6,0.0256880578956135
OKX,HYPE,2026-02-24,6,0.0338087197038805
OKX,HYPE,2026-02-25,6,0.052419802027918495
OKX,HYPE,2026-02-26,6,0.059212287465551496
OKX,HYPE,2026-02-27,6,0.1000554632689745
OKX,HYPE,2026-02-28,6,0.013510185862914007
OKX,HYPE,2026-03-01,6,0.0991962907249095
OKX,HYPE,2026-03-02,6,0.049635152940305995
OKX,HYPE,2026-03-03,6,0.08525192036285051
OKX,HYPE,2026-03-04,6,-0.08697914070575301
OKX,HYPE,2026-03-05,6,0.1095
OKX,HYPE,2026-03-06,6,0.1095
OKX,HYPE,2026-03-07,6,0.1095
OKX,HYPE,2026-03-08,6,0.098140888982989
OKX,HYPE,2026-03-09,6,0.0619017583069845
OKX,HYPE,2026-03-10,6,0.024808002080218505
OKX,HYPE,2026-03-11,6,-0.147869623584832
OKX,HYPE,2026-03-12,6,-0.1212606900515195
OKX,HYPE,2026-03-13,6,-0.179452755332134
OKX,HYPE,2026-03-14,6,-0.0861386256074285
OKX,HYPE,2026-03-15,6,-0.015276885630481003
OKX,HYPE,2026-03-16,6,0.074841155372967
OKX,HYPE,2026-03-17,6,0.1095
OKX,HYPE,2026-03-18,6,0.069089365588946
OKX,HYPE,2026-03-19,6,0.095328127938951
OKX,HYPE,2026-03-20,6,-0.001137341641624002
OKX,HYPE,2026-03-21,6,-0.1708886293746965
OKX,HYPE,2026-03-22,6,0.026889299945946004
OKX,HYPE,2026-03-23,6,0.057096614048305995
OKX,HYPE,2026-03-24,6,-0.0346339643738185
OKX,HYPE,2026-03-25,6,0.051157789919436
OKX,HYPE,2026-03-26,6,0.0025404920269754983
OKX,HYPE,2026-03-27,6,0.072359463182066
OKX,HYPE,2026-03-28,6,0.030776331288681003
OKX,HYPE,2026-03-29,6,0.0337849411514455
OKX,HYPE,2026-03-30,6,-0.048394314859087496
OKX,HYPE,2026-03-31,6,0.0779184734544065
OKX,HYPE,2026-04-01,6,0.1095
OKX,HYPE,2026-04-02,6,0.1095
OKX,HYPE,2026-04-03,6,0.056213222548646
OKX,HYPE,2026-04-04,6,0.1095
OKX,HYPE,2026-04-05,6,0.082923394002804
OKX,HYPE,2026-04-06,6,-0.032662408764869
OKX,HYPE,2026-04-07,6,0.092764742787965
OKX,HYPE,2026-04-08,6,0.1095
OKX,HYPE,2026-04-09,6,-0.0298922457393675
OKX,HYPE,2026-04-10,6,-0.025663545424283004
OKX,HYPE,2026-04-11,6,0.090943909327497
OKX,HYPE,2026-04-12,6,0.10400279537315349
OKX,HYPE,2026-04-13,6,-0.076466560433352
OKX,HYPE,2026-04-14,5,-0.080600150224065
OKX,HYPE,2026-04-15,3,-0.117176427537311
OKX,HYPE,2026-04-16,3,-0.189683556342127
OKX,HYPE,2026-04-17,3,-0.194692409487066
OKX,HYPE,2026-04-18,3,0.019312756752494
OKX,HYPE,2026-04-19,3,0.09769512730084
OKX,HYPE,2026-04-20,3,0.1095
OKX,HYPE,2026-04-21,3,0.1095
OKX,HYPE,2026-04-22,3,0.005754466850168001
OKX,HYPE,2026-04-23,3,0.026226498420888002
OKX,HYPE,2026-04-24,3,0.08928915121242849
OKX,HYPE,2026-04-25,3,0.10648535234826151
OKX,HYPE,2026-04-26,3,0.019450517055614003
OKX,HYPE,2026-04-27,3,0.048655105059186
OKX,HYPE,2026-04-28,3,0.0317435361881495
OKX,HYPE,2026-04-29,3,0.0003820221737989989
OKX,HYPE,2026-04-30,3,0.011502224826596
OKX,HYPE,2026-05-01,3,-0.05596866029472
OKX,HYPE,2026-05-02,3,0.1095
OKX,HYPE,2026-05-03,3,0.1095
OKX,HYPE,2026-05-04,3,0.1095
OKX,HYPE,2026-05-05,3,0.0598392570698195
OKX,HYPE,2026-05-06,3,0.0032997766893824985
OKX,HYPE,2026-05-07,3,0.1095
OKX,HYPE,2026-05-08,3,0.028825602295323504
OKX,HYPE,2026-05-09,3,0.045655996650814996
OKX,HYPE,2026-05-10,3,0.0053426780078465
OKX,HYPE,2026-05-11,3,-0.03184683573469901
OKX,HYPE,2026-05-12,3,0.036140114382044
OKX,HYPE,2026-05-13,3,0.0519437048874175
OKX,HYPE,2026-05-14,3,0.007598896826402001
OKX,HYPE,2026-05-15,3,0.095588770752378
OKX,HYPE,2026-05-16,3,-0.02739387695758
OKX,HYPE,2026-05-17,3,-0.137841844170662
OKX,XAU,2025-11-03,4,0.05475
OKX,XAU,2025-11-04,6,0.032456822830849504
OKX,XAU,2025-11-05,6,0.007485948603511999
OKX,XAU,2025-11-06,6,-0.009732088483781749
OKX,XAU,2025-11-07,6,0.035597557859809496
OKX,XAU,2025-11-08,6,-0.02854158194231425
OKX,XAU,2025-11-09,6,0.05475
OKX,XAU,2025-11-10,6,0.05475
OKX,XAU,2025-11-11,6,0.045548911725363996
OKX,XAU,2025-11-12,6,0.05150452482283525
OKX,XAU,2025-11-13,6,0.036626342434878
OKX,XAU,2025-11-14,6,-0.021418484126511997
OKX,XAU,2025-11-15,6,0.02362742087939575
OKX,XAU,2025-11-16,6,0.031222787912160252
OKX,XAU,2025-11-17,6,0.021328344816219497
OKX,XAU,2025-11-18,6,0.0229785254493155
OKX,XAU,2025-11-19,6,0.017304156849157
OKX,XAU,2025-11-20,6,0.035555988767148
OKX,XAU,2025-11-21,6,0.008248773621780501
OKX,XAU,2025-11-22,6,0.046238420824708
OKX,XAU,2025-11-23,6,-0.020460105580028497
OKX,XAU,2025-11-24,6,0.044870250998851
OKX,XAU,2025-11-25,6,0.0468426235675175
OKX,XAU,2025-11-26,6,0.03593979668890175
OKX,XAU,2025-11-27,6,-0.03624472705815975
OKX,XAU,2025-11-28,6,0.006064396709361502
OKX,XAU,2025-11-29,6,-0.021325104947593498
OKX,XAU,2025-11-30,6,0.026647708736448752
OKX,XAU,2025-12-01,6,-0.0008183391318984996
OKX,XAU,2025-12-02,6,0.040392202026485254
OKX,XAU,2025-12-03,6,0.05475
OKX,XAU,2025-12-04,6,0.025920759206629503
OKX,XAU,2025-12-05,6,0.03180726748941975
OKX,XAU,2025-12-06,6,-0.06673659796423075
OKX,XAU,2025-12-07,6,-0.01744678434042525
OKX,XAU,2025-12-08,6,0.025235736504201498
OKX,XAU,2025-12-09,6,0.02751969175139625
OKX,XAU,2025-12-10,6,0.02816867064064275
OKX,XAU,2025-12-11,6,0.022293712142916252
OKX,XAU,2025-12-12,6,-0.02266379162431725
OKX,XAU,2025-12-13,6,-0.03983620170818075
OKX,XAU,2025-12-14,6,0.0069466184253395005
OKX,XAU,2025-12-15,6,0.04488066312735025
OKX,XAU,2025-12-16,6,-0.0035539541516675017
OKX,XAU,2025-12-17,6,0.04641064399596
OKX,XAU,2025-12-18,6,-0.034036261207343245
OKX,XAU,2025-12-19,6,-0.012799490136998751
OKX,XAU,2025-12-20,6,-0.0442406526127165
OKX,XAU,2025-12-21,6,0.016718362006168754
OKX,XAU,2025-12-22,6,-0.071239375003499
OKX,XAU,2025-12-23,6,-0.01033379431844
OKX,XAU,2025-12-24,6,0.0024911365822894993
OKX,XAU,2025-12-25,6,-0.005966117224275248
OKX,XAU,2025-12-26,6,-0.0416725925967725
OKX,XAU,2025-12-27,6,0.0365746333350325
OKX,XAU,2025-12-28,6,0.02717311285248275
OKX,XAU,2025-12-29,6,-0.0017828095816537493
OKX,XAU,2025-12-30,6,0.0013598183351710008
OKX,XAU,2025-12-31,6,0.044802370842462996
OKX,XAU,2026-01-01,6,0.02194643024433025
OKX,XAU,2026-01-02,6,-0.01325627397647225
OKX,XAU,2026-01-03,6,0.05475
OKX,XAU,2026-01-04,6,0.091720367708491
OKX,XAU,2026-01-05,6,0.07292052314427701
OKX,XAU,2026-01-06,6,0.02842174343108475
OKX,XAU,2026-01-07,6,0.048552510450094004
OKX,XAU,2026-01-08,6,0.05475
OKX,XAU,2026-01-09,6,0.05475
OKX,XAU,2026-01-10,6,0.007230328810657998
OKX,XAU,2026-01-11,6,0.04964831918448125
OKX,XAU,2026-01-12,6,-0.08453675842404475
OKX,XAU,2026-01-13,6,0.0067949309909229975
OKX,XAU,2026-01-14,6,0.05475
OKX,XAU,2026-01-15,6,-0.020793672746311248
OKX,XAU,2026-01-16,6,-0.12802945385058348
OKX,XAU,2026-01-17,6,0.0074284174867785
OKX,XAU,2026-01-18,6,0.08012636196707525
OKX,XAU,2026-01-19,6,-0.00841003449492325
OKX,XAU,2026-01-20,6,-0.166642901681643
OKX,XAU,2026-01-21,6,-0.0453051243631895
OKX,XAU,2026-01-22,5,0.0414683459396235
OKX,XAU,2026-01-23,3,-0.0286834014980525
OKX,XAU,2026-01-24,3,-0.1296043765702465
OKX,XAU,2026-01-25,3,0.135060836392947
OKX,XAU,2026-01-26,3,-0.0214041619518465
OKX,XAU,2026-01-27,3,-0.1861971689382835
OKX,XAU,2026-01-28,3,0.044178147730845996
OKX,XAU,2026-01-29,3,0.023541693473187502
OKX,XAU,2026-01-30,3,0.1196936742611565
OKX,XAU,2026-01-31,3,0.080880892808947
OKX,XAU,2026-02-01,3,0.7681895334145135
OKX,XAU,2026-02-02,3,0.48393530126976153
OKX,XAU,2026-02-03,3,-0.016502683696899497
OKX,XAU,2026-02-04,3,0.024375142495376496
OKX,XAU,2026-02-05,3,0.2129916403119555
OKX,XAU,2026-02-06,3,0.893454597857958
OKX,XAU,2026-02-07,3,0.19114553623272398
OKX,XAU,2026-02-08,3,0.1095
OKX,XAU,2026-02-09,3,0.21666537582048803
OKX,XAU,2026-02-10,3,0.1095
OKX,XAU,2026-02-11,3,0.1095
OKX,XAU,2026-02-12,3,0.3618761108449115
OKX,XAU,2026-02-13,3,0.0963039610557535
OKX,XAU,2026-02-14,3,0.16086390123602498
OKX,XAU,2026-02-15,3,0.5921097331418235
OKX,XAU,2026-02-16,3,0.09828440498388401
OKX,XAU,2026-02-17,3,0.0949129484554095
OKX,XAU,2026-02-18,3,0.010175822472141499
OKX,XAU,2026-02-19,3,-0.019443117590194
OKX,XAU,2026-02-20,3,-0.0796243561139
OKX,XAU,2026-02-21,3,0.056821316524153
OKX,XAU,2026-02-22,3,0.1316268930906535
OKX,XAU,2026-02-23,3,0.132630073092455
OKX,XAU,2026-02-24,3,0.04142078408614001
OKX,XAU,2026-02-25,3,0.058737226980859
OKX,XAU,2026-02-26,3,0.1095
OKX,XAU,2026-02-27,3,0.119555655507486
OKX,XAU,2026-02-28,3,0.19328228384571852
OKX,XAU,2026-03-01,3,0.268876017847819
OKX,XAU,2026-03-02,3,0.13085081958577102
OKX,XAU,2026-03-03,3,0.1095
OKX,XAU,2026-03-04,3,-0.09375436144763649
OKX,XAU,2026-03-05,3,0.062865141055736
OKX,XAU,2026-03-06,3,0.1095
OKX,XAU,2026-03-07,3,-0.079848894230357
OKX,XAU,2026-03-08,3,0.2008463943775615
OKX,XAU,2026-03-09,3,0.1095
OKX,XAU,2026-03-10,3,-0.038695880898177
OKX,XAU,2026-03-11,3,0.1095
OKX,XAU,2026-03-12,3,0.1084689277602755
OKX,XAU,2026-03-13,3,0.1095
OKX,XAU,2026-03-14,3,0.1095
OKX,XAU,2026-03-15,3,0.2708121144296875
OKX,XAU,2026-03-16,3,0.1095
OKX,XAU,2026-03-17,3,0.1095
OKX,XAU,2026-03-18,3,0.3180198577577565
OKX,XAU,2026-03-19,3,0.18566852604362297
OKX,XAU,2026-03-20,3,0.025980745837940997
OKX,XAU,2026-03-21,3,0.06865576645501051
OKX,XAU,2026-03-22,3,0.1629522348617545
OKX,XAU,2026-03-23,3,0.560891040800986
OKX,XAU,2026-03-24,3,0.0
OKX,XAU,2026-03-25,3,-0.056542935751048996
OKX,XAU,2026-03-26,3,0.0
OKX,XAU,2026-03-27,3,0.10454879536411649
OKX,XAU,2026-03-28,3,0.0
OKX,XAU,2026-03-29,3,0.0
OKX,XAU,2026-03-30,3,0.0
OKX,XAU,2026-03-31,3,-0.16944783807636
OKX,XAU,2026-04-01,3,-0.3035454933976555
OKX,XAU,2026-04-02,3,0.0038706068316525003
OKX,XAU,2026-04-03,3,0.0218831382773175
OKX,XAU,2026-04-04,3,0.2193228642802435
OKX,XAU,2026-04-05,3,0.44638811168853704
OKX,XAU,2026-04-06,3,0.0468459051359335
OKX,XAU,2026-04-07,3,0.0
OKX,XAU,2026-04-08,3,-0.12854432816980152
OKX,XAU,2026-04-09,3,0.0
OKX,XAU,2026-04-10,3,0.0065373127809845
OKX,XAU,2026-04-11,3,0.376658130982952
OKX,XAU,2026-04-12,3,0.5411408615940875
OKX,XAU,2026-04-13,3,0.0019399295592520004
OKX,XAU,2026-04-14,3,0.0
OKX,XAU,2026-04-15,3,-0.130022044566264
OKX,XAU,2026-04-16,3,0.0
OKX,XAU,2026-04-17,3,-0.013128752591758499
OKX,XAU,2026-04-18,3,0.19818082225035952
OKX,XAU,2026-04-19,3,0.6097106651182995
OKX,XAU,2026-04-20,3,0.0
OKX,XAU,2026-04-21,3,0.0
OKX,XAU,2026-04-22,3,0.0
OKX,XAU,2026-04-23,3,0.073047661261197
OKX,XAU,2026-04-24,3,0.022804670210931497
OKX,XAU,2026-04-25,3,0.0032778049621009996
OKX,XAU,2026-04-26,3,0.0
OKX,XAU,2026-04-27,3,0.0
OKX,XAU,2026-04-28,3,0.060540353147855
OKX,XAU,2026-04-29,3,0.16140458566877
OKX,XAU,2026-04-30,3,0.034379564291171505
OKX,XAU,2026-05-01,3,0.10158262677297449
OKX,XAU,2026-05-02,3,0.0412839428456105
OKX,XAU,2026-05-03,3,0.088756681102165
OKX,XAU,2026-05-04,3,0.3718781872334885
OKX,XAU,2026-05-05,3,0.17804964891406203
OKX,XAU,2026-05-06,3,0.037055152273143495
OKX,XAU,2026-05-07,3,0.0
OKX,XAU,2026-05-08,3,0.0
OKX,XAU,2026-05-09,3,0.0
OKX,XAU,2026-05-10,3,-0.10417753509899201
OKX,XAU,2026-05-11,3,0.06900056545471099
OKX,XAU,2026-05-12,3,0.174098945992324
OKX,XAU,2026-05-13,3,0.066102287340989
OKX,XAU,2026-05-14,3,0.051867702524036004
OKX,XAU,2026-05-15,3,0.607370138292779
OKX,XAU,2026-05-16,3,0.1394358935887525
OKX,XAU,2026-05-17,3,0.0076097056317365
